"File","Line","Function","Context","Risk","Reasons","Evidence"
"src\act.clan.c","320","clan_show_roster","line","DESTRUCTIVE_REVIEW","delete/purge/extract/remove/free operation","   318: 
   319:   if (list)
   320:     free(list);
   321: }
   322: 
   323: "
"src\act.informative.c","2787","is_saving_apply","line","DESTRUCTIVE_REVIEW","delete/purge/extract/remove/free operation","  2785:   drain_desc_for_affect(seed->spell, bits, entry->drain, sizeof(entry->drain));
  2786: 
  2787:   free(sig_nodes);
  2788:   free(sig_freq);
  2789: }
  2790: "
"src\act.informative.c","2788","is_saving_apply","line","DESTRUCTIVE_REVIEW","delete/purge/extract/remove/free operation","  2786: 
  2787:   free(sig_nodes);
  2788:   free(sig_freq);
  2789: }
  2790: 
  2791: static int aff_entry_same_visible(const struct aff_display_entry *a, const struct aff_display_entry *b)"
"src\act.informative.c","2958","thirst_is_actively_draining","line","DESTRUCTIVE_REVIEW","data cleared/reset on code path","  2956:   if (hunger_is_actively_draining(ch)) {
  2957:     struct aff_display_entry e;
  2958:     memset(&e, 0, sizeof(e));
  2959:     snprintf(e.name, sizeof(e.name), ""hunger strain"");
  2960:     snprintf(e.drain, sizeof(e.drain),
  2961:              (ch->char_specials.starving_ticks >= AFF_PROLONGED_TICK_THRESHOLD)"
"src\act.informative.c","2973","thirst_is_actively_draining","line","DESTRUCTIVE_REVIEW","data cleared/reset on code path","  2971:   if (thirst_is_actively_draining(ch)) {
  2972:     struct aff_display_entry e;
  2973:     memset(&e, 0, sizeof(e));
  2974:     snprintf(e.name, sizeof(e.name), ""thirst strain"");
  2975:     snprintf(e.drain, sizeof(e.drain),
  2976:              (ch->char_specials.dehydrated_ticks >= AFF_PROLONGED_TICK_THRESHOLD)"
"src\act.informative.c","3028","thirst_is_actively_draining","line","DESTRUCTIVE_REVIEW","delete/purge/extract/remove/free operation","  3026:   }
  3027: 
  3028:   free(seen);
  3029:   free(buff_entries);
  3030:   free(debuff_entries);
  3031: }"
"src\act.informative.c","3029","thirst_is_actively_draining","line","DESTRUCTIVE_REVIEW","delete/purge/extract/remove/free operation","  3027: 
  3028:   free(seen);
  3029:   free(buff_entries);
  3030:   free(debuff_entries);
  3031: }
  3032: "
"src\act.informative.c","3030","thirst_is_actively_draining","line","DESTRUCTIVE_REVIEW","delete/purge/extract/remove/free operation","  3028:   free(seen);
  3029:   free(buff_entries);
  3030:   free(debuff_entries);
  3031: }
  3032: 
  3033: ACMD(do_inventory)"
"src\act.informative.c","4811","perform_immort_where","line","DESTRUCTIVE_REVIEW","delete/purge/extract/remove/free operation","  4809:       return;
  4810:     }
  4811:     REMOVE_BIT_AR(PRF_FLAGS(ch), PRF_COLOR_1);
  4812:     REMOVE_BIT_AR(PRF_FLAGS(ch), PRF_COLOR_2);
  4813:     if (tp & 1) SET_BIT_AR(PRF_FLAGS(ch), PRF_COLOR_1);
  4814:     if (tp & 2) SET_BIT_AR(PRF_FLAGS(ch), PRF_COLOR_2);"
"src\act.informative.c","4812","perform_immort_where","line","DESTRUCTIVE_REVIEW","delete/purge/extract/remove/free operation","  4810:     }
  4811:     REMOVE_BIT_AR(PRF_FLAGS(ch), PRF_COLOR_1);
  4812:     REMOVE_BIT_AR(PRF_FLAGS(ch), PRF_COLOR_2);
  4813:     if (tp & 1) SET_BIT_AR(PRF_FLAGS(ch), PRF_COLOR_1);
  4814:     if (tp & 2) SET_BIT_AR(PRF_FLAGS(ch), PRF_COLOR_2);
  4815: "
"src\act.informative.c","4828","perform_immort_where","line","DESTRUCTIVE_REVIEW","delete/purge/extract/remove/free operation","  4826:       return;
  4827:     }
  4828:     REMOVE_BIT_AR(PRF_FLAGS(ch), PRF_LOG1);
  4829:     REMOVE_BIT_AR(PRF_FLAGS(ch), PRF_LOG2);
  4830:     if (tp & 1) SET_BIT_AR(PRF_FLAGS(ch), PRF_LOG1);
  4831:     if (tp & 2) SET_BIT_AR(PRF_FLAGS(ch), PRF_LOG2);"
"src\act.informative.c","4829","perform_immort_where","line","DESTRUCTIVE_REVIEW","delete/purge/extract/remove/free operation","  4827:     }
  4828:     REMOVE_BIT_AR(PRF_FLAGS(ch), PRF_LOG1);
  4829:     REMOVE_BIT_AR(PRF_FLAGS(ch), PRF_LOG2);
  4830:     if (tp & 1) SET_BIT_AR(PRF_FLAGS(ch), PRF_LOG1);
  4831:     if (tp & 2) SET_BIT_AR(PRF_FLAGS(ch), PRF_LOG2);
  4832: "
"src\act.informative.c","4917","perform_immort_where","case SCMD_AUTOMAP","DESTRUCTIVE_REVIEW","delete/purge/extract/remove/free operation | OLC/object/flag mutation","  case SCMD_AUTOMAP:
    if (can_see_map(ch)) {
      if (!*arg2) {
        TOGGLE_BIT_AR(PRF_FLAGS(ch), tog_messages[toggle].toggle);
        result = (PRF_FLAGGED(ch, tog_messages[toggle].toggle));
      } else if (!strcmp(arg2, ""on"")) {
        SET_BIT_AR(PRF_FLAGS(ch), tog_messages[toggle].toggle);
        result = 1;
      } else if (!strcmp(arg2, ""off"")) {
        REMOVE_BIT_AR(PRF_FLAGS(ch), tog_messages[toggle].toggle);
      } else {
        send_to_char(ch, ""Value for %s must either be 'on' or 'off'.\r\n"", tog_messages[toggle].command);
        return;"
"src\act.informative.c","4926","perform_immort_where","line","DESTRUCTIVE_REVIEW","delete/purge/extract/remove/free operation","  4924:         result = 1;
  4925:       } else if (!strcmp(arg2, ""off"")) {
  4926:         REMOVE_BIT_AR(PRF_FLAGS(ch), tog_messages[toggle].toggle);
  4927:       } else {
  4928:         send_to_char(ch, ""Value for %s must either be 'on' or 'off'.\r\n"", tog_messages[toggle].command);
  4929:         return;"
"src\act.informative.c","4934","perform_immort_where","case default","DESTRUCTIVE_REVIEW","delete/purge/extract/remove/free operation | OLC/object/flag mutation","  default:
    if (!*arg2) {
      TOGGLE_BIT_AR(PRF_FLAGS(ch), tog_messages[toggle].toggle);
      result = (PRF_FLAGGED(ch, tog_messages[toggle].toggle));
    } else if (!strcmp(arg2, ""on"")) {
      SET_BIT_AR(PRF_FLAGS(ch), tog_messages[toggle].toggle);
      result = 1;
    } else if (!strcmp(arg2, ""off"")) {
      REMOVE_BIT_AR(PRF_FLAGS(ch), tog_messages[toggle].toggle);
    } else {
      send_to_char(ch, ""Value for %s must either be 'on' or 'off'.\r\n"", tog_messages[toggle].command);
      return;"
"src\act.informative.c","4942","perform_immort_where","line","DESTRUCTIVE_REVIEW","delete/purge/extract/remove/free operation","  4940:       result = 1;
  4941:     } else if (!strcmp(arg2, ""off"")) {
  4942:       REMOVE_BIT_AR(PRF_FLAGS(ch), tog_messages[toggle].toggle);
  4943:     } else {
  4944:       send_to_char(ch, ""Value for %s must either be 'on' or 'off'.\r\n"", tog_messages[toggle].command);
  4945:       return;"
"src\act.informative.c","5004","free_history","line","DESTRUCTIVE_REVIEW","delete/purge/extract/remove/free operation","  5002:     tmp = tmp->next;
  5003:     if (ftmp->text)
  5004:       free(ftmp->text);
  5005:     free(ftmp);
  5006:   }
  5007:   GET_HISTORY(ch, type) = NULL;"
"src\act.informative.c","5005","free_history","line","DESTRUCTIVE_REVIEW","delete/purge/extract/remove/free operation","  5003:     if (ftmp->text)
  5004:       free(ftmp->text);
  5005:     free(ftmp);
  5006:   }
  5007:   GET_HISTORY(ch, type) = NULL;
  5008: }"
"src\act.informative.c","5077","add_history","line","DESTRUCTIVE_REVIEW","delete/purge/extract/remove/free operation","  5075:       GET_HISTORY(ch, type) = tmp->next;
  5076:       if (tmp->text)
  5077:         free(tmp->text);
  5078:       free(tmp);
  5079:     }
  5080:   }"
"src\act.informative.c","5078","add_history","line","DESTRUCTIVE_REVIEW","delete/purge/extract/remove/free operation","  5076:       if (tmp->text)
  5077:         free(tmp->text);
  5078:       free(tmp);
  5079:     }
  5080:   }
  5081:   /* add this history message to ALL */"
"src\act.item.c","248","get_check_money","line","DESTRUCTIVE_REVIEW","delete/purge/extract/remove/free operation","   246:     return;
   247: 
   248:   extract_obj(obj);
   249:   increase_money_gold(ch, (long long)value);
   250:   if (value == 1)
   251:     send_to_char(ch, ""The pile of coins was worth %d gold coin.\r\n"", value);"
"src\act.item.c","475","perform_drop_gold","line","DESTRUCTIVE_REVIEW","delete/purge/extract/remove/free operation","   473:         if (!drop_wtrigger(obj, ch)) {
   474:           if (has_obj_by_uid_in_lookup_table(object_id))
   475:             extract_obj(obj);
   476: 
   477:           return;
   478:         }"
"src\act.item.c","546","perform_drop_gold","case SCMD_JUNK","DESTRUCTIVE_REVIEW","delete/purge/extract/remove/free operation","  case SCMD_JUNK:
    value = MAX(1, MIN(200, GET_OBJ_COST(obj) / 16));
    extract_obj(obj);
    return (value);"
"src\act.item.c","548","perform_drop_gold","line","DESTRUCTIVE_REVIEW","delete/purge/extract/remove/free operation","   546:   case SCMD_JUNK:
   547:     value = MAX(1, MIN(200, GET_OBJ_COST(obj) / 16));
   548:     extract_obj(obj);
   549:     return (value);
   550:   default:
   551:     log(""SYSERR: Incorrect argument %d passed to perform_drop."", mode);"
"src\act.item.c","1126","name_to_drinkcon","line","DESTRUCTIVE_REVIEW","data cleared/reset on code path","  1124:     if (!GET_OBJ_VAL(temp, 1)) { /* The last bit */
  1125:       name_from_drinkcon(temp);
  1126:       GET_OBJ_VAL(temp, 2) = 0;
  1127:       GET_OBJ_VAL(temp, 3) = 0;
  1128:     }
  1129:   }"
"src\act.item.c","1127","name_to_drinkcon","line","DESTRUCTIVE_REVIEW","data cleared/reset on code path","  1125:       name_from_drinkcon(temp);
  1126:       GET_OBJ_VAL(temp, 2) = 0;
  1127:       GET_OBJ_VAL(temp, 3) = 0;
  1128:     }
  1129:   }
  1130:   return;"
"src\act.item.c","1204","name_to_drinkcon","line","DESTRUCTIVE_REVIEW","delete/purge/extract/remove/free operation","  1202:   }
  1203:   if (subcmd == SCMD_EAT)
  1204:     extract_obj(food);
  1205: }
  1206: 
  1207: ACMD(do_pour)"
"src\act.item.c","1281","name_to_drinkcon","line","DESTRUCTIVE_REVIEW","data cleared/reset on code path","  1279: 
  1280:         name_from_drinkcon(from_obj);
  1281:         GET_OBJ_VAL(from_obj, 1) = 0;
  1282:         GET_OBJ_VAL(from_obj, 2) = 0;
  1283:         GET_OBJ_VAL(from_obj, 3) = 0;
  1284:       }"
"src\act.item.c","1282","name_to_drinkcon","line","DESTRUCTIVE_REVIEW","data cleared/reset on code path","  1280:         name_from_drinkcon(from_obj);
  1281:         GET_OBJ_VAL(from_obj, 1) = 0;
  1282:         GET_OBJ_VAL(from_obj, 2) = 0;
  1283:         GET_OBJ_VAL(from_obj, 3) = 0;
  1284:       }
  1285:       else"
"src\act.item.c","1283","name_to_drinkcon","line","DESTRUCTIVE_REVIEW","data cleared/reset on code path","  1281:         GET_OBJ_VAL(from_obj, 1) = 0;
  1282:         GET_OBJ_VAL(from_obj, 2) = 0;
  1283:         GET_OBJ_VAL(from_obj, 3) = 0;
  1284:       }
  1285:       else
  1286:         send_to_char(ch, ""You can't possibly pour that container out!\r\n"");"
"src\act.item.c","1338","name_to_drinkcon","line","DESTRUCTIVE_REVIEW","data cleared/reset on code path","  1336:       amount += GET_OBJ_VAL(from_obj, 1);
  1337:       name_from_drinkcon(from_obj);
  1338:       GET_OBJ_VAL(from_obj, 1) = 0;
  1339:       GET_OBJ_VAL(from_obj, 2) = 0;
  1340:       GET_OBJ_VAL(from_obj, 3) = 0;
  1341:     }"
"src\act.item.c","1339","name_to_drinkcon","line","DESTRUCTIVE_REVIEW","data cleared/reset on code path","  1337:       name_from_drinkcon(from_obj);
  1338:       GET_OBJ_VAL(from_obj, 1) = 0;
  1339:       GET_OBJ_VAL(from_obj, 2) = 0;
  1340:       GET_OBJ_VAL(from_obj, 3) = 0;
  1341:     }
  1342:   }"
"src\act.item.c","1340","name_to_drinkcon","line","DESTRUCTIVE_REVIEW","data cleared/reset on code path","  1338:       GET_OBJ_VAL(from_obj, 1) = 0;
  1339:       GET_OBJ_VAL(from_obj, 2) = 0;
  1340:       GET_OBJ_VAL(from_obj, 3) = 0;
  1341:     }
  1342:   }
  1343:   else {"
"src\act.item.c","2019","GET_EQ","line","DESTRUCTIVE_REVIEW","delete/purge/extract/remove/free operation","  2017:   }
  2018: 
  2019:   REMOVE_BIT_AR(GET_OBJ_EXTRA(obj), ITEM_KEPT);
  2020:   act(""You remove the keep protection from $p."", FALSE, ch, obj, 0, TO_CHAR);
  2021: }
  2022: "
"src\act.item.c","2089","GET_EQ","line","DESTRUCTIVE_REVIEW","delete/purge/extract/remove/free operation","  2087:       assert(FALSE);
  2088:   }
  2089:   extract_obj(j);
  2090: }
  2091: 
  2092: struct auction_state_data {"
"src\act.movement.c","716","do_simple_move","line","DESTRUCTIVE_REVIEW","delete/purge/extract/remove/free operation","   714:     mudlog(BRF, LVL_IMMORT, TRUE, ""%s hit death trap #%d (%s)"", GET_NAME(ch), GET_ROOM_VNUM(going_to), world[going_to].name);
   715:     death_cry(ch);
   716:     extract_char(ch);
   717:     return (0);
   718:   }
   719: "
"src\act.movement.c","975","has_key","line","DESTRUCTIVE_REVIEW","delete/purge/extract/remove/free operation","   973: #define EXITN(room, door)		(world[room].dir_option[door])
   974: #define OPEN_DOOR(room, obj, door)	((obj) ?\
   975: 		(REMOVE_BIT(GET_OBJ_VAL(obj, 1), CONT_CLOSED)) :\
   976: 		(REMOVE_BIT(EXITN(room, door)->exit_info, EX_CLOSED)))
   977: #define CLOSE_DOOR(room, obj, door)	((obj) ?\
   978: 		(SET_BIT(GET_OBJ_VAL(obj, 1), CONT_CLOSED)) :\"
"src\act.movement.c","976","has_key","line","DESTRUCTIVE_REVIEW","delete/purge/extract/remove/free operation","   974: #define OPEN_DOOR(room, obj, door)	((obj) ?\
   975: 		(REMOVE_BIT(GET_OBJ_VAL(obj, 1), CONT_CLOSED)) :\
   976: 		(REMOVE_BIT(EXITN(room, door)->exit_info, EX_CLOSED)))
   977: #define CLOSE_DOOR(room, obj, door)	((obj) ?\
   978: 		(SET_BIT(GET_OBJ_VAL(obj, 1), CONT_CLOSED)) :\
   979: 		(SET_BIT(EXITN(room, door)->exit_info, EX_CLOSED)))"
"src\act.movement.c","984","has_key","line","DESTRUCTIVE_REVIEW","delete/purge/extract/remove/free operation","   982: 		(SET_BIT(EXITN(room, door)->exit_info, EX_LOCKED)))
   983: #define UNLOCK_DOOR(room, obj, door)	((obj) ?\
   984: 		(REMOVE_BIT(GET_OBJ_VAL(obj, 1), CONT_LOCKED)) :\
   985: 		(REMOVE_BIT(EXITN(room, door)->exit_info, EX_LOCKED)))
   986: #define TOGGLE_LOCK(room, obj, door)	((obj) ?\
   987: 		(TOGGLE_BIT(GET_OBJ_VAL(obj, 1), CONT_LOCKED)) :\"
"src\act.movement.c","985","has_key","line","DESTRUCTIVE_REVIEW","delete/purge/extract/remove/free operation","   983: #define UNLOCK_DOOR(room, obj, door)	((obj) ?\
   984: 		(REMOVE_BIT(GET_OBJ_VAL(obj, 1), CONT_LOCKED)) :\
   985: 		(REMOVE_BIT(EXITN(room, door)->exit_info, EX_LOCKED)))
   986: #define TOGGLE_LOCK(room, obj, door)	((obj) ?\
   987: 		(TOGGLE_BIT(GET_OBJ_VAL(obj, 1), CONT_LOCKED)) :\
   988: 		(TOGGLE_BIT(EXITN(room, door)->exit_info, EX_LOCKED)))"
"src\act.other.c","237","remove_follower_link_silently","line","DESTRUCTIVE_REVIEW","delete/purge/extract/remove/free operation","   235:     else
   236:       master->followers = node->next;
   237:     free(node);
   238:     break;
   239:   }
   240: }"
"src\act.other.c","265","shadow_prepare_for_removal","line","DESTRUCTIVE_REVIEW","delete/purge/extract/remove/free operation","   263:     if (mob->followers->follower)
   264:       mob->followers->follower->master = NULL;
   265:     free(mob->followers);
   266:     mob->followers = next;
   267:   }
   268: "
"src\act.other.c","273","shadow_prepare_for_removal","line","DESTRUCTIVE_REVIEW","delete/purge/extract/remove/free operation","   271:     mob->master = NULL;
   272:   }
   273:   REMOVE_BIT_AR(AFF_FLAGS(mob), AFF_CHARM);
   274: }
   275: 
   276: static void shadow_sync_active_flags(struct char_data *ch)"
"src\act.other.c","543","show_ability_filter_help","line","DESTRUCTIVE_REVIEW","delete/purge/extract/remove/free operation","   541: 
   542:     /* We used to check here for duping attempts, but we may as well do it right
   543:      * in extract_char(), since there is no check if a player rents out and it
   544:      * can leave them in an equally screwy situation. */
   545: 
   546:     if (CONFIG_FREE_RENT)"
"src\act.other.c","560","show_ability_filter_help","line","DESTRUCTIVE_REVIEW","delete/purge/extract/remove/free operation","   558:     }
   559: 
   560:     extract_char(ch);		/* Char is saved before extracting. */
   561:     /* Close the socket without freeing the character before deferred extraction
   562:      * finishes.  CON_DISCONNECT is the descriptor-safe extraction state. */
   563:     STATE(desc) = CON_DISCONNECT;"
"src\act.other.c","662","show_ability_filter_help","line","DESTRUCTIVE_REVIEW","delete/purge/extract/remove/free operation","   660: 
   661:   if (AFF_FLAGGED(ch, AFF_HIDE))
   662:     REMOVE_BIT_AR(AFF_FLAGS(ch), AFF_HIDE);
   663: 
   664:   percent = rand_number(1, 101);	/* 101% is a complete failure */
   665: "
"src\act.other.c","1773","study_apply_cooldown","line","DESTRUCTIVE_REVIEW","delete/purge/extract/remove/free operation","  1771: {
  1772:   skip_spaces(&argument);
  1773:   delete_doubledollar(argument);
  1774:   parse_at(argument);
  1775: 
  1776:   if (IS_NPC(ch))"
"src\act.other.c","1998","detach_charmed_follower","line","DESTRUCTIVE_REVIEW","delete/purge/extract/remove/free operation","  1996:       pet->master->followers = f->next;
  1997: 
  1998:     free(f);
  1999:     break;
  2000:   }
  2001: "
"src\act.other.c","2055","detach_charmed_follower","line","DESTRUCTIVE_REVIEW","delete/purge/extract/remove/free operation","  2053:         ch->followers = f->next;
  2054: 
  2055:       free(f);
  2056:       break;
  2057:     }
  2058: "
"src\act.other.c","2060","detach_charmed_follower","line","DESTRUCTIVE_REVIEW","delete/purge/extract/remove/free operation","  2058: 
  2059:     pet->master = NULL;
  2060:     REMOVE_BIT_AR(AFF_FLAGS(pet), AFF_CHARM);
  2061:   }
  2062: 
  2063:   extract_char(pet);"
"src\act.other.c","2063","detach_charmed_follower","line","DESTRUCTIVE_REVIEW","delete/purge/extract/remove/free operation","  2061:   }
  2062: 
  2063:   extract_char(pet);
  2064: }
  2065: 
  2066: ACMD(do_heel)"
"src\act.other.c","2226","detach_charmed_follower","line","DESTRUCTIVE_REVIEW","delete/purge/extract/remove/free operation","  2224:     shadow_store_profile_from_mob(ch, slot, mob);
  2225:     shadow_prepare_for_removal(mob);
  2226:     extract_char(mob);
  2227:     send_to_char(ch, ""You return %s to your shadow storage.\r\n"", display_name);
  2228:     save_char(ch);
  2229:     return;"
"src\act.other.c","2246","detach_charmed_follower","line","DESTRUCTIVE_REVIEW","delete/purge/extract/remove/free operation","  2244:     if (mob) {
  2245:       shadow_prepare_for_removal(mob);
  2246:       extract_char(mob);
  2247:     }
  2248:     act(""You release $t back into the void."", FALSE, ch, NULL, display_name, TO_CHAR);
  2249:     act(""$n releases $t back into the void."", FALSE, ch, NULL, display_name, TO_ROOM);"
"src\act.other.c","2773","detach_charmed_follower","line","DESTRUCTIVE_REVIEW","delete/purge/extract/remove/free operation","  2771:     send_to_char(ch, ""Auto zone reset notifications enabled.\r\n"");
  2772:   } else if (is_abbrev(arg, ""off"")) {
  2773:     REMOVE_BIT_AR(PRF_FLAGS(ch), PRF_ZONERESETS);
  2774:     send_to_char(ch, ""Auto zone reset notifications disabled.\r\n"");
  2775:   } else {
  2776:     send_to_char(ch, ""Usage: azr [on|off]\r\n"");"
"src\act.wizard.c","126","","line","DESTRUCTIVE_REVIEW","delete/purge/extract/remove/free operation","   124: static int collect_matching_room_reset_roots(zone_rnum zone_num, char reset_type, int thing_rnum,
   125:                                              room_rnum room_num, int **roots, int **chain_ends);
   126: static void delete_room_reset_chain(struct zone_data *zone, int root_index, int chain_end);
   127: static bool parse_room_reset_count(const char *count_arg, int *count_out);
   128: static void perform_room_reset(struct char_data *ch, char reset_type, int thing_vnum, const char *room_arg, const char *count_arg);
   129: static void perform_room_reset_delete(struct char_data *ch, char reset_type, int thing_vnum, const char *room_arg);"
"src\act.wizard.c","196","zonemap_has_exit_to","line","DESTRUCTIVE_REVIEW","delete/purge/extract/remove/free operation","   194: }
   195: 
   196: static int purge_room(room_rnum room)
   197: {
   198:   int j;
   199:   struct char_data *vict;"
"src\act.wizard.c","209","purge_room","line","DESTRUCTIVE_REVIEW","delete/purge/extract/remove/free operation","   207:     /* Dump inventory. */
   208:     while (vict->carrying)
   209:       extract_obj(vict->carrying);
   210: 
   211:     /* Dump equipment. */
   212:     for (j = 0; j < NUM_WEARS; j++)"
"src\act.wizard.c","214","purge_room","line","DESTRUCTIVE_REVIEW","delete/purge/extract/remove/free operation","   212:     for (j = 0; j < NUM_WEARS; j++)
   213:       if (GET_EQ(vict, j))
   214:         extract_obj(GET_EQ(vict, j));
   215: 
   216:     /* Dump character. */
   217:     extract_char(vict);"
"src\act.wizard.c","217","purge_room","line","DESTRUCTIVE_REVIEW","delete/purge/extract/remove/free operation","   215: 
   216:     /* Dump character. */
   217:     extract_char(vict);
   218:   }
   219: 
   220:   /* Clear the ground. */"
"src\act.wizard.c","222","purge_room","line","DESTRUCTIVE_REVIEW","delete/purge/extract/remove/free operation","   220:   /* Clear the ground. */
   221:   while (world[room].contents)
   222:     extract_obj(world[room].contents);
   223: 
   224:   return 1;
   225: }"
"src\act.wizard.c","1320","do_stat_character","line","DESTRUCTIVE_REVIEW","delete/purge/extract/remove/free operation","  1318: 	else
  1319: 	  do_stat_character(ch, victim);
  1320: 	extract_char_final(victim);
  1321:       } else {
  1322: 	send_to_char(ch, ""There is no such player.\r\n"");
  1323: 	free_char(victim);"
"src\act.wizard.c","1779","resolve_room_reset_room","line","DESTRUCTIVE_REVIEW","delete/purge/extract/remove/free operation","  1777: 
  1778:   if (matches == 0) {
  1779:     free(*roots);
  1780:     free(*chain_ends);
  1781:     *roots = NULL;
  1782:     *chain_ends = NULL;"
"src\act.wizard.c","1780","resolve_room_reset_room","line","DESTRUCTIVE_REVIEW","delete/purge/extract/remove/free operation","  1778:   if (matches == 0) {
  1779:     free(*roots);
  1780:     free(*chain_ends);
  1781:     *roots = NULL;
  1782:     *chain_ends = NULL;
  1783:   }"
"src\act.wizard.c","1788","resolve_room_reset_room","line","DESTRUCTIVE_REVIEW","delete/purge/extract/remove/free operation","  1786: }
  1787: 
  1788: static void delete_room_reset_chain(struct zone_data *zone, int root_index, int chain_end)
  1789: {
  1790:   int i;
  1791: "
"src\act.wizard.c","1793","delete_room_reset_chain","line","DESTRUCTIVE_REVIEW","delete/purge/extract/remove/free operation","  1791: 
  1792:   for (i = root_index; i <= chain_end; i++)
  1793:     delete_zone_command(zone, root_index);
  1794: }
  1795: 
  1796: static bool parse_room_reset_count(const char *count_arg, int *count_out)"
"src\act.wizard.c","1837","perform_room_reset","line","DESTRUCTIVE_REVIEW","data cleared/reset on code path","  1835:   }
  1836: 
  1837:   memset(&new_reset, 0, sizeof(new_reset));
  1838:   new_reset.if_flag = 0;
  1839:   new_reset.arg2 = count;
  1840:   new_reset.arg3 = room_rnum_value;"
"src\act.wizard.c","1872","perform_room_reset","line","DESTRUCTIVE_REVIEW","delete/purge/extract/remove/free operation","  1870: 
  1871:     for (i = match_count - 1; i >= 1; i--) {
  1872:       delete_room_reset_chain(&zone_table[zone_rnum_value], match_roots[i], match_chain_ends[i]);
  1873:       if (match_roots[i] < keep_root)
  1874:         keep_root -= (match_chain_ends[i] - match_roots[i] + 1);
  1875:     }"
"src\act.wizard.c","1884","perform_room_reset","line","DESTRUCTIVE_REVIEW","delete/purge/extract/remove/free operation","  1882: 
  1883:   if (match_roots)
  1884:     free(match_roots);
  1885:   if (match_chain_ends)
  1886:     free(match_chain_ends);
  1887: "
"src\act.wizard.c","1886","perform_room_reset","line","DESTRUCTIVE_REVIEW","delete/purge/extract/remove/free operation","  1884:     free(match_roots);
  1885:   if (match_chain_ends)
  1886:     free(match_chain_ends);
  1887: 
  1888:   add_to_save_list(zone_table[zone_rnum_value].number, SL_ZON);
  1889:   if (!save_zone(zone_rnum_value)) {"
"src\act.wizard.c","1968","perform_room_reset_delete","line","DESTRUCTIVE_REVIEW","delete/purge/extract/remove/free operation","  1966:   for (i = match_count - 1; i >= 0; i--) {
  1967:     removed++;
  1968:     delete_room_reset_chain(&zone_table[zone_rnum_value], match_roots[i], match_chain_ends[i]);
  1969:   }
  1970: 
  1971:   free(match_roots);"
"src\act.wizard.c","1971","perform_room_reset_delete","line","DESTRUCTIVE_REVIEW","delete/purge/extract/remove/free operation","  1969:   }
  1970: 
  1971:   free(match_roots);
  1972:   free(match_chain_ends);
  1973: 
  1974:   add_to_save_list(zone_table[zone_rnum_value].number, SL_ZON);"
"src\act.wizard.c","1972","perform_room_reset_delete","line","DESTRUCTIVE_REVIEW","delete/purge/extract/remove/free operation","  1970: 
  1971:   free(match_roots);
  1972:   free(match_chain_ends);
  1973: 
  1974:   add_to_save_list(zone_table[zone_rnum_value].number, SL_ZON);
  1975:   if (!save_zone(zone_rnum_value)) {"
"src\act.wizard.c","2338","show_room_resets","line","DESTRUCTIVE_REVIEW","delete/purge/extract/remove/free operation","  2336:     char_to_room(mob, 0);
  2337:     do_stat_character(ch, mob);
  2338:     extract_char(mob);
  2339:     break;
  2340:   case 'o':
  2341:     if ((r_num = real_object(atoi(buf2))) == NOTHING) {"
"src\act.wizard.c","2347","show_room_resets","line","DESTRUCTIVE_REVIEW","delete/purge/extract/remove/free operation","  2345:     obj = read_object(r_num, REAL);
  2346:     do_stat_object(ch, obj);
  2347:     extract_obj(obj);
  2348:     break;
  2349:   case 'r':
  2350:     sprintf(buf2, ""room %d"", atoi(buf2));"
"src\act.wizard.c","2406","show_room_resets","line","DESTRUCTIVE_REVIEW","delete/purge/extract/remove/free operation","  2404: 	}
  2405:       }
  2406:       extract_char(vict);
  2407:     } else if ((obj = get_obj_in_list_vis(ch, buf, &number, world[IN_ROOM(ch)].contents)) != NULL) {
  2408:       act(""$n destroys $p."", FALSE, ch, obj, 0, TO_ROOM);
  2409:       extract_obj(obj);"
"src\act.wizard.c","2409","show_room_resets","line","DESTRUCTIVE_REVIEW","delete/purge/extract/remove/free operation","  2407:     } else if ((obj = get_obj_in_list_vis(ch, buf, &number, world[IN_ROOM(ch)].contents)) != NULL) {
  2408:       act(""$n destroys $p."", FALSE, ch, obj, 0, TO_ROOM);
  2409:       extract_obj(obj);
  2410:     } else {
  2411:       send_to_char(ch, ""Nothing here by that name.\r\n"");
  2412:       return;"
"src\act.wizard.c","2420","show_room_resets","line","DESTRUCTIVE_REVIEW","delete/purge/extract/remove/free operation","  2418: 	FALSE, ch, 0, 0, TO_ROOM);
  2419:     send_to_room(IN_ROOM(ch), ""The world seems a little cleaner.\r\n"");
  2420:     purge_room(IN_ROOM(ch));
  2421:   }
  2422: }
  2423: "
"src\act.wizard.c","2496","show_room_resets","line","DESTRUCTIVE_REVIEW","delete/purge/extract/remove/free operation","  2494:   if (oldlevel >= LVL_IMMORT && newlevel < LVL_IMMORT) {
  2495:     /* If they are no longer an immortal, remove the immortal only flags. */
  2496:     REMOVE_BIT_AR(PRF_FLAGS(victim), PRF_LOG1);
  2497:     REMOVE_BIT_AR(PRF_FLAGS(victim), PRF_LOG2);
  2498:     REMOVE_BIT_AR(PRF_FLAGS(victim), PRF_NOHASSLE);
  2499:     REMOVE_BIT_AR(PRF_FLAGS(victim), PRF_HOLYLIGHT);"
"src\act.wizard.c","2497","show_room_resets","line","DESTRUCTIVE_REVIEW","delete/purge/extract/remove/free operation","  2495:     /* If they are no longer an immortal, remove the immortal only flags. */
  2496:     REMOVE_BIT_AR(PRF_FLAGS(victim), PRF_LOG1);
  2497:     REMOVE_BIT_AR(PRF_FLAGS(victim), PRF_LOG2);
  2498:     REMOVE_BIT_AR(PRF_FLAGS(victim), PRF_NOHASSLE);
  2499:     REMOVE_BIT_AR(PRF_FLAGS(victim), PRF_HOLYLIGHT);
  2500:     REMOVE_BIT_AR(PRF_FLAGS(victim), PRF_SHOWVNUMS);"
"src\act.wizard.c","2498","show_room_resets","line","DESTRUCTIVE_REVIEW","delete/purge/extract/remove/free operation","  2496:     REMOVE_BIT_AR(PRF_FLAGS(victim), PRF_LOG1);
  2497:     REMOVE_BIT_AR(PRF_FLAGS(victim), PRF_LOG2);
  2498:     REMOVE_BIT_AR(PRF_FLAGS(victim), PRF_NOHASSLE);
  2499:     REMOVE_BIT_AR(PRF_FLAGS(victim), PRF_HOLYLIGHT);
  2500:     REMOVE_BIT_AR(PRF_FLAGS(victim), PRF_SHOWVNUMS);
  2501:     if (!PLR_FLAGGED(victim, PLR_NOWIZLIST))"
"src\act.wizard.c","2499","show_room_resets","line","DESTRUCTIVE_REVIEW","delete/purge/extract/remove/free operation","  2497:     REMOVE_BIT_AR(PRF_FLAGS(victim), PRF_LOG2);
  2498:     REMOVE_BIT_AR(PRF_FLAGS(victim), PRF_NOHASSLE);
  2499:     REMOVE_BIT_AR(PRF_FLAGS(victim), PRF_HOLYLIGHT);
  2500:     REMOVE_BIT_AR(PRF_FLAGS(victim), PRF_SHOWVNUMS);
  2501:     if (!PLR_FLAGGED(victim, PLR_NOWIZLIST))
  2502:       run_autowiz();"
"src\act.wizard.c","2500","show_room_resets","line","DESTRUCTIVE_REVIEW","delete/purge/extract/remove/free operation","  2498:     REMOVE_BIT_AR(PRF_FLAGS(victim), PRF_NOHASSLE);
  2499:     REMOVE_BIT_AR(PRF_FLAGS(victim), PRF_HOLYLIGHT);
  2500:     REMOVE_BIT_AR(PRF_FLAGS(victim), PRF_SHOWVNUMS);
  2501:     if (!PLR_FLAGGED(victim, PLR_NOWIZLIST))
  2502:       run_autowiz();
  2503:   } else if (oldlevel < LVL_IMMORT && newlevel >= LVL_IMMORT) {"
"src\act.wizard.c","2645","perform_immort_invis","line","DESTRUCTIVE_REVIEW","delete/purge/extract/remove/free operation","  2643: 
  2644:   skip_spaces(&argument);
  2645:   delete_doubledollar(argument);
  2646: 
  2647:   if (!*argument)
  2648:     send_to_char(ch, ""That must be a mistake...\r\n"");"
"src\act.wizard.c","2904","add_llog_entry","line","DESTRUCTIVE_REVIEW","delete/purge/extract/remove/free operation","  2902:     if(!(fp=fopen(LAST_FILE,""a""))) {
  2903:       log(""error opening last_file for appending"");
  2904:       free(llast);
  2905:       return;
  2906:     }
  2907:     fwrite(llast,sizeof(struct last_entry),1,fp);"
"src\act.wizard.c","2913","add_llog_entry","line","DESTRUCTIVE_REVIEW","delete/purge/extract/remove/free operation","  2911:     mod_llog_entry(llast,type);
  2912:   }
  2913:   free(llast);
  2914: }
  2915: 
  2916: void clean_llog_entries(void) {"
"src\act.wizard.c","3298","list_llog_entries","line","DESTRUCTIVE_REVIEW","delete/purge/extract/remove/free operation","  3296: 	return;
  3297:       }
  3298:       REMOVE_BIT_AR(PLR_FLAGS(vict), PLR_THIEF);
  3299:       REMOVE_BIT_AR(PLR_FLAGS(vict), PLR_KILLER);
  3300:       send_to_char(ch, ""Pardoned.\r\n"");
  3301:       send_to_char(vict, ""You have been pardoned by the Gods!\r\n"");"
"src\act.wizard.c","3299","list_llog_entries","line","DESTRUCTIVE_REVIEW","delete/purge/extract/remove/free operation","  3297:       }
  3298:       REMOVE_BIT_AR(PLR_FLAGS(vict), PLR_THIEF);
  3299:       REMOVE_BIT_AR(PLR_FLAGS(vict), PLR_KILLER);
  3300:       send_to_char(ch, ""Pardoned.\r\n"");
  3301:       send_to_char(vict, ""You have been pardoned by the Gods!\r\n"");
  3302:       mudlog(BRF, MAX(LVL_GOD, GET_INVIS_LEV(ch)), TRUE, ""(GC) %s pardoned by %s"", GET_NAME(vict), GET_NAME(ch));"
"src\act.wizard.c","3343","list_llog_entries","line","DESTRUCTIVE_REVIEW","delete/purge/extract/remove/free operation","  3341:       }
  3342:       mudlog(BRF, MAX(LVL_GOD, GET_INVIS_LEV(ch)), TRUE, ""(GC) %s un-frozen by %s."", GET_NAME(vict), GET_NAME(ch));
  3343:       REMOVE_BIT_AR(PLR_FLAGS(vict), PLR_FROZEN);
  3344:       send_to_char(vict, ""A fireball suddenly explodes in front of you, melting the ice!\r\nYou feel thawed.\r\n"");
  3345:       send_to_char(ch, ""Thawed.\r\n"");
  3346:       act(""A sudden fireball conjured from nowhere thaws $n!"", FALSE, vict, 0, 0, TO_ROOM);"
"src\act.wizard.c","3774","print_zone_to_buf","line","DESTRUCTIVE_REVIEW","delete/purge/extract/remove/free operation","  3772: #define SET_OR_REMOVE(flagset, flags) { \
  3773:         if (on) SET_BIT_AR(flagset, flags); \
  3774:         else if (off) REMOVE_BIT_AR(flagset, flags); }
  3775: 
  3776: #define RANGE(low, high) (value = MAX((low), MIN((high), (value))))
  3777: "
"src\act.wizard.c","4034","perform_set","case 26","DESTRUCTIVE_REVIEW","delete/purge/extract/remove/free operation | OLC/object/flag mutation","    case 26: /* loadroom */
      if (!str_cmp(val_arg, ""off"")) {
        REMOVE_BIT_AR(PLR_FLAGS(vict), PLR_LOADROOM);
      } else if (is_number(val_arg)) {
        rvnum = atoi(val_arg);
        if (real_room(rvnum) != NOWHERE) {
          SET_BIT_AR(PLR_FLAGS(vict), PLR_LOADROOM);
          GET_LOADROOM(vict) = rvnum;
          send_to_char(ch, ""%s will enter at room #%d.\r\n"", GET_NAME(vict), GET_LOADROOM(vict));
        } else {
        send_to_char(ch, ""That room does not exist!\r\n"");
	  return (0);"
"src\act.wizard.c","4036","perform_set","line","DESTRUCTIVE_REVIEW","delete/purge/extract/remove/free operation","  4034:     case 26: /* loadroom */
  4035:       if (!str_cmp(val_arg, ""off"")) {
  4036:         REMOVE_BIT_AR(PLR_FLAGS(vict), PLR_LOADROOM);
  4037:       } else if (is_number(val_arg)) {
  4038:         rvnum = atoi(val_arg);
  4039:         if (real_room(rvnum) != NOWHERE) {"
"src\act.wizard.c","4126","perform_set","case 39","DESTRUCTIVE_REVIEW","delete/purge/extract/remove/free operation","    case 39: /* poofin */
      if ((vict == ch) || (GET_LEVEL(ch) == LVL_IMPL)) {
        skip_spaces(&val_arg);
        parse_at(val_arg);

        if (POOFIN(vict))
          free(POOFIN(vict));

      if (!*val_arg)
          POOFIN(vict) = NULL;
        else
          POOFIN(vict) = strdup(val_arg);
        }
      break;"
"src\act.wizard.c","4132","perform_set","line","DESTRUCTIVE_REVIEW","delete/purge/extract/remove/free operation","  4130: 
  4131:         if (POOFIN(vict))
  4132:           free(POOFIN(vict));
  4133: 
  4134:       if (!*val_arg)
  4135:           POOFIN(vict) = NULL;"
"src\act.wizard.c","4140","perform_set","case 40","DESTRUCTIVE_REVIEW","delete/purge/extract/remove/free operation","    case 40: /* poofout */
      if ((vict == ch) || (GET_LEVEL(ch) == LVL_IMPL)) {
        skip_spaces(&val_arg);
        parse_at(val_arg);

        if (POOFOUT(vict))
          free(POOFOUT(vict));

	if (!*val_arg)
          POOFOUT(vict) = NULL;
        else
          POOFOUT(vict) = strdup(val_arg);
        }
      break;"
"src\act.wizard.c","4146","perform_set","line","DESTRUCTIVE_REVIEW","delete/purge/extract/remove/free operation","  4144: 
  4145:         if (POOFOUT(vict))
  4146:           free(POOFOUT(vict));
  4147: 
  4148: 	if (!*val_arg)
  4149:           POOFOUT(vict) = NULL;"
"src\act.wizard.c","5436","trg_checkload","line","DESTRUCTIVE_REVIEW","delete/purge/extract/remove/free operation","  5434:   if (!purge_all) {
  5435:     for (vroom = zone_table[zone].bot; vroom <= zone_table[zone].top; vroom++) {
  5436:       purge_room(real_room(vroom));
  5437:     }
  5438:     send_to_char(ch, ""Purged zone #%d: %s.\r\n"", zone_table[zone].number, zone_table[zone].name);
  5439:     mudlog(NRM, MAX(LVL_GRGOD, GET_INVIS_LEV(ch)), TRUE, ""(GC) %s purged zone %d (%s)"", GET_NAME(ch), zone_table[zone].number, zone_table[zone].name);"
"src\act.wizard.c","5443","trg_checkload","line","DESTRUCTIVE_REVIEW","delete/purge/extract/remove/free operation","  5441:   else {
  5442:     for (room = 0; room <= top_of_world; room++) {
  5443:       purge_room(room);
  5444:     }
  5445:     send_to_char(ch, ""Purged world.\r\n"");
  5446:     mudlog(NRM, MAX(LVL_GRGOD, GET_INVIS_LEV(ch)), TRUE, ""(GC) %s purged entire world."", GET_NAME(ch));"
"src\act.wizard.c","5804","acctlist_show_entry","line","DESTRUCTIVE_REVIEW","data cleared/reset on code path","  5802:   one_argument(argument, arg);
  5803: 
  5804:   memset(&ctx, 0, sizeof(ctx));
  5805:   ctx.ch = ch;
  5806:   strlcpy(ctx.filter, arg, sizeof(ctx.filter));
  5807: "
"src\act.wizard.c","6031","change_player_name","line","DESTRUCTIVE_REVIEW","delete/purge/extract/remove/free operation","  6029: 
  6030:   /* Now start changing the name over - all checks and setup have passed */
  6031:   free(player_table[i].name);              // Free the old name in the index
  6032:   player_table[i].name = strdup(new_name); // Insert the new name into the index
  6033:   for (k=0; (*(player_table[i].name+k) = LOWER(*(player_table[i].name+k))); k++);
  6034: "
"src\act.wizard.c","6035","change_player_name","line","DESTRUCTIVE_REVIEW","delete/purge/extract/remove/free operation","  6033:   for (k=0; (*(player_table[i].name+k) = LOWER(*(player_table[i].name+k))); k++);
  6034: 
  6035:   free(GET_PC_NAME(vict));
  6036:   GET_PC_NAME(vict) = strdup(CAP(new_name));    // Change the name in the victims char struct
  6037: 
  6038:   /* Rename the player's pfile */"
"src\act.wizard.c","6286","init_areatemplate_room","line","DESTRUCTIVE_REVIEW","data cleared/reset on code path","  6284:   int i;
  6285: 
  6286:   memset(room, 0, sizeof(*room));
  6287:   room->number = vnum;
  6288:   room->zone = rznum;
  6289:   room->name = strdup(""An Unfinished Area"");"
"src\act.wizard.c","6305","areatemplate_set_zone_name","line","DESTRUCTIVE_REVIEW","delete/purge/extract/remove/free operation","  6303: 
  6304:   if (zone_table[rznum].name)
  6305:     free(zone_table[rznum].name);
  6306:   zone_table[rznum].name = strdup(new_name);
  6307:   return (zone_table[rznum].name != NULL);
  6308: }"
"src\act.wizard.c","6406","areatemplate_set_exit","line","DESTRUCTIVE_REVIEW","delete/purge/extract/remove/free operation","  6404:   exit_data = W_EXIT(from_rnum, dir);
  6405:   if (exit_data->general_description) {
  6406:     free(exit_data->general_description);
  6407:     exit_data->general_description = NULL;
  6408:   }
  6409:   if (exit_data->keyword) {"
"src\act.wizard.c","6410","areatemplate_set_exit","line","DESTRUCTIVE_REVIEW","delete/purge/extract/remove/free operation","  6408:   }
  6409:   if (exit_data->keyword) {
  6410:     free(exit_data->keyword);
  6411:     exit_data->keyword = NULL;
  6412:   }
  6413:   exit_data->exit_info = 0;"
"src\act.wizard.c","6494","free_areatemplate_room_strings","line","DESTRUCTIVE_REVIEW","delete/purge/extract/remove/free operation","  6492: {
  6493:   if (room->name)
  6494:     free(room->name);
  6495:   if (room->description)
  6496:     free(room->description);
  6497:   room->name = NULL;"
"src\act.wizard.c","6496","free_areatemplate_room_strings","line","DESTRUCTIVE_REVIEW","delete/purge/extract/remove/free operation","  6494:     free(room->name);
  6495:   if (room->description)
  6496:     free(room->description);
  6497:   room->name = NULL;
  6498:   room->description = NULL;
  6499: }"
"src\act.wizard.c","6631","mobtemplate_range_is_clear","line","DESTRUCTIVE_REVIEW","delete/purge/extract/remove/free operation","  6629: 
  6630:   if (!*keywords || !*shortd || !*longd || !*desc) {
  6631:     free(*keywords);
  6632:     free(*shortd);
  6633:     free(*longd);
  6634:     free(*desc);"
"src\act.wizard.c","6632","mobtemplate_range_is_clear","line","DESTRUCTIVE_REVIEW","delete/purge/extract/remove/free operation","  6630:   if (!*keywords || !*shortd || !*longd || !*desc) {
  6631:     free(*keywords);
  6632:     free(*shortd);
  6633:     free(*longd);
  6634:     free(*desc);
  6635:     *keywords = *shortd = *longd = *desc = NULL;"
"src\act.wizard.c","6633","mobtemplate_range_is_clear","line","DESTRUCTIVE_REVIEW","delete/purge/extract/remove/free operation","  6631:     free(*keywords);
  6632:     free(*shortd);
  6633:     free(*longd);
  6634:     free(*desc);
  6635:     *keywords = *shortd = *longd = *desc = NULL;
  6636:     snprintf(errmsg, errmsg_sz, ""Failed to allocate mob strings.\r\n"");"
"src\act.wizard.c","6634","mobtemplate_range_is_clear","line","DESTRUCTIVE_REVIEW","delete/purge/extract/remove/free operation","  6632:     free(*shortd);
  6633:     free(*longd);
  6634:     free(*desc);
  6635:     *keywords = *shortd = *longd = *desc = NULL;
  6636:     snprintf(errmsg, errmsg_sz, ""Failed to allocate mob strings.\r\n"");
  6637:     return FALSE;"
"src\act.wizard.c","6650","mobtemplate_range_is_clear","line","DESTRUCTIVE_REVIEW","data cleared/reset on code path","  6648:   int new_rnum;
  6649: 
  6650:   memset(&mob, 0, sizeof(mob));
  6651:   clear_char(&mob);
  6652:   mob.player_specials = &dummy_mob;
  6653: "
"src\act.wizard.c","6737","mobtemplate_range_is_clear","line","DESTRUCTIVE_REVIEW","delete/purge/extract/remove/free operation","  6735: 
  6736:     if (rznum == NOWHERE) {
  6737:       free(saved);
  6738:       snprintf(errmsg, errmsg_sz, ""Cannot save mobs: vnum %d has no valid zone.\r\n"", vnum);
  6739:       return FALSE;
  6740:     }"
"src\act.wizard.c","6746","mobtemplate_range_is_clear","line","DESTRUCTIVE_REVIEW","delete/purge/extract/remove/free operation","  6744: 
  6745:     if (!save_mobiles(rznum)) {
  6746:       free(saved);
  6747:       snprintf(errmsg, errmsg_sz, ""Failed saving mobile data for zone %d.\r\n"",
  6748:                zone_table[rznum].number);
  6749:       return FALSE;"
"src\act.wizard.c","6757","mobtemplate_range_is_clear","line","DESTRUCTIVE_REVIEW","delete/purge/extract/remove/free operation","  6755:   }
  6756: 
  6757:   free(saved);
  6758:   return TRUE;
  6759: }
  6760: "
"src\act.wizard.c","6846","mobtemplate_range_is_clear","line","DESTRUCTIVE_REVIEW","delete/purge/extract/remove/free operation","  6844:         mob_rnum rmob = real_mobile(created_vnum);
  6845:         if (rmob != NOBODY)
  6846:           delete_mobile(rmob);
  6847:       }
  6848:       send_to_char(ch, ""%s"", errmsg);
  6849:       return;"
"src\act.wizard.c","7077","mobtemplate_range_is_clear","line","DESTRUCTIVE_REVIEW","delete/purge/extract/remove/free operation","  7075: 
  7076:   page_string(ch->desc, outbuf, TRUE);
  7077:   free(outbuf);
  7078:   free(room_cache);
  7079: }
  7080: "
"src\act.wizard.c","7078","mobtemplate_range_is_clear","line","DESTRUCTIVE_REVIEW","delete/purge/extract/remove/free operation","  7076:   page_string(ch->desc, outbuf, TRUE);
  7077:   free(outbuf);
  7078:   free(room_cache);
  7079: }
  7080: 
  7081: ACMD(do_areatemplate)"
"src\act.wizard.c","7406","objtemplate_range_is_clear","line","DESTRUCTIVE_REVIEW","delete/purge/extract/remove/free operation","  7404: 
  7405:   if (!*keywords || !*shortd || !*longd || !*action_desc) {
  7406:     free(*keywords);
  7407:     free(*shortd);
  7408:     free(*longd);
  7409:     free(*action_desc);"
"src\act.wizard.c","7407","objtemplate_range_is_clear","line","DESTRUCTIVE_REVIEW","delete/purge/extract/remove/free operation","  7405:   if (!*keywords || !*shortd || !*longd || !*action_desc) {
  7406:     free(*keywords);
  7407:     free(*shortd);
  7408:     free(*longd);
  7409:     free(*action_desc);
  7410:     *keywords = *shortd = *longd = *action_desc = NULL;"
"src\act.wizard.c","7408","objtemplate_range_is_clear","line","DESTRUCTIVE_REVIEW","delete/purge/extract/remove/free operation","  7406:     free(*keywords);
  7407:     free(*shortd);
  7408:     free(*longd);
  7409:     free(*action_desc);
  7410:     *keywords = *shortd = *longd = *action_desc = NULL;
  7411:     snprintf(errmsg, errmsg_sz, ""Failed to allocate object strings.\r\n"");"
"src\act.wizard.c","7409","objtemplate_range_is_clear","line","DESTRUCTIVE_REVIEW","delete/purge/extract/remove/free operation","  7407:     free(*shortd);
  7408:     free(*longd);
  7409:     free(*action_desc);
  7410:     *keywords = *shortd = *longd = *action_desc = NULL;
  7411:     snprintf(errmsg, errmsg_sz, ""Failed to allocate object strings.\r\n"");
  7412:     return FALSE;"
"src\act.wizard.c","7442","objtemplate_apply_defaults","line","DESTRUCTIVE_REVIEW","data cleared/reset on code path","  7440:   GET_OBJ_TIMER(obj) = 0;
  7441:   for (i = 0; i < NUM_OBJ_VAL_POSITIONS; i++)
  7442:     GET_OBJ_VAL(obj, i) = 0;
  7443: 
  7444:   switch (type) {
  7445:     case ITEM_TRASH:"
"src\act.wizard.c","7450","objtemplate_apply_defaults","case ITEM_WEAPON","DESTRUCTIVE_REVIEW","data cleared/reset on code path | OLC/object/flag mutation","    case ITEM_WEAPON:
      SET_BIT_AR(GET_OBJ_WEAR(obj), ITEM_WEAR_TAKE);
      SET_BIT_AR(GET_OBJ_WEAR(obj), ITEM_WEAR_WIELD);
      GET_OBJ_WEIGHT(obj) = MAX(1, (level / 4) + 2);
      GET_OBJ_VAL(obj, 0) = 0;
      GET_OBJ_VAL(obj, 1) = MAX(1, (level / 10) + 1);
      GET_OBJ_VAL(obj, 2) = 4;
      GET_OBJ_VAL(obj, 3) = TYPE_HIT - TYPE_HIT;
      break;"
"src\act.wizard.c","7454","objtemplate_apply_defaults","line","DESTRUCTIVE_REVIEW","data cleared/reset on code path","  7452:       SET_BIT_AR(GET_OBJ_WEAR(obj), ITEM_WEAR_WIELD);
  7453:       GET_OBJ_WEIGHT(obj) = MAX(1, (level / 4) + 2);
  7454:       GET_OBJ_VAL(obj, 0) = 0;
  7455:       GET_OBJ_VAL(obj, 1) = MAX(1, (level / 10) + 1);
  7456:       GET_OBJ_VAL(obj, 2) = 4;
  7457:       GET_OBJ_VAL(obj, 3) = TYPE_HIT - TYPE_HIT;"
"src\act.wizard.c","7465","objtemplate_apply_defaults","case ITEM_CONTAINER","DESTRUCTIVE_REVIEW","data cleared/reset on code path | OLC/object/flag mutation","    case ITEM_CONTAINER:
      SET_BIT_AR(GET_OBJ_WEAR(obj), ITEM_WEAR_TAKE);
      GET_OBJ_WEIGHT(obj) = MAX(1, (level / 4) + 2);
      GET_OBJ_VAL(obj, 0) = MAX(10, level * 2);
      GET_OBJ_VAL(obj, 1) = 0;
      GET_OBJ_VAL(obj, 2) = NOTHING;
      GET_OBJ_VAL(obj, 3) = 0;
      break;"
"src\act.wizard.c","7469","objtemplate_apply_defaults","line","DESTRUCTIVE_REVIEW","data cleared/reset on code path","  7467:       GET_OBJ_WEIGHT(obj) = MAX(1, (level / 4) + 2);
  7468:       GET_OBJ_VAL(obj, 0) = MAX(10, level * 2);
  7469:       GET_OBJ_VAL(obj, 1) = 0;
  7470:       GET_OBJ_VAL(obj, 2) = NOTHING;
  7471:       GET_OBJ_VAL(obj, 3) = 0;
  7472:       break;"
"src\act.wizard.c","7471","objtemplate_apply_defaults","line","DESTRUCTIVE_REVIEW","data cleared/reset on code path","  7469:       GET_OBJ_VAL(obj, 1) = 0;
  7470:       GET_OBJ_VAL(obj, 2) = NOTHING;
  7471:       GET_OBJ_VAL(obj, 3) = 0;
  7472:       break;
  7473:     default:
  7474:       return FALSE;"
"src\act.wizard.c","7494","objtemplate_apply_defaults","line","DESTRUCTIVE_REVIEW","data cleared/reset on code path","  7492:   }
  7493: 
  7494:   memset(&obj, 0, sizeof(obj));
  7495:   clear_object(&obj);
  7496:   if (!objtemplate_build_strings(base_name, number, &keywords, &shortd, &longd, &action_desc,
  7497:                                  errmsg, errmsg_sz))"
"src\act.wizard.c","7535","objtemplate_apply_defaults","line","DESTRUCTIVE_REVIEW","delete/purge/extract/remove/free operation","  7533:     zone_rnum rznum = real_zone_by_thing(start + i);
  7534:     if (rznum == NOWHERE) {
  7535:       free(saved);
  7536:       snprintf(errmsg, errmsg_sz, ""Cannot save objects: vnum %d has no valid zone.\r\n"", start + i);
  7537:       return FALSE;
  7538:     }"
"src\act.wizard.c","7543","objtemplate_apply_defaults","line","DESTRUCTIVE_REVIEW","delete/purge/extract/remove/free operation","  7541:       continue;
  7542:     if (!save_objects(rznum)) {
  7543:       free(saved);
  7544:       snprintf(errmsg, errmsg_sz, ""Failed saving object data for zone %d.\r\n"", zone_table[rznum].number);
  7545:       return FALSE;
  7546:     }"
"src\act.wizard.c","7553","objtemplate_apply_defaults","line","DESTRUCTIVE_REVIEW","delete/purge/extract/remove/free operation","  7551:   }
  7552: 
  7553:   free(saved);
  7554:   return TRUE;
  7555: }
  7556: "
"src\act.wizard.c","7638","objtemplate_apply_defaults","line","DESTRUCTIVE_REVIEW","delete/purge/extract/remove/free operation","  7636:         obj_rnum robj = real_object(start_vnum + rollback);
  7637:         if (robj != NOTHING)
  7638:           delete_object(robj);
  7639:       }
  7640:       send_to_char(ch, ""%s"", errmsg);
  7641:       return;"
"src\act.wizard.c","7691","objtemplate_apply_defaults","line","DESTRUCTIVE_REVIEW","delete/purge/extract/remove/free operation","  7689:       if (ZONE_FLAGGED(zn, ZONE_NOBUILD)) {
  7690:         counter++;
  7691:         REMOVE_BIT_AR(ZONE_FLAGS(zn), ZONE_NOBUILD);
  7692:         if (save_zone(zn)) {
  7693:           log(""(GC) %s has unlocked zone %d"", GET_NAME(ch), zone_table[zn].number);
  7694:         } else {"
"src\act.wizard.c","7749","objtemplate_apply_defaults","line","DESTRUCTIVE_REVIEW","delete/purge/extract/remove/free operation","  7747:     return;
  7748:   }
  7749:   REMOVE_BIT_AR(ZONE_FLAGS(zn), ZONE_NOBUILD);
  7750:   if (save_zone(zn)) {
  7751:     mudlog(NRM, MAX(LVL_GRGOD, GET_INVIS_LEV(ch)), TRUE, ""(GC) %s has unlocked zone %d"", GET_NAME(ch), znvnum);
  7752:   }"
"src\act.wizard.c","7838","free_recent_players","line","DESTRUCTIVE_REVIEW","delete/purge/extract/remove/free operation","  7836:   {
  7837: 	this = this->next;
  7838: 	free(temp);  
  7839:   }  	
  7840: }
  7841: "
"src\act.wizard.c","8080","perform_push","line","DESTRUCTIVE_REVIEW","delete/purge/extract/remove/free operation","  8078:   act(""$n disappears in a swirl of magic."", FALSE, vict, 0, 0, TO_ROOM);
  8079:   send_to_char(ch, ""You push %s out of the world.\r\n"", GET_NAME(vict));
  8080:   extract_char(vict);
  8081: }
  8082: 
  8083: ACMD(do_push)"
"src\act.wizard.c","8215","perform_push","line","DESTRUCTIVE_REVIEW","delete/purge/extract/remove/free operation","  8213:   /* Special-case: stuck sanctuary bit can exist with no affect node */
  8214:   if (!str_cmp(arg1, ""sanctuary"")) {
  8215:     REMOVE_BIT_AR(AFF_FLAGS(vict), AFF_SANCTUARY);
  8216:     affect_total(vict);
  8217:   }
  8218: "
"src\act.wizard.c","8221","perform_push","line","DESTRUCTIVE_REVIEW","delete/purge/extract/remove/free operation","  8219: #ifdef SPELL_SANCTUARY
  8220:   if (affnum == SPELL_SANCTUARY) {
  8221:     REMOVE_BIT_AR(AFF_FLAGS(vict), AFF_SANCTUARY);
  8222:     affect_total(vict);
  8223:   }
  8224: #endif"
"src\aedit.c","81","","line","DESTRUCTIVE_REVIEW","delete/purge/extract/remove/free operation","    79:   if (d->olc) {
    80:     mudlog(BRF, LVL_IMMORT, TRUE, ""SYSERR: do_oasis: Player already had olc structure."");
    81:     free(d->olc);
    82:   }
    83:   CREATE(d->olc, struct oasis_olc_data, 1);
    84: "
"src\aedit.c","183","aedit_save_internally","line","DESTRUCTIVE_REVIEW","delete/purge/extract/remove/free operation","   181:               new_soc_mess_list[i] = soc_mess_list[i];
   182:       new_soc_mess_list[++top_of_socialt] = *OLC_ACTION(d);
   183:       free(soc_mess_list);
   184:       soc_mess_list = new_soc_mess_list;
   185:    }
   186:    /* pass the editted action back to the list - no need to add */"
"src\aedit.c","559","aedit_parse","line","DESTRUCTIVE_REVIEW","delete/purge/extract/remove/free operation","   557:       }
   558:       if (OLC_ACTION(d)->command)
   559:         free(OLC_ACTION(d)->command);
   560:       OLC_ACTION(d)->command = strdup(arg);
   561: 
   562:       break;"
"src\aedit.c","570","aedit_parse","line","DESTRUCTIVE_REVIEW","delete/purge/extract/remove/free operation","   568:       }
   569:       if (OLC_ACTION(d)->sort_as) 
   570:         free(OLC_ACTION(d)->sort_as);
   571:       OLC_ACTION(d)->sort_as = strdup(arg);
   572:       
   573:       break;"
"src\aedit.c","605","aedit_parse","case AEDIT_NOVICT_CHAR","DESTRUCTIVE_REVIEW","delete/purge/extract/remove/free operation | OLC/object/flag mutation","    case AEDIT_NOVICT_CHAR:
      if (OLC_ACTION(d)->char_no_arg)
        free(OLC_ACTION(d)->char_no_arg);
      if (*arg) {
        delete_doubledollar(arg);
        OLC_ACTION(d)->char_no_arg = strdup(arg);
      } else
        OLC_ACTION(d)->char_no_arg = NULL;
      break;"
"src\aedit.c","607","aedit_parse","line","DESTRUCTIVE_REVIEW","delete/purge/extract/remove/free operation","   605:     case AEDIT_NOVICT_CHAR:
   606:       if (OLC_ACTION(d)->char_no_arg)
   607:         free(OLC_ACTION(d)->char_no_arg);
   608:       if (*arg) {
   609:         delete_doubledollar(arg);
   610:         OLC_ACTION(d)->char_no_arg = strdup(arg);"
"src\aedit.c","609","aedit_parse","line","DESTRUCTIVE_REVIEW","delete/purge/extract/remove/free operation","   607:         free(OLC_ACTION(d)->char_no_arg);
   608:       if (*arg) {
   609:         delete_doubledollar(arg);
   610:         OLC_ACTION(d)->char_no_arg = strdup(arg);
   611:       } else
   612:         OLC_ACTION(d)->char_no_arg = NULL;"
"src\aedit.c","615","aedit_parse","case AEDIT_NOVICT_OTHERS","DESTRUCTIVE_REVIEW","delete/purge/extract/remove/free operation | OLC/object/flag mutation","    case AEDIT_NOVICT_OTHERS:
      if (OLC_ACTION(d)->others_no_arg)
        free(OLC_ACTION(d)->others_no_arg);
      if (*arg) {
        delete_doubledollar(arg);
        OLC_ACTION(d)->others_no_arg = strdup(arg);
      } else
        OLC_ACTION(d)->others_no_arg = NULL;
      break;"
"src\aedit.c","617","aedit_parse","line","DESTRUCTIVE_REVIEW","delete/purge/extract/remove/free operation","   615:     case AEDIT_NOVICT_OTHERS:
   616:       if (OLC_ACTION(d)->others_no_arg)
   617:         free(OLC_ACTION(d)->others_no_arg);
   618:       if (*arg) {
   619:         delete_doubledollar(arg);
   620:         OLC_ACTION(d)->others_no_arg = strdup(arg);"
"src\aedit.c","619","aedit_parse","line","DESTRUCTIVE_REVIEW","delete/purge/extract/remove/free operation","   617:         free(OLC_ACTION(d)->others_no_arg);
   618:       if (*arg) {
   619:         delete_doubledollar(arg);
   620:         OLC_ACTION(d)->others_no_arg = strdup(arg);
   621:       } else
   622:         OLC_ACTION(d)->others_no_arg = NULL;"
"src\aedit.c","625","aedit_parse","case AEDIT_VICT_CHAR_FOUND","DESTRUCTIVE_REVIEW","delete/purge/extract/remove/free operation | OLC/object/flag mutation","    case AEDIT_VICT_CHAR_FOUND:
      if (OLC_ACTION(d)->char_found)
        free(OLC_ACTION(d)->char_found);
      if (*arg) {
        delete_doubledollar(arg);
        OLC_ACTION(d)->char_found = strdup(arg);
      } else
        OLC_ACTION(d)->char_found = NULL;
      break;"
"src\aedit.c","627","aedit_parse","line","DESTRUCTIVE_REVIEW","delete/purge/extract/remove/free operation","   625:     case AEDIT_VICT_CHAR_FOUND:
   626:       if (OLC_ACTION(d)->char_found)
   627:         free(OLC_ACTION(d)->char_found);
   628:       if (*arg) {
   629:         delete_doubledollar(arg);
   630:         OLC_ACTION(d)->char_found = strdup(arg);"
"src\aedit.c","629","aedit_parse","line","DESTRUCTIVE_REVIEW","delete/purge/extract/remove/free operation","   627:         free(OLC_ACTION(d)->char_found);
   628:       if (*arg) {
   629:         delete_doubledollar(arg);
   630:         OLC_ACTION(d)->char_found = strdup(arg);
   631:       } else
   632:         OLC_ACTION(d)->char_found = NULL;"
"src\aedit.c","635","aedit_parse","case AEDIT_VICT_OTHERS_FOUND","DESTRUCTIVE_REVIEW","delete/purge/extract/remove/free operation | OLC/object/flag mutation","    case AEDIT_VICT_OTHERS_FOUND:
      if (OLC_ACTION(d)->others_found)
        free(OLC_ACTION(d)->others_found);
      if (*arg) {
        delete_doubledollar(arg);
        OLC_ACTION(d)->others_found = strdup(arg);
      } else
        OLC_ACTION(d)->others_found = NULL;
      break;"
"src\aedit.c","637","aedit_parse","line","DESTRUCTIVE_REVIEW","delete/purge/extract/remove/free operation","   635:     case AEDIT_VICT_OTHERS_FOUND:
   636:       if (OLC_ACTION(d)->others_found)
   637:         free(OLC_ACTION(d)->others_found);
   638:       if (*arg) {
   639:         delete_doubledollar(arg);
   640:         OLC_ACTION(d)->others_found = strdup(arg);"
"src\aedit.c","639","aedit_parse","line","DESTRUCTIVE_REVIEW","delete/purge/extract/remove/free operation","   637:         free(OLC_ACTION(d)->others_found);
   638:       if (*arg) {
   639:         delete_doubledollar(arg);
   640:         OLC_ACTION(d)->others_found = strdup(arg);
   641:       } else
   642:         OLC_ACTION(d)->others_found = NULL;"
"src\aedit.c","645","aedit_parse","case AEDIT_VICT_VICT_FOUND","DESTRUCTIVE_REVIEW","delete/purge/extract/remove/free operation | OLC/object/flag mutation","    case AEDIT_VICT_VICT_FOUND:
      if (OLC_ACTION(d)->vict_found)
        free(OLC_ACTION(d)->vict_found);
      if (*arg) {
        delete_doubledollar(arg);
        OLC_ACTION(d)->vict_found = strdup(arg);
      } else
        OLC_ACTION(d)->vict_found = NULL;
      break;"
"src\aedit.c","647","aedit_parse","line","DESTRUCTIVE_REVIEW","delete/purge/extract/remove/free operation","   645:     case AEDIT_VICT_VICT_FOUND:
   646:       if (OLC_ACTION(d)->vict_found)
   647:         free(OLC_ACTION(d)->vict_found);
   648:       if (*arg) {
   649:         delete_doubledollar(arg);
   650:         OLC_ACTION(d)->vict_found = strdup(arg);"
"src\aedit.c","649","aedit_parse","line","DESTRUCTIVE_REVIEW","delete/purge/extract/remove/free operation","   647:         free(OLC_ACTION(d)->vict_found);
   648:       if (*arg) {
   649:         delete_doubledollar(arg);
   650:         OLC_ACTION(d)->vict_found = strdup(arg);
   651:       } else
   652:         OLC_ACTION(d)->vict_found = NULL;"
"src\aedit.c","655","aedit_parse","case AEDIT_VICT_NOT_FOUND","DESTRUCTIVE_REVIEW","delete/purge/extract/remove/free operation | OLC/object/flag mutation","    case AEDIT_VICT_NOT_FOUND:
      if (OLC_ACTION(d)->not_found)
        free(OLC_ACTION(d)->not_found);
      if (*arg) {
        delete_doubledollar(arg);
        OLC_ACTION(d)->not_found = strdup(arg);
      } else
        OLC_ACTION(d)->not_found = NULL;
      break;"
"src\aedit.c","657","aedit_parse","line","DESTRUCTIVE_REVIEW","delete/purge/extract/remove/free operation","   655:     case AEDIT_VICT_NOT_FOUND:
   656:       if (OLC_ACTION(d)->not_found)
   657:         free(OLC_ACTION(d)->not_found);
   658:       if (*arg) {
   659:         delete_doubledollar(arg);
   660:         OLC_ACTION(d)->not_found = strdup(arg);"
"src\aedit.c","659","aedit_parse","line","DESTRUCTIVE_REVIEW","delete/purge/extract/remove/free operation","   657:         free(OLC_ACTION(d)->not_found);
   658:       if (*arg) {
   659:         delete_doubledollar(arg);
   660:         OLC_ACTION(d)->not_found = strdup(arg);
   661:       } else
   662:         OLC_ACTION(d)->not_found = NULL;"
"src\aedit.c","665","aedit_parse","case AEDIT_SELF_CHAR","DESTRUCTIVE_REVIEW","delete/purge/extract/remove/free operation | OLC/object/flag mutation","    case AEDIT_SELF_CHAR:
      if (OLC_ACTION(d)->char_auto)
        free(OLC_ACTION(d)->char_auto);
      if (*arg) {
        delete_doubledollar(arg);
        OLC_ACTION(d)->char_auto = strdup(arg);
      } else
        OLC_ACTION(d)->char_auto = NULL;
      break;"
"src\aedit.c","667","aedit_parse","line","DESTRUCTIVE_REVIEW","delete/purge/extract/remove/free operation","   665:     case AEDIT_SELF_CHAR:
   666:       if (OLC_ACTION(d)->char_auto)
   667:         free(OLC_ACTION(d)->char_auto);
   668:       if (*arg) {
   669:         delete_doubledollar(arg);
   670:         OLC_ACTION(d)->char_auto = strdup(arg);"
"src\aedit.c","669","aedit_parse","line","DESTRUCTIVE_REVIEW","delete/purge/extract/remove/free operation","   667:         free(OLC_ACTION(d)->char_auto);
   668:       if (*arg) {
   669:         delete_doubledollar(arg);
   670:         OLC_ACTION(d)->char_auto = strdup(arg);
   671:       } else
   672:         OLC_ACTION(d)->char_auto = NULL;"
"src\aedit.c","675","aedit_parse","case AEDIT_SELF_OTHERS","DESTRUCTIVE_REVIEW","delete/purge/extract/remove/free operation | OLC/object/flag mutation","    case AEDIT_SELF_OTHERS:
      if (OLC_ACTION(d)->others_auto)
        free(OLC_ACTION(d)->others_auto);
      if (*arg) {
        delete_doubledollar(arg);
        OLC_ACTION(d)->others_auto = strdup(arg);
      } else
        OLC_ACTION(d)->others_auto = NULL;
      break;"
"src\aedit.c","677","aedit_parse","line","DESTRUCTIVE_REVIEW","delete/purge/extract/remove/free operation","   675:     case AEDIT_SELF_OTHERS:
   676:       if (OLC_ACTION(d)->others_auto)
   677:         free(OLC_ACTION(d)->others_auto);
   678:       if (*arg) {
   679:         delete_doubledollar(arg);
   680:         OLC_ACTION(d)->others_auto = strdup(arg);"
"src\aedit.c","679","aedit_parse","line","DESTRUCTIVE_REVIEW","delete/purge/extract/remove/free operation","   677:         free(OLC_ACTION(d)->others_auto);
   678:       if (*arg) {
   679:         delete_doubledollar(arg);
   680:         OLC_ACTION(d)->others_auto = strdup(arg);
   681:       } else
   682:         OLC_ACTION(d)->others_auto = NULL;"
"src\aedit.c","685","aedit_parse","case AEDIT_VICT_CHAR_BODY_FOUND","DESTRUCTIVE_REVIEW","delete/purge/extract/remove/free operation | OLC/object/flag mutation","    case AEDIT_VICT_CHAR_BODY_FOUND:
      if (OLC_ACTION(d)->char_body_found)
        free(OLC_ACTION(d)->char_body_found);
      if (*arg) {
        delete_doubledollar(arg);
        OLC_ACTION(d)->char_body_found = strdup(arg);
      } else
        OLC_ACTION(d)->char_body_found = NULL;
      break;"
"src\aedit.c","687","aedit_parse","line","DESTRUCTIVE_REVIEW","delete/purge/extract/remove/free operation","   685:     case AEDIT_VICT_CHAR_BODY_FOUND:
   686:       if (OLC_ACTION(d)->char_body_found)
   687:         free(OLC_ACTION(d)->char_body_found);
   688:       if (*arg) {
   689:         delete_doubledollar(arg);
   690:         OLC_ACTION(d)->char_body_found = strdup(arg);"
"src\aedit.c","689","aedit_parse","line","DESTRUCTIVE_REVIEW","delete/purge/extract/remove/free operation","   687:         free(OLC_ACTION(d)->char_body_found);
   688:       if (*arg) {
   689:         delete_doubledollar(arg);
   690:         OLC_ACTION(d)->char_body_found = strdup(arg);
   691:       } else
   692:         OLC_ACTION(d)->char_body_found = NULL;"
"src\aedit.c","695","aedit_parse","case AEDIT_VICT_OTHERS_BODY_FOUND","DESTRUCTIVE_REVIEW","delete/purge/extract/remove/free operation | OLC/object/flag mutation","    case AEDIT_VICT_OTHERS_BODY_FOUND:
      if (OLC_ACTION(d)->others_body_found)
        free(OLC_ACTION(d)->others_body_found);
      if (*arg) {
        delete_doubledollar(arg);
        OLC_ACTION(d)->others_body_found = strdup(arg);
      } else
        OLC_ACTION(d)->others_body_found = NULL;
      break;"
"src\aedit.c","697","aedit_parse","line","DESTRUCTIVE_REVIEW","delete/purge/extract/remove/free operation","   695:     case AEDIT_VICT_OTHERS_BODY_FOUND:
   696:       if (OLC_ACTION(d)->others_body_found)
   697:         free(OLC_ACTION(d)->others_body_found);
   698:       if (*arg) {
   699:         delete_doubledollar(arg);
   700:         OLC_ACTION(d)->others_body_found = strdup(arg);"
"src\aedit.c","699","aedit_parse","line","DESTRUCTIVE_REVIEW","delete/purge/extract/remove/free operation","   697:         free(OLC_ACTION(d)->others_body_found);
   698:       if (*arg) {
   699:         delete_doubledollar(arg);
   700:         OLC_ACTION(d)->others_body_found = strdup(arg);
   701:       } else
   702:         OLC_ACTION(d)->others_body_found = NULL;"
"src\aedit.c","705","aedit_parse","case AEDIT_VICT_VICT_BODY_FOUND","DESTRUCTIVE_REVIEW","delete/purge/extract/remove/free operation | OLC/object/flag mutation","    case AEDIT_VICT_VICT_BODY_FOUND:
      if (OLC_ACTION(d)->vict_body_found)
        free(OLC_ACTION(d)->vict_body_found);
      if (*arg) {
        delete_doubledollar(arg);
        OLC_ACTION(d)->vict_body_found = strdup(arg);
      } else
        OLC_ACTION(d)->vict_body_found = NULL;
      break;"
"src\aedit.c","707","aedit_parse","line","DESTRUCTIVE_REVIEW","delete/purge/extract/remove/free operation","   705:     case AEDIT_VICT_VICT_BODY_FOUND:
   706:       if (OLC_ACTION(d)->vict_body_found)
   707:         free(OLC_ACTION(d)->vict_body_found);
   708:       if (*arg) {
   709:         delete_doubledollar(arg);
   710:         OLC_ACTION(d)->vict_body_found = strdup(arg);"
"src\aedit.c","709","aedit_parse","line","DESTRUCTIVE_REVIEW","delete/purge/extract/remove/free operation","   707:         free(OLC_ACTION(d)->vict_body_found);
   708:       if (*arg) {
   709:         delete_doubledollar(arg);
   710:         OLC_ACTION(d)->vict_body_found = strdup(arg);
   711:       } else
   712:         OLC_ACTION(d)->vict_body_found = NULL;"
"src\aedit.c","715","aedit_parse","case AEDIT_OBJ_CHAR_FOUND","DESTRUCTIVE_REVIEW","delete/purge/extract/remove/free operation | OLC/object/flag mutation","    case AEDIT_OBJ_CHAR_FOUND:
      if (OLC_ACTION(d)->char_obj_found)
        free(OLC_ACTION(d)->char_obj_found);
      if (*arg) {
        delete_doubledollar(arg);
        OLC_ACTION(d)->char_obj_found = strdup(arg);
      } else
        OLC_ACTION(d)->char_obj_found = NULL;
      break;"
"src\aedit.c","717","aedit_parse","line","DESTRUCTIVE_REVIEW","delete/purge/extract/remove/free operation","   715:     case AEDIT_OBJ_CHAR_FOUND:
   716:       if (OLC_ACTION(d)->char_obj_found)
   717:         free(OLC_ACTION(d)->char_obj_found);
   718:       if (*arg) {
   719:         delete_doubledollar(arg);
   720:         OLC_ACTION(d)->char_obj_found = strdup(arg);"
"src\aedit.c","719","aedit_parse","line","DESTRUCTIVE_REVIEW","delete/purge/extract/remove/free operation","   717:         free(OLC_ACTION(d)->char_obj_found);
   718:       if (*arg) {
   719:         delete_doubledollar(arg);
   720:         OLC_ACTION(d)->char_obj_found = strdup(arg);
   721:       } else
   722:         OLC_ACTION(d)->char_obj_found = NULL;"
"src\aedit.c","725","aedit_parse","case AEDIT_OBJ_OTHERS_FOUND","DESTRUCTIVE_REVIEW","delete/purge/extract/remove/free operation | OLC/object/flag mutation","    case AEDIT_OBJ_OTHERS_FOUND:
      if (OLC_ACTION(d)->others_obj_found)
        free(OLC_ACTION(d)->others_obj_found);
      if (*arg) {
        delete_doubledollar(arg);
        OLC_ACTION(d)->others_obj_found = strdup(arg);
      } else
        OLC_ACTION(d)->others_obj_found = NULL;
      break;"
"src\aedit.c","727","aedit_parse","line","DESTRUCTIVE_REVIEW","delete/purge/extract/remove/free operation","   725:     case AEDIT_OBJ_OTHERS_FOUND:
   726:       if (OLC_ACTION(d)->others_obj_found)
   727:         free(OLC_ACTION(d)->others_obj_found);
   728:       if (*arg) {
   729:         delete_doubledollar(arg);
   730:         OLC_ACTION(d)->others_obj_found = strdup(arg);"
"src\aedit.c","729","aedit_parse","line","DESTRUCTIVE_REVIEW","delete/purge/extract/remove/free operation","   727:         free(OLC_ACTION(d)->others_obj_found);
   728:       if (*arg) {
   729:         delete_doubledollar(arg);
   730:         OLC_ACTION(d)->others_obj_found = strdup(arg);
   731:       } else
   732:         OLC_ACTION(d)->others_obj_found = NULL;"
"src\boards.c","117","init_boards","line","DESTRUCTIVE_REVIEW","data cleared/reset on code path","   115:     num_of_msgs[i] = 0;
   116:     for (j = 0; j < MAX_BOARD_MESSAGES; j++) {
   117:       memset((char *) &(msg_index[i][j]), 0, sizeof(struct board_msginfo));
   118:       msg_index[i][j].slot_num = -1;
   119:     }
   120:     board_load_board(i);"
"src\boards.c","189","board_write_message","line","DESTRUCTIVE_REVIEW","delete/purge/extract/remove/free operation","   187:   /* skip blanks */
   188:   skip_spaces(&arg);
   189:   delete_doubledollar(arg);
   190: 
   191:   /* JE Truncate headline at 80 chars if it's longer than that. */
   192:   arg[80] = '\0';"
"src\boards.c","385","board_remove_msg","line","DESTRUCTIVE_REVIEW","delete/purge/extract/remove/free operation","   383:     }
   384:   if (msg_storage[slot_num])
   385:     free(msg_storage[slot_num]);
   386:   msg_storage[slot_num] = 0;
   387:   msg_storage_taken[slot_num] = 0;
   388:   if (MSG_HEADING(board_type, ind))"
"src\boards.c","389","board_remove_msg","line","DESTRUCTIVE_REVIEW","delete/purge/extract/remove/free operation","   387:   msg_storage_taken[slot_num] = 0;
   388:   if (MSG_HEADING(board_type, ind))
   389:     free(MSG_HEADING(board_type, ind));
   390: 
   391:   for (; ind < num_of_msgs[board_type] - 1; ind++) {
   392:     MSG_HEADING(board_type, ind) = MSG_HEADING(board_type, ind + 1);"
"src\boards.c","536","board_clear_board","line","DESTRUCTIVE_REVIEW","delete/purge/extract/remove/free operation","   534:       continue; /* don't try to free non-existant slots */
   535:     if (MSG_HEADING(board_type, i))
   536:       free(MSG_HEADING(board_type, i));
   537:     if (msg_storage[MSG_SLOTNUM(board_type, i)])
   538:       free(msg_storage[MSG_SLOTNUM(board_type, i)]);
   539:     msg_storage_taken[MSG_SLOTNUM(board_type, i)] = 0;"
"src\boards.c","538","board_clear_board","line","DESTRUCTIVE_REVIEW","delete/purge/extract/remove/free operation","   536:       free(MSG_HEADING(board_type, i));
   537:     if (msg_storage[MSG_SLOTNUM(board_type, i)])
   538:       free(msg_storage[MSG_SLOTNUM(board_type, i)]);
   539:     msg_storage_taken[MSG_SLOTNUM(board_type, i)] = 0;
   540:     memset((char *)&(msg_index[board_type][i]),0,sizeof(struct board_msginfo));
   541:     msg_index[board_type][i].slot_num = -1;"
"src\boards.c","540","board_clear_board","line","DESTRUCTIVE_REVIEW","data cleared/reset on code path","   538:       free(msg_storage[MSG_SLOTNUM(board_type, i)]);
   539:     msg_storage_taken[MSG_SLOTNUM(board_type, i)] = 0;
   540:     memset((char *)&(msg_index[board_type][i]),0,sizeof(struct board_msginfo));
   541:     msg_index[board_type][i].slot_num = -1;
   542:   }
   543:   num_of_msgs[board_type] = 0;"
"src\cedit.c","247","cedit_save_internally","line","DESTRUCTIVE_REVIEW","delete/purge/extract/remove/free operation","   245:   /* Allocate space for the strings. */
   246:   if (CONFIG_OK)
   247:     free(CONFIG_OK);
   248:   CONFIG_OK       = str_udup(OLC_CONFIG(d)->play.OK);
   249: 
   250:   if (CONFIG_HUH)"
"src\cedit.c","251","cedit_save_internally","line","DESTRUCTIVE_REVIEW","delete/purge/extract/remove/free operation","   249: 
   250:   if (CONFIG_HUH)
   251:     free(CONFIG_HUH);
   252:   CONFIG_HUH      = str_udup(OLC_CONFIG(d)->play.HUH);
   253: 
   254:   if (CONFIG_NOPERSON)"
"src\cedit.c","255","cedit_save_internally","line","DESTRUCTIVE_REVIEW","delete/purge/extract/remove/free operation","   253: 
   254:   if (CONFIG_NOPERSON)
   255:     free(CONFIG_NOPERSON);
   256:   CONFIG_NOPERSON = str_udup(OLC_CONFIG(d)->play.NOPERSON);
   257: 
   258:   if (CONFIG_NOEFFECT)"
"src\cedit.c","259","cedit_save_internally","line","DESTRUCTIVE_REVIEW","delete/purge/extract/remove/free operation","   257: 
   258:   if (CONFIG_NOEFFECT)
   259:     free(CONFIG_NOEFFECT);
   260:   CONFIG_NOEFFECT = str_udup(OLC_CONFIG(d)->play.NOEFFECT);
   261: 
   262:   if (CONFIG_DFLT_IP)"
"src\cedit.c","263","cedit_save_internally","line","DESTRUCTIVE_REVIEW","delete/purge/extract/remove/free operation","   261: 
   262:   if (CONFIG_DFLT_IP)
   263:     free(CONFIG_DFLT_IP);
   264:   if (OLC_CONFIG(d)->operation.DFLT_IP)
   265:     CONFIG_DFLT_IP     = strdup(OLC_CONFIG(d)->operation.DFLT_IP);
   266:   else"
"src\cedit.c","270","cedit_save_internally","line","DESTRUCTIVE_REVIEW","delete/purge/extract/remove/free operation","   268: 
   269:   if (CONFIG_DFLT_DIR)
   270:     free(CONFIG_DFLT_DIR);
   271:   if (OLC_CONFIG(d)->operation.DFLT_DIR)
   272:     CONFIG_DFLT_DIR    = strdup(OLC_CONFIG(d)->operation.DFLT_DIR);
   273:   else"
"src\cedit.c","277","cedit_save_internally","line","DESTRUCTIVE_REVIEW","delete/purge/extract/remove/free operation","   275: 
   276:   if (CONFIG_LOGNAME)
   277:     free(CONFIG_LOGNAME);
   278:   if (OLC_CONFIG(d)->operation.LOGNAME)
   279:     CONFIG_LOGNAME     = strdup(OLC_CONFIG(d)->operation.LOGNAME);
   280:   else"
"src\cedit.c","284","cedit_save_internally","line","DESTRUCTIVE_REVIEW","delete/purge/extract/remove/free operation","   282: 
   283:   if (CONFIG_MENU)
   284:     free(CONFIG_MENU);
   285:   if (OLC_CONFIG(d)->operation.MENU)
   286:     CONFIG_MENU        = strdup(OLC_CONFIG(d)->operation.MENU);
   287:   else"
"src\cedit.c","291","cedit_save_internally","line","DESTRUCTIVE_REVIEW","delete/purge/extract/remove/free operation","   289: 
   290:   if (CONFIG_WELC_MESSG)
   291:     free(CONFIG_WELC_MESSG);
   292:   if (OLC_CONFIG(d)->operation.WELC_MESSG)
   293:     CONFIG_WELC_MESSG  = strdup(OLC_CONFIG(d)->operation.WELC_MESSG);
   294:   else"
"src\cedit.c","298","cedit_save_internally","line","DESTRUCTIVE_REVIEW","delete/purge/extract/remove/free operation","   296: 
   297:   if (CONFIG_START_MESSG)
   298:     free(CONFIG_START_MESSG);
   299:   if (OLC_CONFIG(d)->operation.START_MESSG)
   300:     CONFIG_START_MESSG = strdup(OLC_CONFIG(d)->operation.START_MESSG);
   301:   else"
"src\cedit.c","1421","cedit_parse","line","DESTRUCTIVE_REVIEW","delete/purge/extract/remove/free operation","  1419: 
  1420:       if (OLC_CONFIG(d)->play.OK)
  1421:         free(OLC_CONFIG(d)->play.OK);
  1422: 
  1423:       OLC_CONFIG(d)->play.OK = str_udupnl(arg);
  1424: "
"src\cedit.c","1433","cedit_parse","line","DESTRUCTIVE_REVIEW","delete/purge/extract/remove/free operation","  1431: 
  1432:       if (OLC_CONFIG(d)->play.HUH)
  1433:         free(OLC_CONFIG(d)->play.HUH);
  1434: 
  1435:       OLC_CONFIG(d)->play.HUH = str_udupnl(arg);
  1436: "
"src\cedit.c","1445","cedit_parse","line","DESTRUCTIVE_REVIEW","delete/purge/extract/remove/free operation","  1443: 
  1444:       if (OLC_CONFIG(d)->play.NOPERSON)
  1445:         free(OLC_CONFIG(d)->play.NOPERSON);
  1446: 
  1447:       OLC_CONFIG(d)->play.NOPERSON = str_udupnl(arg);
  1448: "
"src\cedit.c","1457","cedit_parse","line","DESTRUCTIVE_REVIEW","delete/purge/extract/remove/free operation","  1455: 
  1456:       if (OLC_CONFIG(d)->play.NOEFFECT)
  1457:         free(OLC_CONFIG(d)->play.NOEFFECT);
  1458: 
  1459:       OLC_CONFIG(d)->play.NOEFFECT = str_udupnl(arg);
  1460: "
"src\comm.c","360","main","line","DESTRUCTIVE_REVIEW","delete/purge/extract/remove/free operation","   358:     free_text_files();      /* db.c */
   359:     board_clear_all();      /* boards.c */
   360:     free(cmd_sort_info);    /* act.informative.c */
   361:     free_command_list();    /* act.informative.c */
   362:     free_social_messages(); /* act.social.c */
   363:     free_help_table();      /* db.c */"
"src\comm.c","374","main","line","DESTRUCTIVE_REVIEW","delete/purge/extract/remove/free operation","   372: 
   373:   if (last_act_message)
   374:     free(last_act_message);
   375: 
   376:   /* probably should free the entire config here.. */
   377:   free(CONFIG_CONFFILE);"
"src\comm.c","377","main","line","DESTRUCTIVE_REVIEW","delete/purge/extract/remove/free operation","   375: 
   376:   /* probably should free the entire config here.. */
   377:   free(CONFIG_CONFFILE);
   378:   
   379:   log(""Done."");
   380: "
"src\comm.c","441","copyover_recover","line","DESTRUCTIVE_REVIEW","data cleared/reset on code path","   439:     /* create a new descriptor */
   440:     CREATE (d, struct descriptor_data, 1);
   441:     memset ((char *) d, 0, sizeof (struct descriptor_data));
   442:     init_descriptor (d,desc); /* set up various stuff */
   443: 
   444:     strcpy(d->host, host);"
"src\comm.c","464","copyover_recover","line","DESTRUCTIVE_REVIEW","delete/purge/extract/remove/free operation","   462:       GET_PFILEPOS(d->character) = player_i;
   463:       if (!PLR_FLAGGED(d->character, PLR_DELETED)) {
   464:         REMOVE_BIT_AR(PLR_FLAGS(d->character), PLR_WRITING);
   465:         REMOVE_BIT_AR(PLR_FLAGS(d->character), PLR_MAILING);
   466:       } else
   467:         fOld = FALSE;"
"src\comm.c","465","copyover_recover","line","DESTRUCTIVE_REVIEW","delete/purge/extract/remove/free operation","   463:       if (!PLR_FLAGGED(d->character, PLR_DELETED)) {
   464:         REMOVE_BIT_AR(PLR_FLAGS(d->character), PLR_WRITING);
   465:         REMOVE_BIT_AR(PLR_FLAGS(d->character), PLR_MAILING);
   466:       } else
   467:         fOld = FALSE;
   468:     } else"
"src\comm.c","632","init_socket","line","DESTRUCTIVE_REVIEW","data cleared/reset on code path","   630: 
   631:   /* Clear the structure */
   632:   memset((char *)&sa, 0, sizeof(sa));
   633: 
   634:   sa.sin_family = AF_INET;
   635:   sa.sin_port = htons(local_port);"
"src\comm.c","1036","heartbeat","line","DESTRUCTIVE_REVIEW","delete/purge/extract/remove/free operation","  1034: 
  1035:   /* Every pulse! Don't want them to stink the place up... */
  1036:   extract_pending_chars();
  1037: }
  1038: 
  1039: /* new code to calculate time differences, which works on systems for which"
"src\comm.c","1164","get_from_q","line","DESTRUCTIVE_REVIEW","delete/purge/extract/remove/free operation","  1162:   tmp = queue->head;
  1163:   queue->head = queue->head->next;
  1164:   free(tmp->text);
  1165:   free(tmp);
  1166: 
  1167:   return (1);"
"src\comm.c","1165","get_from_q","line","DESTRUCTIVE_REVIEW","delete/purge/extract/remove/free operation","  1163:   queue->head = queue->head->next;
  1164:   free(tmp->text);
  1165:   free(tmp);
  1166: 
  1167:   return (1);
  1168: }"
"src\comm.c","1180","flush_queues","line","DESTRUCTIVE_REVIEW","delete/purge/extract/remove/free operation","  1178:     struct txt_block *tmp = d->input.head;
  1179:     d->input.head = d->input.head->next;
  1180:     free(tmp->text);
  1181:     free(tmp);
  1182:   }
  1183: }"
"src\comm.c","1181","flush_queues","line","DESTRUCTIVE_REVIEW","delete/purge/extract/remove/free operation","  1179:     d->input.head = d->input.head->next;
  1180:     free(tmp->text);
  1181:     free(tmp);
  1182:   }
  1183: }
  1184: "
"src\comm.c","1273","free_bufpool","line","DESTRUCTIVE_REVIEW","delete/purge/extract/remove/free operation","  1271:     tmp = bufpool->next;
  1272:     if (bufpool->text)
  1273:       free(bufpool->text);
  1274:     free(bufpool);
  1275:     bufpool = tmp;
  1276:   }"
"src\comm.c","1274","free_bufpool","line","DESTRUCTIVE_REVIEW","delete/purge/extract/remove/free operation","  1272:     if (bufpool->text)
  1273:       free(bufpool->text);
  1274:     free(bufpool);
  1275:     bufpool = tmp;
  1276:   }
  1277: }"
"src\comm.c","1290","free_bufpool","line","DESTRUCTIVE_REVIEW","data cleared/reset on code path","  1288: 
  1289:   /* Clear the structure */
  1290:   memset((char *) &bind_addr, 0, sizeof(bind_addr));
  1291: 
  1292:   /* If DLFT_IP is unspecified, use INADDR_ANY */
  1293:   if (CONFIG_DFLT_IP == NULL) {"
"src\comm.c","1442","new_descriptor","line","DESTRUCTIVE_REVIEW","delete/purge/extract/remove/free operation","  1440:     CLOSE_SOCKET(desc);
  1441:     mudlog(CMP, LVL_GOD, TRUE, ""Connection attempt denied from [%s]"", newd->host);
  1442:     free(newd);
  1443:     return (0);
  1444:   }
  1445: "
"src\comm.c","1852","process_input","line","DESTRUCTIVE_REVIEW","delete/purge/extract/remove/free operation","  1850:       strcpy(t->last_input, tmp);	/* strcpy: OK (by mutual MAX_INPUT_LENGTH) */
  1851:       if (t->history[t->history_pos])
  1852: 	free(t->history[t->history_pos]);	/* Clear the old line. */
  1853:       t->history[t->history_pos] = strdup(tmp);	/* Save the new. */
  1854:       if (++t->history_pos >= HISTORY_SIZE)	/* Wrap to top. */
  1855: 	t->history_pos = 0;"
"src\comm.c","1961","close_socket","line","DESTRUCTIVE_REVIEW","delete/purge/extract/remove/free operation","  1959:     if (!IS_NPC(d->character) && PLR_FLAGGED(d->character, PLR_MAILING) && d->str) {
  1960:       if (*(d->str))
  1961:         free(*(d->str));
  1962:       free(d->str);
  1963:       d->str = NULL;
  1964:     } else if (d->backstr && !IS_NPC(d->character) && !PLR_FLAGGED(d->character, PLR_WRITING)) {"
"src\comm.c","1962","close_socket","line","DESTRUCTIVE_REVIEW","delete/purge/extract/remove/free operation","  1960:       if (*(d->str))
  1961:         free(*(d->str));
  1962:       free(d->str);
  1963:       d->str = NULL;
  1964:     } else if (d->backstr && !IS_NPC(d->character) && !PLR_FLAGGED(d->character, PLR_WRITING)) {
  1965:       free(d->backstr);      /* editing description ... not olc */"
"src\comm.c","1965","close_socket","line","DESTRUCTIVE_REVIEW","delete/purge/extract/remove/free operation","  1963:       d->str = NULL;
  1964:     } else if (d->backstr && !IS_NPC(d->character) && !PLR_FLAGGED(d->character, PLR_WRITING)) {
  1965:       free(d->backstr);      /* editing description ... not olc */
  1966:       d->backstr = NULL;
  1967:     }
  1968: "
"src\comm.c","1994","close_socket","line","DESTRUCTIVE_REVIEW","delete/purge/extract/remove/free operation","  1992:     for (cnt = 0; cnt < HISTORY_SIZE; cnt++)
  1993:       if (d->history[cnt])
  1994: 	free(d->history[cnt]);
  1995:     free(d->history);
  1996:   }
  1997: "
"src\comm.c","1995","close_socket","line","DESTRUCTIVE_REVIEW","delete/purge/extract/remove/free operation","  1993:       if (d->history[cnt])
  1994: 	free(d->history[cnt]);
  1995:     free(d->history);
  1996:   }
  1997: 
  1998:   if (d->showstr_head)"
"src\comm.c","1999","close_socket","line","DESTRUCTIVE_REVIEW","delete/purge/extract/remove/free operation","  1997: 
  1998:   if (d->showstr_head)
  1999:     free(d->showstr_head);
  2000:   if (d->showstr_count)
  2001:     free(d->showstr_vector);
  2002:   "
"src\comm.c","2001","close_socket","line","DESTRUCTIVE_REVIEW","delete/purge/extract/remove/free operation","  1999:     free(d->showstr_head);
  2000:   if (d->showstr_count)
  2001:     free(d->showstr_vector);
  2002:   
  2003:   /* KaVir's plugin*/
  2004:   ProtocolDestroy( d->pProtocol );"
"src\comm.c","2035","close_socket","line","DESTRUCTIVE_REVIEW","delete/purge/extract/remove/free operation","  2033:   }
  2034: 
  2035:   free(d);
  2036: }
  2037: 
  2038: static void check_idle_passwords(void)"
"src\comm.c","2499","send_to_range","line","DESTRUCTIVE_REVIEW","delete/purge/extract/remove/free operation","  2497: 
  2498:   if (last_act_message)
  2499:     free(last_act_message);
  2500:   last_act_message = strdup(lbuf);
  2501: }
  2502: "
"src\comm.c","2527","send_to_range","line","DESTRUCTIVE_REVIEW","delete/purge/extract/remove/free operation","  2525:   /* If the bit is set, unset dg_act_check, thus the ! below */
  2526:   if (!(dg_act_check = !IS_SET(type, DG_NO_TRIG)))
  2527:     REMOVE_BIT(type, DG_NO_TRIG);
  2528: 
  2529:   if (type == TO_CHAR) {
  2530:     if (ch && SENDOK(ch)) {"
"src\db.c","364","free_text_files","line","DESTRUCTIVE_REVIEW","delete/purge/extract/remove/free operation","   362:   for (rf = 0; textfiles[rf]; rf++)
   363:     if (*textfiles[rf]) {
   364:       free(*textfiles[rf]);
   365:       *textfiles[rf] = NULL;
   366:     }
   367: }"
"src\db.c","511","free_extra_descriptions","line","DESTRUCTIVE_REVIEW","delete/purge/extract/remove/free operation","   509:     enext = edesc->next;
   510: 
   511:     free(edesc->keyword);
   512:     free(edesc->description);
   513:     free(edesc);
   514:   }"
"src\db.c","512","free_extra_descriptions","line","DESTRUCTIVE_REVIEW","delete/purge/extract/remove/free operation","   510: 
   511:     free(edesc->keyword);
   512:     free(edesc->description);
   513:     free(edesc);
   514:   }
   515: }"
"src\db.c","513","free_extra_descriptions","line","DESTRUCTIVE_REVIEW","delete/purge/extract/remove/free operation","   511:     free(edesc->keyword);
   512:     free(edesc->description);
   513:     free(edesc);
   514:   }
   515: }
   516: "
"src\db.c","550","destroy_db","line","DESTRUCTIVE_REVIEW","delete/purge/extract/remove/free operation","   548:   for (cnt = 0; cnt <= top_of_world; cnt++) {
   549:     if (world[cnt].name)
   550:       free(world[cnt].name);
   551:     if (world[cnt].description)
   552:       free(world[cnt].description);
   553:     free_extra_descriptions(world[cnt].ex_description);"
"src\db.c","552","destroy_db","line","DESTRUCTIVE_REVIEW","delete/purge/extract/remove/free operation","   550:       free(world[cnt].name);
   551:     if (world[cnt].description)
   552:       free(world[cnt].description);
   553:     free_extra_descriptions(world[cnt].ex_description);
   554: 
   555:   if (world[cnt].events != NULL) {"
"src\db.c","568","destroy_db","line","DESTRUCTIVE_REVIEW","delete/purge/extract/remove/free operation","   566:     /* free any assigned scripts */
   567:     if (SCRIPT(&world[cnt]))
   568:       extract_script(&world[cnt], WLD_TRIGGER);
   569:     /* free script proto list */
   570:     free_proto_script(&world[cnt], WLD_TRIGGER);
   571: "
"src\db.c","577","destroy_db","line","DESTRUCTIVE_REVIEW","delete/purge/extract/remove/free operation","   575: 
   576:       if (world[cnt].dir_option[itr]->general_description)
   577:         free(world[cnt].dir_option[itr]->general_description);
   578:       if (world[cnt].dir_option[itr]->keyword)
   579:         free(world[cnt].dir_option[itr]->keyword);
   580:       free(world[cnt].dir_option[itr]);"
"src\db.c","579","destroy_db","line","DESTRUCTIVE_REVIEW","delete/purge/extract/remove/free operation","   577:         free(world[cnt].dir_option[itr]->general_description);
   578:       if (world[cnt].dir_option[itr]->keyword)
   579:         free(world[cnt].dir_option[itr]->keyword);
   580:       free(world[cnt].dir_option[itr]);
   581:     }
   582:   }"
"src\db.c","580","destroy_db","line","DESTRUCTIVE_REVIEW","delete/purge/extract/remove/free operation","   578:       if (world[cnt].dir_option[itr]->keyword)
   579:         free(world[cnt].dir_option[itr]->keyword);
   580:       free(world[cnt].dir_option[itr]);
   581:     }
   582:   }
   583:   free(world);"
"src\db.c","583","destroy_db","line","DESTRUCTIVE_REVIEW","delete/purge/extract/remove/free operation","   581:     }
   582:   }
   583:   free(world);
   584:   top_of_world = 0;
   585: 
   586:   /* Objects */"
"src\db.c","589","destroy_db","line","DESTRUCTIVE_REVIEW","delete/purge/extract/remove/free operation","   587:   for (cnt = 0; cnt <= top_of_objt; cnt++) {
   588:     if (obj_proto[cnt].name)
   589:       free(obj_proto[cnt].name);
   590:     if (obj_proto[cnt].description)
   591:       free(obj_proto[cnt].description);
   592:     if (obj_proto[cnt].short_description)"
"src\db.c","591","destroy_db","line","DESTRUCTIVE_REVIEW","delete/purge/extract/remove/free operation","   589:       free(obj_proto[cnt].name);
   590:     if (obj_proto[cnt].description)
   591:       free(obj_proto[cnt].description);
   592:     if (obj_proto[cnt].short_description)
   593:       free(obj_proto[cnt].short_description);
   594:     if (obj_proto[cnt].action_description)"
"src\db.c","593","destroy_db","line","DESTRUCTIVE_REVIEW","delete/purge/extract/remove/free operation","   591:       free(obj_proto[cnt].description);
   592:     if (obj_proto[cnt].short_description)
   593:       free(obj_proto[cnt].short_description);
   594:     if (obj_proto[cnt].action_description)
   595:       free(obj_proto[cnt].action_description);
   596:     free_extra_descriptions(obj_proto[cnt].ex_description);"
"src\db.c","595","destroy_db","line","DESTRUCTIVE_REVIEW","delete/purge/extract/remove/free operation","   593:       free(obj_proto[cnt].short_description);
   594:     if (obj_proto[cnt].action_description)
   595:       free(obj_proto[cnt].action_description);
   596:     free_extra_descriptions(obj_proto[cnt].ex_description);
   597: 
   598:     /* free script proto list */"
"src\db.c","601","destroy_db","line","DESTRUCTIVE_REVIEW","delete/purge/extract/remove/free operation","   599:     free_proto_script(&obj_proto[cnt], OBJ_TRIGGER);
   600:   }
   601:   free(obj_proto);
   602:   free(obj_index);
   603: 
   604:   /* Mobiles */"
"src\db.c","602","destroy_db","line","DESTRUCTIVE_REVIEW","delete/purge/extract/remove/free operation","   600:   }
   601:   free(obj_proto);
   602:   free(obj_index);
   603: 
   604:   /* Mobiles */
   605:   for (cnt = 0; cnt <= top_of_mobt; cnt++) {"
"src\db.c","607","destroy_db","line","DESTRUCTIVE_REVIEW","delete/purge/extract/remove/free operation","   605:   for (cnt = 0; cnt <= top_of_mobt; cnt++) {
   606:     if (mob_proto[cnt].player.name)
   607:       free(mob_proto[cnt].player.name);
   608:     if (mob_proto[cnt].player.title)
   609:       free(mob_proto[cnt].player.title);
   610:     if (mob_proto[cnt].player.short_descr)"
"src\db.c","609","destroy_db","line","DESTRUCTIVE_REVIEW","delete/purge/extract/remove/free operation","   607:       free(mob_proto[cnt].player.name);
   608:     if (mob_proto[cnt].player.title)
   609:       free(mob_proto[cnt].player.title);
   610:     if (mob_proto[cnt].player.short_descr)
   611:       free(mob_proto[cnt].player.short_descr);
   612:     if (mob_proto[cnt].player.long_descr)"
"src\db.c","611","destroy_db","line","DESTRUCTIVE_REVIEW","delete/purge/extract/remove/free operation","   609:       free(mob_proto[cnt].player.title);
   610:     if (mob_proto[cnt].player.short_descr)
   611:       free(mob_proto[cnt].player.short_descr);
   612:     if (mob_proto[cnt].player.long_descr)
   613:       free(mob_proto[cnt].player.long_descr);
   614:     if (mob_proto[cnt].player.description)"
"src\db.c","613","destroy_db","line","DESTRUCTIVE_REVIEW","delete/purge/extract/remove/free operation","   611:       free(mob_proto[cnt].player.short_descr);
   612:     if (mob_proto[cnt].player.long_descr)
   613:       free(mob_proto[cnt].player.long_descr);
   614:     if (mob_proto[cnt].player.description)
   615:       free(mob_proto[cnt].player.description);
   616: "
"src\db.c","615","destroy_db","line","DESTRUCTIVE_REVIEW","delete/purge/extract/remove/free operation","   613:       free(mob_proto[cnt].player.long_descr);
   614:     if (mob_proto[cnt].player.description)
   615:       free(mob_proto[cnt].player.description);
   616: 
   617:     /* free script proto list */
   618:     free_proto_script(&mob_proto[cnt], MOB_TRIGGER);"
"src\db.c","623","destroy_db","line","DESTRUCTIVE_REVIEW","delete/purge/extract/remove/free operation","   621:       affect_remove(&mob_proto[cnt], mob_proto[cnt].affected);
   622:   }
   623:   free(mob_proto);
   624:   free(mob_index);
   625: 
   626:   /* Shops */"
"src\db.c","624","destroy_db","line","DESTRUCTIVE_REVIEW","delete/purge/extract/remove/free operation","   622:   }
   623:   free(mob_proto);
   624:   free(mob_index);
   625: 
   626:   /* Shops */
   627:   destroy_shops();"
"src\db.c","637","destroy_db","line","DESTRUCTIVE_REVIEW","delete/purge/extract/remove/free operation","   635:   for (cnt = 0; cnt <= top_of_zone_table; cnt++) {
   636:     if (zone_table[cnt].name)
   637:       free(zone_table[cnt].name);
   638:     if (zone_table[cnt].builders)
   639:       free(zone_table[cnt].builders);
   640:     if (zone_table[cnt].cmd) {"
"src\db.c","639","destroy_db","line","DESTRUCTIVE_REVIEW","delete/purge/extract/remove/free operation","   637:       free(zone_table[cnt].name);
   638:     if (zone_table[cnt].builders)
   639:       free(zone_table[cnt].builders);
   640:     if (zone_table[cnt].cmd) {
   641:       /* first see if any vars were defined in this zone */
   642:       for (itr = 0;THIS_CMD.command != 'S';itr++)"
"src\db.c","645","destroy_db","line","DESTRUCTIVE_REVIEW","delete/purge/extract/remove/free operation","   643:         if (THIS_CMD.command == 'V') {
   644:           if (THIS_CMD.sarg1)
   645:             free(THIS_CMD.sarg1);
   646:           if (THIS_CMD.sarg2)
   647:             free(THIS_CMD.sarg2);
   648:         }"
"src\db.c","647","destroy_db","line","DESTRUCTIVE_REVIEW","delete/purge/extract/remove/free operation","   645:             free(THIS_CMD.sarg1);
   646:           if (THIS_CMD.sarg2)
   647:             free(THIS_CMD.sarg2);
   648:         }
   649:       /* then free the command list */
   650:       free(zone_table[cnt].cmd);"
"src\db.c","650","destroy_db","line","DESTRUCTIVE_REVIEW","delete/purge/extract/remove/free operation","   648:         }
   649:       /* then free the command list */
   650:       free(zone_table[cnt].cmd);
   651:     }
   652:   }
   653:   free(zone_table);"
"src\db.c","653","destroy_db","line","DESTRUCTIVE_REVIEW","delete/purge/extract/remove/free operation","   651:     }
   652:   }
   653:   free(zone_table);
   654: 
   655: #undef THIS_CMD
   656: "
"src\db.c","662","destroy_db","line","DESTRUCTIVE_REVIEW","delete/purge/extract/remove/free operation","   660:     while (ftemp) {
   661:       temp = ftemp->next;
   662:       free(ftemp);
   663:       ftemp = temp;
   664:     }
   665:   }"
"src\db.c","678","destroy_db","line","DESTRUCTIVE_REVIEW","delete/purge/extract/remove/free operation","   676:           j = i->next;
   677:           if (i->cmd)
   678:             free(i->cmd);
   679:           free(i);
   680:           i = j;
   681:         }"
"src\db.c","679","destroy_db","line","DESTRUCTIVE_REVIEW","delete/purge/extract/remove/free operation","   677:           if (i->cmd)
   678:             free(i->cmd);
   679:           free(i);
   680:           i = j;
   681:         }
   682:       }"
"src\db.c","685","destroy_db","line","DESTRUCTIVE_REVIEW","delete/purge/extract/remove/free operation","   683:       free_trigger(trig_index[cnt]->proto);
   684:     }
   685:     free(trig_index[cnt]);
   686:   }
   687:   free(trig_index);
   688: "
"src\db.c","687","destroy_db","line","DESTRUCTIVE_REVIEW","delete/purge/extract/remove/free operation","   685:     free(trig_index[cnt]);
   686:   }
   687:   free(trig_index);
   688: 
   689:   /* Events */
   690:   event_free_all();"
"src\db.c","781","boot_db","line","DESTRUCTIVE_REVIEW","delete/purge/extract/remove/free operation","   779:       for (i = 0; i <= top_of_mobt; i++) {
   780:         if (MOB_FLAGGED(&mob_proto[i], MOB_SPEC) && mob_index[i].func == NULL) {
   781:           REMOVE_BIT_AR(MOB_FLAGS(&mob_proto[i]), MOB_SPEC);
   782:           cleared_stale_specs++;
   783:         }
   784:       }"
"src\db.c","1315","ensure_newline_terminated","line","DESTRUCTIVE_REVIEW","delete/purge/extract/remove/free operation","  1313:     CREATE(with_term, char, strlen(new_descr->description) + 3);
  1314:     sprintf(with_term, ""%s\r\n"", new_descr->description); /* snprintf ok : size checked above*/
  1315:     free(new_descr->description);
  1316:     new_descr->description = with_term;
  1317:   }
  1318: }"
"src\db.c","1968","parse_mobile","line","DESTRUCTIVE_REVIEW","delete/purge/extract/remove/free operation","  1966: 
  1967:     /* Make some basic checks. */
  1968:     REMOVE_BIT_AR(AFF_FLAGS(mob_proto + i), AFF_CHARM);
  1969:     REMOVE_BIT_AR(AFF_FLAGS(mob_proto + i), AFF_POISON);
  1970:     REMOVE_BIT_AR(AFF_FLAGS(mob_proto + i), AFF_SLEEP);
  1971:     if (MOB_FLAGGED(mob_proto + i, MOB_AGGRESSIVE) && MOB_FLAGGED(mob_proto + i, MOB_AGGR_GOOD))"
"src\db.c","1969","parse_mobile","line","DESTRUCTIVE_REVIEW","delete/purge/extract/remove/free operation","  1967:     /* Make some basic checks. */
  1968:     REMOVE_BIT_AR(AFF_FLAGS(mob_proto + i), AFF_CHARM);
  1969:     REMOVE_BIT_AR(AFF_FLAGS(mob_proto + i), AFF_POISON);
  1970:     REMOVE_BIT_AR(AFF_FLAGS(mob_proto + i), AFF_SLEEP);
  1971:     if (MOB_FLAGGED(mob_proto + i, MOB_AGGRESSIVE) && MOB_FLAGGED(mob_proto + i, MOB_AGGR_GOOD))
  1972:       REMOVE_BIT_AR(MOB_FLAGS(mob_proto + i), MOB_AGGR_GOOD);"
"src\db.c","1970","parse_mobile","line","DESTRUCTIVE_REVIEW","delete/purge/extract/remove/free operation","  1968:     REMOVE_BIT_AR(AFF_FLAGS(mob_proto + i), AFF_CHARM);
  1969:     REMOVE_BIT_AR(AFF_FLAGS(mob_proto + i), AFF_POISON);
  1970:     REMOVE_BIT_AR(AFF_FLAGS(mob_proto + i), AFF_SLEEP);
  1971:     if (MOB_FLAGGED(mob_proto + i, MOB_AGGRESSIVE) && MOB_FLAGGED(mob_proto + i, MOB_AGGR_GOOD))
  1972:       REMOVE_BIT_AR(MOB_FLAGS(mob_proto + i), MOB_AGGR_GOOD);
  1973:     if (MOB_FLAGGED(mob_proto + i, MOB_AGGRESSIVE) && MOB_FLAGGED(mob_proto + i, MOB_AGGR_NEUTRAL))"
"src\db.c","1972","parse_mobile","line","DESTRUCTIVE_REVIEW","delete/purge/extract/remove/free operation","  1970:     REMOVE_BIT_AR(AFF_FLAGS(mob_proto + i), AFF_SLEEP);
  1971:     if (MOB_FLAGGED(mob_proto + i, MOB_AGGRESSIVE) && MOB_FLAGGED(mob_proto + i, MOB_AGGR_GOOD))
  1972:       REMOVE_BIT_AR(MOB_FLAGS(mob_proto + i), MOB_AGGR_GOOD);
  1973:     if (MOB_FLAGGED(mob_proto + i, MOB_AGGRESSIVE) && MOB_FLAGGED(mob_proto + i, MOB_AGGR_NEUTRAL))
  1974:       REMOVE_BIT_AR(MOB_FLAGS(mob_proto + i), MOB_AGGR_NEUTRAL);
  1975:     if (MOB_FLAGGED(mob_proto + i, MOB_AGGRESSIVE) && MOB_FLAGGED(mob_proto + i, MOB_AGGR_EVIL))"
"src\db.c","1974","parse_mobile","line","DESTRUCTIVE_REVIEW","delete/purge/extract/remove/free operation","  1972:       REMOVE_BIT_AR(MOB_FLAGS(mob_proto + i), MOB_AGGR_GOOD);
  1973:     if (MOB_FLAGGED(mob_proto + i, MOB_AGGRESSIVE) && MOB_FLAGGED(mob_proto + i, MOB_AGGR_NEUTRAL))
  1974:       REMOVE_BIT_AR(MOB_FLAGS(mob_proto + i), MOB_AGGR_NEUTRAL);
  1975:     if (MOB_FLAGGED(mob_proto + i, MOB_AGGRESSIVE) && MOB_FLAGGED(mob_proto + i, MOB_AGGR_EVIL))
  1976:       REMOVE_BIT_AR(MOB_FLAGS(mob_proto + i), MOB_AGGR_EVIL);
  1977: "
"src\db.c","1976","parse_mobile","line","DESTRUCTIVE_REVIEW","delete/purge/extract/remove/free operation","  1974:       REMOVE_BIT_AR(MOB_FLAGS(mob_proto + i), MOB_AGGR_NEUTRAL);
  1975:     if (MOB_FLAGGED(mob_proto + i, MOB_AGGRESSIVE) && MOB_FLAGGED(mob_proto + i, MOB_AGGR_EVIL))
  1976:       REMOVE_BIT_AR(MOB_FLAGS(mob_proto + i), MOB_AGGR_EVIL);
  1977: 
  1978:     check_bitvector_names(AFF_FLAGS(mob_proto + i)[0], affected_bits_count, buf2, ""mobile affect"");
  1979: "
"src\db.c","2020","parse_mobile","line","DESTRUCTIVE_REVIEW","delete/purge/extract/remove/free operation","  2018:     /* Rather bad to load mobiles with this bit already set. */
  2019:     log(""SYSERR: Mob #%d has reserved bit MOB_NOTDEADYET set."", nr);
  2020:     REMOVE_BIT_AR(MOB_FLAGS(mob_proto + i), MOB_NOTDEADYET);
  2021:   }
  2022: 
  2023:   switch (UPPER(letter)) {"
"src\db.c","2250","parse_mobile","case default","DESTRUCTIVE_REVIEW","delete/purge/extract/remove/free operation","    default:
      log(""SYSERR: Format error in (%c): %s"", *line, buf2);
      exit(1);
    }
  }
}

#define Z	zone_table[zone]
/* load the zone table and command tables */
static void load_zones(FILE *fl, char *zonename)
{
  static zone_rnum zone = 0;
  int i, cmd_no, num_of_cmds = 0, line_num = 0, tmp, error;
  char *ptr, buf[READ_SIZE], zname[READ_SIZE], buf2[MAX_STRING_LENGTH];
  int zone_fix = FALSE;
  char t1[80], t2[80];
  char zbuf1[MAX_STRING_LENGTH], zbuf2[MAX_STRING_LENGTH];
  char zbuf3[MAX_STRING_LENGTH], zbuf4[MAX_STRING_LENGTH];

  strlcpy(zname, zonename, sizeof(zname));

  /* Skip first 3 lines lest we mistake the zone name for a command. */
  for (tmp = 0; tmp < 3; tmp++)
    get_line(fl, buf);

  /* More accurate count. Previous was always 4 or 5 too high. -gg Note that if
   * a new zone command is added to reset_zone(), this string will need to be
   * updated to suit. - ae. */
  while (get_line(fl, buf))
    if ((strchr(""MOPGERDTV"", buf[0]) && buf[1] == ' ') || (buf[0] == 'S' && buf[1] == '\0'))
      num_of_cmds++;

  rewind(fl);

  if (num_of_cmds == 0) {
    log(""SYSERR: %s is empty!"", zname);
    exit(1);
  } else
    CREATE(Z.cmd, struct reset_com, num_of_cmds);

  line_num += get_line(fl, buf);

  if (sscanf(buf, ""#%hd"", &Z.number) != 1) {
    log(""SYSERR: Format error in %s, line %d"", zname, line_num);
    exit(1);
  }
  snprintf(buf2, sizeof(buf2), ""beginning of zone #%d"", Z.number);

  line_num += get_line(fl, buf);
  if ((ptr = strchr(buf, '~')) != NULL) /* take off the '~' if it's there */
    *ptr = '\0';
  Z.builders = strdup(buf);

  line_num += get_line(fl, buf);
  if ((ptr = strchr(buf, '~')) != NULL)	/* take off the '~' if it's there */
    *ptr = '\0';
  Z.name = strdup(buf);
  parse_at(Z.name);

  /* Clear all the zone flags */
  for (i=0; i<ZN_ARRAY_MAX; i++)
    Z.zone_flags[i] = 0;

  line_num += get_line(fl, buf);
  /* Look for 10 items first (new tbaMUD), if not found, try 4 (old tbaMUD) */
  if  (sscanf(buf, "" %hd %hd %d %d %s %s %s %s %d %d"", &Z.bot, &Z.top, &Z.lifespan,
      &Z.reset_mode, zbuf1, zbuf2, zbuf3, zbuf4, &Z.min_level, &Z.max_level) != 10)
  {
    if (sscanf(buf, "" %hd %hd %d %d "", &Z.bot, &Z.top, &Z.lifespan, &Z.reset_mode) != 4) {
      /* This may be due to the fact that the zone has no builder.  So, we just
       * attempt to fix this by copying the previous 2 last reads into this
       * variable and the last one. */
      log(""SYSERR: Format error in numeric constant line of %s, attempting to fix."", zname);
      if (sscanf(Z.name, "" %hd %hd %d %d "", &Z.bot, &Z.top, &Z.lifespan, &Z.reset_mode) != 4) {
        log(""SYSERR: Could not fix previous error, aborting game."");
        exit(1);
      } else {
        free(Z.name);
        Z.name = strdup(Z.builders);
        free(Z.builders);
        Z.builders = strdup(""None."");
        zone_fix = TRUE;
      }
    }
    /* We only found 4 values, so set 'defaults' for the ones not found */
    Z.min_level = -1;
    Z.max_level = -1;
  }
  else
  {
    /* We found 10 values, so deal with the strings */
    Z.zone_flags[0] = asciiflag_conv(zbuf1);
    Z.zone_flags[1] = asciiflag_conv(zbuf2);
    Z.zone_flags[2] = asciiflag_conv(zbuf3);
    Z.zone_flags[3] = asciiflag_conv(zbuf4);
  }
  if (Z.bot > Z.top) {
    log(""SYSERR: Zone %d bottom (%d) > top (%d)."", Z.number, Z.bot, Z.top);
    exit(1);
  }
"
"src\db.c","2327","load_zones","line","DESTRUCTIVE_REVIEW","delete/purge/extract/remove/free operation","  2325:         exit(1);
  2326:       } else {
  2327:         free(Z.name);
  2328:         Z.name = strdup(Z.builders);
  2329:         free(Z.builders);
  2330:         Z.builders = strdup(""None."");"
"src\db.c","2329","load_zones","line","DESTRUCTIVE_REVIEW","delete/purge/extract/remove/free operation","  2327:         free(Z.name);
  2328:         Z.name = strdup(Z.builders);
  2329:         free(Z.builders);
  2330:         Z.builders = strdup(""None."");
  2331:         zone_fix = TRUE;
  2332:       }"
"src\db.c","2426","free_help","line","DESTRUCTIVE_REVIEW","delete/purge/extract/remove/free operation","  2424: {
  2425:   if (hentry->keywords)
  2426:     free(hentry->keywords);
  2427:   if (hentry->entry && !hentry->duplicate)
  2428:     free(hentry->entry);
  2429: "
"src\db.c","2428","free_help","line","DESTRUCTIVE_REVIEW","delete/purge/extract/remove/free operation","  2426:     free(hentry->keywords);
  2427:   if (hentry->entry && !hentry->duplicate)
  2428:     free(hentry->entry);
  2429: 
  2430:   free(hentry);
  2431: }"
"src\db.c","2430","free_help","line","DESTRUCTIVE_REVIEW","delete/purge/extract/remove/free operation","  2428:     free(hentry->entry);
  2429: 
  2430:   free(hentry);
  2431: }
  2432: 
  2433: void free_help_table(void)"
"src\db.c","2439","free_help_table","line","DESTRUCTIVE_REVIEW","delete/purge/extract/remove/free operation","  2437:     for (hp = 0; hp < top_of_helpt; hp++) {
  2438:       if (help_table[hp].keywords)
  2439:         free(help_table[hp].keywords);
  2440:       if (help_table[hp].entry && !help_table[hp].duplicate)
  2441:         free(help_table[hp].entry);
  2442:     }"
"src\db.c","2441","free_help_table","line","DESTRUCTIVE_REVIEW","delete/purge/extract/remove/free operation","  2439:         free(help_table[hp].keywords);
  2440:       if (help_table[hp].entry && !help_table[hp].duplicate)
  2441:         free(help_table[hp].entry);
  2442:     }
  2443:     free(help_table);
  2444:     help_table = NULL;"
"src\db.c","2443","free_help_table","line","DESTRUCTIVE_REVIEW","delete/purge/extract/remove/free operation","  2441:         free(help_table[hp].entry);
  2442:     }
  2443:     free(help_table);
  2444:     help_table = NULL;
  2445:   }
  2446:   help_table_allocated = 0;"
"src\db.c","2890","zone_update","line","DESTRUCTIVE_REVIEW","delete/purge/extract/remove/free operation","  2888:       }
  2889: 
  2890:       free(update_u);
  2891:       break;
  2892:     }
  2893: }"
"src\db.c","3026","reset_zone","case 'R'","DESTRUCTIVE_REVIEW","delete/purge/extract/remove/free operation","    case 'R': /* rem obj from room */
      if ((obj = get_obj_in_list_num(ZCMD.arg2, world[ZCMD.arg1].contents)) != NULL)
        extract_obj(obj);
      last_cmd = 1;
      tmob = NULL;
      tobj = NULL;
      break;"
"src\db.c","3028","reset_zone","line","DESTRUCTIVE_REVIEW","delete/purge/extract/remove/free operation","  3026:     case 'R': /* rem obj from room */
  3027:       if ((obj = get_obj_in_list_num(ZCMD.arg2, world[ZCMD.arg1].contents)) != NULL)
  3028:         extract_obj(obj);
  3029:       last_cmd = 1;
  3030:       tmob = NULL;
  3031:       tobj = NULL;"
"src\db.c","3044","reset_zone","case 0","DESTRUCTIVE_REVIEW","delete/purge/extract/remove/free operation","	case 0:
	  REMOVE_BIT(world[ZCMD.arg1].dir_option[ZCMD.arg2]->exit_info,
		     EX_LOCKED);
	  REMOVE_BIT(world[ZCMD.arg1].dir_option[ZCMD.arg2]->exit_info,
		     EX_CLOSED);
	  break;"
"src\db.c","3045","reset_zone","line","DESTRUCTIVE_REVIEW","delete/purge/extract/remove/free operation","  3043: 	switch (ZCMD.arg3) {
  3044: 	case 0:
  3045: 	  REMOVE_BIT(world[ZCMD.arg1].dir_option[ZCMD.arg2]->exit_info,
  3046: 		     EX_LOCKED);
  3047: 	  REMOVE_BIT(world[ZCMD.arg1].dir_option[ZCMD.arg2]->exit_info,
  3048: 		     EX_CLOSED);"
"src\db.c","3047","reset_zone","line","DESTRUCTIVE_REVIEW","delete/purge/extract/remove/free operation","  3045: 	  REMOVE_BIT(world[ZCMD.arg1].dir_option[ZCMD.arg2]->exit_info,
  3046: 		     EX_LOCKED);
  3047: 	  REMOVE_BIT(world[ZCMD.arg1].dir_option[ZCMD.arg2]->exit_info,
  3048: 		     EX_CLOSED);
  3049: 	  break;
  3050: 	case 1:"
"src\db.c","3050","reset_zone","case 1","DESTRUCTIVE_REVIEW","delete/purge/extract/remove/free operation | OLC/object/flag mutation","	case 1:
	  SET_BIT(world[ZCMD.arg1].dir_option[ZCMD.arg2]->exit_info,
		  EX_CLOSED);
	  REMOVE_BIT(world[ZCMD.arg1].dir_option[ZCMD.arg2]->exit_info,
		     EX_LOCKED);
	  break;"
"src\db.c","3053","reset_zone","line","DESTRUCTIVE_REVIEW","delete/purge/extract/remove/free operation","  3051: 	  SET_BIT(world[ZCMD.arg1].dir_option[ZCMD.arg2]->exit_info,
  3052: 		  EX_CLOSED);
  3053: 	  REMOVE_BIT(world[ZCMD.arg1].dir_option[ZCMD.arg2]->exit_info,
  3054: 		     EX_LOCKED);
  3055: 	  break;
  3056: 	case 2:"
"src\db.c","3528","free_followers","line","DESTRUCTIVE_REVIEW","delete/purge/extract/remove/free operation","  3526: 
  3527:   k->follower = NULL;
  3528:   free(k);
  3529: }
  3530: 
  3531: /* release memory allocated for a char struct */"
"src\db.c","3546","free_char","line","DESTRUCTIVE_REVIEW","delete/purge/extract/remove/free operation","  3544:     }
  3545:     if (ch->player_specials->poofin)
  3546:       free(ch->player_specials->poofin);
  3547:     if (ch->player_specials->poofout)
  3548:       free(ch->player_specials->poofout);
  3549:     if (ch->player_specials->saved.completed_quests)"
"src\db.c","3548","free_char","line","DESTRUCTIVE_REVIEW","delete/purge/extract/remove/free operation","  3546:       free(ch->player_specials->poofin);
  3547:     if (ch->player_specials->poofout)
  3548:       free(ch->player_specials->poofout);
  3549:     if (ch->player_specials->saved.completed_quests)
  3550:       free(ch->player_specials->saved.completed_quests);
  3551:     if (GET_HOST(ch))"
"src\db.c","3550","free_char","line","DESTRUCTIVE_REVIEW","delete/purge/extract/remove/free operation","  3548:       free(ch->player_specials->poofout);
  3549:     if (ch->player_specials->saved.completed_quests)
  3550:       free(ch->player_specials->saved.completed_quests);
  3551:     if (GET_HOST(ch))
  3552:       free(GET_HOST(ch));
  3553:     if (IS_NPC(ch))"
"src\db.c","3552","free_char","line","DESTRUCTIVE_REVIEW","delete/purge/extract/remove/free operation","  3550:       free(ch->player_specials->saved.completed_quests);
  3551:     if (GET_HOST(ch))
  3552:       free(GET_HOST(ch));
  3553:     if (IS_NPC(ch))
  3554:       log(""SYSERR: Mob %s (#%d) had player_specials allocated!"", GET_NAME(ch), GET_MOB_VNUM(ch));
  3555:   }"
"src\db.c","3559","free_char","line","DESTRUCTIVE_REVIEW","delete/purge/extract/remove/free operation","  3557:     /* if this is a player, or a non-prototyped non-player, free all */
  3558:     if (GET_NAME(ch))
  3559:       free(GET_NAME(ch));
  3560:     if (ch->player.title)
  3561:       free(ch->player.title);
  3562:     if (ch->player.short_descr)"
"src\db.c","3561","free_char","line","DESTRUCTIVE_REVIEW","delete/purge/extract/remove/free operation","  3559:       free(GET_NAME(ch));
  3560:     if (ch->player.title)
  3561:       free(ch->player.title);
  3562:     if (ch->player.short_descr)
  3563:       free(ch->player.short_descr);
  3564:     if (ch->player.long_descr)"
"src\db.c","3563","free_char","line","DESTRUCTIVE_REVIEW","delete/purge/extract/remove/free operation","  3561:       free(ch->player.title);
  3562:     if (ch->player.short_descr)
  3563:       free(ch->player.short_descr);
  3564:     if (ch->player.long_descr)
  3565:       free(ch->player.long_descr);
  3566:     if (ch->player.description)"
"src\db.c","3565","free_char","line","DESTRUCTIVE_REVIEW","delete/purge/extract/remove/free operation","  3563:       free(ch->player.short_descr);
  3564:     if (ch->player.long_descr)
  3565:       free(ch->player.long_descr);
  3566:     if (ch->player.description)
  3567:       free(ch->player.description);
  3568:     for (i = 0; i < NUM_HIST; i++)"
"src\db.c","3567","free_char","line","DESTRUCTIVE_REVIEW","delete/purge/extract/remove/free operation","  3565:       free(ch->player.long_descr);
  3566:     if (ch->player.description)
  3567:       free(ch->player.description);
  3568:     for (i = 0; i < NUM_HIST; i++)
  3569:       if (GET_HISTORY(ch, i))
  3570:         free_history(ch, i);"
"src\db.c","3573","free_char","line","DESTRUCTIVE_REVIEW","delete/purge/extract/remove/free operation","  3571: 
  3572:     if (ch->player_specials)
  3573:       free(ch->player_specials);
  3574: 
  3575:     /* free script proto list */
  3576:     free_proto_script(ch, MOB_TRIGGER);"
"src\db.c","3581","free_char","line","DESTRUCTIVE_REVIEW","delete/purge/extract/remove/free operation","  3579:     /* otherwise, free strings only if the string is not pointing at proto */
  3580:     if (ch->player.name && ch->player.name != mob_proto[i].player.name)
  3581:       free(ch->player.name);
  3582:     if (ch->player.title && ch->player.title != mob_proto[i].player.title)
  3583:       free(ch->player.title);
  3584:     if (ch->player.short_descr && ch->player.short_descr != mob_proto[i].player.short_descr)"
"src\db.c","3583","free_char","line","DESTRUCTIVE_REVIEW","delete/purge/extract/remove/free operation","  3581:       free(ch->player.name);
  3582:     if (ch->player.title && ch->player.title != mob_proto[i].player.title)
  3583:       free(ch->player.title);
  3584:     if (ch->player.short_descr && ch->player.short_descr != mob_proto[i].player.short_descr)
  3585:       free(ch->player.short_descr);
  3586:     if (ch->player.long_descr && ch->player.long_descr != mob_proto[i].player.long_descr)"
"src\db.c","3585","free_char","line","DESTRUCTIVE_REVIEW","delete/purge/extract/remove/free operation","  3583:       free(ch->player.title);
  3584:     if (ch->player.short_descr && ch->player.short_descr != mob_proto[i].player.short_descr)
  3585:       free(ch->player.short_descr);
  3586:     if (ch->player.long_descr && ch->player.long_descr != mob_proto[i].player.long_descr)
  3587:       free(ch->player.long_descr);
  3588:     if (ch->player.description && ch->player.description != mob_proto[i].player.description)"
"src\db.c","3587","free_char","line","DESTRUCTIVE_REVIEW","delete/purge/extract/remove/free operation","  3585:       free(ch->player.short_descr);
  3586:     if (ch->player.long_descr && ch->player.long_descr != mob_proto[i].player.long_descr)
  3587:       free(ch->player.long_descr);
  3588:     if (ch->player.description && ch->player.description != mob_proto[i].player.description)
  3589:       free(ch->player.description);
  3590:     /* free script proto list if it's not the prototype */"
"src\db.c","3589","free_char","line","DESTRUCTIVE_REVIEW","delete/purge/extract/remove/free operation","  3587:       free(ch->player.long_descr);
  3588:     if (ch->player.description && ch->player.description != mob_proto[i].player.description)
  3589:       free(ch->player.description);
  3590:     /* free script proto list if it's not the prototype */
  3591:     if (ch->proto_script && ch->proto_script != mob_proto[i].proto_script)
  3592:       free_proto_script(ch, MOB_TRIGGER);"
"src\db.c","3600","free_char","line","DESTRUCTIVE_REVIEW","delete/purge/extract/remove/free operation","  3598:   /* free any assigned scripts */
  3599:   if (SCRIPT(ch))
  3600:     extract_script(ch, MOB_TRIGGER);
  3601: 
  3602:     /* Mud Events */
  3603:   if (ch->events != NULL) {"
"src\db.c","3626","free_char","line","DESTRUCTIVE_REVIEW","delete/purge/extract/remove/free operation","  3624:   }
  3625: 
  3626:   free(ch);
  3627: }
  3628: 
  3629: /* release memory allocated for an obj struct */"
"src\db.c","3644","free_obj","line","DESTRUCTIVE_REVIEW","delete/purge/extract/remove/free operation","  3642:   /* free any assigned scripts */
  3643:   if (SCRIPT(obj))
  3644:     extract_script(obj, OBJ_TRIGGER);
  3645: 
  3646:   /* find_obj helper (0 is not-yet-added to the table) */
  3647:   if (obj->script_id != 0) {"
"src\db.c","3651","free_obj","line","DESTRUCTIVE_REVIEW","delete/purge/extract/remove/free operation","  3649:   }
  3650: 
  3651:   free(obj);
  3652: }
  3653: 
  3654: /* Steps: 1: Read contents of a text file. 2: Make sure no one is using the"
"src\db.c","3656","free_obj","line","DESTRUCTIVE_REVIEW","delete/purge/extract/remove/free operation","  3654: /* Steps: 1: Read contents of a text file. 2: Make sure no one is using the
  3655:  * pointer in paging. 3: Allocate space. 4: Point 'buf' to it.
  3656:  * We don't want to free() the string that someone may be viewing in the pager.
  3657:  * page_string() keeps the internal strdup()'d copy on ->showstr_head and it
  3658:  * won't care if we delete the original.  Otherwise, strings are kept on
  3659:  * ->showstr_vector but we'll only match if the pointer is to the string we're"
"src\db.c","3673","file_to_string_alloc","line","DESTRUCTIVE_REVIEW","delete/purge/extract/remove/free operation","  3671:       return (-1);
  3672: 
  3673:   /* Lets not free() what used to be there unless we succeeded. */
  3674:   if (file_to_string(name, temp) < 0)
  3675:     return (-1);
  3676: "
"src\db.c","3688","file_to_string_alloc","line","DESTRUCTIVE_REVIEW","delete/purge/extract/remove/free operation","  3686: 
  3687:   if (*buf)
  3688:     free(*buf);
  3689:   
  3690:   parse_at(temp);   
  3691:     "
"src\db.c","3786","clear_char","line","DESTRUCTIVE_REVIEW","data cleared/reset on code path","  3784:   ch->points.heal_crit_mult = 0;
  3785: 
  3786:   memset((char *) ch, 0, sizeof(struct char_data));
  3787: 
  3788:   IN_ROOM(ch) = NOWHERE;
  3789:   GET_PFILEPOS(ch) = -1;"
"src\db.c","3807","clear_object","line","DESTRUCTIVE_REVIEW","data cleared/reset on code path","  3805: void clear_object(struct obj_data *obj)
  3806: {
  3807:   memset((char *) obj, 0, sizeof(struct obj_data));
  3808: 
  3809:   obj->item_number = NOTHING;
  3810:   IN_ROOM(obj) = NOWHERE;"
"src\db.c","4288","load_config","case 'd'","DESTRUCTIVE_REVIEW","delete/purge/extract/remove/free operation","      case 'd':
        if (!str_cmp(tag, ""debug_mode""))
          CONFIG_DEBUG_MODE = num;
        else if (!str_cmp(tag, ""display_closed_doors""))
          CONFIG_DISP_CLOSED_DOORS = num;
        else if (!str_cmp(tag, ""diagonal_dirs""))
          CONFIG_DIAGONAL_DIRS = num;
        else if (!str_cmp(tag, ""dts_are_dumps""))
          CONFIG_DTS_ARE_DUMPS = num;
        else if (!str_cmp(tag, ""donation_room_1""))
          if (num == -1)
            CONFIG_DON_ROOM_1 = NOWHERE;
          else
            CONFIG_DON_ROOM_1 = num;
        else if (!str_cmp(tag, ""donation_room_2""))
          if (num == -1)
            CONFIG_DON_ROOM_2 = NOWHERE;
          else
            CONFIG_DON_ROOM_2 = num;
        else if (!str_cmp(tag, ""donation_room_3""))
          if (num == -1)
            CONFIG_DON_ROOM_3 = NOWHERE;
          else
            CONFIG_DON_ROOM_3 = num;
        else if (!str_cmp(tag, ""dflt_dir"")) {
          if (CONFIG_DFLT_DIR)
            free(CONFIG_DFLT_DIR);
          if (*line)
            CONFIG_DFLT_DIR = strdup(line);
          else
            CONFIG_DFLT_DIR = strdup(DFLT_DIR);
        } else if (!str_cmp(tag, ""dflt_ip"")) {
          if (CONFIG_DFLT_IP)
            free(CONFIG_DFLT_IP);
          if (*line)
            CONFIG_DFLT_IP = strdup(line);
          else
            CONFIG_DFLT_IP = NULL;
        } else if (!str_cmp(tag, ""dflt_port""))
          CONFIG_DFLT_PORT = num;
        else if (!str_cmp(tag, ""default_map_size""))
          CONFIG_MAP_SIZE = num;
        else if (!str_cmp(tag, ""default_minimap_size""))
          CONFIG_MINIMAP_SIZE = num;
        break;"
"src\db.c","4314","load_config","line","DESTRUCTIVE_REVIEW","delete/purge/extract/remove/free operation","  4312:         else if (!str_cmp(tag, ""dflt_dir"")) {
  4313:           if (CONFIG_DFLT_DIR)
  4314:             free(CONFIG_DFLT_DIR);
  4315:           if (*line)
  4316:             CONFIG_DFLT_DIR = strdup(line);
  4317:           else"
"src\db.c","4321","load_config","line","DESTRUCTIVE_REVIEW","delete/purge/extract/remove/free operation","  4319:         } else if (!str_cmp(tag, ""dflt_ip"")) {
  4320:           if (CONFIG_DFLT_IP)
  4321:             free(CONFIG_DFLT_IP);
  4322:           if (*line)
  4323:             CONFIG_DFLT_IP = strdup(line);
  4324:           else"
"src\db.c","4341","load_config","case 'h'","DESTRUCTIVE_REVIEW","delete/purge/extract/remove/free operation","      case 'h':
        if (!str_cmp(tag, ""holler_move_cost""))
          CONFIG_HOLLER_MOVE_COST = num;
        else if (!str_cmp(tag, ""huh"")) {
          char tmp[READ_SIZE];
          if (CONFIG_HUH)
            free(CONFIG_HUH);
          snprintf(tmp, sizeof(tmp), ""%s\r\n"", line);
          CONFIG_HUH = strdup(tmp);
        }
        break;"
"src\db.c","4347","load_config","line","DESTRUCTIVE_REVIEW","delete/purge/extract/remove/free operation","  4345:           char tmp[READ_SIZE];
  4346:           if (CONFIG_HUH)
  4347:             free(CONFIG_HUH);
  4348:           snprintf(tmp, sizeof(tmp), ""%s\r\n"", line);
  4349:           CONFIG_HUH = strdup(tmp);
  4350:         }"
"src\db.c","4366","load_config","case 'l'","DESTRUCTIVE_REVIEW","delete/purge/extract/remove/free operation","      case 'l':
        if (!str_cmp(tag, ""level_can_shout""))
          CONFIG_LEVEL_CAN_SHOUT = num;
        else if (!str_cmp(tag, ""load_into_inventory""))
          CONFIG_LOAD_INVENTORY = num;
        else if (!str_cmp(tag, ""logname"")) {
          if (CONFIG_LOGNAME)
            free(CONFIG_LOGNAME);
          if (*line)
            CONFIG_LOGNAME = strdup(line);
          else
            CONFIG_LOGNAME = NULL;
        }
        break;"
"src\db.c","4373","load_config","line","DESTRUCTIVE_REVIEW","delete/purge/extract/remove/free operation","  4371:         else if (!str_cmp(tag, ""logname"")) {
  4372:           if (CONFIG_LOGNAME)
  4373:             free(CONFIG_LOGNAME);
  4374:           if (*line)
  4375:             CONFIG_LOGNAME = strdup(line);
  4376:           else"
"src\db.c","4381","load_config","case 'm'","DESTRUCTIVE_REVIEW","delete/purge/extract/remove/free operation","      case 'm':
        if (!str_cmp(tag, ""max_bad_pws""))
          CONFIG_MAX_BAD_PWS = num;
        else if (!str_cmp(tag, ""max_exp_gain""))
          CONFIG_MAX_EXP_GAIN = num;
        else if (!str_cmp(tag, ""max_exp_loss""))
          CONFIG_MAX_EXP_LOSS = num;
        else if (!str_cmp(tag, ""max_filesize""))
          CONFIG_MAX_FILESIZE = num;
        else if (!str_cmp(tag, ""max_npc_corpse_time""))
          CONFIG_MAX_NPC_CORPSE_TIME = num;
        else if (!str_cmp(tag, ""max_obj_save""))
          CONFIG_MAX_OBJ_SAVE = num;
        else if (!str_cmp(tag, ""max_pc_corpse_time""))
          CONFIG_MAX_PC_CORPSE_TIME = num;
        else if (!str_cmp(tag, ""max_playing""))
          CONFIG_MAX_PLAYING = num;
        else if (!str_cmp(tag, ""menu"")) {
          if (CONFIG_MENU)
            free(CONFIG_MENU);
          strncpy(buf, ""Reading menu in load_config()"", sizeof(buf));
          CONFIG_MENU = fread_string(fl, buf);
          parse_at(CONFIG_MENU);
        } else if (!str_cmp(tag, ""min_rent_cost""))
          CONFIG_MIN_RENT_COST = num;
        else if (!str_cmp(tag, ""min_wizlist_lev""))
          CONFIG_MIN_WIZLIST_LEV = num;
        else if (!str_cmp(tag, ""mortal_start_room""))
          CONFIG_MORTAL_START = num;
        else if (!str_cmp(tag, ""map_option""))
          CONFIG_MAP = num;
        else if (!str_cmp(tag, ""medit_advanced_stats""))
          CONFIG_MEDIT_ADVANCED = num;
        break;"
"src\db.c","4400","load_config","line","DESTRUCTIVE_REVIEW","delete/purge/extract/remove/free operation","  4398:         else if (!str_cmp(tag, ""menu"")) {
  4399:           if (CONFIG_MENU)
  4400:             free(CONFIG_MENU);
  4401:           strncpy(buf, ""Reading menu in load_config()"", sizeof(buf));
  4402:           CONFIG_MENU = fread_string(fl, buf);
  4403:           parse_at(CONFIG_MENU);"
"src\db.c","4416","load_config","case 'n'","DESTRUCTIVE_REVIEW","delete/purge/extract/remove/free operation","      case 'n':
        if (!str_cmp(tag, ""nameserver_is_slow""))
          CONFIG_NS_IS_SLOW = num;
        else if (!str_cmp(tag, ""no_mort_to_immort""))
          CONFIG_NO_MORT_TO_IMMORT = num;
        else if (!str_cmp(tag, ""noperson"")) {
          char tmp[READ_SIZE];
          if (CONFIG_NOPERSON)
            free(CONFIG_NOPERSON);
          snprintf(tmp, sizeof(tmp), ""%s\r\n"", line);
          CONFIG_NOPERSON = strdup(tmp);
        } else if (!str_cmp(tag, ""noeffect"")) {
          char tmp[READ_SIZE];
          if (CONFIG_NOEFFECT)
            free(CONFIG_NOEFFECT);
          snprintf(tmp, sizeof(tmp), ""%s\r\n"", line);
          CONFIG_NOEFFECT = strdup(tmp);
        }
        break;"
"src\db.c","4424","load_config","line","DESTRUCTIVE_REVIEW","delete/purge/extract/remove/free operation","  4422:           char tmp[READ_SIZE];
  4423:           if (CONFIG_NOPERSON)
  4424:             free(CONFIG_NOPERSON);
  4425:           snprintf(tmp, sizeof(tmp), ""%s\r\n"", line);
  4426:           CONFIG_NOPERSON = strdup(tmp);
  4427:         } else if (!str_cmp(tag, ""noeffect"")) {"
"src\db.c","4430","load_config","line","DESTRUCTIVE_REVIEW","delete/purge/extract/remove/free operation","  4428:           char tmp[READ_SIZE];
  4429:           if (CONFIG_NOEFFECT)
  4430:             free(CONFIG_NOEFFECT);
  4431:           snprintf(tmp, sizeof(tmp), ""%s\r\n"", line);
  4432:           CONFIG_NOEFFECT = strdup(tmp);
  4433:         }"
"src\db.c","4436","load_config","case 'o'","DESTRUCTIVE_REVIEW","delete/purge/extract/remove/free operation","      case 'o':
        if (!str_cmp(tag, ""ok"")) {
          char tmp[READ_SIZE];
          if (CONFIG_OK)
            free(CONFIG_OK);
          snprintf(tmp, sizeof(tmp), ""%s\r\n"", line);
          CONFIG_OK = strdup(tmp);
        }
        break;"
"src\db.c","4440","load_config","line","DESTRUCTIVE_REVIEW","delete/purge/extract/remove/free operation","  4438:           char tmp[READ_SIZE];
  4439:           if (CONFIG_OK)
  4440:             free(CONFIG_OK);
  4441:           snprintf(tmp, sizeof(tmp), ""%s\r\n"", line);
  4442:           CONFIG_OK = strdup(tmp);
  4443:         }"
"src\db.c","4460","load_config","case 's'","DESTRUCTIVE_REVIEW","delete/purge/extract/remove/free operation","      case 's':
        if (!str_cmp(tag, ""siteok_everyone""))
          CONFIG_SITEOK_ALL = num;
        else if (!str_cmp(tag, ""script_players""))
          CONFIG_SCRIPT_PLAYERS = num;
        else if (!str_cmp(tag, ""special_in_comm""))
          CONFIG_SPECIAL_IN_COMM = num;
        else if (!str_cmp(tag, ""start_messg"")) {
          strncpy(buf, ""Reading start message in load_config()"", sizeof(buf));
          if (CONFIG_START_MESSG)
            free(CONFIG_START_MESSG);
          CONFIG_START_MESSG = fread_string(fl, buf);
          parse_at(CONFIG_START_MESSG);
        }
        break;"
"src\db.c","4470","load_config","line","DESTRUCTIVE_REVIEW","delete/purge/extract/remove/free operation","  4468:           strncpy(buf, ""Reading start message in load_config()"", sizeof(buf));
  4469:           if (CONFIG_START_MESSG)
  4470:             free(CONFIG_START_MESSG);
  4471:           CONFIG_START_MESSG = fread_string(fl, buf);
  4472:           parse_at(CONFIG_START_MESSG);
  4473:         }"
"src\db.c","4490","load_config","case 'w'","DESTRUCTIVE_REVIEW","delete/purge/extract/remove/free operation","      case 'w':
        if (!str_cmp(tag, ""welc_messg"")) {
          strncpy(buf, ""Reading welcome message in load_config()"", sizeof(buf));
          if (CONFIG_WELC_MESSG)
            free(CONFIG_WELC_MESSG);
          CONFIG_WELC_MESSG = fread_string(fl, buf);
        }
        break;"
"src\db.c","4494","load_config","line","DESTRUCTIVE_REVIEW","delete/purge/extract/remove/free operation","  4492:           strncpy(buf, ""Reading welcome message in load_config()"", sizeof(buf));
  4493:           if (CONFIG_WELC_MESSG)
  4494:             free(CONFIG_WELC_MESSG);
  4495:           CONFIG_WELC_MESSG = fread_string(fl, buf);
  4496:         }
  4497:         break;"
"src\dg_event.c","91","event_cancel","line","DESTRUCTIVE_REVIEW","delete/purge/extract/remove/free operation","    89:       cleanup_event_obj(event);
    90: 
    91:   free(event);
    92: }
    93: 
    94: /* The memory freeing routine tied into the mud event system */"
"src\dg_event.c","103","cleanup_event_obj","line","DESTRUCTIVE_REVIEW","delete/purge/extract/remove/free operation","   101:     free_mud_event(mud_event);
   102:   } else
   103:     free(event->event_obj);
   104: }
   105: 
   106: /** Process any events whose time has come. Should be called from, and at, every"
"src\dg_event.c","133","event_process","line","DESTRUCTIVE_REVIEW","delete/purge/extract/remove/free operation","   131:         free_mud_event((struct mud_event_data *) the_event->event_obj);
   132:       /* It is assumed that the_event will already have freed ->event_obj. */
   133:       free(the_event);
   134:     }
   135:       
   136:   }"
"src\dg_event.c","264","queue_deq","line","DESTRUCTIVE_REVIEW","delete/purge/extract/remove/free operation","   262:     qe->next->prev = qe->prev;
   263: 
   264:   free(qe);
   265: }
   266: 
   267: /** Removes and returns the data of the first element of the priority queue q. "
"src\dg_event.c","336","queue_free","line","DESTRUCTIVE_REVIEW","delete/purge/extract/remove/free operation","   334:           cleanup_event_obj(event);
   335: 
   336:         free(event);
   337:       }
   338:       free(qe);
   339:     }"
"src\dg_event.c","338","queue_free","line","DESTRUCTIVE_REVIEW","delete/purge/extract/remove/free operation","   336:         free(event);
   337:       }
   338:       free(qe);
   339:     }
   340:   }
   341: "
"src\dg_event.c","342","queue_free","line","DESTRUCTIVE_REVIEW","delete/purge/extract/remove/free operation","   340:   }
   341: 
   342:   free(q);
   343: }
   344: "
"src\dg_olc.c","77","","line","DESTRUCTIVE_REVIEW","delete/purge/extract/remove/free operation","    75:     mudlog(BRF, LVL_BUILDER, TRUE,
    76:       ""SYSERR: do_oasis_trigedit: Player already had olc structure."");
    77:     free(d->olc);
    78:   }
    79:   CREATE(d->olc, struct oasis_olc_data, 1);
    80: "
"src\dg_olc.c","84","","line","DESTRUCTIVE_REVIEW","delete/purge/extract/remove/free operation","    82:   if ((OLC_ZNUM(d) = real_zone_by_thing(number)) == NOWHERE) {
    83:     send_to_char(ch, ""Sorry, there is no zone for that number!\r\n"");
    84:     free(d->olc);
    85:     d->olc = NULL;
    86:     return;
    87:   }"
"src\dg_olc.c","93","","line","DESTRUCTIVE_REVIEW","delete/purge/extract/remove/free operation","    91:     send_cannot_edit(ch, zone_table[OLC_ZNUM(d)].number);
    92:     /* Free the OLC structure. */
    93:     free(d->olc);
    94:     d->olc = NULL;
    95:     return;
    96:   }"
"src\dg_olc.c","330","trigedit_disp_types","line","DESTRUCTIVE_REVIEW","delete/purge/extract/remove/free operation","   328:         // Failed to alloc mem, free old string and return NULL
   329:         if (newstr == NULL) {
   330:             free (oldstr);
   331:             return NULL;
   332:         }
   333:         memcpy (newstr, oldstr, tok - oldstr);"
"src\dg_olc.c","336","trigedit_disp_types","line","DESTRUCTIVE_REVIEW","data cleared/reset on code path","   334:         memcpy (newstr + (tok - oldstr), replacement, strlen (replacement));
   335:         memcpy (newstr + (tok - oldstr) + strlen(replacement), tok + strlen (substr), strlen (oldstr) - strlen (substr) - (tok - oldstr));
   336:         memset (newstr + strlen (oldstr) - strlen(substr) + strlen (replacement) , 0, 1 );
   337: 
   338:         // move back head right after the last replacement
   339:         head = newstr + (tok - oldstr) + strlen( replacement);"
"src\dg_olc.c","340","trigedit_disp_types","line","DESTRUCTIVE_REVIEW","delete/purge/extract/remove/free operation","   338:         // move back head right after the last replacement
   339:         head = newstr + (tok - oldstr) + strlen( replacement);
   340:         free (oldstr);
   341:     }
   342:     
   343:     return newstr;"
"src\dg_olc.c","613","trigedit_parse","case TRIGEDIT_NAME","DESTRUCTIVE_REVIEW","delete/purge/extract/remove/free operation | OLC/object/flag mutation","    case TRIGEDIT_NAME:
      smash_tilde(arg);
      if (OLC_TRIG(d)->name)
        free(OLC_TRIG(d)->name);
      OLC_TRIG(d)->name = strdup((arg && *arg) ? arg : ""undefined"");
      OLC_VAL(d)++;
      break;"
"src\dg_olc.c","616","trigedit_parse","line","DESTRUCTIVE_REVIEW","delete/purge/extract/remove/free operation","   614:       smash_tilde(arg);
   615:       if (OLC_TRIG(d)->name)
   616:         free(OLC_TRIG(d)->name);
   617:       OLC_TRIG(d)->name = strdup((arg && *arg) ? arg : ""undefined"");
   618:       OLC_VAL(d)++;
   619:       break;"
"src\dg_olc.c","717","trigedit_save","line","DESTRUCTIVE_REVIEW","delete/purge/extract/remove/free operation","   715:       next_cmd = cmd->next;
   716:       if (cmd->cmd)
   717:         free(cmd->cmd);
   718:       free(cmd);
   719:     }
   720: "
"src\dg_olc.c","718","trigedit_save","line","DESTRUCTIVE_REVIEW","delete/purge/extract/remove/free operation","   716:       if (cmd->cmd)
   717:         free(cmd->cmd);
   718:       free(cmd);
   719:     }
   720: 
   721: "
"src\dg_olc.c","722","trigedit_save","line","DESTRUCTIVE_REVIEW","delete/purge/extract/remove/free operation","   720: 
   721: 
   722:     free(proto->arglist);
   723:     free(proto->name);
   724: 
   725:     /* Recompile the command list from the new script */"
"src\dg_olc.c","723","trigedit_save","line","DESTRUCTIVE_REVIEW","delete/purge/extract/remove/free operation","   721: 
   722:     free(proto->arglist);
   723:     free(proto->name);
   724: 
   725:     /* Recompile the command list from the new script */
   726:     s = OLC_STORAGE(d);"
"src\dg_olc.c","754","trigedit_save","line","DESTRUCTIVE_REVIEW","delete/purge/extract/remove/free operation","   752:       if (GET_TRIG_RNUM(live_trig) == rnum) {
   753:         if (live_trig->arglist) {
   754:           free(live_trig->arglist);
   755:           live_trig->arglist = NULL;
   756:         }
   757:         if (live_trig->name) {"
"src\dg_olc.c","758","trigedit_save","line","DESTRUCTIVE_REVIEW","delete/purge/extract/remove/free operation","   756:         }
   757:         if (live_trig->name) {
   758:           free(live_trig->name);
   759:           live_trig->name = NULL;
   760:         }
   761: "
"src\dg_olc.c","853","trigedit_save","line","DESTRUCTIVE_REVIEW","delete/purge/extract/remove/free operation","   851:     }
   852: 
   853:     free(trig_index);
   854: 
   855:     trig_index = new_index;
   856:     top_of_trigt++;"
"src\dg_olc.c","1187","dg_script_edit_parse","case 'x'","DESTRUCTIVE_REVIEW","delete/purge/extract/remove/free operation | OLC/object/flag mutation","        case 'x':
          /* This was buggy. First we created a copy of a thing, but maintained
	   * pointers to scripts, then if we altered the scripts, we freed the 
	   * pointers and added new ones to the OLC_THING. If we then choose NOT
	   * to save the changes, the pointers in the original pointed to 
	   * garbage. If we saved changes the pointers were updated correctly.
	   * Solution: Here we just point the working copies to the new 
	   * proto_scripts. We only update the original when choosing to save 
	   * internally, then free the unused memory there. -Welcor
	   * Thanks to Jeremy Stanley and Torgny Bjers for the bug report.
	   * After updating to OasisOLC 2.0.3 I discovered some malfunctions
	   * in this code, so I restructured it a bit. Now things work like 
	   * this: OLC_SCRIPT(d) is assigned a copy of the edited things' 
	   * proto_script. OLC_OBJ(d), etc.. are initalized with proto_script =
	   * NULL; On save, the saved copy is updated with OLC_SCRIPT(d) as new
	   * proto_script (freeing the old one). On quit/nosave, OLC_SCRIPT is 
	   * free()'d, and the prototype not touched. */
          return 0;"
"src\dg_olc.c","1203","dg_script_edit_parse","line","DESTRUCTIVE_REVIEW","delete/purge/extract/remove/free operation","  1201: 	   * NULL; On save, the saved copy is updated with OLC_SCRIPT(d) as new
  1202: 	   * proto_script (freeing the old one). On quit/nosave, OLC_SCRIPT is 
  1203: 	   * free()'d, and the prototype not touched. */
  1204:           return 0;
  1205:         case 'n':
  1206:           for (count = 0, trig = OLC_SCRIPT(d); trig; trig = trig->next) count++;"
"src\dg_olc.c","1415","dg_script_edit_parse","case SCRIPT_DETACH_CONFIRM","DESTRUCTIVE_REVIEW","delete/purge/extract/remove/free operation | OLC/object/flag mutation","    case SCRIPT_DETACH_CONFIRM:
      if (tolower((unsigned char)*arg) == 'y') {
        pos = OLC(d)->script_selected;
        if (pos == 1) {
          trig = OLC_SCRIPT(d);
          if (trig) OLC_SCRIPT(d) = trig->next;
        } else {
          currtrig = OLC_SCRIPT(d);
          while (currtrig && --pos > 1) currtrig = currtrig->next;
          trig = currtrig ? currtrig->next : NULL;
          if (trig) currtrig->next = trig->next;
        }
        if (trig) {
          free(trig);
          OLC_VAL(d)++;
        }
        break;"
"src\dg_olc.c","1428","dg_script_edit_parse","line","DESTRUCTIVE_REVIEW","delete/purge/extract/remove/free operation","  1426:         }
  1427:         if (trig) {
  1428:           free(trig);
  1429:           OLC_VAL(d)++;
  1430:         }
  1431:         break;"
"src\dg_olc.c","1498","format_script","line","DESTRUCTIVE_REVIEW","delete/purge/extract/remove/free operation","  1496:       if (stack_top < 0) {
  1497:         write_to_output(d, ""Unmatched 'end' or 'done' (line %d)!\r\n"", line_num);
  1498:         free(sc);
  1499:         return FALSE;
  1500:       }
  1501:       if (block_stack[stack_top] == 's') {"
"src\dg_olc.c","1514","format_script","line","DESTRUCTIVE_REVIEW","delete/purge/extract/remove/free operation","  1512:       if (stack_top < 0 || block_stack[stack_top] != 'l') {
  1513:         write_to_output(d, ""Unmatched 'else' (line %d)!\r\n"", line_num);
  1514:         free(sc);
  1515:         return FALSE;
  1516:       }
  1517:       indent--; // Reduce indent for else, then increment for next statement"
"src\dg_olc.c","1522","format_script","line","DESTRUCTIVE_REVIEW","delete/purge/extract/remove/free operation","  1520:       if (stack_top < 0 || (block_stack[stack_top] != 's' && block_stack[stack_top] != 'l')) {
  1521:         write_to_output(d, ""Break not in case or loop (line %d)!\r\n"", line_num);
  1522:         free(sc);
  1523:         return FALSE;
  1524:       }
  1525:       indent = case_indent + 1; // Indent break one level deeper than case"
"src\dg_olc.c","1539","format_script","line","DESTRUCTIVE_REVIEW","delete/purge/extract/remove/free operation","  1537:     if (ret < 0 || llen + nlen + len > d->max_str - 1) {
  1538:       write_to_output(d, ""String too long, formatting aborted\r\n"");
  1539:       free(sc);
  1540:       return FALSE;
  1541:     }
  1542:     len = len + nlen + llen;"
"src\dg_olc.c","1555","format_script","line","DESTRUCTIVE_REVIEW","delete/purge/extract/remove/free operation","  1553:     write_to_output(d, ""Unmatched block statements ignored.\r\n"");
  1554: 
  1555:   free(*d->str);
  1556:   *d->str = strdup(nsc);
  1557:   free(sc);
  1558: "
"src\dg_olc.c","1557","format_script","line","DESTRUCTIVE_REVIEW","delete/purge/extract/remove/free operation","  1555:   free(*d->str);
  1556:   *d->str = strdup(nsc);
  1557:   free(sc);
  1558: 
  1559:   return TRUE;
  1560: }"
"src\dg_scripts.c","69","","line","DESTRUCTIVE_REVIEW","delete/purge/extract/remove/free operation","    67: static void process_global(struct script_data *sc, trig_data *trig, char *cmd, long id);
    68: static void process_context(struct script_data *sc, trig_data *trig, char *cmd);
    69: static void extract_value(struct script_data *sc, trig_data *trig, char *cmd);
    70: static void dg_letter_value(struct script_data *sc, trig_data *trig, char *cmd);
    71: static struct cmdlist_element * find_case(struct trig_data *trig, struct cmdlist_element *cl,
    72:           void *go, struct script_data *sc, int type, char *cond);"
"src\dg_scripts.c","718","EVENTFUNC","line","DESTRUCTIVE_REVIEW","delete/purge/extract/remove/free operation","   716:   type = wait_event_obj->type;
   717: 
   718:   free(wait_event_obj);
   719:   GET_TRIG_WAIT(trig) = NULL;
   720: 
   721: #if 1  /* debugging */"
"src\dg_scripts.c","1126","remove_trigger","line","DESTRUCTIVE_REVIEW","delete/purge/extract/remove/free operation","  1124:     if (j) {
  1125:       j->next = i->next;
  1126:       extract_trigger(i);
  1127:     }
  1128: 
  1129:     /* this was the first trigger */"
"src\dg_scripts.c","1132","remove_trigger","line","DESTRUCTIVE_REVIEW","delete/purge/extract/remove/free operation","  1130:     else {
  1131:       TRIGGERS(sc) = i->next;
  1132:       extract_trigger(i);
  1133:     }
  1134: 
  1135:     /* update the script type bitvector */"
"src\dg_scripts.c","1192","remove_trigger","line","DESTRUCTIVE_REVIEW","delete/purge/extract/remove/free operation","  1190:       send_to_char(ch, ""This room does not have any triggers.\r\n"");
  1191:     else if (!str_cmp(arg2, ""all"") || !str_cmp(arg3, ""all"")) {
  1192:       extract_script(room, WLD_TRIGGER);
  1193:       send_to_char(ch, ""All triggers removed from room %d.\r\n"", world[rnum].number);
  1194:     } else {
  1195:       if (*arg3)"
"src\dg_scripts.c","1204","remove_trigger","line","DESTRUCTIVE_REVIEW","delete/purge/extract/remove/free operation","  1202:       
  1203:       if (!TRIGGERS(SCRIPT(room)))
  1204:         extract_script(room, WLD_TRIGGER);
  1205: 
  1206:     } else
  1207:       send_to_char(ch, ""That trigger was not found.\r\n"");"
"src\dg_scripts.c","1278","remove_trigger","line","DESTRUCTIVE_REVIEW","delete/purge/extract/remove/free operation","  1276:       }
  1277:       else if (trigger && !str_cmp(trigger, ""all"")) {
  1278:         extract_script(victim, MOB_TRIGGER);
  1279:         send_to_char(ch, ""All triggers removed from %s.\r\n"", IS_NPC(victim) ? GET_SHORT(victim) : GET_NAME(victim));
  1280:       }
  1281: "
"src\dg_scripts.c","1287","remove_trigger","line","DESTRUCTIVE_REVIEW","delete/purge/extract/remove/free operation","  1285: 
  1286:         if (!TRIGGERS(SCRIPT(victim))) {
  1287:           extract_script(victim, MOB_TRIGGER);
  1288:         }
  1289:       } else
  1290:         send_to_char(ch, ""That trigger was not found.\r\n"");"
"src\dg_scripts.c","1302","remove_trigger","line","DESTRUCTIVE_REVIEW","delete/purge/extract/remove/free operation","  1300:       }
  1301:       else if (trigger && !str_cmp(trigger, ""all"")) {
  1302:         extract_script(object, OBJ_TRIGGER);
  1303:         send_to_char(ch, ""All triggers removed from %s.\r\n"",
  1304:                 object->short_description ? object->short_description :
  1305:                 object->name);"
"src\dg_scripts.c","1313","remove_trigger","line","DESTRUCTIVE_REVIEW","delete/purge/extract/remove/free operation","  1311:           object->name);
  1312:         if (!TRIGGERS(SCRIPT(object))) {
  1313:           extract_script(object, OBJ_TRIGGER);
  1314:         }
  1315:       } else
  1316:         send_to_char(ch, ""That trigger was not found.\r\n"");"
"src\dg_scripts.c","1919","process_set","line","DESTRUCTIVE_REVIEW","delete/purge/extract/remove/free operation","  1917:   if (c && SCRIPT(c)) {
  1918:     if (!strcmp(trignum_s, ""all"")) {
  1919:       extract_script(c, MOB_TRIGGER);
  1920:       return;
  1921:     }
  1922:     if (remove_trigger(SCRIPT(c), trignum_s)) {"
"src\dg_scripts.c","1924","process_set","line","DESTRUCTIVE_REVIEW","delete/purge/extract/remove/free operation","  1922:     if (remove_trigger(SCRIPT(c), trignum_s)) {
  1923:       if (!TRIGGERS(SCRIPT(c))) {
  1924:         extract_script(c, MOB_TRIGGER);
  1925:       }
  1926:     }
  1927:     return;"
"src\dg_scripts.c","1932","process_set","line","DESTRUCTIVE_REVIEW","delete/purge/extract/remove/free operation","  1930:   if (o && SCRIPT(o)) {
  1931:     if (!strcmp(trignum_s, ""all"")) {
  1932:       extract_script(o, OBJ_TRIGGER);
  1933:       return;
  1934:     }
  1935:     if (remove_trigger(SCRIPT(o), trignum_s)) {"
"src\dg_scripts.c","1937","process_set","line","DESTRUCTIVE_REVIEW","delete/purge/extract/remove/free operation","  1935:     if (remove_trigger(SCRIPT(o), trignum_s)) {
  1936:       if (!TRIGGERS(SCRIPT(o))) {
  1937:         extract_script(o, OBJ_TRIGGER);
  1938:       }
  1939:     }
  1940:     return;"
"src\dg_scripts.c","1945","process_set","line","DESTRUCTIVE_REVIEW","delete/purge/extract/remove/free operation","  1943:   if (r && SCRIPT(r)) {
  1944:     if (!strcmp(trignum_s, ""all"")) {
  1945:       extract_script(r, WLD_TRIGGER);
  1946:       return;
  1947:     }
  1948:     if (remove_trigger(SCRIPT(r), trignum_s)) {"
"src\dg_scripts.c","1950","process_set","line","DESTRUCTIVE_REVIEW","delete/purge/extract/remove/free operation","  1948:     if (remove_trigger(SCRIPT(r), trignum_s)) {
  1949:       if (!TRIGGERS(SCRIPT(r))) {
  1950:         extract_script(r, WLD_TRIGGER);
  1951:       }
  1952:     }
  1953:     return;"
"src\dg_scripts.c","2233","process_remote","line","DESTRUCTIVE_REVIEW","delete/purge/extract/remove/free operation","  2231:     for (vd = sc_remote->global_vars; vd; vd = vd_next) {
  2232:       vd_next = vd->next;
  2233:       free(vd->value);
  2234:       free(vd->name);
  2235:       free(vd);
  2236:     }"
"src\dg_scripts.c","2234","process_remote","line","DESTRUCTIVE_REVIEW","delete/purge/extract/remove/free operation","  2232:       vd_next = vd->next;
  2233:       free(vd->value);
  2234:       free(vd->name);
  2235:       free(vd);
  2236:     }
  2237:     sc_remote->global_vars = NULL;"
"src\dg_scripts.c","2235","process_remote","line","DESTRUCTIVE_REVIEW","delete/purge/extract/remove/free operation","  2233:       free(vd->value);
  2234:       free(vd->name);
  2235:       free(vd);
  2236:     }
  2237:     sc_remote->global_vars = NULL;
  2238:     send_to_char(ch, ""All variables deleted from that id.\r\n"");"
"src\dg_scripts.c","2257","process_remote","line","DESTRUCTIVE_REVIEW","delete/purge/extract/remove/free operation","  2255: 
  2256:   /* and free up the space */
  2257:   free(vd->value);
  2258:   free(vd->name);
  2259:   free(vd);
  2260: "
"src\dg_scripts.c","2258","process_remote","line","DESTRUCTIVE_REVIEW","delete/purge/extract/remove/free operation","  2256:   /* and free up the space */
  2257:   free(vd->value);
  2258:   free(vd->name);
  2259:   free(vd);
  2260: 
  2261:   send_to_char(ch, ""Deleted.\r\n"");"
"src\dg_scripts.c","2259","process_remote","line","DESTRUCTIVE_REVIEW","delete/purge/extract/remove/free operation","  2257:   free(vd->value);
  2258:   free(vd->name);
  2259:   free(vd);
  2260: 
  2261:   send_to_char(ch, ""Deleted.\r\n"");
  2262: }"
"src\dg_scripts.c","2345","process_rdelete","line","DESTRUCTIVE_REVIEW","delete/purge/extract/remove/free operation","  2343: 
  2344:   /* and free up the space */
  2345:   free(vd->value);
  2346:   free(vd->name);
  2347:   free(vd);
  2348: }"
"src\dg_scripts.c","2346","process_rdelete","line","DESTRUCTIVE_REVIEW","delete/purge/extract/remove/free operation","  2344:   /* and free up the space */
  2345:   free(vd->value);
  2346:   free(vd->name);
  2347:   free(vd);
  2348: }
  2349: "
"src\dg_scripts.c","2347","process_rdelete","line","DESTRUCTIVE_REVIEW","delete/purge/extract/remove/free operation","  2345:   free(vd->value);
  2346:   free(vd->name);
  2347:   free(vd);
  2348: }
  2349: 
  2350: /* Makes a local variable into a global variable. */"
"src\dg_scripts.c","2398","process_context","line","DESTRUCTIVE_REVIEW","delete/purge/extract/remove/free operation","  2396: }
  2397: 
  2398: static void extract_value(struct script_data *sc, trig_data *trig, char *cmd)
  2399: {
  2400:   char buf[MAX_INPUT_LENGTH], buf2[MAX_INPUT_LENGTH];
  2401:   char *buf3;"
"src\dg_scripts.c","2528","script_driver","line","DESTRUCTIVE_REVIEW","delete/purge/extract/remove/free operation","  2526:     }
  2527: 
  2528:     extract_script(go, type);
  2529: 
  2530:     /* extract_script() works on rooms, but on mobiles and objects, it will be 
  2531:      * called again if the caller is load_mtrigger or load_otrigger if it is "
"src\dg_scripts.c","2530","script_driver","line","DESTRUCTIVE_REVIEW","delete/purge/extract/remove/free operation","  2528:     extract_script(go, type);
  2529: 
  2530:     /* extract_script() works on rooms, but on mobiles and objects, it will be 
  2531:      * called again if the caller is load_mtrigger or load_otrigger if it is 
  2532:      * one of these, we must make sure the script is not just reloaded on the 
  2533:      * next mob. We make the calling code decide how to handle it, so it does"
"src\dg_scripts.c","2635","script_driver","line","DESTRUCTIVE_REVIEW","delete/purge/extract/remove/free operation","  2633: 
  2634:       else if (!strn_cmp(cmd, ""extract "", 8))
  2635:         extract_value(sc, trig, cmd);
  2636: 
  2637:       else if (!strn_cmp(cmd, ""dg_letter "", 10))
  2638:         dg_letter_value(sc, trig, cmd);"
"src\dg_scripts.c","2798","real_trigger","line","DESTRUCTIVE_REVIEW","delete/purge/extract/remove/free operation","  2796:       eval_op(""=="", result, p + 5, buf, go, sc, trig);
  2797:       if (*buf && *buf!='0') {
  2798:         free(buf);
  2799:         return c;
  2800:       }
  2801:       free(buf);"
"src\dg_scripts.c","2801","real_trigger","line","DESTRUCTIVE_REVIEW","delete/purge/extract/remove/free operation","  2799:         return c;
  2800:       }
  2801:       free(buf);
  2802:     } else if (!strn_cmp(""default"", p, 7))
  2803:       return c;
  2804:     else if (!strn_cmp(""done"", p, 3))"
"src\dg_scripts.c","2873","read_saved_vars","line","DESTRUCTIVE_REVIEW","delete/purge/extract/remove/free operation","  2871:       context = atol(context_str);
  2872:       add_var(&(SCRIPT(ch)->global_vars), varname, temp, context);
  2873:       free(p); /* plug memory hole */
  2874:     }
  2875:   } while( !feof(file) );
  2876: "
"src\dg_scripts.c","2950","read_saved_vars_ascii","line","DESTRUCTIVE_REVIEW","delete/purge/extract/remove/free operation","  2948:       context = atol(context_str);
  2949:       add_var(&(SCRIPT(ch)->global_vars), varname, temp, context);
  2950:       free(p); /* plug memory hole */
  2951:     }
  2952:   }
  2953: }"
"src\dg_scripts.c","3089","remove_from_lookup_table","line","DESTRUCTIVE_REVIEW","delete/purge/extract/remove/free operation","  3087:       ;
  3088:     lt->next = flt->next;
  3089:     free(flt);
  3090:     return;
  3091:   }
  3092: "
"src\dg_scripts.h","346","","line","DESTRUCTIVE_REVIEW","delete/purge/extract/remove/free operation","   344: int remove_var(struct trig_var_data **var_list, char *name);
   345: void free_trigger(trig_data *trig);
   346: void extract_trigger(struct trig_data *trig);
   347: void extract_script(void *thing, int type);
   348: void extract_script_mem(struct script_memory *sc);
   349: void free_proto_script(void *thing, int type);"
"src\dg_scripts.h","347","","line","DESTRUCTIVE_REVIEW","delete/purge/extract/remove/free operation","   345: void free_trigger(trig_data *trig);
   346: void extract_trigger(struct trig_data *trig);
   347: void extract_script(void *thing, int type);
   348: void extract_script_mem(struct script_memory *sc);
   349: void free_proto_script(void *thing, int type);
   350: void copy_proto_script(void *source, void *dest, int type);"
"src\dg_scripts.h","348","","line","DESTRUCTIVE_REVIEW","delete/purge/extract/remove/free operation","   346: void extract_trigger(struct trig_data *trig);
   347: void extract_script(void *thing, int type);
   348: void extract_script_mem(struct script_memory *sc);
   349: void free_proto_script(void *thing, int type);
   350: void copy_proto_script(void *source, void *dest, int type);
   351: void delete_variables(const char *charname);"
"src\dg_scripts.h","351","","line","DESTRUCTIVE_REVIEW","delete/purge/extract/remove/free operation","   349: void free_proto_script(void *thing, int type);
   350: void copy_proto_script(void *source, void *dest, int type);
   351: void delete_variables(const char *charname);
   352: void update_wait_events(struct room_data *to, struct room_data *from);
   353: 
   354: /* from dg_comm.c */"
"src\dg_triggers.c","192","greet_memory_mtrigger","line","DESTRUCTIVE_REVIEW","delete/purge/extract/remove/free operation","   190:           prev->next = mem->next;
   191:         }
   192:         if (mem->cmd) free(mem->cmd);
   193:         free(mem);
   194:       }
   195:     }"
"src\dg_triggers.c","193","greet_memory_mtrigger","line","DESTRUCTIVE_REVIEW","delete/purge/extract/remove/free operation","   191:         }
   192:         if (mem->cmd) free(mem->cmd);
   193:         free(mem);
   194:       }
   195:     }
   196:   }"
"src\dg_triggers.c","270","entry_memory_mtrigger","line","DESTRUCTIVE_REVIEW","delete/purge/extract/remove/free operation","   268:             prev->next = mem->next;
   269:           }
   270:           if (mem->cmd) free(mem->cmd);
   271:           free(mem);
   272:         }
   273:       } /* for (mem =..... */"
"src\dg_triggers.c","271","entry_memory_mtrigger","line","DESTRUCTIVE_REVIEW","delete/purge/extract/remove/free operation","   269:           }
   270:           if (mem->cmd) free(mem->cmd);
   271:           free(mem);
   272:         }
   273:       } /* for (mem =..... */
   274:     }"
"src\dg_triggers.c","405","speech_mtrigger","line","DESTRUCTIVE_REVIEW","delete/purge/extract/remove/free operation","   403:           *p = '\0';
   404:           add_var(&GET_TRIG_VARS(t), ""arg"", nstr, 0);
   405:           free(fstr);
   406:         }
   407:         script_driver(&ch, t, MOB_TRIGGER, TRIG_NEW);
   408:         break;"
"src\dg_variables.c","48","add_var","line","DESTRUCTIVE_REVIEW","delete/purge/extract/remove/free operation","    46: 
    47:   if (vd && (!vd->context || vd->context==id)) {
    48:     free(vd->value);
    49:     CREATE(vd->value, char, strlen(value) + 1);
    50:   }
    51: "
"src\dg_variables.c","825","handle_oset","line","DESTRUCTIVE_REVIEW","delete/purge/extract/remove/free operation","   823:                 SET_BIT_AR(PLR_FLAGS(c), PLR_KILLER);
   824:               else if (!str_cmp(""off"", subfield))
   825:                 REMOVE_BIT_AR(PLR_FLAGS(c), PLR_KILLER);
   826:             }
   827:             if (PLR_FLAGGED(c, PLR_KILLER))
   828:               strcpy(str, ""1"");"
"src\dg_variables.c","837","handle_oset","line","DESTRUCTIVE_REVIEW","delete/purge/extract/remove/free operation","   835:                 SET_BIT_AR(PLR_FLAGS(c), PLR_THIEF);
   836:               else if (!str_cmp(""off"", subfield))
   837:                 REMOVE_BIT_AR(PLR_FLAGS(c), PLR_THIEF);
   838:             }
   839:             if (PLR_FLAGGED(c, PLR_THIEF))
   840:               strcpy(str, ""1"");"
"src\dg_variables.c","1075","handle_oset","case 't'","DESTRUCTIVE_REVIEW","delete/purge/extract/remove/free operation","        case 't':
          if (!str_cmp(field, ""thirst"")) {
            if (subfield && *subfield) {
              int addition = atoi(subfield);
              GET_COND(c, THIRST) = MAX(-1, MIN(addition, 24));
            }
            snprintf(str, slen, ""%d"", GET_COND(c, THIRST));
          }
          else if (!str_cmp(field, ""title"")) {
            if (!IS_NPC(c) && subfield && *subfield && valid_dg_target(c, DG_ALLOW_GODS)) {
              if (GET_TITLE(c)) free(GET_TITLE(c));
                GET_TITLE(c) = strdup(subfield);
            }
            snprintf(str, slen, ""%s"", IS_NPC(c) ? """" : GET_TITLE(c));
          }
          break;"
"src\dg_variables.c","1085","handle_oset","line","DESTRUCTIVE_REVIEW","delete/purge/extract/remove/free operation","  1083:           else if (!str_cmp(field, ""title"")) {
  1084:             if (!IS_NPC(c) && subfield && *subfield && valid_dg_target(c, DG_ALLOW_GODS)) {
  1085:               if (GET_TITLE(c)) free(GET_TITLE(c));
  1086:                 GET_TITLE(c) = strdup(subfield);
  1087:             }
  1088:             snprintf(str, slen, ""%s"", IS_NPC(c) ? """" : GET_TITLE(c));"
"src\fight.c","305","remove_follower_link_silently","line","DESTRUCTIVE_REVIEW","delete/purge/extract/remove/free operation","   303:     else
   304:       master->followers = node->next;
   305:     free(node);
   306:     break;
   307:   }
   308: }"
"src\fight.c","333","prepare_shadow_servant_for_removal","line","DESTRUCTIVE_REVIEW","delete/purge/extract/remove/free operation","   331:     if (mob->followers->follower)
   332:       mob->followers->follower->master = NULL;
   333:     free(mob->followers);
   334:     mob->followers = next;
   335:   }
   336: "
"src\fight.c","341","prepare_shadow_servant_for_removal","line","DESTRUCTIVE_REVIEW","delete/purge/extract/remove/free operation","   339:     mob->master = NULL;
   340:   }
   341:   REMOVE_BIT_AR(AFF_FLAGS(mob), AFF_CHARM);
   342: }
   343: 
   344: static int return_extracted_shadow_to_storage(struct char_data *mob)"
"src\fight.c","367","return_extracted_shadow_to_storage","line","DESTRUCTIVE_REVIEW","delete/purge/extract/remove/free operation","   365: 
   366:   prepare_shadow_servant_for_removal(mob);
   367:   extract_char(mob);
   368:   save_char(owner);
   369:   return TRUE;
   370: }"
"src\fight.c","587","appear","line","DESTRUCTIVE_REVIEW","delete/purge/extract/remove/free operation","   585:     affect_from_char(ch, SPELL_INVISIBLE);
   586: 
   587:   REMOVE_BIT_AR(AFF_FLAGS(ch), AFF_INVISIBLE);
   588:   REMOVE_BIT_AR(AFF_FLAGS(ch), AFF_HIDE);
   589: 
   590:   if (GET_LEVEL(ch) < LVL_IMMORT)"
"src\fight.c","588","appear","line","DESTRUCTIVE_REVIEW","delete/purge/extract/remove/free operation","   586: 
   587:   REMOVE_BIT_AR(AFF_FLAGS(ch), AFF_INVISIBLE);
   588:   REMOVE_BIT_AR(AFF_FLAGS(ch), AFF_HIDE);
   589: 
   590:   if (GET_LEVEL(ch) < LVL_IMMORT)
   591:     act(""$n slowly fades into existence."", FALSE, ch, 0, 0, TO_ROOM);"
"src\fight.c","833","make_corpse","line","DESTRUCTIVE_REVIEW","data cleared/reset on code path","   831:   SET_BIT_AR(GET_OBJ_WEAR(corpse), ITEM_WEAR_TAKE);
   832:   SET_BIT_AR(GET_OBJ_EXTRA(corpse), ITEM_NODONATE);
   833:   GET_OBJ_VAL(corpse, 0) = 0;	/* You can't store stuff in a corpse */
   834:   GET_OBJ_VAL(corpse, 1) = 0; /* container flags: corpse is open/non-closeable */
   835:   GET_OBJ_VAL(corpse, 2) = GET_LEVEL(ch); /* source level snapshot for shadow extraction */
   836:   GET_OBJ_VAL(corpse, 3) = 1;	/* corpse identifier */"
"src\fight.c","834","make_corpse","line","DESTRUCTIVE_REVIEW","data cleared/reset on code path","   832:   SET_BIT_AR(GET_OBJ_EXTRA(corpse), ITEM_NODONATE);
   833:   GET_OBJ_VAL(corpse, 0) = 0;	/* You can't store stuff in a corpse */
   834:   GET_OBJ_VAL(corpse, 1) = 0; /* container flags: corpse is open/non-closeable */
   835:   GET_OBJ_VAL(corpse, 2) = GET_LEVEL(ch); /* source level snapshot for shadow extraction */
   836:   GET_OBJ_VAL(corpse, 3) = 1;	/* corpse identifier */
   837:   CORPSE_SOURCE_VNUM(corpse) = IS_NPC(ch) ? GET_MOB_VNUM(ch) : NOBODY; /* source mob vnum for shadow extraction */"
"src\fight.c","1059","raw_kill","line","DESTRUCTIVE_REVIEW","delete/purge/extract/remove/free operation","  1057:      Instead, respawn them at the mortal start room and keep the descriptor playing. */
  1058:   if (IS_NPC(ch)) {
  1059:     extract_char(ch);
  1060:   } else {
  1061:     /* Clear combat state and ensure valid vitals. */
  1062:     GET_HIT(ch) = MAX(1, GET_HIT(ch));"
"src\fight.c","1153","die","line","DESTRUCTIVE_REVIEW","delete/purge/extract/remove/free operation","  1151: 
  1152:   if (!IS_NPC(ch)) {
  1153:     REMOVE_BIT_AR(PLR_FLAGS(ch), PLR_KILLER);
  1154:     REMOVE_BIT_AR(PLR_FLAGS(ch), PLR_THIEF);
  1155:   }
  1156: "
"src\fight.c","1154","die","line","DESTRUCTIVE_REVIEW","delete/purge/extract/remove/free operation","  1152:   if (!IS_NPC(ch)) {
  1153:     REMOVE_BIT_AR(PLR_FLAGS(ch), PLR_KILLER);
  1154:     REMOVE_BIT_AR(PLR_FLAGS(ch), PLR_THIEF);
  1155:   }
  1156: 
  1157:   /*"
"src\fight.c","1645","remove_affects_by_flag","line","DESTRUCTIVE_REVIEW","delete/purge/extract/remove/free operation","  1643: 
  1644:   if (AFF_FLAGGED(ch, aff_flag)) {
  1645:     REMOVE_BIT_AR(AFF_FLAGS(ch), aff_flag);
  1646:     removed = 1;
  1647:   }
  1648: "
"src\fight.c","2633","process_round_effects","line","DESTRUCTIVE_REVIEW","delete/purge/extract/remove/free operation","  2631:         act(""$n flickers and vanishes as the summoning fades."", FALSE, i, 0, 0, TO_ROOM);
  2632:         prepare_shadow_servant_for_removal(i);
  2633:         extract_char(i);
  2634:       }
  2635:     }
  2636:   }"
"src\genmob.c","22","","line","DESTRUCTIVE_REVIEW","delete/purge/extract/remove/free operation","    20: 
    21: /* local functions */
    22: static void extract_mobile_all(mob_vnum vnum);
    23: 
    24: int add_mobile(struct char_data *mob, mob_vnum vnum)
    25: {"
"src\genmob.c","31","add_mobile","line","DESTRUCTIVE_REVIEW","delete/purge/extract/remove/free operation","    29: 
    30:   if ((rnum = real_mobile(vnum)) != NOBODY) {
    31:     /* Copy over the mobile and free() the old strings. */
    32:     copy_mobile(&mob_proto[rnum], mob);
    33: 
    34:     /* Now re-point all existing mobile strings to here. */"
"src\genmob.c","102","copy_mobile","line","DESTRUCTIVE_REVIEW","delete/purge/extract/remove/free operation","   100: }
   101: 
   102: static void extract_mobile_all(mob_vnum vnum)
   103: {
   104:   struct char_data *next, *ch;
   105:   int i;"
"src\genmob.c","112","extract_mobile_all","line","DESTRUCTIVE_REVIEW","delete/purge/extract/remove/free operation","   110: 			if ((i = GET_MOB_RNUM(ch)) != NOBODY) {
   111: 	    if (ch->player.name && ch->player.name != mob_proto[i].player.name)
   112:           free(ch->player.name);
   113: 				ch->player.name = NULL;
   114: 				
   115:         if (ch->player.title && ch->player.title != mob_proto[i].player.title)"
"src\genmob.c","116","extract_mobile_all","line","DESTRUCTIVE_REVIEW","delete/purge/extract/remove/free operation","   114: 				
   115:         if (ch->player.title && ch->player.title != mob_proto[i].player.title)
   116:           free(ch->player.title);
   117: 				ch->player.title = NULL;
   118: 				
   119:         if (ch->player.short_descr && ch->player.short_descr != mob_proto[i].player.short_descr)"
"src\genmob.c","120","extract_mobile_all","line","DESTRUCTIVE_REVIEW","delete/purge/extract/remove/free operation","   118: 				
   119:         if (ch->player.short_descr && ch->player.short_descr != mob_proto[i].player.short_descr)
   120:           free(ch->player.short_descr);
   121: 				ch->player.short_descr = NULL;
   122: 				
   123:         if (ch->player.long_descr && ch->player.long_descr != mob_proto[i].player.long_descr)"
"src\genmob.c","124","extract_mobile_all","line","DESTRUCTIVE_REVIEW","delete/purge/extract/remove/free operation","   122: 				
   123:         if (ch->player.long_descr && ch->player.long_descr != mob_proto[i].player.long_descr)
   124:           free(ch->player.long_descr);
   125: 				ch->player.long_descr = NULL;
   126: 				
   127:         if (ch->player.description && ch->player.description != mob_proto[i].player.description)"
"src\genmob.c","128","extract_mobile_all","line","DESTRUCTIVE_REVIEW","delete/purge/extract/remove/free operation","   126: 				
   127:         if (ch->player.description && ch->player.description != mob_proto[i].player.description)
   128:           free(ch->player.description);
   129: 				ch->player.description = NULL;
   130:     
   131:         /* free script proto list if it's not the prototype */"
"src\genmob.c","136","extract_mobile_all","line","DESTRUCTIVE_REVIEW","delete/purge/extract/remove/free operation","   134: 				ch->proto_script = NULL;
   135: 			}
   136:       extract_char(ch);
   137: 		}
   138:   }
   139: }"
"src\genmob.c","141","extract_mobile_all","line","DESTRUCTIVE_REVIEW","delete/purge/extract/remove/free operation","   139: }
   140: 
   141: int delete_mobile(mob_rnum refpt)
   142: {
   143:   struct char_data *live_mob;
   144:   struct char_data *proto;"
"src\genmob.c","161","delete_mobile","line","DESTRUCTIVE_REVIEW","delete/purge/extract/remove/free operation","   159:   proto = &mob_proto[refpt];
   160:   
   161:   extract_mobile_all(vnum);
   162:   extract_char(proto);
   163: 
   164:   for (counter = refpt; counter < top_of_mobt; counter++) {"
"src\genmob.c","162","delete_mobile","line","DESTRUCTIVE_REVIEW","delete/purge/extract/remove/free operation","   160:   
   161:   extract_mobile_all(vnum);
   162:   extract_char(proto);
   163: 
   164:   for (counter = refpt; counter < top_of_mobt; counter++) {
   165:     mob_index[counter] = mob_index[counter + 1];"
"src\genmob.c","183","delete_mobile","line","DESTRUCTIVE_REVIEW","delete/purge/extract/remove/free operation","   181:       if (ZCMD(zone, cmd_no).command == 'M'){
   182:        if (ZCMD(zone, cmd_no).arg1 == refpt) {
   183:         delete_zone_command(&zone_table[zone], cmd_no);
   184:         } else
   185:           ZCMD(zone, cmd_no).arg1 -= (ZCMD(zone, cmd_no).arg1 > refpt);
   186:         }"
"src\genmob.c","231","free_mobile_strings","line","DESTRUCTIVE_REVIEW","delete/purge/extract/remove/free operation","   229: {
   230:   if (mob->player.name)
   231:     free(mob->player.name);
   232:   if (mob->player.title)
   233:     free(mob->player.title);
   234:   if (mob->player.short_descr)"
"src\genmob.c","233","free_mobile_strings","line","DESTRUCTIVE_REVIEW","delete/purge/extract/remove/free operation","   231:     free(mob->player.name);
   232:   if (mob->player.title)
   233:     free(mob->player.title);
   234:   if (mob->player.short_descr)
   235:     free(mob->player.short_descr);
   236:   if (mob->player.long_descr)"
"src\genmob.c","235","free_mobile_strings","line","DESTRUCTIVE_REVIEW","delete/purge/extract/remove/free operation","   233:     free(mob->player.title);
   234:   if (mob->player.short_descr)
   235:     free(mob->player.short_descr);
   236:   if (mob->player.long_descr)
   237:     free(mob->player.long_descr);
   238:   if (mob->player.description)"
"src\genmob.c","237","free_mobile_strings","line","DESTRUCTIVE_REVIEW","delete/purge/extract/remove/free operation","   235:     free(mob->player.short_descr);
   236:   if (mob->player.long_descr)
   237:     free(mob->player.long_descr);
   238:   if (mob->player.description)
   239:     free(mob->player.description);
   240:   return TRUE;"
"src\genmob.c","239","free_mobile_strings","line","DESTRUCTIVE_REVIEW","delete/purge/extract/remove/free operation","   237:     free(mob->player.long_descr);
   238:   if (mob->player.description)
   239:     free(mob->player.description);
   240:   return TRUE;
   241: }
   242: "
"src\genmob.c","259","free_mobile","line","DESTRUCTIVE_REVIEW","delete/purge/extract/remove/free operation","   257:    } else {	/* Prototyped mobile. */
   258:     if (mob->player.name && mob->player.name != mob_proto[i].player.name)
   259:       free(mob->player.name);
   260:     if (mob->player.title && mob->player.title != mob_proto[i].player.title)
   261:       free(mob->player.title);
   262:     if (mob->player.short_descr && mob->player.short_descr != mob_proto[i].player.short_descr)"
"src\genmob.c","261","free_mobile","line","DESTRUCTIVE_REVIEW","delete/purge/extract/remove/free operation","   259:       free(mob->player.name);
   260:     if (mob->player.title && mob->player.title != mob_proto[i].player.title)
   261:       free(mob->player.title);
   262:     if (mob->player.short_descr && mob->player.short_descr != mob_proto[i].player.short_descr)
   263:       free(mob->player.short_descr);
   264:     if (mob->player.long_descr && mob->player.long_descr != mob_proto[i].player.long_descr)"
"src\genmob.c","263","free_mobile","line","DESTRUCTIVE_REVIEW","delete/purge/extract/remove/free operation","   261:       free(mob->player.title);
   262:     if (mob->player.short_descr && mob->player.short_descr != mob_proto[i].player.short_descr)
   263:       free(mob->player.short_descr);
   264:     if (mob->player.long_descr && mob->player.long_descr != mob_proto[i].player.long_descr)
   265:       free(mob->player.long_descr);
   266:     if (mob->player.description && mob->player.description != mob_proto[i].player.description)"
"src\genmob.c","265","free_mobile","line","DESTRUCTIVE_REVIEW","delete/purge/extract/remove/free operation","   263:       free(mob->player.short_descr);
   264:     if (mob->player.long_descr && mob->player.long_descr != mob_proto[i].player.long_descr)
   265:       free(mob->player.long_descr);
   266:     if (mob->player.description && mob->player.description != mob_proto[i].player.description)
   267:       free(mob->player.description);
   268:     /* free script proto list if it's not the prototype */"
"src\genmob.c","267","free_mobile","line","DESTRUCTIVE_REVIEW","delete/purge/extract/remove/free operation","   265:       free(mob->player.long_descr);
   266:     if (mob->player.description && mob->player.description != mob_proto[i].player.description)
   267:       free(mob->player.description);
   268:     /* free script proto list if it's not the prototype */
   269:     if (mob->proto_script && mob->proto_script != mob_proto[i].proto_script)
   270:       free_proto_script(mob, MOB_TRIGGER);"
"src\genmob.c","277","free_mobile","line","DESTRUCTIVE_REVIEW","delete/purge/extract/remove/free operation","   275:   /* free any assigned scripts */
   276:   if (SCRIPT(mob))
   277:     extract_script(mob, MOB_TRIGGER);
   278: 
   279:   free(mob);
   280:   return TRUE;"
"src\genmob.c","279","free_mobile","line","DESTRUCTIVE_REVIEW","delete/purge/extract/remove/free operation","   277:     extract_script(mob, MOB_TRIGGER);
   278: 
   279:   free(mob);
   280:   return TRUE;
   281: }
   282: "
"src\genmob.c","467","check_mobile_string","line","DESTRUCTIVE_REVIEW","delete/purge/extract/remove/free operation","   465:     mudlog(BRF, LVL_GOD, TRUE, ""%s"", smbuf);
   466:     if (*string)
   467:       free(*string);
   468:     *string = strdup(""An undefined string.\n"");
   469:   }
   470: }"
"src\genmob.h","15","","line","DESTRUCTIVE_REVIEW","delete/purge/extract/remove/free operation","    13: #define _GENMOB_H_
    14: 
    15: int delete_mobile(mob_rnum);
    16: int copy_mobile(struct char_data *to, struct char_data *from);
    17: int add_mobile(struct char_data *, mob_vnum);
    18: int copy_mob_strings(struct char_data *to, struct char_data *from);"
"src\genobj.c","306","free_object_strings","line","DESTRUCTIVE_REVIEW","delete/purge/extract/remove/free operation","   304: {
   305:   if (obj->name)
   306:     free(obj->name);
   307:   if (obj->description)
   308:     free(obj->description);
   309:   if (obj->short_description)"
"src\genobj.c","308","free_object_strings","line","DESTRUCTIVE_REVIEW","delete/purge/extract/remove/free operation","   306:     free(obj->name);
   307:   if (obj->description)
   308:     free(obj->description);
   309:   if (obj->short_description)
   310:     free(obj->short_description);
   311:   if (obj->action_description)"
"src\genobj.c","310","free_object_strings","line","DESTRUCTIVE_REVIEW","delete/purge/extract/remove/free operation","   308:     free(obj->description);
   309:   if (obj->short_description)
   310:     free(obj->short_description);
   311:   if (obj->action_description)
   312:     free(obj->action_description);
   313:   if (obj->ex_description)"
"src\genobj.c","312","free_object_strings","line","DESTRUCTIVE_REVIEW","delete/purge/extract/remove/free operation","   310:     free(obj->short_description);
   311:   if (obj->action_description)
   312:     free(obj->action_description);
   313:   if (obj->ex_description)
   314:     free_ex_descriptions(obj->ex_description);
   315: }"
"src\genobj.c","323","free_object_strings_proto","line","DESTRUCTIVE_REVIEW","delete/purge/extract/remove/free operation","   321: 
   322:   if (obj->name && obj->name != obj_proto[robj_num].name)
   323:     free(obj->name);
   324:   if (obj->description && obj->description != obj_proto[robj_num].description)
   325:     free(obj->description);
   326:   if (obj->short_description && obj->short_description != obj_proto[robj_num].short_description)"
"src\genobj.c","325","free_object_strings_proto","line","DESTRUCTIVE_REVIEW","delete/purge/extract/remove/free operation","   323:     free(obj->name);
   324:   if (obj->description && obj->description != obj_proto[robj_num].description)
   325:     free(obj->description);
   326:   if (obj->short_description && obj->short_description != obj_proto[robj_num].short_description)
   327:     free(obj->short_description);
   328:   if (obj->action_description && obj->action_description != obj_proto[robj_num].action_description)"
"src\genobj.c","327","free_object_strings_proto","line","DESTRUCTIVE_REVIEW","delete/purge/extract/remove/free operation","   325:     free(obj->description);
   326:   if (obj->short_description && obj->short_description != obj_proto[robj_num].short_description)
   327:     free(obj->short_description);
   328:   if (obj->action_description && obj->action_description != obj_proto[robj_num].action_description)
   329:     free(obj->action_description);
   330:   if (obj->ex_description) {"
"src\genobj.c","329","free_object_strings_proto","line","DESTRUCTIVE_REVIEW","delete/purge/extract/remove/free operation","   327:     free(obj->short_description);
   328:   if (obj->action_description && obj->action_description != obj_proto[robj_num].action_description)
   329:     free(obj->action_description);
   330:   if (obj->ex_description) {
   331:     struct extra_descr_data *thised, *plist, *next_one; /* O(horrible) */
   332:     int ok_key, ok_desc, ok_item;"
"src\genobj.c","344","free_object_strings_proto","line","DESTRUCTIVE_REVIEW","delete/purge/extract/remove/free operation","   342:       }
   343:       if (thised->keyword && ok_key)
   344:         free(thised->keyword);
   345:       if (thised->description && ok_desc)
   346:         free(thised->description);
   347:       if (ok_item)"
"src\genobj.c","346","free_object_strings_proto","line","DESTRUCTIVE_REVIEW","delete/purge/extract/remove/free operation","   344:         free(thised->keyword);
   345:       if (thised->description && ok_desc)
   346:         free(thised->description);
   347:       if (ok_item)
   348:         free(thised);
   349:     }"
"src\genobj.c","348","free_object_strings_proto","line","DESTRUCTIVE_REVIEW","delete/purge/extract/remove/free operation","   346:         free(thised->description);
   347:       if (ok_item)
   348:         free(thised);
   349:     }
   350:   }
   351: }"
"src\genobj.c","384","copy_object_main","line","DESTRUCTIVE_REVIEW","delete/purge/extract/remove/free operation","   382: }
   383: 
   384: int delete_object(obj_rnum rnum)
   385: {
   386:   obj_rnum i;
   387:   zone_rnum zrnum;"
"src\genobj.c","406","delete_object","line","DESTRUCTIVE_REVIEW","delete/purge/extract/remove/free operation","   404:       continue;
   405: 
   406:     /* extract_obj() will just axe contents. */
   407:     if (tmp->contains) {
   408:       struct obj_data *this_content, *next_content;
   409:       for (this_content = tmp->contains; this_content; this_content = next_content) {"
"src\genobj.c","427","delete_object","line","DESTRUCTIVE_REVIEW","delete/purge/extract/remove/free operation","   425:     }
   426:     /* Remove from object_list, etc. - handles weightchanges, and similar. */
   427:     extract_obj(tmp);
   428:   }
   429: 
   430:   /* Make sure all are removed. */"
"src\genobj.c","461","delete_object","case 'P'","DESTRUCTIVE_REVIEW","delete/purge/extract/remove/free operation","      case 'P':
        if (ZCMD(zone, cmd_no).arg3 == rnum) {
          delete_zone_command(&zone_table[zone], cmd_no);
        } else
          ZCMD(zone, cmd_no).arg3 -= (ZCMD(zone, cmd_no).arg3 > rnum);
        /* No break here - drop into next case. */"
"src\genobj.c","463","delete_object","line","DESTRUCTIVE_REVIEW","delete/purge/extract/remove/free operation","   461:       case 'P':
   462:         if (ZCMD(zone, cmd_no).arg3 == rnum) {
   463:           delete_zone_command(&zone_table[zone], cmd_no);
   464:         } else
   465:           ZCMD(zone, cmd_no).arg3 -= (ZCMD(zone, cmd_no).arg3 > rnum);
   466:         /* No break here - drop into next case. */"
"src\genobj.c","469","delete_object","case 'E'","DESTRUCTIVE_REVIEW","delete/purge/extract/remove/free operation","      case 'E':
        if (ZCMD(zone, cmd_no).arg1 == rnum) {
          delete_zone_command(&zone_table[zone], cmd_no);
        } else
          ZCMD(zone, cmd_no).arg1 -= (ZCMD(zone, cmd_no).arg1 > rnum);
	break;"
"src\genobj.c","471","delete_object","line","DESTRUCTIVE_REVIEW","delete/purge/extract/remove/free operation","   469:       case 'E':
   470:         if (ZCMD(zone, cmd_no).arg1 == rnum) {
   471:           delete_zone_command(&zone_table[zone], cmd_no);
   472:         } else
   473:           ZCMD(zone, cmd_no).arg1 -= (ZCMD(zone, cmd_no).arg1 > rnum);
   474: 	break;"
"src\genobj.c","475","delete_object","case 'R'","DESTRUCTIVE_REVIEW","delete/purge/extract/remove/free operation","      case 'R':
        if (ZCMD(zone, cmd_no).arg2 == rnum) {
          delete_zone_command(&zone_table[zone], cmd_no);
        } else
          ZCMD(zone, cmd_no).arg2 -= (ZCMD(zone, cmd_no).arg2 > rnum);
	break;"
"src\genobj.c","477","delete_object","line","DESTRUCTIVE_REVIEW","delete/purge/extract/remove/free operation","   475:       case 'R':
   476:         if (ZCMD(zone, cmd_no).arg2 == rnum) {
   477:           delete_zone_command(&zone_table[zone], cmd_no);
   478:         } else
   479:           ZCMD(zone, cmd_no).arg2 -= (ZCMD(zone, cmd_no).arg2 > rnum);
   480: 	break;"
"src\genobj.c","502","oset_alias","line","DESTRUCTIVE_REVIEW","delete/purge/extract/remove/free operation","   500:   
   501:   if (i != NOWHERE && obj->name && obj->name != obj_proto[i].name)
   502:     free(obj->name);  
   503: 		   	   
   504:   obj->name = strdup(argument);  
   505:   "
"src\genobj.c","573","oset_short_description","line","DESTRUCTIVE_REVIEW","delete/purge/extract/remove/free operation","   571:   
   572:   if (i != NOWHERE && obj->short_description && obj->short_description != obj_proto[i].short_description)
   573:     free(obj->short_description);  
   574: 		   	   
   575:   obj->short_description = strdup(argument);  
   576:   "
"src\genobj.c","591","oset_long_description","line","DESTRUCTIVE_REVIEW","delete/purge/extract/remove/free operation","   589:   
   590:   if (i != NOWHERE && obj->description && obj->description != obj_proto[i].description)
   591:     free(obj->description);  
   592: 		   	   
   593:   obj->description = strdup(argument);  
   594:   "
"src\genolc.c","162","free_ex_descriptions","line","DESTRUCTIVE_REVIEW","delete/purge/extract/remove/free operation","   160:     next_one = thised->next;
   161:     if (thised->keyword)
   162:       free(thised->keyword);
   163:     if (thised->description)
   164:       free(thised->description);
   165:     free(thised);"
"src\genolc.c","164","free_ex_descriptions","line","DESTRUCTIVE_REVIEW","delete/purge/extract/remove/free operation","   162:       free(thised->keyword);
   163:     if (thised->description)
   164:       free(thised->description);
   165:     free(thised);
   166:   }
   167: }"
"src\genolc.c","165","free_ex_descriptions","line","DESTRUCTIVE_REVIEW","delete/purge/extract/remove/free operation","   163:     if (thised->description)
   164:       free(thised->description);
   165:     free(thised);
   166:   }
   167: }
   168: "
"src\genolc.c","182","remove_from_save_list","line","DESTRUCTIVE_REVIEW","delete/purge/extract/remove/free operation","   180:   }
   181:   REMOVE_FROM_LIST(ritem, save_list, next);
   182:   free(ritem);
   183:   return TRUE;
   184: }
   185: "
"src\genolc.c","231","free_save_list","line","DESTRUCTIVE_REVIEW","delete/purge/extract/remove/free operation","   229:   for (sld = save_list; sld; sld = next_sld) {
   230:     next_sld = sld->next;
   231:     free(sld);
   232:   }
   233: }
   234: "
"src\genqst.c","63","free_quest_strings","line","DESTRUCTIVE_REVIEW","delete/purge/extract/remove/free operation","    61: {
    62:   if (quest->name)
    63:     free(quest->name);
    64:   if (quest->desc)
    65:     free(quest->desc);
    66:   if (quest->info)"
"src\genqst.c","65","free_quest_strings","line","DESTRUCTIVE_REVIEW","delete/purge/extract/remove/free operation","    63:     free(quest->name);
    64:   if (quest->desc)
    65:     free(quest->desc);
    66:   if (quest->info)
    67:     free(quest->info);
    68:   if (quest->done)"
"src\genqst.c","67","free_quest_strings","line","DESTRUCTIVE_REVIEW","delete/purge/extract/remove/free operation","    65:     free(quest->desc);
    66:   if (quest->info)
    67:     free(quest->info);
    68:   if (quest->done)
    69:     free(quest->done);
    70:   if (quest->quit)"
"src\genqst.c","69","free_quest_strings","line","DESTRUCTIVE_REVIEW","delete/purge/extract/remove/free operation","    67:     free(quest->info);
    68:   if (quest->done)
    69:     free(quest->done);
    70:   if (quest->quit)
    71:     free(quest->quit);
    72: }"
"src\genqst.c","71","free_quest_strings","line","DESTRUCTIVE_REVIEW","delete/purge/extract/remove/free operation","    69:     free(quest->done);
    70:   if (quest->quit)
    71:     free(quest->quit);
    72: }
    73: 
    74: void free_quest(struct aq_data *quest)"
"src\genqst.c","77","free_quest","line","DESTRUCTIVE_REVIEW","delete/purge/extract/remove/free operation","    75: {
    76:   free_quest_strings(quest);
    77:   free(quest);
    78: }
    79: 
    80: /*-------------------------------------------------------------------*/"
"src\genqst.c","129","add_quest","line","DESTRUCTIVE_REVIEW","delete/purge/extract/remove/free operation","   127: /*-------------------------------------------------------------------*/
   128: 
   129: int delete_quest(qst_rnum rnum)
   130: {
   131:   qst_rnum i;
   132:   zone_rnum rznum;"
"src\genqst.c","154","delete_quest","line","DESTRUCTIVE_REVIEW","delete/purge/extract/remove/free operation","   152:     RECREATE(aquest_table, struct aq_data, total_quests);
   153:   else {
   154:     free(aquest_table);
   155:     aquest_table = NULL; 
   156:    }
   157:   if (rznum != NOWHERE)"
"src\genshp.c","69","copy_shop_list","line","DESTRUCTIVE_REVIEW","delete/purge/extract/remove/free operation","    67: 
    68:   if (*tlist)
    69:     free(*tlist);
    70: 
    71:   /* Count number of entries. */
    72:   for (i = 0; flist[i] != NOTHING; i++);"
"src\genshp.c","123","remove_shop_from_type_list","line","DESTRUCTIVE_REVIEW","delete/purge/extract/remove/free operation","   121:     nlist[i] = (i < num) ? (*list)[i] : (*list)[i + 1];
   122: 
   123:   free(BUY_WORD((*list)[num]));
   124:   free(*list);
   125:   *list = nlist;
   126: }"
"src\genshp.c","124","remove_shop_from_type_list","line","DESTRUCTIVE_REVIEW","delete/purge/extract/remove/free operation","   122: 
   123:   free(BUY_WORD((*list)[num]));
   124:   free(*list);
   125:   *list = nlist;
   126: }
   127: "
"src\genshp.c","146","add_shop_to_type_list","line","DESTRUCTIVE_REVIEW","delete/purge/extract/remove/free operation","   144: 
   145:   /* Out with the old, in with the new. */
   146:   free(*list);
   147:   *list = nlist;
   148: }
   149: "
"src\genshp.c","167","add_shop_to_int_list","line","DESTRUCTIVE_REVIEW","delete/purge/extract/remove/free operation","   165: 
   166:   /* Out with the old, in with the new. */
   167:   free(*list);
   168:   *list = nlist;
   169: }
   170: "
"src\genshp.c","191","remove_shop_from_int_list","line","DESTRUCTIVE_REVIEW","delete/purge/extract/remove/free operation","   189:     nlist[i] = (i < num) ? (*list)[i] : (*list)[i + 1];
   190: 
   191:   free(*list);
   192:   *list = nlist;
   193: }
   194: "
"src\genshp.c","199","free_shop_strings","line","DESTRUCTIVE_REVIEW","delete/purge/extract/remove/free operation","   197: {
   198:   if (S_NOITEM1(shop)) {
   199:     free(S_NOITEM1(shop));
   200:     S_NOITEM1(shop) = NULL;
   201:   }
   202:   if (S_NOITEM2(shop)) {"
"src\genshp.c","203","free_shop_strings","line","DESTRUCTIVE_REVIEW","delete/purge/extract/remove/free operation","   201:   }
   202:   if (S_NOITEM2(shop)) {
   203:     free(S_NOITEM2(shop));
   204:     S_NOITEM2(shop) = NULL;
   205:   }
   206:   if (S_NOCASH1(shop)) {"
"src\genshp.c","207","free_shop_strings","line","DESTRUCTIVE_REVIEW","delete/purge/extract/remove/free operation","   205:   }
   206:   if (S_NOCASH1(shop)) {
   207:     free(S_NOCASH1(shop));
   208:     S_NOCASH1(shop) = NULL;
   209:   }
   210:   if (S_NOCASH2(shop)) {"
"src\genshp.c","211","free_shop_strings","line","DESTRUCTIVE_REVIEW","delete/purge/extract/remove/free operation","   209:   }
   210:   if (S_NOCASH2(shop)) {
   211:     free(S_NOCASH2(shop));
   212:     S_NOCASH2(shop) = NULL;
   213:   }
   214:   if (S_NOBUY(shop)) {"
"src\genshp.c","215","free_shop_strings","line","DESTRUCTIVE_REVIEW","delete/purge/extract/remove/free operation","   213:   }
   214:   if (S_NOBUY(shop)) {
   215:     free(S_NOBUY(shop));
   216:     S_NOBUY(shop) = NULL;
   217:   }
   218:   if (S_BUY(shop)) {"
"src\genshp.c","219","free_shop_strings","line","DESTRUCTIVE_REVIEW","delete/purge/extract/remove/free operation","   217:   }
   218:   if (S_BUY(shop)) {
   219:     free(S_BUY(shop));
   220:     S_BUY(shop) = NULL;
   221:   }
   222:   if (S_SELL(shop)) {"
"src\genshp.c","223","free_shop_strings","line","DESTRUCTIVE_REVIEW","delete/purge/extract/remove/free operation","   221:   }
   222:   if (S_SELL(shop)) {
   223:     free(S_SELL(shop));
   224:     S_SELL(shop) = NULL;
   225:   }
   226: }"
"src\genshp.c","235","free_shop_type_list","line","DESTRUCTIVE_REVIEW","delete/purge/extract/remove/free operation","   233:   for (i = 0; (*list)[i].type != NOTHING; i++)
   234:     if (BUY_WORD((*list)[i]))
   235:       free(BUY_WORD((*list)[i]));
   236: 
   237:   free(*list);
   238:   *list = NULL;"
"src\genshp.c","237","free_shop_type_list","line","DESTRUCTIVE_REVIEW","delete/purge/extract/remove/free operation","   235:       free(BUY_WORD((*list)[i]));
   236: 
   237:   free(*list);
   238:   *list = NULL;
   239: }
   240: "
"src\genshp.c","246","free_shop","line","DESTRUCTIVE_REVIEW","delete/purge/extract/remove/free operation","   244:   free_shop_strings(shop);
   245:   free_shop_type_list(&(S_NAMELISTS(shop)));
   246:   free(S_ROOMS(shop));
   247:   free(S_PRODUCTS(shop));
   248:   free(shop);
   249: }"
"src\genshp.c","247","free_shop","line","DESTRUCTIVE_REVIEW","delete/purge/extract/remove/free operation","   245:   free_shop_type_list(&(S_NAMELISTS(shop)));
   246:   free(S_ROOMS(shop));
   247:   free(S_PRODUCTS(shop));
   248:   free(shop);
   249: }
   250: "
"src\genshp.c","248","free_shop","line","DESTRUCTIVE_REVIEW","delete/purge/extract/remove/free operation","   246:   free(S_ROOMS(shop));
   247:   free(S_PRODUCTS(shop));
   248:   free(shop);
   249: }
   250: 
   251: /* Returns the real number of the shop with given virtual number. We take so"
"src\genshp.c","288","modify_shop_string","line","DESTRUCTIVE_REVIEW","delete/purge/extract/remove/free operation","   286: 
   287:   if (*str)
   288:     free(*str);
   289:   *str = strdup(pointer);
   290: }
   291: "
"src\genwld.c","37","add_room","line","DESTRUCTIVE_REVIEW","delete/purge/extract/remove/free operation","    35:   if ((i = real_room(room->number)) != NOWHERE) {
    36:     if (SCRIPT(&world[i]))
    37:       extract_script(&world[i], WLD_TRIGGER);
    38:     tch = world[i].people;
    39:     tobj = world[i].contents;
    40:     copy_room(&world[i], room);"
"src\genwld.c","122","add_room","line","DESTRUCTIVE_REVIEW","delete/purge/extract/remove/free operation","   120: }
   121: 
   122: int delete_room(room_rnum rnum)
   123: {
   124:   room_rnum i;
   125:   int j;"
"src\genwld.c","168","delete_room","line","DESTRUCTIVE_REVIEW","delete/purge/extract/remove/free operation","   166:   free_room_strings(room);
   167:   if (SCRIPT(room))
   168:     extract_script(room, WLD_TRIGGER);
   169:   free_proto_script(room, WLD_TRIGGER);
   170: 
   171:   if (room->events != NULL) {"
"src\genwld.c","197","delete_room","line","DESTRUCTIVE_REVIEW","delete/purge/extract/remove/free operation","   195:           /* no description, remove exit completely */
   196:           if (W_EXIT(i, j)->keyword)
   197:             free(W_EXIT(i, j)->keyword);
   198:           if (W_EXIT(i, j)->general_description)
   199:             free(W_EXIT(i, j)->general_description);
   200:           free(W_EXIT(i, j));"
"src\genwld.c","199","delete_room","line","DESTRUCTIVE_REVIEW","delete/purge/extract/remove/free operation","   197:             free(W_EXIT(i, j)->keyword);
   198:           if (W_EXIT(i, j)->general_description)
   199:             free(W_EXIT(i, j)->general_description);
   200:           free(W_EXIT(i, j));
   201:           W_EXIT(i, j) = NULL;
   202:         } else {"
"src\genwld.c","200","delete_room","line","DESTRUCTIVE_REVIEW","delete/purge/extract/remove/free operation","   198:           if (W_EXIT(i, j)->general_description)
   199:             free(W_EXIT(i, j)->general_description);
   200:           free(W_EXIT(i, j));
   201:           W_EXIT(i, j) = NULL;
   202:         } else {
   203:           /* description is set, just point to nowhere */"
"src\genwld.c","451","free_room_strings","line","DESTRUCTIVE_REVIEW","delete/purge/extract/remove/free operation","   449:   /* Free descriptions. */
   450:   if (room->name)
   451:     free(room->name);
   452:   if (room->description)
   453:     free(room->description);
   454:   if (room->ex_description)"
"src\genwld.c","453","free_room_strings","line","DESTRUCTIVE_REVIEW","delete/purge/extract/remove/free operation","   451:     free(room->name);
   452:   if (room->description)
   453:     free(room->description);
   454:   if (room->ex_description)
   455:     free_ex_descriptions(room->ex_description);
   456: "
"src\genwld.c","461","free_room_strings","line","DESTRUCTIVE_REVIEW","delete/purge/extract/remove/free operation","   459:     if (room->dir_option[i]) {
   460:       if (room->dir_option[i]->general_description)
   461:         free(room->dir_option[i]->general_description);
   462: 
   463:       if (room->dir_option[i]->keyword)
   464:         free(room->dir_option[i]->keyword);"
"src\genwld.c","464","free_room_strings","line","DESTRUCTIVE_REVIEW","delete/purge/extract/remove/free operation","   462: 
   463:       if (room->dir_option[i]->keyword)
   464:         free(room->dir_option[i]->keyword);
   465: 
   466:       free(room->dir_option[i]);
   467:       room->dir_option[i] = NULL;"
"src\genwld.c","466","free_room_strings","line","DESTRUCTIVE_REVIEW","delete/purge/extract/remove/free operation","   464:         free(room->dir_option[i]->keyword);
   465: 
   466:       free(room->dir_option[i]);
   467:       room->dir_option[i] = NULL;
   468:     }
   469:   }"
"src\genzon.c","526","add_cmd_to_list","line","DESTRUCTIVE_REVIEW","delete/purge/extract/remove/free operation","   524:   /* Add terminator, then insert new list. */
   525:   newlist[count + 1].command = 'S';
   526:   free(*list);
   527:   *list = newlist;
   528: }
   529: "
"src\genzon.c","552","remove_cmd_from_list","line","DESTRUCTIVE_REVIEW","delete/purge/extract/remove/free operation","   550:   /* Add the terminator, then insert the new list. */
   551:   newlist[count - 1].command = 'S';
   552:   free(*list);
   553:   *list = newlist;
   554: }
   555: "
"src\genzon.c","576","new_command","line","DESTRUCTIVE_REVIEW","delete/purge/extract/remove/free operation","   574: 
   575: /* Error check user input and then remove command. */
   576: void delete_zone_command(struct zone_data *zone, int pos)
   577: {
   578:   int subcmd = 0;
   579: "
"src\handler.c","102","isname","line","DESTRUCTIVE_REVIEW","delete/purge/extract/remove/free operation","   100:       if (isdigit(*str) && (atoi(str) != atoi(curtok)))
   101:         return 0;
   102:       free(newlist);
   103:       return 1;
   104:     }
   105:   free(newlist);"
"src\handler.c","105","isname","line","DESTRUCTIVE_REVIEW","delete/purge/extract/remove/free operation","   103:       return 1;
   104:     }
   105:   free(newlist);
   106:   return 0;
   107: }
   108: "
"src\handler.c","245","affect_modify_ar","line","DESTRUCTIVE_REVIEW","delete/purge/extract/remove/free operation","   243:       for(j = 0; j < 32; j++)
   244:         if(IS_SET_AR(bitv, (i*32)+j))
   245:           REMOVE_BIT_AR(AFF_FLAGS(ch), (i*32)+j);
   246:     /* Resource maxima are rebuilt from persistent bases by affect_total().
   247:      * Do not subtract a modifier from a freshly restored base. */
   248:     if (loc == APPLY_MANA || loc == APPLY_HIT || loc == APPLY_MOVE)"
"src\handler.c","404","affect_remove","line","DESTRUCTIVE_REVIEW","delete/purge/extract/remove/free operation","   402:   affect_modify_ar(ch, af->location, af->modifier, af->bitvector, FALSE);
   403:   REMOVE_FROM_LIST(af, ch->affected, next);
   404:   free(af);
   405:   affect_total(ch);
   406: }
   407: "
"src\handler.c","910","object_list_new_owner","line","DESTRUCTIVE_REVIEW","delete/purge/extract/remove/free operation","   908: 
   909: /* Extract an object from the world */
   910: void extract_obj(struct obj_data *obj)
   911: {
   912:   struct char_data *ch, *next = NULL;
   913:   struct obj_data *temp;"
"src\handler.c","938","extract_obj","line","DESTRUCTIVE_REVIEW","delete/purge/extract/remove/free operation","   936:   /* Get rid of the contents of the object, as well. */
   937:   while (obj->contains)
   938:     extract_obj(obj->contains);
   939: 
   940:   REMOVE_FROM_LIST(obj, object_list, next);
   941: "
"src\handler.c","946","extract_obj","line","DESTRUCTIVE_REVIEW","delete/purge/extract/remove/free operation","   944: 
   945:   if (SCRIPT(obj))
   946:     extract_script(obj, OBJ_TRIGGER);
   947: 
   948:   if (obj->events != NULL) {
   949: 	  if (obj->events->iSize > 0) {"
"src\handler.c","1003","update_char_objects","line","DESTRUCTIVE_REVIEW","delete/purge/extract/remove/free operation","  1001: 
  1002: /* Extract a ch completely from the world, and leave his stuff behind */
  1003: void extract_char_final(struct char_data *ch)
  1004: {
  1005:   struct char_data *k, *temp;
  1006:   struct descriptor_data *d;"
"src\handler.c","1102","extract_char_final","line","DESTRUCTIVE_REVIEW","delete/purge/extract/remove/free operation","  1100: 
  1101:     if (SCRIPT(ch))
  1102:       extract_script(ch, MOB_TRIGGER);
  1103: 
  1104:     if (SCRIPT_MEM(ch))
  1105:       extract_script_mem(SCRIPT_MEM(ch));"
"src\handler.c","1105","extract_char_final","line","DESTRUCTIVE_REVIEW","delete/purge/extract/remove/free operation","  1103: 
  1104:     if (SCRIPT_MEM(ch))
  1105:       extract_script_mem(SCRIPT_MEM(ch));
  1106:   } else {
  1107:     save_char(ch);
  1108:     Crash_delete_crashfile(ch);"
"src\handler.c","1126","extract_char_final","line","DESTRUCTIVE_REVIEW","delete/purge/extract/remove/free operation","  1124:  * same character twice (e.g. double-purging in a script) -khufu / EmpireMUD
  1125:  */
  1126: void extract_char(struct char_data *ch)
  1127: {
  1128:   char_from_furniture(ch);
  1129:   clear_char_event_list(ch);"
"src\handler.c","1145","extract_char","line","DESTRUCTIVE_REVIEW","delete/purge/extract/remove/free operation","  1143:  * be its own list, but that would change the '->next' pointer, potentially
  1144:  * confusing some code. -gg This doesn't handle recursive extractions. */
  1145: void extract_pending_chars(void)
  1146: {
  1147:   struct char_data *vict, *next_vict, *prev_vict;
  1148: "
"src\handler.c","1156","extract_pending_chars","line","DESTRUCTIVE_REVIEW","delete/purge/extract/remove/free operation","  1154: 
  1155:     if (MOB_FLAGGED(vict, MOB_NOTDEADYET))
  1156:       REMOVE_BIT_AR(MOB_FLAGS(vict), MOB_NOTDEADYET);
  1157:     else if (PLR_FLAGGED(vict, PLR_NOTDEADYET))
  1158:       REMOVE_BIT_AR(PLR_FLAGS(vict), PLR_NOTDEADYET);
  1159:     else {"
"src\handler.c","1158","extract_pending_chars","line","DESTRUCTIVE_REVIEW","delete/purge/extract/remove/free operation","  1156:       REMOVE_BIT_AR(MOB_FLAGS(vict), MOB_NOTDEADYET);
  1157:     else if (PLR_FLAGGED(vict, PLR_NOTDEADYET))
  1158:       REMOVE_BIT_AR(PLR_FLAGS(vict), PLR_NOTDEADYET);
  1159:     else {
  1160:       /* Last non-free'd character to continue chain from. */
  1161:       prev_vict = vict;"
"src\handler.c","1165","extract_pending_chars","line","DESTRUCTIVE_REVIEW","delete/purge/extract/remove/free operation","  1163:     }
  1164: 
  1165:     extract_char_final(vict);
  1166:     extractions_pending--;
  1167: 
  1168:     if (prev_vict)"
"src\handler.c","1593","free_group","line","DESTRUCTIVE_REVIEW","delete/purge/extract/remove/free operation","  1591:   free_list(group->members);
  1592:   remove_from_list(group, group_list);
  1593:   free(group);
  1594: }
  1595: 
  1596: void leave_group(struct char_data *ch)"
"src\handler.c","1640","join_group","line","DESTRUCTIVE_REVIEW","delete/purge/extract/remove/free operation","  1638:   
  1639:   if (IS_SET(group->group_flags, GROUP_NPC) && !IS_NPC(ch))
  1640:     REMOVE_BIT(GROUP_FLAGS(group), GROUP_NPC);
  1641: 	
  1642:   if (group->leader == ch)
  1643:     send_to_group(NULL, group, ""%s becomes leader of the group.\r\n"", GET_NAME(ch));"
"src\hedit.c","80","","line","DESTRUCTIVE_REVIEW","delete/purge/extract/remove/free operation","    78:   if (d->olc) {
    79:     mudlog(BRF, LVL_IMMORT, TRUE, ""SYSERR: do_oasis: Player already had olc structure."");
    80:     free(d->olc);
    81:   }
    82: 
    83:   CREATE(d->olc, struct oasis_olc_data, 1);"
"src\hedit.c","153","hedit_save_internally","line","DESTRUCTIVE_REVIEW","delete/purge/extract/remove/free operation","   151:       
   152:     new_help_table[top_of_helpt++] = *OLC_HELP(d);
   153:     free(help_table);
   154:     help_table = new_help_table;
   155:   } else
   156:     help_table[OLC_ZNUM(d)] = *OLC_HELP(d);"
"src\hedit.c","386","hedit_parse","case HEDIT_KEYWORDS","DESTRUCTIVE_REVIEW","delete/purge/extract/remove/free operation | OLC/object/flag mutation","  case HEDIT_KEYWORDS:
    if (OLC_HELP(d)->keywords)
      free(OLC_HELP(d)->keywords);
    if (strlen(arg) > MAX_HELP_KEYWORDS)
      arg[MAX_HELP_KEYWORDS - 1] = '\0';
    strip_cr(arg);
    skip_spaces(&arg);
    if (*arg)
      OLC_HELP(d)->keywords = str_udup(arg);
    else
      OLC_HELP(d)->keywords = str_udup(OLC_STORAGE(d));
    break;"
"src\hedit.c","388","hedit_parse","line","DESTRUCTIVE_REVIEW","delete/purge/extract/remove/free operation","   386:   case HEDIT_KEYWORDS:
   387:     if (OLC_HELP(d)->keywords)
   388:       free(OLC_HELP(d)->keywords);
   389:     if (strlen(arg) > MAX_HELP_KEYWORDS)
   390:       arg[MAX_HELP_KEYWORDS - 1] = '\0';
   391:     strip_cr(arg);"
"src\ibt.c","820","is_ibt_logger","line","DESTRUCTIVE_REVIEW","delete/purge/extract/remove/free operation","   818:   if (d->olc) {
   819:     mudlog(BRF, LVL_IMMORT, TRUE, ""SYSERR: do_oasis_ibtedit: Player already had olc structure."");
   820:     free(d->olc);
   821:   }
   822: 
   823:   CREATE(d->olc, struct oasis_olc_data, 1);"
"src\ibt.c","942","free_olc_ibt","line","DESTRUCTIVE_REVIEW","delete/purge/extract/remove/free operation","   940: 	}
   941: 	
   942: 	free(toFree);
   943: }
   944: 
   945: /*-------------------------------------------------------------------*/"
"src\improved-edit.c","42","improved_editor_execute","case 'c'","DESTRUCTIVE_REVIEW","delete/purge/extract/remove/free operation","  case 'c':
    if (*(d->str)) {
      free(*d->str);
      *(d->str) = NULL;
      write_to_output(d, ""Current buffer cleared.\r\n"");
    } else
      write_to_output(d, ""Current buffer empty.\r\n"");
    break;"
"src\improved-edit.c","44","improved_editor_execute","line","DESTRUCTIVE_REVIEW","delete/purge/extract/remove/free operation","    42:   case 'c':
    43:     if (*(d->str)) {
    44:       free(*d->str);
    45:       *(d->str) = NULL;
    46:       write_to_output(d, ""Current buffer cleared.\r\n"");
    47:     } else"
"src\improved-edit.c","703","replace_str","line","DESTRUCTIVE_REVIEW","delete/purge/extract/remove/free operation","   701:     strcpy(*string, replace_buffer);
   702:   }
   703:   free(replace_buffer);
   704:   return i;
   705: }
   706: "
"src\interpreter.c","605","command_interpreter","line","DESTRUCTIVE_REVIEW","delete/purge/extract/remove/free operation","   603:   char arg[MAX_INPUT_LENGTH];
   604: 
   605:   REMOVE_BIT_AR(AFF_FLAGS(ch), AFF_HIDE);
   606: 
   607:   /* just drop to next line for hitting CR */
   608:   skip_spaces(&argument);"
"src\interpreter.c","728","free_alias","line","DESTRUCTIVE_REVIEW","delete/purge/extract/remove/free operation","   726: {
   727:   if (a->alias)
   728:     free(a->alias);
   729:   if (a->replacement)
   730:     free(a->replacement);
   731:   free(a);"
"src\interpreter.c","730","free_alias","line","DESTRUCTIVE_REVIEW","delete/purge/extract/remove/free operation","   728:     free(a->alias);
   729:   if (a->replacement)
   730:     free(a->replacement);
   731:   free(a);
   732: }
   733: "
"src\interpreter.c","731","free_alias","line","DESTRUCTIVE_REVIEW","delete/purge/extract/remove/free operation","   729:   if (a->replacement)
   730:     free(a->replacement);
   731:   free(a);
   732: }
   733: 
   734: /* The interface to the outside world: do_alias */"
"src\interpreter.c","775","free_alias","line","DESTRUCTIVE_REVIEW","delete/purge/extract/remove/free operation","   773:       CREATE(a, struct alias_data, 1);
   774:       a->alias = strdup(arg);
   775:       delete_doubledollar(repl);
   776:       a->replacement = strdup(repl);
   777:       if (strchr(repl, ALIAS_SEP_CHAR) || strchr(repl, ALIAS_VAR_CHAR))
   778: 	a->type = ALIAS_COMPLEX;"
"src\interpreter.c","950","skip_spaces","line","DESTRUCTIVE_REVIEW","delete/purge/extract/remove/free operation","   948:  * output AND YOU ARE SURE IT WILL NOT BE SENT THROUGH THE act() FUNCTION
   949:  * (i.e., do_gecho, do_title, but NOT do_say), you can call
   950:  * delete_doubledollar() to make the output look correct.
   951:  * Modifies the string in-place. */
   952: char *delete_doubledollar(char *string)
   953: {"
"src\interpreter.c","952","skip_spaces","line","DESTRUCTIVE_REVIEW","delete/purge/extract/remove/free operation","   950:  * delete_doubledollar() to make the output look correct.
   951:  * Modifies the string in-place. */
   952: char *delete_doubledollar(char *string)
   953: {
   954:   char *ddread, *ddwrite;
   955: "
"src\interpreter.c","1243","perform_dupe_check","line","DESTRUCTIVE_REVIEW","delete/purge/extract/remove/free operation","  1241:       char_from_room(ch);
  1242:     char_to_room(ch, 1);
  1243:     extract_char(ch);
  1244:   }
  1245: 
  1246:   /* no target for switching into was found - allow login to continue */"
"src\interpreter.c","1250","perform_dupe_check","line","DESTRUCTIVE_REVIEW","delete/purge/extract/remove/free operation","  1248:     GET_PREF(d->character) = rand_number(1, 128000);
  1249:     if (GET_HOST(d->character))
  1250:       free(GET_HOST(d->character));
  1251:     GET_HOST(d->character) = strdup(d->host);
  1252:     return 0;
  1253:   }"
"src\interpreter.c","1255","perform_dupe_check","line","DESTRUCTIVE_REVIEW","delete/purge/extract/remove/free operation","  1253:   }
  1254: 
  1255:   if (GET_HOST(target)) free(GET_HOST(target));
  1256:   GET_HOST(target) = strdup(d->host);
  1257: 
  1258:   GET_PREF(target) = pref_temp;"
"src\interpreter.c","1267","perform_dupe_check","line","DESTRUCTIVE_REVIEW","delete/purge/extract/remove/free operation","  1265:   d->original = NULL;
  1266:   d->character->char_specials.timer = 0;
  1267:   REMOVE_BIT_AR(PLR_FLAGS(d->character), PLR_MAILING);
  1268:   REMOVE_BIT_AR(PLR_FLAGS(d->character), PLR_WRITING);
  1269:   STATE(d) = CON_PLAYING;
  1270:   MXPSendTag( d, ""<VERSION>"" );"
"src\interpreter.c","1268","perform_dupe_check","line","DESTRUCTIVE_REVIEW","delete/purge/extract/remove/free operation","  1266:   d->character->char_specials.timer = 0;
  1267:   REMOVE_BIT_AR(PLR_FLAGS(d->character), PLR_MAILING);
  1268:   REMOVE_BIT_AR(PLR_FLAGS(d->character), PLR_WRITING);
  1269:   STATE(d) = CON_PLAYING;
  1270:   MXPSendTag( d, ""<VERSION>"" );
  1271: "
"src\interpreter.c","1824","nanny","line","DESTRUCTIVE_REVIEW","data cleared/reset on code path","  1822:       }
  1823: 
  1824:       memset(&acct, 0, sizeof(acct));
  1825:       if (d->acct_id > 0 && account_load_any(d->acct_id, &acct)) {
  1826:         if (!account_set_password(d->acct_id, arg, 0)) {
  1827:           echo_on(d);"
"src\interpreter.c","1871","nanny","line","DESTRUCTIVE_REVIEW","data cleared/reset on code path","  1869:       }
  1870: 
  1871:       memset(&acct, 0, sizeof(acct));
  1872:       if (d->acct_id > 0 && account_load_any(d->acct_id, &acct)) {
  1873:         if (!account_set_password(d->acct_id, arg, 0)) {
  1874:           echo_on(d);"
"src\interpreter.c","1907","nanny","line","DESTRUCTIVE_REVIEW","data cleared/reset on code path","  1905:       }
  1906: 
  1907:       memset(&acct, 0, sizeof(acct));
  1908:       if (d->acct_id > 0)
  1909:         account_load_any(d->acct_id, &acct);
  1910: "
"src\interpreter.c","2026","nanny","line","DESTRUCTIVE_REVIEW","data cleared/reset on code path","  2024:       }
  2025: 
  2026:       memset(&acct, 0, sizeof(acct));
  2027:       if (!(d->acct_id > 0 && account_load_any(d->acct_id, &acct))) {
  2028:         write_to_output(d, ""\r\nCould not load account data.\r\n"");
  2029:         d->acct_pending_delete[0] = '\0';"
"src\interpreter.c","2062","nanny","line","DESTRUCTIVE_REVIEW","data cleared/reset on code path","  2060:       if (!account_find_character_on_roster(&acct, d->acct_pending_delete, NULL, NULL, 0)) {
  2061:         account_save_any(&acct);
  2062:         memset(&acct, 0, sizeof(acct));
  2063:         if (!(d->acct_id > 0 && account_load_any(d->acct_id, &acct)) ||
  2064:             account_find_character_on_roster(&acct, d->acct_pending_delete, NULL, NULL, 0)) {
  2065:           write_to_output(d, ""\r\nCharacter data deleted, but account update failed. Contact staff.\r\n"");"
"src\interpreter.c","2171","nanny","line","DESTRUCTIVE_REVIEW","delete/purge/extract/remove/free operation","  2169: 
  2170:           if (GET_HOST(d->character))
  2171:             free(GET_HOST(d->character));
  2172:           GET_HOST(d->character) = strdup(d->host);
  2173: 
  2174:           d->character->desc = d;"
"src\interpreter.c","2182","nanny","line","DESTRUCTIVE_REVIEW","delete/purge/extract/remove/free operation","  2180:         } else {
  2181:           /* undo it just in case they are set */
  2182:           REMOVE_BIT_AR(PLR_FLAGS(d->character), PLR_WRITING);
  2183:           REMOVE_BIT_AR(PLR_FLAGS(d->character), PLR_MAILING);
  2184:           d->character->player.time.logon = time(0);
  2185:           d->idle_tics = 0;"
"src\interpreter.c","2183","nanny","line","DESTRUCTIVE_REVIEW","delete/purge/extract/remove/free operation","  2181:           /* undo it just in case they are set */
  2182:           REMOVE_BIT_AR(PLR_FLAGS(d->character), PLR_WRITING);
  2183:           REMOVE_BIT_AR(PLR_FLAGS(d->character), PLR_MAILING);
  2184:           d->character->player.time.logon = time(0);
  2185:           d->idle_tics = 0;
  2186:           if (d->acct_authed && d->acct_id > 0 && GET_ACCOUNT_ID(d->character) == d->acct_id) {"
"src\interpreter.c","2252","nanny","line","DESTRUCTIVE_REVIEW","delete/purge/extract/remove/free operation","  2250:     } else if (*arg == 'n' || *arg == 'N') {
  2251:       write_to_output(d, ""Okay, what IS it, then? "");
  2252:       free(d->character->player.name);
  2253:       d->character->player.name = NULL;
  2254:       STATE(d) = CON_GET_NAME;
  2255:     } else"
"src\interpreter.c","2368","nanny","line","DESTRUCTIVE_REVIEW","delete/purge/extract/remove/free operation","  2366: 
  2367:   if (d->olc) {
  2368:     free(d->olc);
  2369:     d->olc = NULL;
  2370:   }
  2371:   if (GET_PFILEPOS(d->character) < 0)"
"src\interpreter.c","2503","nanny","case '1'","DESTRUCTIVE_REVIEW","delete/purge/extract/remove/free operation","    case '1':
      load_result = enter_player_game(d);
      send_to_char(d->character, ""%s"", CONFIG_WELC_MESSG);

      /* Clear their load room if it's not persistant. */
      if (!PLR_FLAGGED(d->character, PLR_LOADROOM))
        GET_LOADROOM(d->character) = NOWHERE;
              account_attach_char(d->character);
save_char(d->character);

      greet_mtrigger(d->character, -1);
      greet_memory_mtrigger(d->character);

      act(""$n has entered the game."", TRUE, d->character, 0, 0, TO_ROOM);

      STATE(d) = CON_PLAYING;
      MXPSendTag( d, ""<VERSION>"" );
      if (GET_LEVEL(d->character) == 0) {
	do_start(d->character);
	send_to_char(d->character, ""%s"", CONFIG_START_MESSG);
      }
      look_at_room(d->character, 0);
      if (has_mail(GET_IDNUM(d->character)))
	send_to_char(d->character, ""You have mail waiting.\r\n"");
      d->has_prompt = 0;
      /* We've updated to 3.1 - some bits might be set wrongly: */
      REMOVE_BIT_AR(PRF_FLAGS(d->character), PRF_BUILDWALK);
      break;"
"src\interpreter.c","2529","nanny","line","DESTRUCTIVE_REVIEW","delete/purge/extract/remove/free operation","  2527:       d->has_prompt = 0;
  2528:       /* We've updated to 3.1 - some bits might be set wrongly: */
  2529:       REMOVE_BIT_AR(PRF_FLAGS(d->character), PRF_BUILDWALK);
  2530:       break;
  2531: 
  2532:     case '2':"
"src\interpreter.c","2624","nanny","line","DESTRUCTIVE_REVIEW","delete/purge/extract/remove/free operation","  2622:         }
  2623: 
  2624:       delete_variables(GET_NAME(d->character));
  2625:         if (d->acct_id > 0) {
  2626:           struct account_data acct;
  2627:           account_load_any(d->acct_id, &acct);"
"src\interpreter.h","38","","line","DESTRUCTIVE_REVIEW","delete/purge/extract/remove/free operation","    36: int	find_command(const char *command);
    37: void	skip_spaces(char **string);
    38: char	*delete_doubledollar(char *string);
    39: int special(struct char_data *ch, int cmd, char *arg);
    40: void free_alias(struct alias_data *a);
    41: int perform_alias(struct descriptor_data *d, char *orig, size_t maxlen);"
"src\mail.c","46","free_mail_record","line","DESTRUCTIVE_REVIEW","delete/purge/extract/remove/free operation","    44: {
    45: 	if (record->body)
    46: 		free(record->body);
    47:   free(record);
    48: }
    49: "
"src\mail.c","47","free_mail_record","line","DESTRUCTIVE_REVIEW","delete/purge/extract/remove/free operation","    45: 	if (record->body)
    46: 		free(record->body);
    47:   free(record);
    48: }
    49: 
    50: static struct mail_t *read_mail_record(FILE *mail_file)"
"src\mail.c","171","store_mail","line","DESTRUCTIVE_REVIEW","delete/purge/extract/remove/free operation","   169: 
   170:   write_mail_record(mail_file, record);
   171:   free(record); /* don't free the body */
   172:   fclose(mail_file);
   173: }
   174: "
"src\medit.c","170","","line","DESTRUCTIVE_REVIEW","delete/purge/extract/remove/free operation","   168:     mudlog(BRF, LVL_IMMORT, TRUE,
   169:       ""SYSERR: do_oasis_medit: Player already had olc structure."");
   170:     free(d->olc);
   171:   }
   172: 
   173:   CREATE(d->olc, struct oasis_olc_data, 1);"
"src\medit.c","185","","line","DESTRUCTIVE_REVIEW","delete/purge/extract/remove/free operation","   183:       send_to_char(ch, ""Mobile vnum %d exists but is not in any valid editable zone range.\r\n"", number);
   184:     }
   185:     free(d->olc);
   186:     d->olc = NULL;
   187:     return;
   188:   }"
"src\medit.c","194","","line","DESTRUCTIVE_REVIEW","delete/purge/extract/remove/free operation","   192:     send_cannot_edit(ch, zone_table[OLC_ZNUM(d)].number);
   193:     /* Free the OLC structure. */
   194:     free(d->olc);
   195:     d->olc = NULL;
   196:     return;
   197:   }"
"src\medit.c","211","","line","DESTRUCTIVE_REVIEW","delete/purge/extract/remove/free operation","   209: 
   210:     /* Free the olc structure stored in the descriptor. */
   211:     free(d->olc);
   212:     d->olc = NULL;
   213:     return;
   214:   }"
"src\medit.c","354","medit_save_internally","line","DESTRUCTIVE_REVIEW","delete/purge/extract/remove/free operation","   352:     /* remove any old scripts */
   353:     if (SCRIPT(mob))
   354:       extract_script(mob, MOB_TRIGGER);
   355: 
   356:     free_proto_script(mob, MOB_TRIGGER);
   357:     copy_proto_script(&mob_proto[new_rnum], mob, MOB_TRIGGER);"
"src\medit.c","1228","medit_parse","case MEDIT_KEYWORD","DESTRUCTIVE_REVIEW","delete/purge/extract/remove/free operation | OLC/object/flag mutation","  case MEDIT_KEYWORD:
    smash_tilde(arg);
    if (GET_ALIAS(OLC_MOB(d)))
      free(GET_ALIAS(OLC_MOB(d)));
    GET_ALIAS(OLC_MOB(d)) = str_udup(arg);
    break;"
"src\medit.c","1231","medit_parse","line","DESTRUCTIVE_REVIEW","delete/purge/extract/remove/free operation","  1229:     smash_tilde(arg);
  1230:     if (GET_ALIAS(OLC_MOB(d)))
  1231:       free(GET_ALIAS(OLC_MOB(d)));
  1232:     GET_ALIAS(OLC_MOB(d)) = str_udup(arg);
  1233:     break;
  1234: "
"src\medit.c","1235","medit_parse","case MEDIT_S_DESC","DESTRUCTIVE_REVIEW","delete/purge/extract/remove/free operation | OLC/object/flag mutation","  case MEDIT_S_DESC:
    smash_tilde(arg);
    if (GET_SDESC(OLC_MOB(d)))
      free(GET_SDESC(OLC_MOB(d)));
    GET_SDESC(OLC_MOB(d)) = str_udup(arg);
    break;"
"src\medit.c","1238","medit_parse","line","DESTRUCTIVE_REVIEW","delete/purge/extract/remove/free operation","  1236:     smash_tilde(arg);
  1237:     if (GET_SDESC(OLC_MOB(d)))
  1238:       free(GET_SDESC(OLC_MOB(d)));
  1239:     GET_SDESC(OLC_MOB(d)) = str_udup(arg);
  1240:     break;
  1241: "
"src\medit.c","1242","medit_parse","case MEDIT_L_DESC","DESTRUCTIVE_REVIEW","delete/purge/extract/remove/free operation | OLC/object/flag mutation","  case MEDIT_L_DESC:
    smash_tilde(arg);
    if (GET_LDESC(OLC_MOB(d)))
      free(GET_LDESC(OLC_MOB(d)));
    if (arg && *arg) {
      char buf[MAX_INPUT_LENGTH];
      snprintf(buf, sizeof(buf), ""%s\r\n"", arg);
      GET_LDESC(OLC_MOB(d)) = strdup(buf);
    } else
      GET_LDESC(OLC_MOB(d)) = strdup(""undefined"");

    break;"
"src\medit.c","1245","medit_parse","line","DESTRUCTIVE_REVIEW","delete/purge/extract/remove/free operation","  1243:     smash_tilde(arg);
  1244:     if (GET_LDESC(OLC_MOB(d)))
  1245:       free(GET_LDESC(OLC_MOB(d)));
  1246:     if (arg && *arg) {
  1247:       char buf[MAX_INPUT_LENGTH];
  1248:       snprintf(buf, sizeof(buf), ""%s\r\n"", arg);"
"src\medit.c","1284","medit_parse","line","DESTRUCTIVE_REVIEW","delete/purge/extract/remove/free operation","  1282: 
  1283:     /* Remove unwanted bits right away. */
  1284:     REMOVE_BIT_AR(AFF_FLAGS(OLC_MOB(d)), AFF_CHARM);
  1285:     REMOVE_BIT_AR(AFF_FLAGS(OLC_MOB(d)), AFF_POISON);
  1286:     REMOVE_BIT_AR(AFF_FLAGS(OLC_MOB(d)), AFF_SLEEP);
  1287:     medit_disp_aff_flags(d);"
"src\medit.c","1285","medit_parse","line","DESTRUCTIVE_REVIEW","delete/purge/extract/remove/free operation","  1283:     /* Remove unwanted bits right away. */
  1284:     REMOVE_BIT_AR(AFF_FLAGS(OLC_MOB(d)), AFF_CHARM);
  1285:     REMOVE_BIT_AR(AFF_FLAGS(OLC_MOB(d)), AFF_POISON);
  1286:     REMOVE_BIT_AR(AFF_FLAGS(OLC_MOB(d)), AFF_SLEEP);
  1287:     medit_disp_aff_flags(d);
  1288:     return;"
"src\medit.c","1286","medit_parse","line","DESTRUCTIVE_REVIEW","delete/purge/extract/remove/free operation","  1284:     REMOVE_BIT_AR(AFF_FLAGS(OLC_MOB(d)), AFF_CHARM);
  1285:     REMOVE_BIT_AR(AFF_FLAGS(OLC_MOB(d)), AFF_POISON);
  1286:     REMOVE_BIT_AR(AFF_FLAGS(OLC_MOB(d)), AFF_SLEEP);
  1287:     medit_disp_aff_flags(d);
  1288:     return;
  1289: "
"src\medit.c","1293","medit_parse","case 'Q'","DESTRUCTIVE_REVIEW","delete/purge/extract/remove/free operation | OLC/object/flag mutation","      case 'Q':
        if (OLC_STORAGE(d)) {
          free(OLC_STORAGE(d));
          OLC_STORAGE(d) = NULL;
        }
        medit_disp_menu(d);
        return;"
"src\medit.c","1295","medit_parse","line","DESTRUCTIVE_REVIEW","delete/purge/extract/remove/free operation","  1293:       case 'Q':
  1294:         if (OLC_STORAGE(d)) {
  1295:           free(OLC_STORAGE(d));
  1296:           OLC_STORAGE(d) = NULL;
  1297:         }
  1298:         medit_disp_menu(d);"
"src\medit.c","1373","medit_parse","line","DESTRUCTIVE_REVIEW","delete/purge/extract/remove/free operation","  1371:     }
  1372:     if (OLC_STORAGE(d))
  1373:       free(OLC_STORAGE(d));
  1374:     CREATE(OLC_STORAGE(d), char, 32);
  1375:     if (OLC_STORAGE(d))
  1376:       snprintf(OLC_STORAGE(d), 32, ""%d"", i);"
"src\medit.c","1381","medit_parse","case MEDIT_LOADOUT_EQUIP_SLOT","DESTRUCTIVE_REVIEW","delete/purge/extract/remove/free operation | OLC/object/flag mutation","  case MEDIT_LOADOUT_EQUIP_SLOT:
  {
    int slot, idx;
    obj_rnum ornum;
    struct obj_data *obj;
    struct char_data *mob = OLC_MOB(d);

    if (medit_arg_is_cancel(arg)) {
      if (OLC_STORAGE(d)) {
        free(OLC_STORAGE(d));
        OLC_STORAGE(d) = NULL;
      }
      medit_disp_loadout_menu(d);
      return;"
"src\medit.c","1390","medit_parse","line","DESTRUCTIVE_REVIEW","delete/purge/extract/remove/free operation","  1388:     if (medit_arg_is_cancel(arg)) {
  1389:       if (OLC_STORAGE(d)) {
  1390:         free(OLC_STORAGE(d));
  1391:         OLC_STORAGE(d) = NULL;
  1392:       }
  1393:       medit_disp_loadout_menu(d);"
"src\medit.c","1421","medit_parse","line","DESTRUCTIVE_REVIEW","delete/purge/extract/remove/free operation","  1419:         medit_required_wear_flag_desc(slot));
  1420:       if (OLC_STORAGE(d)) {
  1421:         free(OLC_STORAGE(d));
  1422:         OLC_STORAGE(d) = NULL;
  1423:       }
  1424:       medit_disp_loadout_menu(d);"
"src\medit.c","1432","medit_parse","line","DESTRUCTIVE_REVIEW","delete/purge/extract/remove/free operation","  1430:         OLC_MODE(d) = MEDIT_LOADOUT_EQUIP_REPLACE;
  1431:         if (OLC_STORAGE(d))
  1432:           free(OLC_STORAGE(d));
  1433:         CREATE(OLC_STORAGE(d), char, 48);
  1434:         if (OLC_STORAGE(d))
  1435:           snprintf(OLC_STORAGE(d), 48, ""%d %d"", obj_index[ornum].vnum, slot);"
"src\medit.c","1449","medit_parse","line","DESTRUCTIVE_REVIEW","delete/purge/extract/remove/free operation","  1447:       write_to_output(d, ""Equip loadout is full (max %d entries).\r\n"", MAX_MOB_LOADOUT_ITEMS);
  1448:       if (OLC_STORAGE(d)) {
  1449:         free(OLC_STORAGE(d));
  1450:         OLC_STORAGE(d) = NULL;
  1451:       }
  1452:       medit_disp_loadout_menu(d);"
"src\medit.c","1461","medit_parse","line","DESTRUCTIVE_REVIEW","delete/purge/extract/remove/free operation","  1459:     OLC_VAL(d) = TRUE;
  1460:     if (OLC_STORAGE(d)) {
  1461:       free(OLC_STORAGE(d));
  1462:       OLC_STORAGE(d) = NULL;
  1463:     }
  1464:     medit_disp_loadout_menu(d);"
"src\medit.c","1491","medit_parse","line","DESTRUCTIVE_REVIEW","delete/purge/extract/remove/free operation","  1489:     }
  1490:     if (OLC_STORAGE(d)) {
  1491:       free(OLC_STORAGE(d));
  1492:       OLC_STORAGE(d) = NULL;
  1493:     }
  1494:     medit_disp_loadout_menu(d);"
"src\medit.c","1512","medit_parse","line","DESTRUCTIVE_REVIEW","delete/purge/extract/remove/free operation","  1510:     }
  1511:     if (OLC_STORAGE(d))
  1512:       free(OLC_STORAGE(d));
  1513:     CREATE(OLC_STORAGE(d), char, 32);
  1514:     if (OLC_STORAGE(d))
  1515:       snprintf(OLC_STORAGE(d), 32, ""%d"", i);"
"src\medit.c","1520","medit_parse","case MEDIT_LOADOUT_INV_COUNT","DESTRUCTIVE_REVIEW","delete/purge/extract/remove/free operation | OLC/object/flag mutation","  case MEDIT_LOADOUT_INV_COUNT:
  {
    struct char_data *mob = OLC_MOB(d);
    int idx;
    if (medit_arg_is_cancel(arg)) {
      if (OLC_STORAGE(d)) {
        free(OLC_STORAGE(d));
        OLC_STORAGE(d) = NULL;
      }
      medit_disp_loadout_menu(d);
      return;"
"src\medit.c","1526","medit_parse","line","DESTRUCTIVE_REVIEW","delete/purge/extract/remove/free operation","  1524:     if (medit_arg_is_cancel(arg)) {
  1525:       if (OLC_STORAGE(d)) {
  1526:         free(OLC_STORAGE(d));
  1527:         OLC_STORAGE(d) = NULL;
  1528:       }
  1529:       medit_disp_loadout_menu(d);"
"src\medit.c","1539","medit_parse","line","DESTRUCTIVE_REVIEW","delete/purge/extract/remove/free operation","  1537:       write_to_output(d, ""Inventory loadout is full (max %d entries).\r\n"", MAX_MOB_LOADOUT_ITEMS);
  1538:       if (OLC_STORAGE(d)) {
  1539:         free(OLC_STORAGE(d));
  1540:         OLC_STORAGE(d) = NULL;
  1541:       }
  1542:       medit_disp_loadout_menu(d);"
"src\medit.c","1550","medit_parse","line","DESTRUCTIVE_REVIEW","delete/purge/extract/remove/free operation","  1548:     OLC_VAL(d) = TRUE;
  1549:     if (OLC_STORAGE(d)) {
  1550:       free(OLC_STORAGE(d));
  1551:       OLC_STORAGE(d) = NULL;
  1552:     }
  1553:     medit_disp_loadout_menu(d);"
"src\medit.c","1571","medit_parse","line","DESTRUCTIVE_REVIEW","delete/purge/extract/remove/free operation","  1569:     }
  1570:     if (OLC_STORAGE(d))
  1571:       free(OLC_STORAGE(d));
  1572:     CREATE(OLC_STORAGE(d), char, 32);
  1573:     if (OLC_STORAGE(d))
  1574:       snprintf(OLC_STORAGE(d), 32, ""%d"", i);"
"src\medit.c","1579","medit_parse","case MEDIT_LOADOUT_LOOT_CHANCE","DESTRUCTIVE_REVIEW","delete/purge/extract/remove/free operation | OLC/object/flag mutation","  case MEDIT_LOADOUT_LOOT_CHANCE:
  {
    struct char_data *mob = OLC_MOB(d);
    int idx, target_vnum;
    if (medit_arg_is_cancel(arg)) {
      if (OLC_STORAGE(d)) {
        free(OLC_STORAGE(d));
        OLC_STORAGE(d) = NULL;
      }
      medit_disp_loadout_menu(d);
      return;"
"src\medit.c","1585","medit_parse","line","DESTRUCTIVE_REVIEW","delete/purge/extract/remove/free operation","  1583:     if (medit_arg_is_cancel(arg)) {
  1584:       if (OLC_STORAGE(d)) {
  1585:         free(OLC_STORAGE(d));
  1586:         OLC_STORAGE(d) = NULL;
  1587:       }
  1588:       medit_disp_loadout_menu(d);"
"src\medit.c","1602","medit_parse","line","DESTRUCTIVE_REVIEW","delete/purge/extract/remove/free operation","  1600:         write_to_output(d, ""Loot item [%d] already existed; updated its drop chance to %d%%.\r\n"", target_vnum, i);
  1601:         if (OLC_STORAGE(d)) {
  1602:           free(OLC_STORAGE(d));
  1603:           OLC_STORAGE(d) = NULL;
  1604:         }
  1605:         medit_disp_loadout_menu(d);"
"src\medit.c","1612","medit_parse","line","DESTRUCTIVE_REVIEW","delete/purge/extract/remove/free operation","  1610:       write_to_output(d, ""Loot table is full (max %d entries).\r\n"", MAX_MOB_LOOT_ITEMS);
  1611:       if (OLC_STORAGE(d)) {
  1612:         free(OLC_STORAGE(d));
  1613:         OLC_STORAGE(d) = NULL;
  1614:       }
  1615:       medit_disp_loadout_menu(d);"
"src\medit.c","1623","medit_parse","line","DESTRUCTIVE_REVIEW","delete/purge/extract/remove/free operation","  1621:     OLC_VAL(d) = TRUE;
  1622:     if (OLC_STORAGE(d)) {
  1623:       free(OLC_STORAGE(d));
  1624:       OLC_STORAGE(d) = NULL;
  1625:     }
  1626:     medit_disp_loadout_menu(d);"
"src\medit.c","1973","medit_parse","case MEDIT_DELETE","DESTRUCTIVE_REVIEW","delete/purge/extract/remove/free operation | OLC/object/flag mutation","  case MEDIT_DELETE:
    if (*arg == 'y' || *arg == 'Y') {
      if (delete_mobile(GET_MOB_RNUM(OLC_MOB(d))) != NOBODY)
        write_to_output(d, ""Mobile deleted.\r\n"");
      else
        write_to_output(d, ""Couldn't delete the mobile!\r\n"");

      cleanup_olc(d, CLEANUP_ALL);
      return;"
"src\medit.c","1975","medit_parse","line","DESTRUCTIVE_REVIEW","delete/purge/extract/remove/free operation | OLC/object/flag mutation","  1973:   case MEDIT_DELETE:
  1974:     if (*arg == 'y' || *arg == 'Y') {
  1975:       if (delete_mobile(GET_MOB_RNUM(OLC_MOB(d))) != NOBODY)
  1976:         write_to_output(d, ""Mobile deleted.\r\n"");
  1977:       else
  1978:         write_to_output(d, ""Couldn't delete the mobile!\r\n"");"
"src\modify.c","118","string_write","line","DESTRUCTIVE_REVIEW","delete/purge/extract/remove/free operation","   116:     d->backstr = (char *)data;
   117:   else if (data)
   118:     free(data);
   119: 
   120:   d->str = writeto;
   121:   d->max_str = len;"
"src\modify.c","134","string_add","line","DESTRUCTIVE_REVIEW","delete/purge/extract/remove/free operation","   132:    * only accept '\t' at the beginning of line. - JE */
   133: 
   134:   delete_doubledollar(str);
   135:   smash_tilde(str);
   136: 
   137:   /* Determine if this is the terminal string, and truncate if so. Changed to"
"src\modify.c","185","string_add","case CON_IBTEDIT","DESTRUCTIVE_REVIEW","delete/purge/extract/remove/free operation","        case CON_IBTEDIT:
	      free(*d->str);
          *d->str    = d->backstr;
          d->backstr = NULL;
          d->str     = NULL;
          break;"
"src\modify.c","186","string_add","line","DESTRUCTIVE_REVIEW","delete/purge/extract/remove/free operation","   184:         case CON_QEDIT:
   185:         case CON_IBTEDIT:
   186: 	      free(*d->str);
   187:           *d->str    = d->backstr;
   188:           d->backstr = NULL;
   189:           d->str     = NULL;"
"src\modify.c","196","string_add","case STRINGADD_SAVE","DESTRUCTIVE_REVIEW","delete/purge/extract/remove/free operation","    case STRINGADD_SAVE:
      if (d->str && *d->str && **d->str == '\0') {
        free(*d->str);
        *d->str = strdup(""Nothing.\r\n"");
      }
      if (d->backstr)
        free(d->backstr);
      d->backstr = NULL;
      break;"
"src\modify.c","198","string_add","line","DESTRUCTIVE_REVIEW","delete/purge/extract/remove/free operation","   196:     case STRINGADD_SAVE:
   197:       if (d->str && *d->str && **d->str == '\0') {
   198:         free(*d->str);
   199:         *d->str = strdup(""Nothing.\r\n"");
   200:       }
   201:       if (d->backstr)"
"src\modify.c","202","string_add","line","DESTRUCTIVE_REVIEW","delete/purge/extract/remove/free operation","   200:       }
   201:       if (d->backstr)
   202:         free(d->backstr);
   203:       d->backstr = NULL;
   204:       break;
   205:     case STRINGADD_ACTION:"
"src\modify.c","239","string_add","line","DESTRUCTIVE_REVIEW","delete/purge/extract/remove/free operation","   237:     d->max_str = 0;
   238:     if (d->character && !IS_NPC(d->character)) {
   239:       REMOVE_BIT_AR(PLR_FLAGS(d->character), PLR_BUG);
   240:       REMOVE_BIT_AR(PLR_FLAGS(d->character), PLR_IDEA);
   241:       REMOVE_BIT_AR(PLR_FLAGS(d->character), PLR_TYPO);
   242:       REMOVE_BIT_AR(PLR_FLAGS(d->character), PLR_MAILING);"
"src\modify.c","240","string_add","line","DESTRUCTIVE_REVIEW","delete/purge/extract/remove/free operation","   238:     if (d->character && !IS_NPC(d->character)) {
   239:       REMOVE_BIT_AR(PLR_FLAGS(d->character), PLR_BUG);
   240:       REMOVE_BIT_AR(PLR_FLAGS(d->character), PLR_IDEA);
   241:       REMOVE_BIT_AR(PLR_FLAGS(d->character), PLR_TYPO);
   242:       REMOVE_BIT_AR(PLR_FLAGS(d->character), PLR_MAILING);
   243:       REMOVE_BIT_AR(PLR_FLAGS(d->character), PLR_WRITING);"
"src\modify.c","241","string_add","line","DESTRUCTIVE_REVIEW","delete/purge/extract/remove/free operation","   239:       REMOVE_BIT_AR(PLR_FLAGS(d->character), PLR_BUG);
   240:       REMOVE_BIT_AR(PLR_FLAGS(d->character), PLR_IDEA);
   241:       REMOVE_BIT_AR(PLR_FLAGS(d->character), PLR_TYPO);
   242:       REMOVE_BIT_AR(PLR_FLAGS(d->character), PLR_MAILING);
   243:       REMOVE_BIT_AR(PLR_FLAGS(d->character), PLR_WRITING);
   244:     }"
"src\modify.c","242","string_add","line","DESTRUCTIVE_REVIEW","delete/purge/extract/remove/free operation","   240:       REMOVE_BIT_AR(PLR_FLAGS(d->character), PLR_IDEA);
   241:       REMOVE_BIT_AR(PLR_FLAGS(d->character), PLR_TYPO);
   242:       REMOVE_BIT_AR(PLR_FLAGS(d->character), PLR_MAILING);
   243:       REMOVE_BIT_AR(PLR_FLAGS(d->character), PLR_WRITING);
   244:     }
   245:   } else if (action != STRINGADD_ACTION && strlen(*d->str) + 3 <= d->max_str) /* 3 = \r\n\0 */"
"src\modify.c","243","string_add","line","DESTRUCTIVE_REVIEW","delete/purge/extract/remove/free operation","   241:       REMOVE_BIT_AR(PLR_FLAGS(d->character), PLR_TYPO);
   242:       REMOVE_BIT_AR(PLR_FLAGS(d->character), PLR_MAILING);
   243:       REMOVE_BIT_AR(PLR_FLAGS(d->character), PLR_WRITING);
   244:     }
   245:   } else if (action != STRINGADD_ACTION && strlen(*d->str) + 3 <= d->max_str) /* 3 = \r\n\0 */
   246:      strcat(*d->str, ""\r\n"");"
"src\modify.c","259","playing_string_cleanup","line","DESTRUCTIVE_REVIEW","delete/purge/extract/remove/free operation","   257:       write_to_output(d, ""Mail aborted.\r\n"");
   258:     
   259:     free(*d->str);
   260:     free(d->str);
   261:   }
   262: "
"src\modify.c","260","playing_string_cleanup","line","DESTRUCTIVE_REVIEW","delete/purge/extract/remove/free operation","   258:     
   259:     free(*d->str);
   260:     free(d->str);
   261:   }
   262: 
   263: /* We have no way of knowing which slot the post was sent to so we can only"
"src\modify.c","507","show_string","line","DESTRUCTIVE_REVIEW","delete/purge/extract/remove/free operation","   505:   /* Q is for quit. :) */
   506:   if (LOWER(*buf) == 'q') {
   507:     free(d->showstr_vector);
   508:     d->showstr_vector = NULL;
   509:     d->showstr_count = 0;
   510:     if (d->showstr_head) {"
"src\modify.c","511","show_string","line","DESTRUCTIVE_REVIEW","delete/purge/extract/remove/free operation","   509:     d->showstr_count = 0;
   510:     if (d->showstr_head) {
   511:       free(d->showstr_head);
   512:       d->showstr_head = NULL;
   513:     }
   514:     return;"
"src\modify.c","537","show_string","line","DESTRUCTIVE_REVIEW","delete/purge/extract/remove/free operation","   535:   if (d->showstr_page + 1 >= d->showstr_count) {
   536:     send_to_char(d->character, ""%s\tn"", d->showstr_vector[d->showstr_page]);
   537:     free(d->showstr_vector);
   538:     d->showstr_vector = NULL;
   539:     d->showstr_count = 0;
   540:     if (d->showstr_head) {"
"src\modify.c","541","show_string","line","DESTRUCTIVE_REVIEW","delete/purge/extract/remove/free operation","   539:     d->showstr_count = 0;
   540:     if (d->showstr_head) {
   541:       free(d->showstr_head);
   542:       d->showstr_head = NULL;
   543:     }
   544:   }"
"src\msgedit.c","30","free_messages_type","line","DESTRUCTIVE_REVIEW","delete/purge/extract/remove/free operation","    28: static void free_messages_type(struct msg_type *msg)
    29: {
    30:   if (msg->attacker_msg) {	free(msg->attacker_msg); msg->attacker_msg = NULL; }
    31:   if (msg->victim_msg)	 {	free(msg->victim_msg); msg->victim_msg = NULL; }
    32:   if (msg->room_msg)		 {  free(msg->room_msg); msg->room_msg = NULL; }
    33: }"
"src\msgedit.c","31","free_messages_type","line","DESTRUCTIVE_REVIEW","delete/purge/extract/remove/free operation","    29: {
    30:   if (msg->attacker_msg) {	free(msg->attacker_msg); msg->attacker_msg = NULL; }
    31:   if (msg->victim_msg)	 {	free(msg->victim_msg); msg->victim_msg = NULL; }
    32:   if (msg->room_msg)		 {  free(msg->room_msg); msg->room_msg = NULL; }
    33: }
    34: "
"src\msgedit.c","32","free_messages_type","line","DESTRUCTIVE_REVIEW","delete/purge/extract/remove/free operation","    30:   if (msg->attacker_msg) {	free(msg->attacker_msg); msg->attacker_msg = NULL; }
    31:   if (msg->victim_msg)	 {	free(msg->victim_msg); msg->victim_msg = NULL; }
    32:   if (msg->room_msg)		 {  free(msg->room_msg); msg->room_msg = NULL; }
    33: }
    34: 
    35: void free_message_list(struct message_list * mlist)"
"src\msgedit.c","50","free_message_list","line","DESTRUCTIVE_REVIEW","delete/purge/extract/remove/free operation","    48:   
    49:     msg = msg->next;
    50:     free(orig);
    51:   }
    52:   free (mlist);
    53: }"
"src\msgedit.c","52","free_message_list","line","DESTRUCTIVE_REVIEW","delete/purge/extract/remove/free operation","    50:     free(orig);
    51:   }
    52:   free (mlist);
    53: }
    54: 
    55: void free_messages(void)"
"src\msgedit.c","69","free_messages","line","DESTRUCTIVE_REVIEW","delete/purge/extract/remove/free operation","    67: 
    68:       fight_messages[i].msg = fight_messages[i].msg->next;
    69:       free(former);
    70:     }
    71: }
    72: "
"src\msgedit.c","283","copy_message_list","line","DESTRUCTIVE_REVIEW","delete/purge/extract/remove/free operation","   281:     
   282:     tmp_msg = msg->next;
   283:     free(msg);
   284:   }
   285:   to->msg = NULL;
   286:   "
"src\msgedit.c","360","copy_message_strings","line","DESTRUCTIVE_REVIEW","delete/purge/extract/remove/free operation","   358:   if (d->olc) {
   359:     mudlog(BRF, LVL_IMMORT, TRUE, ""SYSERR: do_msg_edit: Player already had olc structure."");
   360:     free(d->olc);
   361:   }
   362: 
   363:   /* Create the OLC structure. */"
"src\msgedit.c","589","msgedit_parse","line","DESTRUCTIVE_REVIEW","delete/purge/extract/remove/free operation","   587:       if (!genolc_checkstring(d, arg))
   588:         break;
   589:       delete_doubledollar(arg);
   590:           
   591:       if (OLC_MSG(d)->die_msg.attacker_msg)
   592:         free(OLC_MSG(d)->die_msg.attacker_msg);"
"src\msgedit.c","592","msgedit_parse","line","DESTRUCTIVE_REVIEW","delete/purge/extract/remove/free operation","   590:           
   591:       if (OLC_MSG(d)->die_msg.attacker_msg)
   592:         free(OLC_MSG(d)->die_msg.attacker_msg);
   593:             
   594:       OLC_MSG(d)->die_msg.attacker_msg = strdup(arg);    
   595:     break;"
"src\msgedit.c","599","msgedit_parse","line","DESTRUCTIVE_REVIEW","delete/purge/extract/remove/free operation","   597:       if (!genolc_checkstring(d, arg))
   598:         break;
   599:       delete_doubledollar(arg);
   600:           
   601:       if (OLC_MSG(d)->die_msg.victim_msg)
   602:         free(OLC_MSG(d)->die_msg.victim_msg);"
"src\msgedit.c","602","msgedit_parse","line","DESTRUCTIVE_REVIEW","delete/purge/extract/remove/free operation","   600:           
   601:       if (OLC_MSG(d)->die_msg.victim_msg)
   602:         free(OLC_MSG(d)->die_msg.victim_msg);
   603:             
   604:       OLC_MSG(d)->die_msg.victim_msg = strdup(arg);    
   605:     break;"
"src\msgedit.c","609","msgedit_parse","line","DESTRUCTIVE_REVIEW","delete/purge/extract/remove/free operation","   607:       if (!genolc_checkstring(d, arg))
   608:         break;
   609:       delete_doubledollar(arg);
   610:           
   611:       if (OLC_MSG(d)->die_msg.room_msg)
   612:         free(OLC_MSG(d)->die_msg.room_msg);"
"src\msgedit.c","612","msgedit_parse","line","DESTRUCTIVE_REVIEW","delete/purge/extract/remove/free operation","   610:           
   611:       if (OLC_MSG(d)->die_msg.room_msg)
   612:         free(OLC_MSG(d)->die_msg.room_msg);
   613:             
   614:       OLC_MSG(d)->die_msg.room_msg = strdup(arg);    
   615:     break;"
"src\msgedit.c","619","msgedit_parse","line","DESTRUCTIVE_REVIEW","delete/purge/extract/remove/free operation","   617:       if (!genolc_checkstring(d, arg))
   618:         break;
   619:       delete_doubledollar(arg);
   620:           
   621:       if (OLC_MSG(d)->miss_msg.attacker_msg)
   622:         free(OLC_MSG(d)->miss_msg.attacker_msg);"
"src\msgedit.c","622","msgedit_parse","line","DESTRUCTIVE_REVIEW","delete/purge/extract/remove/free operation","   620:           
   621:       if (OLC_MSG(d)->miss_msg.attacker_msg)
   622:         free(OLC_MSG(d)->miss_msg.attacker_msg);
   623:             
   624:       OLC_MSG(d)->miss_msg.attacker_msg = strdup(arg);    
   625:     break;"
"src\msgedit.c","629","msgedit_parse","line","DESTRUCTIVE_REVIEW","delete/purge/extract/remove/free operation","   627:       if (!genolc_checkstring(d, arg))
   628:         break;
   629:       delete_doubledollar(arg);
   630:           
   631:       if (OLC_MSG(d)->miss_msg.victim_msg)
   632:         free(OLC_MSG(d)->miss_msg.victim_msg);"
"src\msgedit.c","632","msgedit_parse","line","DESTRUCTIVE_REVIEW","delete/purge/extract/remove/free operation","   630:           
   631:       if (OLC_MSG(d)->miss_msg.victim_msg)
   632:         free(OLC_MSG(d)->miss_msg.victim_msg);
   633:             
   634:       OLC_MSG(d)->miss_msg.victim_msg = strdup(arg);    
   635:     break;"
"src\msgedit.c","639","msgedit_parse","line","DESTRUCTIVE_REVIEW","delete/purge/extract/remove/free operation","   637:       if (!genolc_checkstring(d, arg))
   638:         break;
   639:       delete_doubledollar(arg);
   640:           
   641:       if (OLC_MSG(d)->miss_msg.room_msg)
   642:         free(OLC_MSG(d)->miss_msg.room_msg);"
"src\msgedit.c","642","msgedit_parse","line","DESTRUCTIVE_REVIEW","delete/purge/extract/remove/free operation","   640:           
   641:       if (OLC_MSG(d)->miss_msg.room_msg)
   642:         free(OLC_MSG(d)->miss_msg.room_msg);
   643:             
   644:       OLC_MSG(d)->miss_msg.room_msg = strdup(arg);    
   645:     break;"
"src\msgedit.c","649","msgedit_parse","line","DESTRUCTIVE_REVIEW","delete/purge/extract/remove/free operation","   647:       if (!genolc_checkstring(d, arg))
   648:         break;
   649:       delete_doubledollar(arg);
   650:           
   651:       if (OLC_MSG(d)->hit_msg.attacker_msg)
   652:         free(OLC_MSG(d)->hit_msg.attacker_msg);"
"src\msgedit.c","652","msgedit_parse","line","DESTRUCTIVE_REVIEW","delete/purge/extract/remove/free operation","   650:           
   651:       if (OLC_MSG(d)->hit_msg.attacker_msg)
   652:         free(OLC_MSG(d)->hit_msg.attacker_msg);
   653:             
   654:       OLC_MSG(d)->hit_msg.attacker_msg = strdup(arg);    
   655:     break;"
"src\msgedit.c","659","msgedit_parse","line","DESTRUCTIVE_REVIEW","delete/purge/extract/remove/free operation","   657:       if (!genolc_checkstring(d, arg))
   658:         break;
   659:       delete_doubledollar(arg);
   660:           
   661:       if (OLC_MSG(d)->hit_msg.victim_msg)
   662:         free(OLC_MSG(d)->hit_msg.victim_msg);"
"src\msgedit.c","662","msgedit_parse","line","DESTRUCTIVE_REVIEW","delete/purge/extract/remove/free operation","   660:           
   661:       if (OLC_MSG(d)->hit_msg.victim_msg)
   662:         free(OLC_MSG(d)->hit_msg.victim_msg);
   663:             
   664:       OLC_MSG(d)->hit_msg.victim_msg = strdup(arg);    
   665:     break;"
"src\msgedit.c","669","msgedit_parse","line","DESTRUCTIVE_REVIEW","delete/purge/extract/remove/free operation","   667:       if (!genolc_checkstring(d, arg))
   668:         break;
   669:       delete_doubledollar(arg);
   670:           
   671:       if (OLC_MSG(d)->hit_msg.room_msg)
   672:         free(OLC_MSG(d)->hit_msg.room_msg);"
"src\msgedit.c","672","msgedit_parse","line","DESTRUCTIVE_REVIEW","delete/purge/extract/remove/free operation","   670:           
   671:       if (OLC_MSG(d)->hit_msg.room_msg)
   672:         free(OLC_MSG(d)->hit_msg.room_msg);
   673:             
   674:       OLC_MSG(d)->hit_msg.room_msg = strdup(arg);    
   675:     break;"
"src\msgedit.c","679","msgedit_parse","line","DESTRUCTIVE_REVIEW","delete/purge/extract/remove/free operation","   677:       if (!genolc_checkstring(d, arg))
   678:         break;
   679:       delete_doubledollar(arg);
   680:           
   681:       if (OLC_MSG(d)->god_msg.attacker_msg)
   682:         free(OLC_MSG(d)->god_msg.attacker_msg);"
"src\msgedit.c","682","msgedit_parse","line","DESTRUCTIVE_REVIEW","delete/purge/extract/remove/free operation","   680:           
   681:       if (OLC_MSG(d)->god_msg.attacker_msg)
   682:         free(OLC_MSG(d)->god_msg.attacker_msg);
   683:             
   684:       OLC_MSG(d)->god_msg.attacker_msg = strdup(arg);    
   685:     break;"
"src\msgedit.c","689","msgedit_parse","line","DESTRUCTIVE_REVIEW","delete/purge/extract/remove/free operation","   687:       if (!genolc_checkstring(d, arg))
   688:         break;
   689:       delete_doubledollar(arg);
   690:           
   691:       if (OLC_MSG(d)->god_msg.victim_msg)
   692:         free(OLC_MSG(d)->god_msg.victim_msg);"
"src\msgedit.c","692","msgedit_parse","line","DESTRUCTIVE_REVIEW","delete/purge/extract/remove/free operation","   690:           
   691:       if (OLC_MSG(d)->god_msg.victim_msg)
   692:         free(OLC_MSG(d)->god_msg.victim_msg);
   693:             
   694:       OLC_MSG(d)->god_msg.victim_msg = strdup(arg);    
   695:     break;"
"src\msgedit.c","699","msgedit_parse","line","DESTRUCTIVE_REVIEW","delete/purge/extract/remove/free operation","   697:       if (!genolc_checkstring(d, arg))
   698:         break;
   699:       delete_doubledollar(arg);
   700:           
   701:       if (OLC_MSG(d)->god_msg.room_msg)
   702:         free(OLC_MSG(d)->god_msg.room_msg);"
"src\msgedit.c","702","msgedit_parse","line","DESTRUCTIVE_REVIEW","delete/purge/extract/remove/free operation","   700:           
   701:       if (OLC_MSG(d)->god_msg.room_msg)
   702:         free(OLC_MSG(d)->god_msg.room_msg);
   703:             
   704:       OLC_MSG(d)->god_msg.room_msg = strdup(arg);    
   705:     break;"
"src\oasis.c","68","cleanup_olc","case CLEANUP_ALL","DESTRUCTIVE_REVIEW","delete/purge/extract/remove/free operation","    case CLEANUP_ALL:
      /* free(OLC_SCRIPT(d)) equivalent */
      free_proto_script(OLC_ROOM(d), WLD_TRIGGER);
      free_room(OLC_ROOM(d));
      break;"
"src\oasis.c","69","cleanup_olc","line","DESTRUCTIVE_REVIEW","delete/purge/extract/remove/free operation","    67:     switch (cleanup_type) {
    68:     case CLEANUP_ALL:
    69:       /* free(OLC_SCRIPT(d)) equivalent */
    70:       free_proto_script(OLC_ROOM(d), WLD_TRIGGER);
    71:       free_room(OLC_ROOM(d));
    72:       break;"
"src\oasis.c","73","cleanup_olc","case CLEANUP_STRUCTS","DESTRUCTIVE_REVIEW","delete/purge/extract/remove/free operation","    case CLEANUP_STRUCTS:
      free(OLC_ROOM(d));
      break;"
"src\oasis.c","74","cleanup_olc","line","DESTRUCTIVE_REVIEW","delete/purge/extract/remove/free operation","    72:       break;
    73:     case CLEANUP_STRUCTS:
    74:       free(OLC_ROOM(d));
    75:       break;
    76:     case CLEANUP_CONFIG:
    77:       free_config(OLC_CONFIG(d));"
"src\oasis.c","89","cleanup_olc","line","DESTRUCTIVE_REVIEW","delete/purge/extract/remove/free operation","    87:   if (OLC_OBJ(d)) {
    88:     free_object_strings(OLC_OBJ(d));
    89:     free(OLC_OBJ(d));
    90:   }
    91: 
    92:   /* Check for a mob.  free_mobile() makes sure strings are not in the"
"src\oasis.c","97","cleanup_olc","line","DESTRUCTIVE_REVIEW","delete/purge/extract/remove/free operation","    95:     free_mobile(OLC_MOB(d));
    96: 
    97:   /* Check for a zone.  cleanup_type is irrelevant here, free() everything. */
    98:   if (OLC_ZONE(d)) {
    99:     if (OLC_ZONE(d)->builders)
   100:       free(OLC_ZONE(d)->builders);"
"src\oasis.c","100","cleanup_olc","line","DESTRUCTIVE_REVIEW","delete/purge/extract/remove/free operation","    98:   if (OLC_ZONE(d)) {
    99:     if (OLC_ZONE(d)->builders)
   100:       free(OLC_ZONE(d)->builders);
   101:     if (OLC_ZONE(d)->name)
   102:       free(OLC_ZONE(d)->name);
   103:     if (OLC_ZONE(d)->cmd)"
"src\oasis.c","102","cleanup_olc","line","DESTRUCTIVE_REVIEW","delete/purge/extract/remove/free operation","   100:       free(OLC_ZONE(d)->builders);
   101:     if (OLC_ZONE(d)->name)
   102:       free(OLC_ZONE(d)->name);
   103:     if (OLC_ZONE(d)->cmd)
   104:       free(OLC_ZONE(d)->cmd);
   105:     free(OLC_ZONE(d));"
"src\oasis.c","104","cleanup_olc","line","DESTRUCTIVE_REVIEW","delete/purge/extract/remove/free operation","   102:       free(OLC_ZONE(d)->name);
   103:     if (OLC_ZONE(d)->cmd)
   104:       free(OLC_ZONE(d)->cmd);
   105:     free(OLC_ZONE(d));
   106:   }
   107: "
"src\oasis.c","105","cleanup_olc","line","DESTRUCTIVE_REVIEW","delete/purge/extract/remove/free operation","   103:     if (OLC_ZONE(d)->cmd)
   104:       free(OLC_ZONE(d)->cmd);
   105:     free(OLC_ZONE(d));
   106:   }
   107: 
   108:   /* Check for a shop.  free_shop doesn't perform sanity checks, we must be"
"src\oasis.c","120","cleanup_olc","case CLEANUP_STRUCTS","DESTRUCTIVE_REVIEW","delete/purge/extract/remove/free operation","      case CLEANUP_STRUCTS:
        free(OLC_QUEST(d));
        break;"
"src\oasis.c","121","cleanup_olc","line","DESTRUCTIVE_REVIEW","delete/purge/extract/remove/free operation","   119:         break;
   120:       case CLEANUP_STRUCTS:
   121:         free(OLC_QUEST(d));
   122:         break;
   123:       default:
   124:         break;"
"src\oasis.c","134","cleanup_olc","case CLEANUP_STRUCTS","DESTRUCTIVE_REVIEW","delete/purge/extract/remove/free operation","      case CLEANUP_STRUCTS:
        free(OLC_ACTION(d));
        break;"
"src\oasis.c","135","cleanup_olc","line","DESTRUCTIVE_REVIEW","delete/purge/extract/remove/free operation","   133:  	break;
   134:       case CLEANUP_STRUCTS:
   135:         free(OLC_ACTION(d));
   136:         break;
   137:       default:
   138:         /* Caller has screwed up */"
"src\oasis.c","149","cleanup_olc","case CLEANUP_STRUCTS","DESTRUCTIVE_REVIEW","delete/purge/extract/remove/free operation","      case CLEANUP_STRUCTS:
        free(OLC_HELP(d));
        break;"
"src\oasis.c","150","cleanup_olc","line","DESTRUCTIVE_REVIEW","delete/purge/extract/remove/free operation","   148:  	break;
   149:       case CLEANUP_STRUCTS:
   150:         free(OLC_HELP(d));
   151:         break;
   152:       default:
   153:  	break;"
"src\oasis.c","171","cleanup_olc","line","DESTRUCTIVE_REVIEW","delete/purge/extract/remove/free operation","   169:    * list - it's been copied to disk already, so just free it -Welcor. */
   170:    if (OLC_STORAGE(d)) {
   171:      free(OLC_STORAGE(d));
   172:      OLC_STORAGE(d) = NULL;
   173:    }
   174:    /* Free this one regardless. If we've left olc, we've either made a fresh"
"src\oasis.c","187","cleanup_olc","line","DESTRUCTIVE_REVIEW","delete/purge/extract/remove/free operation","   185:    if(OLC_PREFS(d)) {
   186:      /*. There is nothing else really to free, except this... .*/
   187:      free(OLC_PREFS(d));
   188:      OLC_PREFS(d) = NULL;
   189:    }
   190: "
"src\oasis.c","196","cleanup_olc","line","DESTRUCTIVE_REVIEW","delete/purge/extract/remove/free operation","   194:   /* Restore descriptor playing status. */
   195:   if (d->character) {
   196:     REMOVE_BIT_AR(PLR_FLAGS(d->character), PLR_WRITING);
   197:     act(""$n stops using OLC."", TRUE, d->character, NULL, NULL, TO_ROOM);
   198: 
   199:     if (cleanup_type == CLEANUP_CONFIG)"
"src\oasis.c","216","cleanup_olc","line","DESTRUCTIVE_REVIEW","delete/purge/extract/remove/free operation","   214:   }
   215: 
   216:   free(d->olc);
   217:   d->olc = NULL;
   218: }
   219: "
"src\oasis.c","249","free_config","line","DESTRUCTIVE_REVIEW","delete/purge/extract/remove/free operation","   247: 
   248:   /* Free the data structure. */
   249:   free(data);
   250: }
   251: 
   252: /* Checks to see if a builder can modify the specified zone. Ch is the imm"
"src\oasis_copy.c","116","","line","DESTRUCTIVE_REVIEW","delete/purge/extract/remove/free operation","   114:   if (d->olc) {
   115:     mudlog(BRF, LVL_IMMORT, TRUE, ""SYSERR: do_oasis_copy: Player already had olc structure."");
   116:     free(d->olc);
   117:   }
   118: 
   119:   /* Create the OLC structure. */"
"src\oasis_copy.c","125","","line","DESTRUCTIVE_REVIEW","delete/purge/extract/remove/free operation","   123:   if ((OLC_ZNUM(d) = real_zone_by_thing(dst_vnum)) == NOWHERE) {
   124:     send_to_char(ch, ""Sorry, there is no zone for the given vnum (#%d)!\r\n"", dst_vnum);
   125:     free(d->olc);
   126:     d->olc = NULL;
   127:     return;
   128:   }"
"src\oasis_copy.c","133","","line","DESTRUCTIVE_REVIEW","delete/purge/extract/remove/free operation","   131:   if (!can_edit_zone(ch, OLC_ZNUM(d))) {
   132:     send_cannot_edit(ch, zone_table[OLC_ZNUM(d)].number);
   133:     free(d->olc);
   134:     d->olc = NULL;
   135:     return;
   136:   }"
"src\oasis_copy.c","160","free_room_exit","line","DESTRUCTIVE_REVIEW","delete/purge/extract/remove/free operation","   158:     return;
   159: 
   160:   free(exit->general_description);
   161:   free(exit->keyword);
   162:   free(exit);
   163:   W_EXIT(room, dir) = NULL;"
"src\oasis_copy.c","161","free_room_exit","line","DESTRUCTIVE_REVIEW","delete/purge/extract/remove/free operation","   159: 
   160:   free(exit->general_description);
   161:   free(exit->keyword);
   162:   free(exit);
   163:   W_EXIT(room, dir) = NULL;
   164: }"
"src\oasis_copy.c","162","free_room_exit","line","DESTRUCTIVE_REVIEW","delete/purge/extract/remove/free operation","   160:   free(exit->general_description);
   161:   free(exit->keyword);
   162:   free(exit);
   163:   W_EXIT(room, dir) = NULL;
   164: }
   165: "
"src\oasis_copy.c","245","free_room_exit","line","DESTRUCTIVE_REVIEW","delete/purge/extract/remove/free operation","   243:     if (d->olc) {
   244:       mudlog(BRF, LVL_IMMORT, TRUE, ""SYSERR: do_dig: Player already had olc structure."");
   245:       free(d->olc);
   246:     }
   247:     CREATE(d->olc, struct oasis_olc_data, 1);
   248:     OLC_ZNUM(d) = zone;"
"src\oasis_copy.c","431","buildwalk","line","DESTRUCTIVE_REVIEW","delete/purge/extract/remove/free operation","   429:       if (d->olc) {
   430:         mudlog(BRF, LVL_IMMORT, TRUE, ""SYSERR: buildwalk(): Player already had olc structure."");
   431:         free(d->olc);
   432:       }
   433:       CREATE(d->olc, struct oasis_olc_data, 1);
   434:       OLC_ZNUM(d) = world[IN_ROOM(ch)].zone;"
"src\oasis_delete.c","31","free_strings","case OASIS_WLD","DESTRUCTIVE_REVIEW","delete/purge/extract/remove/free operation","    case OASIS_WLD:
      room = (struct room_data *) data;

      /* Free Descriptions */
      if (room->name)
        free(room->name);

      if (room->description)
        free(room->description);

      if (room->ex_description)
        free_ex_descriptions(room->ex_description);

      /* Return the return value of free_strings(). */
      return (free_strings(room, OASIS_EXI));"
"src\oasis_delete.c","36","free_strings","line","DESTRUCTIVE_REVIEW","delete/purge/extract/remove/free operation","    34:       /* Free Descriptions */
    35:       if (room->name)
    36:         free(room->name);
    37: 
    38:       if (room->description)
    39:         free(room->description);"
"src\oasis_delete.c","39","free_strings","line","DESTRUCTIVE_REVIEW","delete/purge/extract/remove/free operation","    37: 
    38:       if (room->description)
    39:         free(room->description);
    40: 
    41:       if (room->ex_description)
    42:         free_ex_descriptions(room->ex_description);"
"src\oasis_delete.c","47","free_strings","case OASIS_EXI","DESTRUCTIVE_REVIEW","delete/purge/extract/remove/free operation","    case OASIS_EXI:
      room = (struct room_data *) data;

      for (i = 0; i < NUM_OF_DIRS; i++) { /* NUM_OF_DIRS, not DIR_COUNT */
        if (room->dir_option[i]) {
          if (room->dir_option[i]->general_description) {
            free(room->dir_option[i]->general_description);
            room->dir_option[i]->general_description = NULL;
          }
          if (room->dir_option[i]->keyword) {
            free(room->dir_option[i]->keyword);
            room->dir_option[i]->keyword = NULL;
          }
          free(room->dir_option[i]);
          room->dir_option[i] = NULL;
        }
      }

      return (TRUE);"
"src\oasis_delete.c","53","free_strings","line","DESTRUCTIVE_REVIEW","delete/purge/extract/remove/free operation","    51:         if (room->dir_option[i]) {
    52:           if (room->dir_option[i]->general_description) {
    53:             free(room->dir_option[i]->general_description);
    54:             room->dir_option[i]->general_description = NULL;
    55:           }
    56:           if (room->dir_option[i]->keyword) {"
"src\oasis_delete.c","57","free_strings","line","DESTRUCTIVE_REVIEW","delete/purge/extract/remove/free operation","    55:           }
    56:           if (room->dir_option[i]->keyword) {
    57:             free(room->dir_option[i]->keyword);
    58:             room->dir_option[i]->keyword = NULL;
    59:           }
    60:           free(room->dir_option[i]);"
"src\oasis_delete.c","60","free_strings","line","DESTRUCTIVE_REVIEW","delete/purge/extract/remove/free operation","    58:             room->dir_option[i]->keyword = NULL;
    59:           }
    60:           free(room->dir_option[i]);
    61:           room->dir_option[i] = NULL;
    62:         }
    63:       }"
"src\oasis_delete.c","71","free_strings","case OASIS_CFG","DESTRUCTIVE_REVIEW","delete/purge/extract/remove/free operation","    case OASIS_CFG:
      config = (struct config_data *) data;

      if (config->play.OK)
        free(config->play.OK);

      if (config->play.HUH)
        free(config->play.HUH);

      if (config->play.NOPERSON)
        free(config->play.NOPERSON);

      if (config->play.NOEFFECT)
        free(config->play.NOEFFECT);

      if (config->operation.DFLT_IP)
        free(config->operation.DFLT_IP);

      if (config->operation.DFLT_DIR)
        free(config->operation.DFLT_DIR);

      if (config->operation.LOGNAME)
        free(config->operation.LOGNAME);

      if (config->operation.MENU)
        free(config->operation.MENU);

      if (config->operation.WELC_MESSG)
        free(config->operation.WELC_MESSG);

      if (config->operation.START_MESSG)
        free(config->operation.START_MESSG);

      return (TRUE);"
"src\oasis_delete.c","75","free_strings","line","DESTRUCTIVE_REVIEW","delete/purge/extract/remove/free operation","    73: 
    74:       if (config->play.OK)
    75:         free(config->play.OK);
    76: 
    77:       if (config->play.HUH)
    78:         free(config->play.HUH);"
"src\oasis_delete.c","78","free_strings","line","DESTRUCTIVE_REVIEW","delete/purge/extract/remove/free operation","    76: 
    77:       if (config->play.HUH)
    78:         free(config->play.HUH);
    79: 
    80:       if (config->play.NOPERSON)
    81:         free(config->play.NOPERSON);"
"src\oasis_delete.c","81","free_strings","line","DESTRUCTIVE_REVIEW","delete/purge/extract/remove/free operation","    79: 
    80:       if (config->play.NOPERSON)
    81:         free(config->play.NOPERSON);
    82: 
    83:       if (config->play.NOEFFECT)
    84:         free(config->play.NOEFFECT);"
"src\oasis_delete.c","84","free_strings","line","DESTRUCTIVE_REVIEW","delete/purge/extract/remove/free operation","    82: 
    83:       if (config->play.NOEFFECT)
    84:         free(config->play.NOEFFECT);
    85: 
    86:       if (config->operation.DFLT_IP)
    87:         free(config->operation.DFLT_IP);"
"src\oasis_delete.c","87","free_strings","line","DESTRUCTIVE_REVIEW","delete/purge/extract/remove/free operation","    85: 
    86:       if (config->operation.DFLT_IP)
    87:         free(config->operation.DFLT_IP);
    88: 
    89:       if (config->operation.DFLT_DIR)
    90:         free(config->operation.DFLT_DIR);"
"src\oasis_delete.c","90","free_strings","line","DESTRUCTIVE_REVIEW","delete/purge/extract/remove/free operation","    88: 
    89:       if (config->operation.DFLT_DIR)
    90:         free(config->operation.DFLT_DIR);
    91: 
    92:       if (config->operation.LOGNAME)
    93:         free(config->operation.LOGNAME);"
"src\oasis_delete.c","93","free_strings","line","DESTRUCTIVE_REVIEW","delete/purge/extract/remove/free operation","    91: 
    92:       if (config->operation.LOGNAME)
    93:         free(config->operation.LOGNAME);
    94: 
    95:       if (config->operation.MENU)
    96:         free(config->operation.MENU);"
"src\oasis_delete.c","96","free_strings","line","DESTRUCTIVE_REVIEW","delete/purge/extract/remove/free operation","    94: 
    95:       if (config->operation.MENU)
    96:         free(config->operation.MENU);
    97: 
    98:       if (config->operation.WELC_MESSG)
    99:         free(config->operation.WELC_MESSG);"
"src\oasis_delete.c","99","free_strings","line","DESTRUCTIVE_REVIEW","delete/purge/extract/remove/free operation","    97: 
    98:       if (config->operation.WELC_MESSG)
    99:         free(config->operation.WELC_MESSG);
   100: 
   101:       if (config->operation.START_MESSG)
   102:         free(config->operation.START_MESSG);"
"src\oasis_delete.c","102","free_strings","line","DESTRUCTIVE_REVIEW","delete/purge/extract/remove/free operation","   100: 
   101:       if (config->operation.START_MESSG)
   102:         free(config->operation.START_MESSG);
   103: 
   104:       return (TRUE);
   105: "
"src\oasis_list.c","66","perform_mob_flag_list","line","DESTRUCTIVE_REVIEW","delete/purge/extract/remove/free operation","    64:                       CCCYN(ch, C_NRM), CCYEL(ch, C_NRM), GET_MOB_VNUM(mob), CCCYN(ch, C_NRM), CCNRM(ch, C_NRM),
    65:                       CCYEL(ch, C_NRM), GET_LEVEL(mob), CCNRM(ch, C_NRM), GET_NAME(mob), CCNRM(ch, C_NRM));
    66:         extract_char(mob); /* Finished with the mob - remove it from the MUD */
    67:         if (len > sizeof(buf))
    68: 		  break;
    69:       }"
"src\oasis_list.c","101","perform_mob_level_list","line","DESTRUCTIVE_REVIEW","delete/purge/extract/remove/free operation","    99:                       CCCYN(ch, C_NRM), CCYEL(ch, C_NRM), GET_MOB_VNUM(mob), CCCYN(ch, C_NRM), CCNRM(ch, C_NRM),
   100:                       GET_NAME(mob), CCNRM(ch, C_NRM));
   101:         extract_char(mob); /* Finished with the mob - remove it from the MUD */
   102:         if (len > sizeof(buf))
   103: 		  break;
   104:       }"
"src\oedit.c","132","oedit_type_supports_regen_mult","line","DESTRUCTIVE_REVIEW","delete/purge/extract/remove/free operation","   130:     mudlog(BRF, LVL_IMMORT, TRUE,
   131:       ""SYSERR: do_oasis: Player already had olc structure."");
   132:     free(d->olc);
   133:   }
   134: 
   135:   CREATE(d->olc, struct oasis_olc_data, 1);"
"src\oedit.c","143","oedit_type_supports_regen_mult","line","DESTRUCTIVE_REVIEW","delete/purge/extract/remove/free operation","   141: 
   142:     /* Free the descriptor's OLC structure. */
   143:     free(d->olc);
   144:     d->olc = NULL;
   145:     return;
   146:   }"
"src\oedit.c","152","oedit_type_supports_regen_mult","line","DESTRUCTIVE_REVIEW","delete/purge/extract/remove/free operation","   150:     send_cannot_edit(ch, zone_table[OLC_ZNUM(d)].number);
   151:     /* Free the OLC structure. */
   152:     free(d->olc);
   153:     d->olc = NULL;
   154:     return;
   155:   }"
"src\oedit.c","169","oedit_type_supports_regen_mult","line","DESTRUCTIVE_REVIEW","delete/purge/extract/remove/free operation","   167: 
   168:     /* Free the descriptor's OLC structure. */
   169:     free(d->olc);
   170:     d->olc = NULL;
   171:     return;
   172:   }"
"src\oedit.c","206","oedit_setup_new","line","DESTRUCTIVE_REVIEW","data cleared/reset on code path | OLC/object/flag mutation","   204:   OLC_ITEM_TYPE(d) = OBJ_TRIGGER;
   205: 
   206:   SCRIPT(OLC_OBJ(d)) = NULL;
   207:   OLC_OBJ(d)->proto_script = OLC_SCRIPT(d) = NULL;
   208: }
   209: "
"src\oedit.c","207","oedit_setup_new","line","DESTRUCTIVE_REVIEW","data cleared/reset on code path | OLC/object/flag mutation","   205: 
   206:   SCRIPT(OLC_OBJ(d)) = NULL;
   207:   OLC_OBJ(d)->proto_script = OLC_SCRIPT(d) = NULL;
   208: }
   209: 
   210: void oedit_setup_existing(struct descriptor_data *d, int real_num)"
"src\oedit.c","226","oedit_setup_existing","line","DESTRUCTIVE_REVIEW","data cleared/reset on code path | OLC/object/flag mutation","   224:    * obj later, after editing. */
   225:   SCRIPT(obj) = NULL;
   226:   OLC_OBJ(d)->proto_script = NULL;
   227: }
   228: 
   229: void oedit_save_internally(struct descriptor_data *d)"
"src\oedit.c","258","oedit_save_internally","line","DESTRUCTIVE_REVIEW","delete/purge/extract/remove/free operation","   256:     /* remove any old scripts */
   257:     if (SCRIPT(obj))
   258:       extract_script(obj, OBJ_TRIGGER);
   259: 
   260:     free_proto_script(obj, OBJ_TRIGGER);
   261:     copy_proto_script(&obj_proto[robj_num], obj, OBJ_TRIGGER);"
"src\oedit.c","560","oedit_disp_val4_menu","case default","DESTRUCTIVE_REVIEW","delete/purge/extract/remove/free operation","  default:
    oedit_disp_menu(d);
  }
}

/* Object type. */
static void oedit_disp_type_menu(struct descriptor_data *d)
{
  int counter, columns = 0;

  get_char_colors(d->character);
  clear_screen(d);

  for (counter = 0; counter < NUM_ITEM_TYPES; counter++) {
    write_to_output(d, ""%s%2d%s) %-20.20s %s"", grn, counter, nrm,
		item_types[counter], !(++columns % 2) ? ""\r\n"" : """");
  }
  write_to_output(d, ""\r\nEnter object type : "");
}

/* Object extra flags. */
static void oedit_format_extra_flags(struct obj_data *obj, char *bits, size_t bits_size)
{
  int display_flags[EF_ARRAY_MAX];

  memcpy(display_flags, GET_OBJ_EXTRA(obj), sizeof(display_flags));
  REMOVE_BIT_AR(display_flags, ITEM_OFFHAND);
  REMOVE_BIT_AR(display_flags, ITEM_TWO_HANDER);
  sprintbitarray(display_flags, extra_bits, EF_ARRAY_MAX, bits);
  bits[bits_size - 1] = '\0';
}

static void oedit_format_wear_flags(struct obj_data *obj, char *bits, size_t bits_size)
{
  sprintbitarray(GET_OBJ_WEAR(obj), wear_bits, TW_ARRAY_MAX, bits);
  if (OBJ_FLAGGED(obj, ITEM_OFFHAND))
    strlcat(bits, "" OFFHAND"", bits_size);
  if (OBJ_FLAGGED(obj, ITEM_TWO_HANDER))
    strlcat(bits, "" TWO-HANDED"", bits_size);
}

static int oedit_extra_flag_from_menu_choice(int choice)
{
  int flag, visible_choice = 0;

  for (flag = 0; flag < NUM_ITEM_FLAGS; flag++) {
    if (flag == ITEM_OFFHAND || flag == ITEM_TWO_HANDER)
      continue;
    if (++visible_choice == choice)
      return flag;"
"src\oedit.c","586","oedit_format_extra_flags","line","DESTRUCTIVE_REVIEW","delete/purge/extract/remove/free operation","   584: 
   585:   memcpy(display_flags, GET_OBJ_EXTRA(obj), sizeof(display_flags));
   586:   REMOVE_BIT_AR(display_flags, ITEM_OFFHAND);
   587:   REMOVE_BIT_AR(display_flags, ITEM_TWO_HANDER);
   588:   sprintbitarray(display_flags, extra_bits, EF_ARRAY_MAX, bits);
   589:   bits[bits_size - 1] = '\0';"
"src\oedit.c","587","oedit_format_extra_flags","line","DESTRUCTIVE_REVIEW","delete/purge/extract/remove/free operation","   585:   memcpy(display_flags, GET_OBJ_EXTRA(obj), sizeof(display_flags));
   586:   REMOVE_BIT_AR(display_flags, ITEM_OFFHAND);
   587:   REMOVE_BIT_AR(display_flags, ITEM_TWO_HANDER);
   588:   sprintbitarray(display_flags, extra_bits, EF_ARRAY_MAX, bits);
   589:   bits[bits_size - 1] = '\0';
   590: }"
"src\oedit.c","894","oedit_parse","case 'E'","DESTRUCTIVE_REVIEW","data cleared/reset on code path | OLC/object/flag mutation","    case 'E':
      /* If extra descriptions don't exist. */
      if (OLC_OBJ(d)->ex_description == NULL) {
	CREATE(OLC_OBJ(d)->ex_description, struct extra_descr_data, 1);
	OLC_OBJ(d)->ex_description->next = NULL;
      }
      OLC_DESC(d) = OLC_OBJ(d)->ex_description;
      oedit_disp_extradesc_menu(d);
      break;"
"src\oedit.c","896","oedit_parse","line","DESTRUCTIVE_REVIEW","data cleared/reset on code path | OLC/object/flag mutation","   894:     case 'E':
   895:       /* If extra descriptions don't exist. */
   896:       if (OLC_OBJ(d)->ex_description == NULL) {
   897: 	CREATE(OLC_OBJ(d)->ex_description, struct extra_descr_data, 1);
   898: 	OLC_OBJ(d)->ex_description->next = NULL;
   899:       }"
"src\oedit.c","898","oedit_parse","line","DESTRUCTIVE_REVIEW","data cleared/reset on code path | OLC/object/flag mutation","   896:       if (OLC_OBJ(d)->ex_description == NULL) {
   897: 	CREATE(OLC_OBJ(d)->ex_description, struct extra_descr_data, 1);
   898: 	OLC_OBJ(d)->ex_description->next = NULL;
   899:       }
   900:       OLC_DESC(d) = OLC_OBJ(d)->ex_description;
   901:       oedit_disp_extradesc_menu(d);"
"src\oedit.c","948","oedit_parse","line","DESTRUCTIVE_REVIEW","delete/purge/extract/remove/free operation","   946:       break;
   947:     if (OLC_OBJ(d)->name)
   948:       free(OLC_OBJ(d)->name);
   949:     OLC_OBJ(d)->name = str_udup(arg);
   950:     break;
   951: "
"src\oedit.c","956","oedit_parse","line","DESTRUCTIVE_REVIEW","delete/purge/extract/remove/free operation","   954:       break;
   955:     if (OLC_OBJ(d)->short_description)
   956:       free(OLC_OBJ(d)->short_description);
   957:     OLC_OBJ(d)->short_description = str_udup(arg);
   958:     break;
   959: "
"src\oedit.c","964","oedit_parse","line","DESTRUCTIVE_REVIEW","delete/purge/extract/remove/free operation","   962:       break;
   963:     if (OLC_OBJ(d)->description)
   964:       free(OLC_OBJ(d)->description);
   965:     OLC_OBJ(d)->description = str_udup(arg);
   966:     break;
   967: "
"src\oedit.c","1004","oedit_parse","line","DESTRUCTIVE_REVIEW","delete/purge/extract/remove/free operation","  1002:       if (number == NUM_ITEM_WEARS + 1) {
  1003:         if (!OBJ_FLAGGED(OLC_OBJ(d), ITEM_OFFHAND) && OBJ_FLAGGED(OLC_OBJ(d), ITEM_TWO_HANDER)) {
  1004:           REMOVE_BIT_AR(GET_OBJ_EXTRA(OLC_OBJ(d)), ITEM_TWO_HANDER);
  1005:           write_to_output(d, ""TWO-HANDED cleared: OFFHAND weapons must be one-handed.\r\n"");
  1006:         }
  1007:         TOGGLE_BIT_AR(GET_OBJ_EXTRA(OLC_OBJ(d)), ITEM_OFFHAND);"
"src\oedit.c","1010","oedit_parse","line","DESTRUCTIVE_REVIEW","delete/purge/extract/remove/free operation","  1008:       } else if (number == NUM_ITEM_WEARS + 2) {
  1009:         if (!OBJ_FLAGGED(OLC_OBJ(d), ITEM_TWO_HANDER) && OBJ_FLAGGED(OLC_OBJ(d), ITEM_OFFHAND)) {
  1010:           REMOVE_BIT_AR(GET_OBJ_EXTRA(OLC_OBJ(d)), ITEM_OFFHAND);
  1011:           write_to_output(d, ""OFFHAND cleared: TWO-HANDED weapons require both hands.\r\n"");
  1012:         }
  1013:         TOGGLE_BIT_AR(GET_OBJ_EXTRA(OLC_OBJ(d)), ITEM_TWO_HANDER);"
"src\oedit.c","1230","oedit_parse","case OEDIT_EXTRADESC_KEY","DESTRUCTIVE_REVIEW","delete/purge/extract/remove/free operation | OLC/object/flag mutation","  case OEDIT_EXTRADESC_KEY:
    if (genolc_checkstring(d, arg)) {
      if (OLC_DESC(d)->keyword)
        free(OLC_DESC(d)->keyword);
      OLC_DESC(d)->keyword = str_udup(arg);
    }
    oedit_disp_extradesc_menu(d);
    return;"
"src\oedit.c","1233","oedit_parse","line","DESTRUCTIVE_REVIEW","delete/purge/extract/remove/free operation","  1231:     if (genolc_checkstring(d, arg)) {
  1232:       if (OLC_DESC(d)->keyword)
  1233:         free(OLC_DESC(d)->keyword);
  1234:       OLC_DESC(d)->keyword = str_udup(arg);
  1235:     }
  1236:     oedit_disp_extradesc_menu(d);"
"src\oedit.c","1241","oedit_parse","case 0","DESTRUCTIVE_REVIEW","delete/purge/extract/remove/free operation | OLC/object/flag mutation","    case 0:
      if (!OLC_DESC(d)->keyword || !OLC_DESC(d)->description) {
        struct extra_descr_data *temp;

	if (OLC_DESC(d)->keyword)
	  free(OLC_DESC(d)->keyword);
	if (OLC_DESC(d)->description)
	  free(OLC_DESC(d)->description);

	/* Clean up pointers */
	REMOVE_FROM_LIST(OLC_DESC(d), OLC_OBJ(d)->ex_description, next);
	free(OLC_DESC(d));
	OLC_DESC(d) = NULL;
      }
    break;"
"src\oedit.c","1246","oedit_parse","line","DESTRUCTIVE_REVIEW","delete/purge/extract/remove/free operation","  1244: 
  1245: 	if (OLC_DESC(d)->keyword)
  1246: 	  free(OLC_DESC(d)->keyword);
  1247: 	if (OLC_DESC(d)->description)
  1248: 	  free(OLC_DESC(d)->description);
  1249: "
"src\oedit.c","1248","oedit_parse","line","DESTRUCTIVE_REVIEW","delete/purge/extract/remove/free operation","  1246: 	  free(OLC_DESC(d)->keyword);
  1247: 	if (OLC_DESC(d)->description)
  1248: 	  free(OLC_DESC(d)->description);
  1249: 
  1250: 	/* Clean up pointers */
  1251: 	REMOVE_FROM_LIST(OLC_DESC(d), OLC_OBJ(d)->ex_description, next);"
"src\oedit.c","1252","oedit_parse","line","DESTRUCTIVE_REVIEW","delete/purge/extract/remove/free operation","  1250: 	/* Clean up pointers */
  1251: 	REMOVE_FROM_LIST(OLC_DESC(d), OLC_OBJ(d)->ex_description, next);
  1252: 	free(OLC_DESC(d));
  1253: 	OLC_DESC(d) = NULL;
  1254:       }
  1255:     break;"
"src\oedit.c","1301","oedit_parse","case OEDIT_DELETE","DESTRUCTIVE_REVIEW","delete/purge/extract/remove/free operation | OLC/object/flag mutation","  case OEDIT_DELETE:
    if (*arg == 'y' || *arg == 'Y') {
      if (delete_object(GET_OBJ_RNUM(OLC_OBJ(d))) != NOTHING)
        write_to_output(d, ""Object deleted.\r\n"");
      else
        write_to_output(d, ""Couldn't delete the object!\r\n"");

      cleanup_olc(d, CLEANUP_ALL);
    } else if (*arg == 'n' || *arg == 'N') {
      oedit_disp_menu(d);
      OLC_MODE(d) = OEDIT_MAIN_MENU;
    } else
      write_to_output(d, ""Please answer 'Y' or 'N': "");
    return;"
"src\oedit.c","1303","oedit_parse","line","DESTRUCTIVE_REVIEW","delete/purge/extract/remove/free operation | OLC/object/flag mutation","  1301:   case OEDIT_DELETE:
  1302:     if (*arg == 'y' || *arg == 'Y') {
  1303:       if (delete_object(GET_OBJ_RNUM(OLC_OBJ(d))) != NOTHING)
  1304:         write_to_output(d, ""Object deleted.\r\n"");
  1305:       else
  1306:         write_to_output(d, ""Couldn't delete the object!\r\n"");"
"src\players.c","194","remove_player_from_index","line","DESTRUCTIVE_REVIEW","delete/purge/extract/remove/free operation","   192: 
   193:   /* We only need to free the name string */
   194:   free(PT_PNAME(pos));
   195: 
   196:   /* Move every other item in the list down the index */
   197:   for (i = pos+1; i <= top_of_p_table; i++) {"
"src\players.c","213","remove_player_from_index","line","DESTRUCTIVE_REVIEW","delete/purge/extract/remove/free operation","   211:     RECREATE(player_table, struct player_index_element, (top_of_p_table+1));
   212:   else {
   213:     free(player_table);
   214:     player_table = NULL;
   215:   }
   216: }"
"src\players.c","263","free_player_index","line","DESTRUCTIVE_REVIEW","delete/purge/extract/remove/free operation","   261:   for (tp = 0; tp <= top_of_p_table; tp++)
   262:     if (player_table[tp].name)
   263:       free(player_table[tp].name);
   264: 
   265:   free(player_table);
   266:   player_table = NULL;"
"src\players.c","265","free_player_index","line","DESTRUCTIVE_REVIEW","delete/purge/extract/remove/free operation","   263:       free(player_table[tp].name);
   264: 
   265:   free(player_table);
   266:   player_table = NULL;
   267:   top_of_p_table = -1;
   268: }"
"src\players.c","645","load_char","case 'H'","DESTRUCTIVE_REVIEW","delete/purge/extract/remove/free operation","      case 'H':
	     if (!strcmp(tag, ""Hit ""))	load_HMVS(ch, line, LOAD_HIT);
	else if (!strcmp(tag, ""Hite""))	GET_HEIGHT(ch)		= atoi(line);
        else if (!strcmp(tag, ""Host"")) {
          if (GET_HOST(ch))
            free(GET_HOST(ch));
          GET_HOST(ch) = strdup(line);
        }
        else if (!strcmp(tag, ""Hrol""))	GET_HITROLL(ch)		= atoi(line);
	else if (!strcmp(tag, ""Hung""))	GET_COND(ch, HUNGER)	= atoi(line);
	break;"
"src\players.c","650","load_char","line","DESTRUCTIVE_REVIEW","delete/purge/extract/remove/free operation","   648:         else if (!strcmp(tag, ""Host"")) {
   649:           if (GET_HOST(ch))
   650:             free(GET_HOST(ch));
   651:           GET_HOST(ch) = strdup(line);
   652:         }
   653:         else if (!strcmp(tag, ""Hrol""))	GET_HITROLL(ch)		= atoi(line);"
"src\players.c","894","save_char","line","DESTRUCTIVE_REVIEW","delete/purge/extract/remove/free operation","   892:         GET_HOST(ch) = strdup(ch->desc->host);
   893:       else if (GET_HOST(ch) && strcmp(GET_HOST(ch), ch->desc->host)) {
   894:         free(GET_HOST(ch));
   895:         GET_HOST(ch) = strdup(ch->desc->host);
   896:       }
   897:     }"
"src\players.c","1242","save_char","line","DESTRUCTIVE_REVIEW","delete/purge/extract/remove/free operation","  1240:     SET_BIT(player_table[id].flags, PINDEX_DELETED);
  1241:   else
  1242:     REMOVE_BIT(player_table[id].flags, PINDEX_DELETED);
  1243:   if (PLR_FLAGGED(ch, PLR_NODELETE))
  1244:     SET_BIT(player_table[id].flags, PINDEX_NODELETE);
  1245:   else"
"src\players.c","1246","save_char","line","DESTRUCTIVE_REVIEW","delete/purge/extract/remove/free operation","  1244:     SET_BIT(player_table[id].flags, PINDEX_NODELETE);
  1245:   else
  1246:     REMOVE_BIT(player_table[id].flags, PINDEX_NODELETE);
  1247: 
  1248:   if (PLR_FLAGGED(ch, PLR_FROZEN) || PLR_FLAGGED(ch, PLR_NOWIZLIST))
  1249:     SET_BIT(player_table[id].flags, PINDEX_NOWIZLIST);"
"src\players.c","1251","save_char","line","DESTRUCTIVE_REVIEW","delete/purge/extract/remove/free operation","  1249:     SET_BIT(player_table[id].flags, PINDEX_NOWIZLIST);
  1250:   else
  1251:     REMOVE_BIT(player_table[id].flags, PINDEX_NOWIZLIST);
  1252: 
  1253:   if (player_table[id].flags != i || save_index)
  1254:     if (!save_player_index())"
"src\prefedit.c","526","prefedit_parse","line","DESTRUCTIVE_REVIEW","delete/purge/extract/remove/free operation","   524:       return;
   525:     }
   526:     REMOVE_BIT_AR(PREFEDIT_GET_FLAGS, PRF_COLOR_1);
   527:     REMOVE_BIT_AR(PREFEDIT_GET_FLAGS, PRF_COLOR_2);
   528:     if (number % 2)   SET_BIT_AR(PREFEDIT_GET_FLAGS, PRF_COLOR_1);
   529:     if (number >= 2)  SET_BIT_AR(PREFEDIT_GET_FLAGS, PRF_COLOR_2);"
"src\prefedit.c","527","prefedit_parse","line","DESTRUCTIVE_REVIEW","delete/purge/extract/remove/free operation","   525:     }
   526:     REMOVE_BIT_AR(PREFEDIT_GET_FLAGS, PRF_COLOR_1);
   527:     REMOVE_BIT_AR(PREFEDIT_GET_FLAGS, PRF_COLOR_2);
   528:     if (number % 2)   SET_BIT_AR(PREFEDIT_GET_FLAGS, PRF_COLOR_1);
   529:     if (number >= 2)  SET_BIT_AR(PREFEDIT_GET_FLAGS, PRF_COLOR_2);
   530: "
"src\prefedit.c","680","prefedit_parse","line","DESTRUCTIVE_REVIEW","delete/purge/extract/remove/free operation","   678: 
   679:     if ((number % 2) == 1) SET_BIT_AR(PREFEDIT_GET_FLAGS, PRF_LOG1);
   680:     else                   REMOVE_BIT_AR(PREFEDIT_GET_FLAGS, PRF_LOG1);
   681: 
   682:     if (number >= 2) SET_BIT_AR(PREFEDIT_GET_FLAGS, PRF_LOG2);
   683:     else             REMOVE_BIT_AR(PREFEDIT_GET_FLAGS, PRF_LOG2);"
"src\prefedit.c","683","prefedit_parse","line","DESTRUCTIVE_REVIEW","delete/purge/extract/remove/free operation","   681: 
   682:     if (number >= 2) SET_BIT_AR(PREFEDIT_GET_FLAGS, PRF_LOG2);
   683:     else             REMOVE_BIT_AR(PREFEDIT_GET_FLAGS, PRF_LOG2);
   684: 
   685:     break;
   686: "
"src\prefedit.c","702","prefedit_Restore_Defaults","line","DESTRUCTIVE_REVIEW","delete/purge/extract/remove/free operation","   700:   /* PRF_BRIEF      - Off */
   701:   if (PREFEDIT_FLAGGED(PRF_BRIEF))
   702:      REMOVE_BIT_AR(PREFEDIT_GET_FLAGS, PRF_BRIEF);
   703: 
   704:   /* PRF_COMPACT    - Off */
   705:   if (PREFEDIT_FLAGGED(PRF_COMPACT))"
"src\prefedit.c","706","prefedit_Restore_Defaults","line","DESTRUCTIVE_REVIEW","delete/purge/extract/remove/free operation","   704:   /* PRF_COMPACT    - Off */
   705:   if (PREFEDIT_FLAGGED(PRF_COMPACT))
   706:      REMOVE_BIT_AR(PREFEDIT_GET_FLAGS, PRF_COMPACT);
   707: 
   708:   /* PRF_NOSHOUT       - Off */
   709:   if (PREFEDIT_FLAGGED(PRF_NOSHOUT))"
"src\prefedit.c","710","prefedit_Restore_Defaults","line","DESTRUCTIVE_REVIEW","delete/purge/extract/remove/free operation","   708:   /* PRF_NOSHOUT       - Off */
   709:   if (PREFEDIT_FLAGGED(PRF_NOSHOUT))
   710:      REMOVE_BIT_AR(PREFEDIT_GET_FLAGS, PRF_NOSHOUT);
   711: 
   712:   /* PRF_NOTELL     - Off */
   713:   if (PREFEDIT_FLAGGED(PRF_NOTELL))"
"src\prefedit.c","714","prefedit_Restore_Defaults","line","DESTRUCTIVE_REVIEW","delete/purge/extract/remove/free operation","   712:   /* PRF_NOTELL     - Off */
   713:   if (PREFEDIT_FLAGGED(PRF_NOTELL))
   714:      REMOVE_BIT_AR(PREFEDIT_GET_FLAGS, PRF_NOTELL);
   715: 
   716:   /* PRF_AUTOEXIT   - On */
   717:   if (!PREFEDIT_FLAGGED(PRF_AUTOEXIT))"
"src\prefedit.c","724","prefedit_Restore_Defaults","line","DESTRUCTIVE_REVIEW","delete/purge/extract/remove/free operation","   722:      SET_BIT_AR(PREFEDIT_GET_FLAGS, PRF_NOHASSLE);
   723:   else
   724:      REMOVE_BIT_AR(PREFEDIT_GET_FLAGS, PRF_NOHASSLE);
   725: 
   726:   /* PRF_QUEST      - Off */
   727:   if (PREFEDIT_FLAGGED(PRF_QUEST))"
"src\prefedit.c","728","prefedit_Restore_Defaults","line","DESTRUCTIVE_REVIEW","delete/purge/extract/remove/free operation","   726:   /* PRF_QUEST      - Off */
   727:   if (PREFEDIT_FLAGGED(PRF_QUEST))
   728:      REMOVE_BIT_AR(PREFEDIT_GET_FLAGS, PRF_QUEST);
   729: 
   730:   /* PRF_SUMMONABLE - Off */
   731:   if (PREFEDIT_FLAGGED(PRF_SUMMONABLE))"
"src\prefedit.c","732","prefedit_Restore_Defaults","line","DESTRUCTIVE_REVIEW","delete/purge/extract/remove/free operation","   730:   /* PRF_SUMMONABLE - Off */
   731:   if (PREFEDIT_FLAGGED(PRF_SUMMONABLE))
   732:      REMOVE_BIT_AR(PREFEDIT_GET_FLAGS, PRF_SUMMONABLE);
   733: 
   734:   /* PRF_NOREPEAT   - Off */
   735:   if (PREFEDIT_FLAGGED(PRF_NOREPEAT))"
"src\prefedit.c","736","prefedit_Restore_Defaults","line","DESTRUCTIVE_REVIEW","delete/purge/extract/remove/free operation","   734:   /* PRF_NOREPEAT   - Off */
   735:   if (PREFEDIT_FLAGGED(PRF_NOREPEAT))
   736:      REMOVE_BIT_AR(PREFEDIT_GET_FLAGS, PRF_NOREPEAT);
   737: 
   738:   /* PRF_HOLYLIGHT  - On for Imms */
   739:   if (!PREFEDIT_FLAGGED(PRF_HOLYLIGHT) && GET_LEVEL(PREFEDIT_GET_CHAR) > LVL_IMMORT)"
"src\prefedit.c","742","prefedit_Restore_Defaults","line","DESTRUCTIVE_REVIEW","delete/purge/extract/remove/free operation","   740:      SET_BIT_AR(PREFEDIT_GET_FLAGS, PRF_HOLYLIGHT);
   741:   else
   742:      REMOVE_BIT_AR(PREFEDIT_GET_FLAGS, PRF_HOLYLIGHT);
   743: 
   744:   /* PRF_COLOR      - On (Complete) */
   745:   if (!PREFEDIT_FLAGGED(PRF_COLOR_1))"
"src\prefedit.c","752","prefedit_Restore_Defaults","line","DESTRUCTIVE_REVIEW","delete/purge/extract/remove/free operation","   750:   /* PRF_NOWIZ      - Off */
   751:   if (PREFEDIT_FLAGGED(PRF_NOWIZ))
   752:      REMOVE_BIT_AR(PREFEDIT_GET_FLAGS, PRF_NOWIZ);
   753: 
   754:   /* PRF_LOG1       - Off */
   755:   if (PREFEDIT_FLAGGED(PRF_LOG1))"
"src\prefedit.c","756","prefedit_Restore_Defaults","line","DESTRUCTIVE_REVIEW","delete/purge/extract/remove/free operation","   754:   /* PRF_LOG1       - Off */
   755:   if (PREFEDIT_FLAGGED(PRF_LOG1))
   756:      REMOVE_BIT_AR(PREFEDIT_GET_FLAGS, PRF_LOG1);
   757: 
   758:   /* PRF_LOG2       - Off */
   759:   if (PREFEDIT_FLAGGED(PRF_LOG2))"
"src\prefedit.c","760","prefedit_Restore_Defaults","line","DESTRUCTIVE_REVIEW","delete/purge/extract/remove/free operation","   758:   /* PRF_LOG2       - Off */
   759:   if (PREFEDIT_FLAGGED(PRF_LOG2))
   760:      REMOVE_BIT_AR(PREFEDIT_GET_FLAGS, PRF_LOG2);
   761: 
   762:   /* PRF_NOAUCT     - Off */
   763:   if (PREFEDIT_FLAGGED(PRF_NOAUCT))"
"src\prefedit.c","764","prefedit_Restore_Defaults","line","DESTRUCTIVE_REVIEW","delete/purge/extract/remove/free operation","   762:   /* PRF_NOAUCT     - Off */
   763:   if (PREFEDIT_FLAGGED(PRF_NOAUCT))
   764:      REMOVE_BIT_AR(PREFEDIT_GET_FLAGS, PRF_NOAUCT);
   765: 
   766:   /* PRF_NOGOSS     - Off */
   767:   if (PREFEDIT_FLAGGED(PRF_NOGOSS))"
"src\prefedit.c","768","prefedit_Restore_Defaults","line","DESTRUCTIVE_REVIEW","delete/purge/extract/remove/free operation","   766:   /* PRF_NOGOSS     - Off */
   767:   if (PREFEDIT_FLAGGED(PRF_NOGOSS))
   768:      REMOVE_BIT_AR(PREFEDIT_GET_FLAGS, PRF_NOGOSS);
   769: 
   770:   /* PRF_NOGRATZ    - Off */
   771:   if (PREFEDIT_FLAGGED(PRF_NOGRATZ))"
"src\prefedit.c","772","prefedit_Restore_Defaults","line","DESTRUCTIVE_REVIEW","delete/purge/extract/remove/free operation","   770:   /* PRF_NOGRATZ    - Off */
   771:   if (PREFEDIT_FLAGGED(PRF_NOGRATZ))
   772:      REMOVE_BIT_AR(PREFEDIT_GET_FLAGS, PRF_NOGRATZ);
   773: 
   774:   /* PRF_SHOWVNUMS  - On for Imms */
   775:   if (!PREFEDIT_FLAGGED(PRF_SHOWVNUMS) && GET_LEVEL(PREFEDIT_GET_CHAR) > LVL_IMMORT)"
"src\prefedit.c","778","prefedit_Restore_Defaults","line","DESTRUCTIVE_REVIEW","delete/purge/extract/remove/free operation","   776:      SET_BIT_AR(PREFEDIT_GET_FLAGS, PRF_SHOWVNUMS);
   777:   else
   778:      REMOVE_BIT_AR(PREFEDIT_GET_FLAGS, PRF_SHOWVNUMS);
   779: 
   780:   /* PRF_CLS - Off */
   781:   if (PREFEDIT_FLAGGED(PRF_CLS))"
"src\prefedit.c","782","prefedit_Restore_Defaults","line","DESTRUCTIVE_REVIEW","delete/purge/extract/remove/free operation","   780:   /* PRF_CLS - Off */
   781:   if (PREFEDIT_FLAGGED(PRF_CLS))
   782:      REMOVE_BIT_AR(PREFEDIT_GET_FLAGS, PRF_CLS);
   783: 
   784:   /* PRF_AFK - Off */
   785:   if (PREFEDIT_FLAGGED(PRF_AFK))"
"src\prefedit.c","786","prefedit_Restore_Defaults","line","DESTRUCTIVE_REVIEW","delete/purge/extract/remove/free operation","   784:   /* PRF_AFK - Off */
   785:   if (PREFEDIT_FLAGGED(PRF_AFK))
   786:      REMOVE_BIT_AR(PREFEDIT_GET_FLAGS, PRF_AFK);
   787: 
   788:   /* PRF_AUTOLOOT   - On */
   789:   if (!PREFEDIT_FLAGGED(PRF_AUTOLOOT))"
"src\prefedit.c","798","prefedit_Restore_Defaults","line","DESTRUCTIVE_REVIEW","delete/purge/extract/remove/free operation","   796:   /* PRF_AUTOSPLIT  - Off */
   797:   if (PREFEDIT_FLAGGED(PRF_AUTOSPLIT))
   798:      REMOVE_BIT_AR(PREFEDIT_GET_FLAGS, PRF_AUTOSPLIT);
   799: 
   800:   /* PRF_AUTOSAC    - Off */
   801:   if (PREFEDIT_FLAGGED(PRF_AUTOSAC))"
"src\prefedit.c","802","prefedit_Restore_Defaults","line","DESTRUCTIVE_REVIEW","delete/purge/extract/remove/free operation","   800:   /* PRF_AUTOSAC    - Off */
   801:   if (PREFEDIT_FLAGGED(PRF_AUTOSAC))
   802:      REMOVE_BIT_AR(PREFEDIT_GET_FLAGS, PRF_AUTOSAC);
   803: 
   804:   /* PRF_AUTOASSIST - Off */
   805:   if (PREFEDIT_FLAGGED(PRF_AUTOASSIST))"
"src\prefedit.c","806","prefedit_Restore_Defaults","line","DESTRUCTIVE_REVIEW","delete/purge/extract/remove/free operation","   804:   /* PRF_AUTOASSIST - Off */
   805:   if (PREFEDIT_FLAGGED(PRF_AUTOASSIST))
   806:      REMOVE_BIT_AR(PREFEDIT_GET_FLAGS, PRF_AUTOASSIST);
   807: 
   808:   /* PRF_AUTOMAP    - On */
   809:   if (PREFEDIT_FLAGGED(PRF_AUTOMAP))"
"src\prefedit.c","896","prefedit_Restore_Defaults","line","DESTRUCTIVE_REVIEW","delete/purge/extract/remove/free operation","   894:   if (d->olc) {
   895:     mudlog(BRF, LVL_IMMORT, TRUE, ""SYSERR: do_oasis_prefedit: Player already had olc structure."");
   896:     free(d->olc);
   897:   }
   898: 
   899:   CREATE(d->olc, struct oasis_olc_data, 1);"
"src\protocol.c","350","ProtocolDestroy","line","DESTRUCTIVE_REVIEW","delete/purge/extract/remove/free operation","   348:    {
   349:       if (apProtocol->pVariables[i]->pValueString)
   350:         free(apProtocol->pVariables[i]->pValueString);
   351:       free(apProtocol->pVariables[i]);
   352:    }
   353: "
"src\protocol.c","351","ProtocolDestroy","line","DESTRUCTIVE_REVIEW","delete/purge/extract/remove/free operation","   349:       if (apProtocol->pVariables[i]->pValueString)
   350:         free(apProtocol->pVariables[i]->pValueString);
   351:       free(apProtocol->pVariables[i]);
   352:    }
   353: 
   354:    free(apProtocol->pVariables);"
"src\protocol.c","354","ProtocolDestroy","line","DESTRUCTIVE_REVIEW","delete/purge/extract/remove/free operation","   352:    }
   353: 
   354:    free(apProtocol->pVariables);
   355:    if (apProtocol->pLastTTYPE) /* Isn't saved over copyover so may still be NULL */
   356:      free(apProtocol->pLastTTYPE);
   357:    free(apProtocol->pMXPVersion);"
"src\protocol.c","356","ProtocolDestroy","line","DESTRUCTIVE_REVIEW","delete/purge/extract/remove/free operation","   354:    free(apProtocol->pVariables);
   355:    if (apProtocol->pLastTTYPE) /* Isn't saved over copyover so may still be NULL */
   356:      free(apProtocol->pLastTTYPE);
   357:    free(apProtocol->pMXPVersion);
   358:    free(apProtocol);
   359: }"
"src\protocol.c","357","ProtocolDestroy","line","DESTRUCTIVE_REVIEW","delete/purge/extract/remove/free operation","   355:    if (apProtocol->pLastTTYPE) /* Isn't saved over copyover so may still be NULL */
   356:      free(apProtocol->pLastTTYPE);
   357:    free(apProtocol->pMXPVersion);
   358:    free(apProtocol);
   359: }
   360: "
"src\protocol.c","358","ProtocolDestroy","line","DESTRUCTIVE_REVIEW","delete/purge/extract/remove/free operation","   356:      free(apProtocol->pLastTTYPE);
   357:    free(apProtocol->pMXPVersion);
   358:    free(apProtocol);
   359: }
   360: 
   361: ssize_t ProtocolInput( descriptor_t *apDescriptor, char *apData, int aSize, char *apOut )"
"src\protocol.c","423","ProtocolInput","line","DESTRUCTIVE_REVIEW","delete/purge/extract/remove/free operation","   421:          {
   422:             /* Overwrite the previous client name - this is harder to fake */
   423:             free(pProtocol->pVariables[eMSDP_CLIENT_ID]->pValueString);
   424:             pProtocol->pVariables[eMSDP_CLIENT_ID]->pValueString = AllocString(pMXPTag);
   425:          }
   426: "
"src\protocol.c","433","ProtocolInput","line","DESTRUCTIVE_REVIEW","delete/purge/extract/remove/free operation","   431:             InfoMessage(apDescriptor, ""Receiving MXP Version From Client.\r\n"");
   432: 
   433:             free(pProtocol->pVariables[eMSDP_CLIENT_VERSION]->pValueString);
   434:             pProtocol->pVariables[eMSDP_CLIENT_VERSION]->pValueString = AllocString(pMXPTag);
   435: 
   436:             if ( MatchString( ""MUSHCLIENT"", pClientName ) )"
"src\protocol.c","471","ProtocolInput","line","DESTRUCTIVE_REVIEW","delete/purge/extract/remove/free operation","   469:          if ( ( pMXPTag = GetMxpTag( ""MXP="", MXPBuffer ) ) != NULL )
   470:          {
   471:             free(pProtocol->pMXPVersion);
   472:             pProtocol->pMXPVersion = AllocString(pMXPTag);
   473:          }
   474:  "
"src\protocol.c","1252","MSDPSetString","line","DESTRUCTIVE_REVIEW","delete/purge/extract/remove/free operation","  1250:          if ( strcmp(pProtocol->pVariables[aMSDP]->pValueString, apValue) )
  1251:          {
  1252:             free(pProtocol->pVariables[aMSDP]->pValueString);
  1253:             pProtocol->pVariables[aMSDP]->pValueString = AllocString(apValue);
  1254:             pProtocol->pVariables[aMSDP]->bDirty = true;
  1255:          }"
"src\protocol.c","1284","MSDPSetTable","line","DESTRUCTIVE_REVIEW","delete/purge/extract/remove/free operation","  1282:          if ( strcmp(pProtocol->pVariables[aMSDP]->pValueString, pTable) )
  1283:          {
  1284:             free(pProtocol->pVariables[aMSDP]->pValueString);
  1285:             pProtocol->pVariables[aMSDP]->pValueString = pTable;
  1286:             pProtocol->pVariables[aMSDP]->bDirty = true;
  1287:          }"
"src\protocol.c","1290","MSDPSetTable","line","DESTRUCTIVE_REVIEW","delete/purge/extract/remove/free operation","  1288:          else /* Just discard the table, we've already got one */
  1289:          {
  1290:             free(pTable);
  1291:          }
  1292:       }
  1293:    }"
"src\protocol.c","1320","MSDPSetArray","line","DESTRUCTIVE_REVIEW","delete/purge/extract/remove/free operation","  1318:          if ( strcmp(pProtocol->pVariables[aMSDP]->pValueString, pArray) )
  1319:          {
  1320:             free(pProtocol->pVariables[aMSDP]->pValueString);
  1321:             pProtocol->pVariables[aMSDP]->pValueString = pArray;
  1322:             pProtocol->pVariables[aMSDP]->bDirty = true;
  1323:          }"
"src\protocol.c","1326","MSDPSetArray","line","DESTRUCTIVE_REVIEW","delete/purge/extract/remove/free operation","  1324:          else /* Just discard the array, we've already got one */
  1325:          {
  1326:             free(pArray);
  1327:          }
  1328:       }
  1329:    }"
"src\protocol.c","1697","PerformSubnegotiation","case (char)TELOPT_TTYPE","DESTRUCTIVE_REVIEW","delete/purge/extract/remove/free operation","      case (char)TELOPT_TTYPE:
         if ( pProtocol->bTTYPE )
         {
            /* Store the client name. */
            const int MaxClientLength = 64;
            char *pClientName = alloca(MaxClientLength+1);
            int i = 0, j = 1;
            bool_t bStopCyclicTTYPE = false;

            for ( ; apData[j] != '\0' && i < MaxClientLength; ++j )
            {
               if ( isprint(apData[j]) )
                  pClientName[i++] = apData[j];
            }
            pClientName[i] = '\0';

            /* Store the first TTYPE as the client name */
            if ( !strcmp(pProtocol->pVariables[eMSDP_CLIENT_ID]->pValueString, ""Unknown"") )
            {
               free(pProtocol->pVariables[eMSDP_CLIENT_ID]->pValueString);
               pProtocol->pVariables[eMSDP_CLIENT_ID]->pValueString = AllocString(pClientName);

               /* This is a bit nasty, but using cyclic TTYPE on windows telnet 
                * causes it to lock up.  None of the clients we need to cycle 
                * with send ANSI to start with anyway, so we shouldn't have any 
                * conflicts.
                * 
                * An alternative solution is to use escape sequences to check 
                * for windows telnet prior to negotiation, and this also avoids 
                * the player losing echo, but it has other issues.  Because the 
                * escape codes are technically in-band, even though they'll be 
                * stripped from the display, the newlines will still cause some 
                * scrolling.  Therefore you need to either pause the session 
                * for a few seconds before displaying the login screen, or wait 
                * until the player has entered their name before negotiating.
                */
               if ( !strcmp(pClientName,""ANSI"") )
                  bStopCyclicTTYPE = true;
            }

            /* Cycle through the TTYPEs until we get the same result twice, or 
             * find ourselves back at the start.
             * 
             * If the client follows RFC1091 properly then it will indicate the 
             * end of the list by repeating the last response, and then return 
             * to the top of the list.  If you're the trusting type, then feel 
             * free to remove the second strcmp ;)
             */
            if ( pProtocol->pLastTTYPE == NULL || 
               (strcmp(pProtocol->pLastTTYPE, pClientName) && 
               strcmp(pProtocol->pVariables[eMSDP_CLIENT_ID]->pValueString, pClientName)) )
            {
               char RequestTTYPE [] = { (char)IAC, (char)SB, TELOPT_TTYPE, SEND, (char)IAC, (char)SE, '\0' };
               const char *pStartPos = strstr( pClientName, ""-"" );

               /* Store the TTYPE */
               if (pProtocol->pLastTTYPE)
                 free(pProtocol->pLastTTYPE);
               pProtocol->pLastTTYPE = AllocString(pClientName);

               /* Look for 256 colour support */
               if ( (pStartPos != NULL && MatchString(pStartPos, ""-256color"")) || MatchString(pClientName, ""xterm"") )
               {
                  /* This is currently the only way to detect support for 256 
                   * colours in TinTin++, WinTin++ and BlowTorch.
                   */
                  pProtocol->pVariables[eMSDP_XTERM_256_COLORS]->ValueInt = 1;
                  pProtocol->b256Support = eYES;
               }

               /* Request another TTYPE */
               if ( !bStopCyclicTTYPE )
                  Write(apDescriptor, RequestTTYPE);
            }

            if ( PrefixString(""MTTS "", pClientName) )
            {
               pProtocol->pVariables[eMSDP_CLIENT_VERSION]->ValueInt = atoi(pClientName+5);

               if (pProtocol->pVariables[eMSDP_CLIENT_VERSION]->ValueInt & 1)
               {
                  pProtocol->pVariables[eMSDP_ANSI_COLORS]->ValueInt = 1;
               }
               if (pProtocol->pVariables[eMSDP_CLIENT_VERSION]->ValueInt & 4)
               {
                  pProtocol->pVariables[eMSDP_UTF_8]->ValueInt = 1;
               }
               if (pProtocol->pVariables[eMSDP_CLIENT_VERSION]->ValueInt & 8)
               {
                  pProtocol->pVariables[eMSDP_XTERM_256_COLORS]->ValueInt = 1;
                  pProtocol->b256Support = eYES;
               }

            }
            else if ( PrefixString(""Mudlet"", pClientName) )
            {
               /* Mudlet beta 15 and later supports 256 colours, but we can't 
                * identify it from the mud - everything prior to 1.1 claims 
                * to be version 1.0, so we just don't know.
                */ 
               pProtocol->b256Support = eSOMETIMES;"
"src\protocol.c","1716","PerformSubnegotiation","line","DESTRUCTIVE_REVIEW","delete/purge/extract/remove/free operation","  1714:             if ( !strcmp(pProtocol->pVariables[eMSDP_CLIENT_ID]->pValueString, ""Unknown"") )
  1715:             {
  1716:                free(pProtocol->pVariables[eMSDP_CLIENT_ID]->pValueString);
  1717:                pProtocol->pVariables[eMSDP_CLIENT_ID]->pValueString = AllocString(pClientName);
  1718: 
  1719:                /* This is a bit nasty, but using cyclic TTYPE on windows telnet "
"src\protocol.c","1754","PerformSubnegotiation","line","DESTRUCTIVE_REVIEW","delete/purge/extract/remove/free operation","  1752:                /* Store the TTYPE */
  1753:                if (pProtocol->pLastTTYPE)
  1754:                  free(pProtocol->pLastTTYPE);
  1755:                pProtocol->pLastTTYPE = AllocString(pClientName);
  1756: 
  1757:                /* Look for 256 colour support */"
"src\protocol.c","1802","PerformSubnegotiation","line","DESTRUCTIVE_REVIEW","delete/purge/extract/remove/free operation","  1800:                {
  1801:                   pClientName[6] = '\0';
  1802:                   free(pProtocol->pVariables[eMSDP_CLIENT_ID]->pValueString);
  1803:                   pProtocol->pVariables[eMSDP_CLIENT_ID]->pValueString = AllocString(pClientName);
  1804:                   free(pProtocol->pVariables[eMSDP_CLIENT_VERSION]->pValueString);
  1805:                   pProtocol->pVariables[eMSDP_CLIENT_VERSION]->pValueString = AllocString(pClientName+7);"
"src\protocol.c","1804","PerformSubnegotiation","line","DESTRUCTIVE_REVIEW","delete/purge/extract/remove/free operation","  1802:                   free(pProtocol->pVariables[eMSDP_CLIENT_ID]->pValueString);
  1803:                   pProtocol->pVariables[eMSDP_CLIENT_ID]->pValueString = AllocString(pClientName);
  1804:                   free(pProtocol->pVariables[eMSDP_CLIENT_VERSION]->pValueString);
  1805:                   pProtocol->pVariables[eMSDP_CLIENT_VERSION]->pValueString = AllocString(pClientName+7);
  1806: 
  1807:                   /* Mudlet 1.1 and later supports 256 colours. */"
"src\protocol.c","1830","PerformSubnegotiation","line","DESTRUCTIVE_REVIEW","delete/purge/extract/remove/free operation","  1828:                {
  1829:                   pClientName[8] = '\0';
  1830:                   free(pProtocol->pVariables[eMSDP_CLIENT_ID]->pValueString);
  1831:                   pProtocol->pVariables[eMSDP_CLIENT_ID]->pValueString = AllocString(pClientName);
  1832:                   free(pProtocol->pVariables[eMSDP_CLIENT_VERSION]->pValueString);
  1833:                   pProtocol->pVariables[eMSDP_CLIENT_VERSION]->pValueString = AllocString(pClientName+9);"
"src\protocol.c","1832","PerformSubnegotiation","line","DESTRUCTIVE_REVIEW","delete/purge/extract/remove/free operation","  1830:                   free(pProtocol->pVariables[eMSDP_CLIENT_ID]->pValueString);
  1831:                   pProtocol->pVariables[eMSDP_CLIENT_ID]->pValueString = AllocString(pClientName);
  1832:                   free(pProtocol->pVariables[eMSDP_CLIENT_VERSION]->pValueString);
  1833:                   pProtocol->pVariables[eMSDP_CLIENT_VERSION]->pValueString = AllocString(pClientName+9);
  1834:                }
  1835:             }"
"src\protocol.c","2118","ExecuteMSDPPair","line","DESTRUCTIVE_REVIEW","delete/purge/extract/remove/free operation","  2116:                         if ( j >= VariableNameTable[i].Min )
  2117:                         {
  2118:                            free(apDescriptor->pProtocol->pVariables[i]->pValueString);
  2119:                            apDescriptor->pProtocol->pVariables[i]->pValueString = AllocString(pBuffer);
  2120:                         }
  2121:                      }"
"src\qedit.c","129","qedit_save_to_disk","line","DESTRUCTIVE_REVIEW","delete/purge/extract/remove/free operation","   127:     mudlog(BRF, LVL_IMMORT, TRUE,
   128:       ""SYSERR: do_oasis_quest: Player already had olc structure."");
   129:     free(d->olc);
   130:   }
   131: 
   132:   CREATE(d->olc, struct oasis_olc_data, 1);"
"src\qedit.c","139","qedit_save_to_disk","line","DESTRUCTIVE_REVIEW","delete/purge/extract/remove/free operation","   137:   if ((OLC_ZNUM(d) = real_zone_by_thing(number)) == NOWHERE) {
   138:     send_to_char(ch, ""Sorry, there is no zone for that number!\r\n"");
   139:     free(d->olc);
   140:     d->olc = NULL;
   141:     return;
   142:   }"
"src\qedit.c","153","qedit_save_to_disk","line","DESTRUCTIVE_REVIEW","delete/purge/extract/remove/free operation","   151:     /** Free the OLC structure.                                              **/
   152:     /**************************************************************************/
   153:     free(d->olc);
   154:     d->olc = NULL;
   155:     return;
   156:   }"
"src\qedit.c","173","qedit_save_to_disk","line","DESTRUCTIVE_REVIEW","delete/purge/extract/remove/free operation","   171:     /** Free the OLC structure.                                              **/
   172:     /**************************************************************************/
   173:     free(d->olc);
   174:     d->olc = NULL;
   175:     return;
   176:   }"
"src\qedit.c","413","qedit_parse","case 'Y'","DESTRUCTIVE_REVIEW","delete/purge/extract/remove/free operation | disk/save operation","        case 'Y':
          if (delete_quest(real_quest(OLC_NUM(d))))
            write_to_output(d, ""Quest deleted.\r\n"");
   else
            write_to_output(d, ""Couldn't delete the quest!\r\n"");
          if (CONFIG_OLC_SAVE) {
            qedit_save_to_disk(real_zone_by_thing(OLC_NUM(d)));
            write_to_output(d, ""Quest file saved to disk.\r\n"");
          } else
            write_to_output(d, ""Quest file saved to memory.\r\n"");
          cleanup_olc(d, CLEANUP_ALL);
   return;"
"src\qedit.c","414","qedit_parse","line","DESTRUCTIVE_REVIEW","delete/purge/extract/remove/free operation","   412:         case 'y':
   413:         case 'Y':
   414:           if (delete_quest(real_quest(OLC_NUM(d))))
   415:             write_to_output(d, ""Quest deleted.\r\n"");
   416:    else
   417:             write_to_output(d, ""Couldn't delete the quest!\r\n"");"
"src\qedit.c","586","qedit_parse","line","DESTRUCTIVE_REVIEW","delete/purge/extract/remove/free operation","   584:         break;
   585:       if (OLC_QUEST(d)->name)
   586:         free(OLC_QUEST(d)->name);
   587:       arg[MAX_QUEST_NAME - 1] = '\0';
   588:       OLC_QUEST(d)->name = str_udup(arg);
   589:       break;"
"src\qedit.c","594","qedit_parse","line","DESTRUCTIVE_REVIEW","delete/purge/extract/remove/free operation","   592:         break;
   593:       if (OLC_QUEST(d)->desc)
   594:         free(OLC_QUEST(d)->desc);
   595:       arg[MAX_QUEST_DESC - 1] = '\0';
   596:       OLC_QUEST(d)->desc = str_udup(arg);
   597:       break;"
"src\quest.c","895","destroy_quests","line","DESTRUCTIVE_REVIEW","delete/purge/extract/remove/free operation","   893:     free_quest_strings(&aquest_table[rnum]);
   894:   }
   895:   free(aquest_table);
   896:   aquest_table = NULL;
   897:   total_quests = 0;
   898: "
"src\quest.c","1038","clear_quest","line","DESTRUCTIVE_REVIEW","delete/purge/extract/remove/free operation","  1036:   GET_QUEST_TIME(ch) = -1;
  1037:   GET_QUEST_COUNTER(ch) = 0;
  1038:   REMOVE_BIT_AR(PRF_FLAGS(ch), PRF_QUEST);
  1039:   return;
  1040: }
  1041: "
"src\quest.c","1055","add_completed_quest","line","DESTRUCTIVE_REVIEW","delete/purge/extract/remove/free operation","  1053: 
  1054:   if (ch->player_specials->saved.completed_quests)
  1055:     free(ch->player_specials->saved.completed_quests);
  1056:   ch->player_specials->saved.completed_quests = temp;
  1057: }
  1058: "
"src\quest.c","1072","remove_completed_quest","line","DESTRUCTIVE_REVIEW","delete/purge/extract/remove/free operation","  1070: 
  1071:   if (ch->player_specials->saved.completed_quests)
  1072:     free(ch->player_specials->saved.completed_quests);
  1073:   ch->player_specials->saved.completed_quests = temp;
  1074: }
  1075: "
"src\quest.h","125","","line","DESTRUCTIVE_REVIEW","delete/purge/extract/remove/free operation","   123: void free_quest(struct aq_data *quest);
   124: int add_quest(struct aq_data *nqst);
   125: int delete_quest(qst_rnum rnum);
   126: int save_quests(zone_rnum zone_num);
   127: 
   128: /* Qedit Connectedness ************************************************ */"
"src\redit.c","111","","line","DESTRUCTIVE_REVIEW","delete/purge/extract/remove/free operation","   109:   if (d->olc) {
   110:     mudlog(BRF, LVL_IMMORT, TRUE, ""SYSERR: do_oasis_redit: Player already had olc structure."");
   111:     free(d->olc);
   112:   }
   113: 
   114:   /* Create the OLC structure. */"
"src\redit.c","121","","line","DESTRUCTIVE_REVIEW","delete/purge/extract/remove/free operation","   119:   if (OLC_ZNUM(d) == NOWHERE) {
   120:     send_to_char(ch, ""Sorry, there is no zone for that number!\r\n"");
   121:     free(d->olc);
   122:     d->olc = NULL;
   123:     return;
   124:   }"
"src\redit.c","130","","line","DESTRUCTIVE_REVIEW","delete/purge/extract/remove/free operation","   128:     send_cannot_edit(ch, zone_table[OLC_ZNUM(d)].number);
   129:     /* Free the OLC structure. */
   130:     free(d->olc);
   131:     d->olc = NULL;
   132:     return;
   133:   }"
"src\redit.c","143","","line","DESTRUCTIVE_REVIEW","delete/purge/extract/remove/free operation","   141: 
   142:     /* Free the olc data from the descriptor. */
   143:     free(d->olc);
   144:     d->olc = NULL;
   145:     return;
   146:   }"
"src\redit.c","310","redit_save_resets","line","DESTRUCTIVE_REVIEW","delete/purge/extract/remove/free operation","   308:     return;
   309: 
   310:   free(zone_table[OLC_ZNUM(d)].cmd);
   311:   zone_table[OLC_ZNUM(d)].cmd = OLC_ZONE(d)->cmd;
   312:   OLC_ZONE(d)->cmd = NULL;
   313:   OLC_ZONE(d)->age = 0;"
"src\redit.c","329","free_room","line","DESTRUCTIVE_REVIEW","delete/purge/extract/remove/free operation","   327: 
   328:   if (SCRIPT(room))
   329:     extract_script(room, WLD_TRIGGER);
   330:   free_proto_script(room, WLD_TRIGGER);
   331: 
   332:   /* Free the room. */"
"src\redit.c","333","free_room","line","DESTRUCTIVE_REVIEW","delete/purge/extract/remove/free operation","   331: 
   332:   /* Free the room. */
   333:   free(room);	/* XXX ? */
   334: }
   335: 
   336: /* Menu functions */"
"src\redit.c","632","redit_find_room_insert_pos","line","DESTRUCTIVE_REVIEW","delete/purge/extract/remove/free operation","   630:   if (count > 0) {
   631:     i = chain_ends[count - 1] + 1;
   632:     free(entries);
   633:     free(chain_ends);
   634:     free(roots);
   635:     return i;"
"src\redit.c","633","redit_find_room_insert_pos","line","DESTRUCTIVE_REVIEW","delete/purge/extract/remove/free operation","   631:     i = chain_ends[count - 1] + 1;
   632:     free(entries);
   633:     free(chain_ends);
   634:     free(roots);
   635:     return i;
   636:   }"
"src\redit.c","634","redit_find_room_insert_pos","line","DESTRUCTIVE_REVIEW","delete/purge/extract/remove/free operation","   632:     free(entries);
   633:     free(chain_ends);
   634:     free(roots);
   635:     return i;
   636:   }
   637: "
"src\redit.c","762","redit_disp_resets_menu","line","DESTRUCTIVE_REVIEW","delete/purge/extract/remove/free operation","   760:   OLC_MODE(d) = REDIT_RESETS_MENU;
   761: 
   762:   if (entries) free(entries);
   763:   if (chain_ends) free(chain_ends);
   764:   if (roots) free(roots);
   765: }"
"src\redit.c","763","redit_disp_resets_menu","line","DESTRUCTIVE_REVIEW","delete/purge/extract/remove/free operation","   761: 
   762:   if (entries) free(entries);
   763:   if (chain_ends) free(chain_ends);
   764:   if (roots) free(roots);
   765: }
   766: "
"src\redit.c","764","redit_disp_resets_menu","line","DESTRUCTIVE_REVIEW","delete/purge/extract/remove/free operation","   762:   if (entries) free(entries);
   763:   if (chain_ends) free(chain_ends);
   764:   if (roots) free(roots);
   765: }
   766: 
   767: /* The main loop*/"
"src\redit.c","960","redit_parse","line","DESTRUCTIVE_REVIEW","delete/purge/extract/remove/free operation","   958:     }
   959:     if (OLC_ROOM(d)->name)
   960:       free(OLC_ROOM(d)->name);
   961:     arg[MAX_ROOM_NAME - 1] = '\0';
   962:     OLC_ROOM(d)->name = str_udup(arg);
   963:     break;"
"src\redit.c","1025","redit_parse","case '6'","DESTRUCTIVE_REVIEW","delete/purge/extract/remove/free operation | OLC/object/flag mutation","    case '6':
      /*
       * Delete an exit.
       */
      if (OLC_EXIT(d)->keyword)
	free(OLC_EXIT(d)->keyword);
      if (OLC_EXIT(d)->general_description)
	free(OLC_EXIT(d)->general_description);
      if (OLC_EXIT(d))
	free(OLC_EXIT(d));
      OLC_EXIT(d) = NULL;
      break;"
"src\redit.c","1030","redit_parse","line","DESTRUCTIVE_REVIEW","delete/purge/extract/remove/free operation","  1028:        */
  1029:       if (OLC_EXIT(d)->keyword)
  1030: 	free(OLC_EXIT(d)->keyword);
  1031:       if (OLC_EXIT(d)->general_description)
  1032: 	free(OLC_EXIT(d)->general_description);
  1033:       if (OLC_EXIT(d))"
"src\redit.c","1032","redit_parse","line","DESTRUCTIVE_REVIEW","delete/purge/extract/remove/free operation","  1030: 	free(OLC_EXIT(d)->keyword);
  1031:       if (OLC_EXIT(d)->general_description)
  1032: 	free(OLC_EXIT(d)->general_description);
  1033:       if (OLC_EXIT(d))
  1034: 	free(OLC_EXIT(d));
  1035:       OLC_EXIT(d) = NULL;"
"src\redit.c","1034","redit_parse","line","DESTRUCTIVE_REVIEW","delete/purge/extract/remove/free operation","  1032: 	free(OLC_EXIT(d)->general_description);
  1033:       if (OLC_EXIT(d))
  1034: 	free(OLC_EXIT(d));
  1035:       OLC_EXIT(d) = NULL;
  1036:       break;
  1037:     default:"
"src\redit.c","1059","redit_parse","case REDIT_EXIT_KEYWORD","DESTRUCTIVE_REVIEW","delete/purge/extract/remove/free operation | OLC/object/flag mutation","  case REDIT_EXIT_KEYWORD:
    if (OLC_EXIT(d)->keyword)
      free(OLC_EXIT(d)->keyword);
    OLC_EXIT(d)->keyword = str_udup(arg);
    redit_disp_exit_menu(d);
    return;"
"src\redit.c","1061","redit_parse","line","DESTRUCTIVE_REVIEW","delete/purge/extract/remove/free operation","  1059:   case REDIT_EXIT_KEYWORD:
  1060:     if (OLC_EXIT(d)->keyword)
  1061:       free(OLC_EXIT(d)->keyword);
  1062:     OLC_EXIT(d)->keyword = str_udup(arg);
  1063:     redit_disp_exit_menu(d);
  1064:     return;"
"src\redit.c","1092","redit_parse","case REDIT_EXTRADESC_KEY","DESTRUCTIVE_REVIEW","delete/purge/extract/remove/free operation | OLC/object/flag mutation","  case REDIT_EXTRADESC_KEY:
    if (genolc_checkstring(d, arg)) {
      if (OLC_DESC(d)->keyword)
        free(OLC_DESC(d)->keyword);
      OLC_DESC(d)->keyword = str_udup(arg);
    }
    redit_disp_extradesc_menu(d);
    return;"
"src\redit.c","1095","redit_parse","line","DESTRUCTIVE_REVIEW","delete/purge/extract/remove/free operation","  1093:     if (genolc_checkstring(d, arg)) {
  1094:       if (OLC_DESC(d)->keyword)
  1095:         free(OLC_DESC(d)->keyword);
  1096:       OLC_DESC(d)->keyword = str_udup(arg);
  1097:     }
  1098:     redit_disp_extradesc_menu(d);"
"src\redit.c","1103","redit_parse","case 0","DESTRUCTIVE_REVIEW","delete/purge/extract/remove/free operation | OLC/object/flag mutation","    case 0:
      /* If something got left out, delete the extra description when backing 
         out to the menu. */
      if (OLC_DESC(d)->keyword == NULL || OLC_DESC(d)->description == NULL) {
	struct extra_descr_data *temp;
	if (OLC_DESC(d)->keyword)
	  free(OLC_DESC(d)->keyword);
	if (OLC_DESC(d)->description)
	  free(OLC_DESC(d)->description);

	/* Clean up pointers. */
	REMOVE_FROM_LIST(OLC_DESC(d), OLC_ROOM(d)->ex_description, next);
	free(OLC_DESC(d));
      }
      break;"
"src\redit.c","1109","redit_parse","line","DESTRUCTIVE_REVIEW","delete/purge/extract/remove/free operation","  1107: 	struct extra_descr_data *temp;
  1108: 	if (OLC_DESC(d)->keyword)
  1109: 	  free(OLC_DESC(d)->keyword);
  1110: 	if (OLC_DESC(d)->description)
  1111: 	  free(OLC_DESC(d)->description);
  1112: "
"src\redit.c","1111","redit_parse","line","DESTRUCTIVE_REVIEW","delete/purge/extract/remove/free operation","  1109: 	  free(OLC_DESC(d)->keyword);
  1110: 	if (OLC_DESC(d)->description)
  1111: 	  free(OLC_DESC(d)->description);
  1112: 
  1113: 	/* Clean up pointers. */
  1114: 	REMOVE_FROM_LIST(OLC_DESC(d), OLC_ROOM(d)->ex_description, next);"
"src\redit.c","1115","redit_parse","line","DESTRUCTIVE_REVIEW","delete/purge/extract/remove/free operation","  1113: 	/* Clean up pointers. */
  1114: 	REMOVE_FROM_LIST(OLC_DESC(d), OLC_ROOM(d)->ex_description, next);
  1115: 	free(OLC_DESC(d));
  1116:       }
  1117:       break;
  1118:     case 1:"
"src\redit.c","1160","redit_parse","case REDIT_DELETE","DESTRUCTIVE_REVIEW","delete/purge/extract/remove/free operation","  case REDIT_DELETE:
    if (*arg == 'y' || *arg == 'Y') {
      if (delete_room(real_room(OLC_ROOM(d)->number)))
        write_to_output(d, ""Room deleted.\r\n"");
     else
        write_to_output(d, ""Couldn't delete the room!.\r\n"");

      cleanup_olc(d, CLEANUP_ALL);
      return;"
"src\redit.c","1162","redit_parse","line","DESTRUCTIVE_REVIEW","delete/purge/extract/remove/free operation","  1160:   case REDIT_DELETE:
  1161:     if (*arg == 'y' || *arg == 'Y') {
  1162:       if (delete_room(real_room(OLC_ROOM(d)->number)))
  1163:         write_to_output(d, ""Room deleted.\r\n"");
  1164:      else
  1165:         write_to_output(d, ""Couldn't delete the room!.\r\n"");"
"src\redit.c","1245","redit_parse","line","DESTRUCTIVE_REVIEW","data cleared/reset on code path","  1243:     }
  1244: 
  1245:     memset(&newcmd, 0, sizeof(newcmd));
  1246:     newcmd.command = 'M';
  1247:     newcmd.if_flag = 0;
  1248:     newcmd.arg1 = mob_num;"
"src\redit.c","1297","redit_parse","line","DESTRUCTIVE_REVIEW","data cleared/reset on code path","  1295:     }
  1296: 
  1297:     memset(&newcmd, 0, sizeof(newcmd));
  1298:     newcmd.command = 'O';
  1299:     newcmd.if_flag = 0;
  1300:     newcmd.arg1 = obj_num;"
"src\redit.c","1327","redit_parse","line","DESTRUCTIVE_REVIEW","delete/purge/extract/remove/free operation","  1325:       write_to_output(d, ""Invalid reset number.\r\n"");
  1326:       redit_disp_resets_menu(d);
  1327:       if (entries) free(entries);
  1328:       if (chain_ends) free(chain_ends);
  1329:       if (roots) free(roots);
  1330:       return;"
"src\redit.c","1328","redit_parse","line","DESTRUCTIVE_REVIEW","delete/purge/extract/remove/free operation","  1326:       redit_disp_resets_menu(d);
  1327:       if (entries) free(entries);
  1328:       if (chain_ends) free(chain_ends);
  1329:       if (roots) free(roots);
  1330:       return;
  1331:     }"
"src\redit.c","1329","redit_parse","line","DESTRUCTIVE_REVIEW","delete/purge/extract/remove/free operation","  1327:       if (entries) free(entries);
  1328:       if (chain_ends) free(chain_ends);
  1329:       if (roots) free(roots);
  1330:       return;
  1331:     }
  1332: "
"src\redit.c","1341","redit_parse","line","DESTRUCTIVE_REVIEW","delete/purge/extract/remove/free operation","  1339:       write_to_output(d, ""Delete the parent room load reset to remove this child reset safely.\r\n"");
  1340:       redit_disp_resets_menu(d);
  1341:       free(entries);
  1342:       free(chain_ends);
  1343:       free(roots);
  1344:       return;"
"src\redit.c","1342","redit_parse","line","DESTRUCTIVE_REVIEW","delete/purge/extract/remove/free operation","  1340:       redit_disp_resets_menu(d);
  1341:       free(entries);
  1342:       free(chain_ends);
  1343:       free(roots);
  1344:       return;
  1345:     }"
"src\redit.c","1343","redit_parse","line","DESTRUCTIVE_REVIEW","delete/purge/extract/remove/free operation","  1341:       free(entries);
  1342:       free(chain_ends);
  1343:       free(roots);
  1344:       return;
  1345:     }
  1346: "
"src\redit.c","1348","redit_parse","line","DESTRUCTIVE_REVIEW","delete/purge/extract/remove/free operation","  1346: 
  1347:     for (i = zone_index; i <= chain_ends[entry - 1]; i++)
  1348:       delete_zone_command(OLC_ZONE(d), zone_index);
  1349: 
  1350:     OLC_ZONE(d)->age = 1;
  1351:     OLC_VAL(d) = 1;"
"src\redit.c","1353","redit_parse","line","DESTRUCTIVE_REVIEW","delete/purge/extract/remove/free operation","  1351:     OLC_VAL(d) = 1;
  1352:     redit_disp_resets_menu(d);
  1353:     free(entries);
  1354:     free(chain_ends);
  1355:     free(roots);
  1356:     return;"
"src\redit.c","1354","redit_parse","line","DESTRUCTIVE_REVIEW","delete/purge/extract/remove/free operation","  1352:     redit_disp_resets_menu(d);
  1353:     free(entries);
  1354:     free(chain_ends);
  1355:     free(roots);
  1356:     return;
  1357:   }"
"src\redit.c","1355","redit_parse","line","DESTRUCTIVE_REVIEW","delete/purge/extract/remove/free operation","  1353:     free(entries);
  1354:     free(chain_ends);
  1355:     free(roots);
  1356:     return;
  1357:   }
  1358: "
"src\sedit.c","118","sedit_save_to_disk","line","DESTRUCTIVE_REVIEW","delete/purge/extract/remove/free operation","   116:     mudlog(BRF, LVL_IMMORT, TRUE,
   117:       ""SYSERR: do_oasis_sedit: Player already had olc structure."");
   118:     free(d->olc);
   119:   }
   120: 
   121:   CREATE(d->olc, struct oasis_olc_data, 1);"
"src\sedit.c","127","sedit_save_to_disk","line","DESTRUCTIVE_REVIEW","delete/purge/extract/remove/free operation","   125:   if (OLC_ZNUM(d) == NOWHERE) {
   126:     send_to_char(ch, ""Sorry, there is no zone for that number!\r\n"");
   127:     free(d->olc);
   128:     d->olc = NULL;
   129:     return;
   130:   }"
"src\sedit.c","136","sedit_save_to_disk","line","DESTRUCTIVE_REVIEW","delete/purge/extract/remove/free operation","   134:     send_cannot_edit(ch, zone_table[OLC_ZNUM(d)].number);
   135:     /* Free the OLC structure. */
   136:     free(d->olc);
   137:     d->olc = NULL;
   138:     return;
   139:   }"
"src\sedit.c","152","sedit_save_to_disk","line","DESTRUCTIVE_REVIEW","delete/purge/extract/remove/free operation","   150: 
   151:     /* Free the OLC structure. */
   152:     free(d->olc);
   153:     d->olc = NULL;
   154:     return;
   155:   }"
"src\shop.c","460","transaction_amt","line","DESTRUCTIVE_REVIEW","delete/purge/extract/remove/free operation","   458:     }
   459:     if (GET_OBJ_COST(obj) <= 0) {
   460:       extract_obj(obj);
   461:       obj = NULL;
   462:     }
   463:   } while (!obj);"
"src\shop.c","800","shopping_buy","line","DESTRUCTIVE_REVIEW","delete/purge/extract/remove/free operation","   798:   if (shop_producing(obj, shop_nr)) {
   799:     temp = GET_OBJ_RNUM(obj);
   800:     extract_obj(obj);
   801:     return (&obj_proto[temp]);
   802:   }
   803:   SHOP_SORT(shop_nr)++;"
"src\shop.c","1301","read_line","line","DESTRUCTIVE_REVIEW","delete/purge/extract/remove/free operation","  1299: 
  1300:   if (err) {
  1301:     free(tbuf);
  1302:     return (NULL);
  1303:   }
  1304:   return (tbuf);"
"src\shop.c","1321","boot_the_shops","line","DESTRUCTIVE_REVIEW","delete/purge/extract/remove/free operation","  1319:       sscanf(buf, ""#%d\n"", &temp);
  1320:       snprintf(buf2, sizeof(buf2), ""shop #%d in shop file %s"", temp, filename);
  1321:       free(buf);		/* Plug memory leak! */
  1322:       top_shop++;
  1323:       if (!top_shop)
  1324: 	CREATE(shop_index, struct shop_data, rec_count);"
"src\shop.c","1373","boot_the_shops","line","DESTRUCTIVE_REVIEW","delete/purge/extract/remove/free operation","  1371:       else if (strstr(buf, VERSION3_TAG))	/* New format marker */
  1372: 	new_format = TRUE;
  1373:       free(buf);		/* Plug memory leak! */
  1374:     }
  1375:   }
  1376: }"
"src\shop.c","1665","destroy_shops","line","DESTRUCTIVE_REVIEW","delete/purge/extract/remove/free operation","  1663:   for (cnt = 0; cnt <= top_shop; cnt++) {
  1664:     if (shop_index[cnt].no_such_item1)
  1665:       free(shop_index[cnt].no_such_item1);
  1666:     if (shop_index[cnt].no_such_item2)
  1667:       free(shop_index[cnt].no_such_item2);
  1668:     if (shop_index[cnt].missing_cash1)"
"src\shop.c","1667","destroy_shops","line","DESTRUCTIVE_REVIEW","delete/purge/extract/remove/free operation","  1665:       free(shop_index[cnt].no_such_item1);
  1666:     if (shop_index[cnt].no_such_item2)
  1667:       free(shop_index[cnt].no_such_item2);
  1668:     if (shop_index[cnt].missing_cash1)
  1669:       free(shop_index[cnt].missing_cash1);
  1670:     if (shop_index[cnt].missing_cash2)"
"src\shop.c","1669","destroy_shops","line","DESTRUCTIVE_REVIEW","delete/purge/extract/remove/free operation","  1667:       free(shop_index[cnt].no_such_item2);
  1668:     if (shop_index[cnt].missing_cash1)
  1669:       free(shop_index[cnt].missing_cash1);
  1670:     if (shop_index[cnt].missing_cash2)
  1671:       free(shop_index[cnt].missing_cash2);
  1672:     if (shop_index[cnt].do_not_buy)"
"src\shop.c","1671","destroy_shops","line","DESTRUCTIVE_REVIEW","delete/purge/extract/remove/free operation","  1669:       free(shop_index[cnt].missing_cash1);
  1670:     if (shop_index[cnt].missing_cash2)
  1671:       free(shop_index[cnt].missing_cash2);
  1672:     if (shop_index[cnt].do_not_buy)
  1673:       free(shop_index[cnt].do_not_buy);
  1674:     if (shop_index[cnt].message_buy)"
"src\shop.c","1673","destroy_shops","line","DESTRUCTIVE_REVIEW","delete/purge/extract/remove/free operation","  1671:       free(shop_index[cnt].missing_cash2);
  1672:     if (shop_index[cnt].do_not_buy)
  1673:       free(shop_index[cnt].do_not_buy);
  1674:     if (shop_index[cnt].message_buy)
  1675:       free(shop_index[cnt].message_buy);
  1676:     if (shop_index[cnt].message_sell)"
"src\shop.c","1675","destroy_shops","line","DESTRUCTIVE_REVIEW","delete/purge/extract/remove/free operation","  1673:       free(shop_index[cnt].do_not_buy);
  1674:     if (shop_index[cnt].message_buy)
  1675:       free(shop_index[cnt].message_buy);
  1676:     if (shop_index[cnt].message_sell)
  1677:       free(shop_index[cnt].message_sell);
  1678:     if (shop_index[cnt].in_room)"
"src\shop.c","1677","destroy_shops","line","DESTRUCTIVE_REVIEW","delete/purge/extract/remove/free operation","  1675:       free(shop_index[cnt].message_buy);
  1676:     if (shop_index[cnt].message_sell)
  1677:       free(shop_index[cnt].message_sell);
  1678:     if (shop_index[cnt].in_room)
  1679:       free(shop_index[cnt].in_room);
  1680:     if (shop_index[cnt].producing)"
"src\shop.c","1679","destroy_shops","line","DESTRUCTIVE_REVIEW","delete/purge/extract/remove/free operation","  1677:       free(shop_index[cnt].message_sell);
  1678:     if (shop_index[cnt].in_room)
  1679:       free(shop_index[cnt].in_room);
  1680:     if (shop_index[cnt].producing)
  1681:       free(shop_index[cnt].producing);
  1682: "
"src\shop.c","1681","destroy_shops","line","DESTRUCTIVE_REVIEW","delete/purge/extract/remove/free operation","  1679:       free(shop_index[cnt].in_room);
  1680:     if (shop_index[cnt].producing)
  1681:       free(shop_index[cnt].producing);
  1682: 
  1683:     if (shop_index[cnt].type) {
  1684:       for (itr = 0; BUY_TYPE(shop_index[cnt].type[itr]) != NOTHING; itr++)"
"src\shop.c","1686","destroy_shops","line","DESTRUCTIVE_REVIEW","delete/purge/extract/remove/free operation","  1684:       for (itr = 0; BUY_TYPE(shop_index[cnt].type[itr]) != NOTHING; itr++)
  1685:         if (BUY_WORD(shop_index[cnt].type[itr]))
  1686:           free(BUY_WORD(shop_index[cnt].type[itr]));
  1687:       free(shop_index[cnt].type);
  1688:     }
  1689:   }"
"src\shop.c","1687","destroy_shops","line","DESTRUCTIVE_REVIEW","delete/purge/extract/remove/free operation","  1685:         if (BUY_WORD(shop_index[cnt].type[itr]))
  1686:           free(BUY_WORD(shop_index[cnt].type[itr]));
  1687:       free(shop_index[cnt].type);
  1688:     }
  1689:   }
  1690: "
"src\shop.c","1691","destroy_shops","line","DESTRUCTIVE_REVIEW","delete/purge/extract/remove/free operation","  1689:   }
  1690: 
  1691:   free(shop_index);
  1692:   shop_index = NULL;
  1693:   top_shop = -1;
  1694: }"
"src\tedit.c","134","tedit_string_cleanup","line","DESTRUCTIVE_REVIEW","delete/purge/extract/remove/free operation","   132:   if (ch->desc->olc) {
   133:     mudlog(BRF, LVL_IMMORT, TRUE, ""SYSERR: do_tedit: Player already had olc structure."");
   134:     free(ch->desc->olc);
   135:   }
   136:   CREATE(ch->desc->olc, struct oasis_olc_data, 1);
   137: "
"src\utils.h","338","","line","DESTRUCTIVE_REVIEW","delete/purge/extract/remove/free operation","   336:         log( ""SYSERR: Freeing null pointer %s:%d"", __FILE__, __LINE__ ); \
   337:   }                                                             \
   338:   else free(point);                                             \
   339:   point = NULL;                                                 \
   340: } while(0)
   341: "
"src\utils.h","362","","line","DESTRUCTIVE_REVIEW","delete/purge/extract/remove/free operation","   360: #define SET_BIT_AR(var, bit)      ((var)[Q_FIELD(bit)] |= Q_BIT(bit))
   361: /** Unset a specific bit in the bitarray represented by var to 0. */
   362: #define REMOVE_BIT_AR(var, bit)   ((var)[Q_FIELD(bit)] &= ~Q_BIT(bit))
   363: /** If bit is on in bitarray var, turn it off; if it is off, turn it on. */
   364: #define TOGGLE_BIT_AR(var, bit)   ((var)[Q_FIELD(bit)] = (var)[Q_FIELD(bit)] ^ Q_BIT(bit))
   365: "
"src\utils.h","372","","line","DESTRUCTIVE_REVIEW","delete/purge/extract/remove/free operation","   370: #define SET_BIT(var,bit)  ((var) |= (bit))
   371: /** Set a specific bit bit in var to 0. */
   372: #define REMOVE_BIT(var,bit)  ((var) &= ~(bit))
   373: /** If bit in var is off, turn it on; if it is on, turn it off. */
   374: #define TOGGLE_BIT(var,bit) ((var) ^= (bit))
   375: "
"src\zedit.c","163","","line","DESTRUCTIVE_REVIEW","delete/purge/extract/remove/free operation","   161:     mudlog(BRF, LVL_IMMORT, TRUE, ""SYSERR: do_oasis_zedit: Player already ""
   162:       ""had olc structure."");
   163:     free(d->olc);
   164:   }
   165: 
   166:   CREATE(d->olc, struct oasis_olc_data, 1);"
"src\zedit.c","181","","line","DESTRUCTIVE_REVIEW","delete/purge/extract/remove/free operation","   179: 
   180:     /* Free the descriptor's OLC structure. */
   181:     free(d->olc);
   182:     d->olc = NULL;
   183:     return;
   184:   }"
"src\zedit.c","190","","line","DESTRUCTIVE_REVIEW","delete/purge/extract/remove/free operation","   188:     send_cannot_edit(ch, zone_table[OLC_ZNUM(d)].number);
   189:     /* Free the OLC structure. */
   190:     free(d->olc);
   191:     d->olc = NULL;
   192:     return;
   193:   }"
"src\zedit.c","207","","line","DESTRUCTIVE_REVIEW","delete/purge/extract/remove/free operation","   205: 
   206:     /* Free the descriptor's OLC structure. */
   207:     free(d->olc);
   208:     d->olc = NULL;
   209:     return;
   210:   }"
"src\zedit.c","218","","line","DESTRUCTIVE_REVIEW","delete/purge/extract/remove/free operation","   216: 
   217:     /* Free the descriptor's OLC structure. */
   218:     free(d->olc);
   219:     d->olc = NULL;
   220:     return;
   221:   }"
"src\zedit.c","385","zedit_save_internally","line","DESTRUCTIVE_REVIEW","delete/purge/extract/remove/free operation","   383:   /* Finally, if zone headers have been changed, copy over */
   384:   if (OLC_ZONE(d)->number) {
   385:     free(zone_table[OLC_ZNUM(d)].name);
   386:     free(zone_table[OLC_ZNUM(d)].builders);
   387: 
   388:     zone_table[OLC_ZNUM(d)].name = strdup(OLC_ZONE(d)->name);"
"src\zedit.c","386","zedit_save_internally","line","DESTRUCTIVE_REVIEW","delete/purge/extract/remove/free operation","   384:   if (OLC_ZONE(d)->number) {
   385:     free(zone_table[OLC_ZNUM(d)].name);
   386:     free(zone_table[OLC_ZNUM(d)].builders);
   387: 
   388:     zone_table[OLC_ZNUM(d)].name = strdup(OLC_ZONE(d)->name);
   389:     zone_table[OLC_ZNUM(d)].builders = strdup(OLC_ZONE(d)->builders);"
"src\zedit.c","955","zedit_parse","case ZEDIT_DELETE_ENTRY","DESTRUCTIVE_REVIEW","delete/purge/extract/remove/free operation | OLC/object/flag mutation","  case ZEDIT_DELETE_ENTRY:
    /* Get the line number and delete the line. */
    pos = atoi(arg);
    if (isdigit(*arg)) {
      delete_zone_command(OLC_ZONE(d), pos);
      OLC_ZONE(d)->age = 1;
    }
    zedit_disp_menu(d);
    break;"
"src\zedit.c","959","zedit_parse","line","DESTRUCTIVE_REVIEW","delete/purge/extract/remove/free operation","   957:     pos = atoi(arg);
   958:     if (isdigit(*arg)) {
   959:       delete_zone_command(OLC_ZONE(d), pos);
   960:       OLC_ZONE(d)->age = 1;
   961:     }
   962:     zedit_disp_menu(d);"
"src\zedit.c","1203","zedit_parse","case ZEDIT_ZONE_NAME","DESTRUCTIVE_REVIEW","delete/purge/extract/remove/free operation | OLC/object/flag mutation","  case ZEDIT_ZONE_NAME:
    /* Add new name and return to main menu. */
    if (genolc_checkstring(d, arg)) {
      if (OLC_ZONE(d)->name)
        free(OLC_ZONE(d)->name);
      else
        log(""SYSERR: OLC: ZEDIT_ZONE_NAME: no name to free!"");
      OLC_ZONE(d)->name = strdup(arg);
      OLC_ZONE(d)->number = 1;
    }
    zedit_disp_menu(d);
    break;"
"src\zedit.c","1207","zedit_parse","line","DESTRUCTIVE_REVIEW","delete/purge/extract/remove/free operation","  1205:     if (genolc_checkstring(d, arg)) {
  1206:       if (OLC_ZONE(d)->name)
  1207:         free(OLC_ZONE(d)->name);
  1208:       else
  1209:         log(""SYSERR: OLC: ZEDIT_ZONE_NAME: no name to free!"");
  1210:       OLC_ZONE(d)->name = strdup(arg);"
"src\zedit.c","1217","zedit_parse","case ZEDIT_ZONE_BUILDERS","DESTRUCTIVE_REVIEW","delete/purge/extract/remove/free operation | OLC/object/flag mutation","  case ZEDIT_ZONE_BUILDERS:
    /* Add new builders list and return to main menu. */
    if (genolc_checkstring(d, arg)) {
      if (OLC_ZONE(d)->builders)
        free(OLC_ZONE(d)->builders);
      else
        log(""SYSERR: OLC: ZEDIT_ZONE_BUILDERS: no builders list to free!"");
      OLC_ZONE(d)->builders = strdup(arg);
      OLC_ZONE(d)->number = 1;
    }
    zedit_disp_menu(d);
    break;"
"src\zedit.c","1221","zedit_parse","line","DESTRUCTIVE_REVIEW","delete/purge/extract/remove/free operation","  1219:     if (genolc_checkstring(d, arg)) {
  1220:       if (OLC_ZONE(d)->builders)
  1221:         free(OLC_ZONE(d)->builders);
  1222:       else
  1223:         log(""SYSERR: OLC: ZEDIT_ZONE_BUILDERS: no builders list to free!"");
  1224:       OLC_ZONE(d)->builders = strdup(arg);"
"src\interpreter.c","2542","nanny","case '3'","MULTILINE_EDITOR","multiline editor entry","    case '3':
      if (d->character->player.description) {
        write_to_output(d, ""Current description:\r\n%s"", d->character->player.description);
        /* Don't free this now... so that the old description gets loaded as the
         * current buffer in the editor.  Do setup the ABORT buffer here, however. */
        d->backstr = strdup(d->character->player.description);
      }
      write_to_output(d, ""Enter the new text you'd like others to see when they look at you.\r\n"");
      send_editor_help(d);
      d->str = &d->character->player.description;
      d->max_str = PLR_DESC_LENGTH;
      STATE(d) = CON_PLR_DESC;
      break;"
"src\act.informative.c","4813","perform_immort_where","line","MUTATING_REVIEW","OLC/object/flag mutation","  4811:     REMOVE_BIT_AR(PRF_FLAGS(ch), PRF_COLOR_1);
  4812:     REMOVE_BIT_AR(PRF_FLAGS(ch), PRF_COLOR_2);
  4813:     if (tp & 1) SET_BIT_AR(PRF_FLAGS(ch), PRF_COLOR_1);
  4814:     if (tp & 2) SET_BIT_AR(PRF_FLAGS(ch), PRF_COLOR_2);
  4815: 
  4816:     send_to_char(ch, ""Your %scolor%s is now %s.\r\n"", CCRED(ch, C_SPR), CCNRM(ch, C_OFF), types[tp]);"
"src\act.informative.c","4814","perform_immort_where","line","MUTATING_REVIEW","OLC/object/flag mutation","  4812:     REMOVE_BIT_AR(PRF_FLAGS(ch), PRF_COLOR_2);
  4813:     if (tp & 1) SET_BIT_AR(PRF_FLAGS(ch), PRF_COLOR_1);
  4814:     if (tp & 2) SET_BIT_AR(PRF_FLAGS(ch), PRF_COLOR_2);
  4815: 
  4816:     send_to_char(ch, ""Your %scolor%s is now %s.\r\n"", CCRED(ch, C_SPR), CCNRM(ch, C_OFF), types[tp]);
  4817:     return;"
"src\act.informative.c","4830","perform_immort_where","line","MUTATING_REVIEW","OLC/object/flag mutation","  4828:     REMOVE_BIT_AR(PRF_FLAGS(ch), PRF_LOG1);
  4829:     REMOVE_BIT_AR(PRF_FLAGS(ch), PRF_LOG2);
  4830:     if (tp & 1) SET_BIT_AR(PRF_FLAGS(ch), PRF_LOG1);
  4831:     if (tp & 2) SET_BIT_AR(PRF_FLAGS(ch), PRF_LOG2);
  4832: 
  4833:     send_to_char(ch, ""Your syslog is now %s.\r\n"", types[tp]);"
"src\act.informative.c","4831","perform_immort_where","line","MUTATING_REVIEW","OLC/object/flag mutation","  4829:     REMOVE_BIT_AR(PRF_FLAGS(ch), PRF_LOG2);
  4830:     if (tp & 1) SET_BIT_AR(PRF_FLAGS(ch), PRF_LOG1);
  4831:     if (tp & 2) SET_BIT_AR(PRF_FLAGS(ch), PRF_LOG2);
  4832: 
  4833:     send_to_char(ch, ""Your syslog is now %s.\r\n"", types[tp]);
  4834:     return;"
"src\act.informative.c","4920","perform_immort_where","line","MUTATING_REVIEW","OLC/object/flag mutation","  4918:     if (can_see_map(ch)) {
  4919:       if (!*arg2) {
  4920:         TOGGLE_BIT_AR(PRF_FLAGS(ch), tog_messages[toggle].toggle);
  4921:         result = (PRF_FLAGGED(ch, tog_messages[toggle].toggle));
  4922:       } else if (!strcmp(arg2, ""on"")) {
  4923:         SET_BIT_AR(PRF_FLAGS(ch), tog_messages[toggle].toggle);"
"src\act.informative.c","4923","perform_immort_where","line","MUTATING_REVIEW","OLC/object/flag mutation","  4921:         result = (PRF_FLAGGED(ch, tog_messages[toggle].toggle));
  4922:       } else if (!strcmp(arg2, ""on"")) {
  4923:         SET_BIT_AR(PRF_FLAGS(ch), tog_messages[toggle].toggle);
  4924:         result = 1;
  4925:       } else if (!strcmp(arg2, ""off"")) {
  4926:         REMOVE_BIT_AR(PRF_FLAGS(ch), tog_messages[toggle].toggle);"
"src\act.informative.c","4936","perform_immort_where","line","MUTATING_REVIEW","OLC/object/flag mutation","  4934:   default:
  4935:     if (!*arg2) {
  4936:       TOGGLE_BIT_AR(PRF_FLAGS(ch), tog_messages[toggle].toggle);
  4937:       result = (PRF_FLAGGED(ch, tog_messages[toggle].toggle));
  4938:     } else if (!strcmp(arg2, ""on"")) {
  4939:       SET_BIT_AR(PRF_FLAGS(ch), tog_messages[toggle].toggle);"
"src\act.informative.c","4939","perform_immort_where","line","MUTATING_REVIEW","OLC/object/flag mutation","  4937:       result = (PRF_FLAGGED(ch, tog_messages[toggle].toggle));
  4938:     } else if (!strcmp(arg2, ""on"")) {
  4939:       SET_BIT_AR(PRF_FLAGS(ch), tog_messages[toggle].toggle);
  4940:       result = 1;
  4941:     } else if (!strcmp(arg2, ""off"")) {
  4942:       REMOVE_BIT_AR(PRF_FLAGS(ch), tog_messages[toggle].toggle);"
"src\act.item.c","129","perform_put","line","MUTATING_REVIEW","OLC/object/flag mutation","   127:     /* Yes, I realize this is strange until we have auto-equip on rent. -gg */
   128:     if (OBJ_FLAGGED(obj, ITEM_NODROP) && !OBJ_FLAGGED(cont, ITEM_NODROP)) {
   129:       SET_BIT_AR(GET_OBJ_EXTRA(cont), ITEM_NODROP);
   130:       act(""You get a strange feeling as you put $p in $P."", FALSE,
   131:                 ch, obj, cont, TO_CHAR);
   132:     } else"
"src\act.item.c","1118","name_to_drinkcon","line","MUTATING_REVIEW","OLC/object/flag mutation","  1116:     af.spell = SPELL_POISON;
  1117:     af.duration = amount * 3;
  1118:     SET_BIT_AR(af.bitvector, AFF_POISON);
  1119:     affect_join(ch, &af, FALSE, FALSE, FALSE, FALSE);
  1120:   }
  1121:   /* Empty the container (unless unlimited), and no longer poison. */"
"src\act.item.c","1200","name_to_drinkcon","line","MUTATING_REVIEW","OLC/object/flag mutation","  1198:     af.spell = SPELL_POISON;
  1199:     af.duration = MAX(1, hunger_amount) * 2;
  1200:     SET_BIT_AR(af.bitvector, AFF_POISON);
  1201:     affect_join(ch, &af, FALSE, FALSE, FALSE, FALSE);
  1202:   }
  1203:   if (subcmd == SCMD_EAT)"
"src\act.item.c","1991","GET_EQ","line","MUTATING_REVIEW","OLC/object/flag mutation","  1989:   }
  1990: 
  1991:   SET_BIT_AR(GET_OBJ_EXTRA(obj), ITEM_KEPT);
  1992:   act(""You mark $p to be kept safe."", FALSE, ch, obj, 0, TO_CHAR);
  1993: }
  1994: "
"src\act.item.c","2346","auction_update","line","MUTATING_REVIEW","OLC/object/flag mutation","  2344: 
  2345:   if (!*arg1) {
  2346:     TOGGLE_BIT_AR(PRF_FLAGS(ch), PRF_NOAUCT);
  2347:     send_to_char(ch, ""Auction channel is now %s.\r\n"", PRF_FLAGGED(ch, PRF_NOAUCT) ? ""OFF"" : ""ON"");
  2348:     return;
  2349:   }"
"src\act.movement.c","978","has_key","line","MUTATING_REVIEW","OLC/object/flag mutation","   976: 		(REMOVE_BIT(EXITN(room, door)->exit_info, EX_CLOSED)))
   977: #define CLOSE_DOOR(room, obj, door)	((obj) ?\
   978: 		(SET_BIT(GET_OBJ_VAL(obj, 1), CONT_CLOSED)) :\
   979: 		(SET_BIT(EXITN(room, door)->exit_info, EX_CLOSED)))
   980: #define LOCK_DOOR(room, obj, door)	((obj) ?\
   981: 		(SET_BIT(GET_OBJ_VAL(obj, 1), CONT_LOCKED)) :\"
"src\act.movement.c","979","has_key","line","MUTATING_REVIEW","OLC/object/flag mutation","   977: #define CLOSE_DOOR(room, obj, door)	((obj) ?\
   978: 		(SET_BIT(GET_OBJ_VAL(obj, 1), CONT_CLOSED)) :\
   979: 		(SET_BIT(EXITN(room, door)->exit_info, EX_CLOSED)))
   980: #define LOCK_DOOR(room, obj, door)	((obj) ?\
   981: 		(SET_BIT(GET_OBJ_VAL(obj, 1), CONT_LOCKED)) :\
   982: 		(SET_BIT(EXITN(room, door)->exit_info, EX_LOCKED)))"
"src\act.movement.c","981","has_key","line","MUTATING_REVIEW","OLC/object/flag mutation","   979: 		(SET_BIT(EXITN(room, door)->exit_info, EX_CLOSED)))
   980: #define LOCK_DOOR(room, obj, door)	((obj) ?\
   981: 		(SET_BIT(GET_OBJ_VAL(obj, 1), CONT_LOCKED)) :\
   982: 		(SET_BIT(EXITN(room, door)->exit_info, EX_LOCKED)))
   983: #define UNLOCK_DOOR(room, obj, door)	((obj) ?\
   984: 		(REMOVE_BIT(GET_OBJ_VAL(obj, 1), CONT_LOCKED)) :\"
"src\act.movement.c","982","has_key","line","MUTATING_REVIEW","OLC/object/flag mutation","   980: #define LOCK_DOOR(room, obj, door)	((obj) ?\
   981: 		(SET_BIT(GET_OBJ_VAL(obj, 1), CONT_LOCKED)) :\
   982: 		(SET_BIT(EXITN(room, door)->exit_info, EX_LOCKED)))
   983: #define UNLOCK_DOOR(room, obj, door)	((obj) ?\
   984: 		(REMOVE_BIT(GET_OBJ_VAL(obj, 1), CONT_LOCKED)) :\
   985: 		(REMOVE_BIT(EXITN(room, door)->exit_info, EX_LOCKED)))"
"src\act.movement.c","987","has_key","line","MUTATING_REVIEW","OLC/object/flag mutation","   985: 		(REMOVE_BIT(EXITN(room, door)->exit_info, EX_LOCKED)))
   986: #define TOGGLE_LOCK(room, obj, door)	((obj) ?\
   987: 		(TOGGLE_BIT(GET_OBJ_VAL(obj, 1), CONT_LOCKED)) :\
   988: 		(TOGGLE_BIT(EXITN(room, door)->exit_info, EX_LOCKED)))
   989: 
   990: static void do_doorcmd(struct char_data *ch, struct obj_data *obj, int door, int scmd)"
"src\act.movement.c","988","has_key","line","MUTATING_REVIEW","OLC/object/flag mutation","   986: #define TOGGLE_LOCK(room, obj, door)	((obj) ?\
   987: 		(TOGGLE_BIT(GET_OBJ_VAL(obj, 1), CONT_LOCKED)) :\
   988: 		(TOGGLE_BIT(EXITN(room, door)->exit_info, EX_LOCKED)))
   989: 
   990: static void do_doorcmd(struct char_data *ch, struct obj_data *obj, int door, int scmd)
   991: {"
"src\act.other.c","646","show_ability_filter_help","line","MUTATING_REVIEW","OLC/object/flag mutation","   644:   af.spell = SKILL_SNEAK;
   645:   af.duration = GET_LEVEL(ch);
   646:   SET_BIT_AR(af.bitvector, AFF_SNEAK);
   647:   affect_to_char(ch, &af);
   648: }
   649: "
"src\act.other.c","669","show_ability_filter_help","line","MUTATING_REVIEW","OLC/object/flag mutation","   667:     return;
   668: 
   669:   SET_BIT_AR(AFF_FLAGS(ch), AFF_HIDE);
   670: }
   671: 
   672: ACMD(do_steal)"
"src\act.other.c","1934","display_group_list","line","MUTATING_REVIEW","OLC/object/flag mutation","  1932:     }
  1933:     if (is_abbrev(argument, ""open"")) {
  1934:       TOGGLE_BIT(GROUP_FLAGS(GROUP(ch)), GROUP_OPEN);
  1935:       send_to_char(ch, ""The group is now %s to new members.\r\n"", IS_SET(GROUP_FLAGS(GROUP(ch)), GROUP_OPEN) ? ""open"" : ""closed"");
  1936:     } else if (is_abbrev(argument, ""anonymous"")) {
  1937:       TOGGLE_BIT(GROUP_FLAGS(GROUP(ch)), GROUP_ANON);"
"src\act.other.c","1937","display_group_list","line","MUTATING_REVIEW","OLC/object/flag mutation","  1935:       send_to_char(ch, ""The group is now %s to new members.\r\n"", IS_SET(GROUP_FLAGS(GROUP(ch)), GROUP_OPEN) ? ""open"" : ""closed"");
  1936:     } else if (is_abbrev(argument, ""anonymous"")) {
  1937:       TOGGLE_BIT(GROUP_FLAGS(GROUP(ch)), GROUP_ANON);
  1938:       send_to_char(ch, ""The group location is now %s to other players.\r\n"", IS_SET(GROUP_FLAGS(GROUP(ch)), GROUP_ANON) ? ""invisible"" : ""visible"");
  1939:     } else 
  1940:       send_to_char(ch, ""The flag options are: Open, Anonymous\r\n"");"
"src\act.other.c","2368","detach_charmed_follower","line","MUTATING_REVIEW","OLC/object/flag mutation","  2366: 
  2367:     add_follower(follower, ch);
  2368:     SET_BIT_AR(AFF_FLAGS(follower), AFF_CHARM);
  2369:     return;
  2370:   } else if (is_abbrev(cmd_sub, ""attack"")) {
  2371:     if (!*target) {"
"src\act.other.c","2770","detach_charmed_follower","line","MUTATING_REVIEW","OLC/object/flag mutation","  2768: 
  2769:   if (is_abbrev(arg, ""on"")) {
  2770:     SET_BIT_AR(PRF_FLAGS(ch), PRF_ZONERESETS);
  2771:     send_to_char(ch, ""Auto zone reset notifications enabled.\r\n"");
  2772:   } else if (is_abbrev(arg, ""off"")) {
  2773:     REMOVE_BIT_AR(PRF_FLAGS(ch), PRF_ZONERESETS);"
"src\act.wizard.c","1071","do_stat_character","line","MUTATING_REVIEW","OLC/object/flag mutation","  1069:     /* Display OLC zone for immorts. */
  1070:     if (GET_LEVEL(k) >= LVL_BUILDER) {
  1071:       if (GET_OLC_ZONE(k)==AEDIT_PERMISSION)
  1072:         send_to_char(ch, "", OLC[%sAedit%s]"", CCCYN(ch, C_NRM), CCNRM(ch, C_NRM));
  1073:       else if (GET_OLC_ZONE(k)==HEDIT_PERMISSION)
  1074:         send_to_char(ch, "", OLC[%sHedit%s]"", CCCYN(ch, C_NRM), CCNRM(ch, C_NRM));"
"src\act.wizard.c","1073","do_stat_character","line","MUTATING_REVIEW","OLC/object/flag mutation","  1071:       if (GET_OLC_ZONE(k)==AEDIT_PERMISSION)
  1072:         send_to_char(ch, "", OLC[%sAedit%s]"", CCCYN(ch, C_NRM), CCNRM(ch, C_NRM));
  1073:       else if (GET_OLC_ZONE(k)==HEDIT_PERMISSION)
  1074:         send_to_char(ch, "", OLC[%sHedit%s]"", CCCYN(ch, C_NRM), CCNRM(ch, C_NRM));
  1075:       else if (GET_OLC_ZONE(k) == ALL_PERMISSION)
  1076:         send_to_char(ch, "", OLC[%sAll%s]"", CCCYN(ch, C_NRM), CCNRM(ch, C_NRM));"
"src\act.wizard.c","1075","do_stat_character","line","MUTATING_REVIEW","OLC/object/flag mutation","  1073:       else if (GET_OLC_ZONE(k)==HEDIT_PERMISSION)
  1074:         send_to_char(ch, "", OLC[%sHedit%s]"", CCCYN(ch, C_NRM), CCNRM(ch, C_NRM));
  1075:       else if (GET_OLC_ZONE(k) == ALL_PERMISSION)
  1076:         send_to_char(ch, "", OLC[%sAll%s]"", CCCYN(ch, C_NRM), CCNRM(ch, C_NRM));
  1077:       else if (GET_OLC_ZONE(k)==NOWHERE)
  1078:         send_to_char(ch, "", OLC[%sOFF%s]"", CCCYN(ch, C_NRM), CCNRM(ch, C_NRM));"
"src\act.wizard.c","1077","do_stat_character","line","MUTATING_REVIEW","OLC/object/flag mutation","  1075:       else if (GET_OLC_ZONE(k) == ALL_PERMISSION)
  1076:         send_to_char(ch, "", OLC[%sAll%s]"", CCCYN(ch, C_NRM), CCNRM(ch, C_NRM));
  1077:       else if (GET_OLC_ZONE(k)==NOWHERE)
  1078:         send_to_char(ch, "", OLC[%sOFF%s]"", CCCYN(ch, C_NRM), CCNRM(ch, C_NRM));
  1079:       else
  1080:         send_to_char(ch, "", OLC[%s%d%s]"", CCCYN(ch, C_NRM), GET_OLC_ZONE(k), CCNRM(ch, C_NRM));"
"src\act.wizard.c","2504","show_room_resets","line","MUTATING_REVIEW","OLC/object/flag mutation","  2502:       run_autowiz();
  2503:   } else if (oldlevel < LVL_IMMORT && newlevel >= LVL_IMMORT) {
  2504:     SET_BIT_AR(PRF_FLAGS(victim), PRF_LOG2);
  2505:     SET_BIT_AR(PRF_FLAGS(victim), PRF_HOLYLIGHT);
  2506:     SET_BIT_AR(PRF_FLAGS(victim), PRF_SHOWVNUMS);
  2507:     SET_BIT_AR(PRF_FLAGS(victim), PRF_AUTOEXIT);"
"src\act.wizard.c","2505","show_room_resets","line","MUTATING_REVIEW","OLC/object/flag mutation","  2503:   } else if (oldlevel < LVL_IMMORT && newlevel >= LVL_IMMORT) {
  2504:     SET_BIT_AR(PRF_FLAGS(victim), PRF_LOG2);
  2505:     SET_BIT_AR(PRF_FLAGS(victim), PRF_HOLYLIGHT);
  2506:     SET_BIT_AR(PRF_FLAGS(victim), PRF_SHOWVNUMS);
  2507:     SET_BIT_AR(PRF_FLAGS(victim), PRF_AUTOEXIT);
  2508:         for (i = 1; i <= MAX_SKILLS; i++)"
"src\act.wizard.c","2506","show_room_resets","line","MUTATING_REVIEW","OLC/object/flag mutation","  2504:     SET_BIT_AR(PRF_FLAGS(victim), PRF_LOG2);
  2505:     SET_BIT_AR(PRF_FLAGS(victim), PRF_HOLYLIGHT);
  2506:     SET_BIT_AR(PRF_FLAGS(victim), PRF_SHOWVNUMS);
  2507:     SET_BIT_AR(PRF_FLAGS(victim), PRF_AUTOEXIT);
  2508:         for (i = 1; i <= MAX_SKILLS; i++)
  2509:           SET_SKILL(victim, i, 100);"
"src\act.wizard.c","2507","show_room_resets","line","MUTATING_REVIEW","OLC/object/flag mutation","  2505:     SET_BIT_AR(PRF_FLAGS(victim), PRF_HOLYLIGHT);
  2506:     SET_BIT_AR(PRF_FLAGS(victim), PRF_SHOWVNUMS);
  2507:     SET_BIT_AR(PRF_FLAGS(victim), PRF_AUTOEXIT);
  2508:         for (i = 1; i <= MAX_SKILLS; i++)
  2509:           SET_SKILL(victim, i, 100);
  2510:    GET_OLC_ZONE(victim) = NOWHERE;"
"src\act.wizard.c","2510","show_room_resets","line","MUTATING_REVIEW","OLC/object/flag mutation","  2508:         for (i = 1; i <= MAX_SKILLS; i++)
  2509:           SET_SKILL(victim, i, 100);
  2510:    GET_OLC_ZONE(victim) = NOWHERE;
  2511:    GET_COND(victim, HUNGER) = -1;
  2512:    GET_COND(victim, THIRST) = -1;
  2513:    GET_COND(victim, DRUNK)  = -1;"
"src\act.wizard.c","3325","list_llog_entries","line","MUTATING_REVIEW","OLC/object/flag mutation","  3323: 	return;
  3324:       }
  3325:       SET_BIT_AR(PLR_FLAGS(vict), PLR_FROZEN);
  3326:       GET_FREEZE_LEV(vict) = GET_LEVEL(ch);
  3327:       send_to_char(vict, ""A bitter wind suddenly rises and drains every erg of heat from your body!\r\nYou feel frozen!\r\n"");
  3328:       send_to_char(ch, ""Frozen.\r\n"");"
"src\act.wizard.c","3773","print_zone_to_buf","line","MUTATING_REVIEW","OLC/object/flag mutation","  3771: 
  3772: #define SET_OR_REMOVE(flagset, flags) { \
  3773:         if (on) SET_BIT_AR(flagset, flags); \
  3774:         else if (off) REMOVE_BIT_AR(flagset, flags); }
  3775: 
  3776: #define RANGE(low, high) (value = MAX((low), MIN((high), (value))))"
"src\act.wizard.c","4040","perform_set","line","MUTATING_REVIEW","OLC/object/flag mutation","  4038:         rvnum = atoi(val_arg);
  4039:         if (real_room(rvnum) != NOWHERE) {
  4040:           SET_BIT_AR(PLR_FLAGS(vict), PLR_LOADROOM);
  4041:           GET_LOADROOM(vict) = rvnum;
  4042:           send_to_char(ch, ""%s will enter at room #%d.\r\n"", GET_NAME(vict), GET_LOADROOM(vict));
  4043:         } else {"
"src\act.wizard.c","4102","perform_set","case 37","MUTATING_REVIEW","OLC/object/flag mutation","    case 37: /* olc */
      if (is_abbrev(val_arg, ""socials"") || is_abbrev(val_arg, ""actions"") || is_abbrev(val_arg, ""aedit""))
        GET_OLC_ZONE(vict) = AEDIT_PERMISSION;
      else if (is_abbrev(val_arg, ""hedit"") || is_abbrev(val_arg, ""help""))
        GET_OLC_ZONE(vict) = HEDIT_PERMISSION;
      else if (*val_arg == '*' || is_abbrev(val_arg, ""all""))
        GET_OLC_ZONE(vict) = ALL_PERMISSION;
      else if (is_abbrev(val_arg, ""off""))
        GET_OLC_ZONE(vict) = NOWHERE;
      else if (!is_number(val_arg))  {
        send_to_char(ch, ""Value must be a zone number, 'aedit', 'hedit', 'off' or 'all'.\r\n"");
        return (0);"
"src\act.wizard.c","4104","perform_set","line","MUTATING_REVIEW","OLC/object/flag mutation","  4102:     case 37: /* olc */
  4103:       if (is_abbrev(val_arg, ""socials"") || is_abbrev(val_arg, ""actions"") || is_abbrev(val_arg, ""aedit""))
  4104:         GET_OLC_ZONE(vict) = AEDIT_PERMISSION;
  4105:       else if (is_abbrev(val_arg, ""hedit"") || is_abbrev(val_arg, ""help""))
  4106:         GET_OLC_ZONE(vict) = HEDIT_PERMISSION;
  4107:       else if (*val_arg == '*' || is_abbrev(val_arg, ""all""))"
"src\act.wizard.c","4106","perform_set","line","MUTATING_REVIEW","OLC/object/flag mutation","  4104:         GET_OLC_ZONE(vict) = AEDIT_PERMISSION;
  4105:       else if (is_abbrev(val_arg, ""hedit"") || is_abbrev(val_arg, ""help""))
  4106:         GET_OLC_ZONE(vict) = HEDIT_PERMISSION;
  4107:       else if (*val_arg == '*' || is_abbrev(val_arg, ""all""))
  4108:         GET_OLC_ZONE(vict) = ALL_PERMISSION;
  4109:       else if (is_abbrev(val_arg, ""off""))"
"src\act.wizard.c","4108","perform_set","line","MUTATING_REVIEW","OLC/object/flag mutation","  4106:         GET_OLC_ZONE(vict) = HEDIT_PERMISSION;
  4107:       else if (*val_arg == '*' || is_abbrev(val_arg, ""all""))
  4108:         GET_OLC_ZONE(vict) = ALL_PERMISSION;
  4109:       else if (is_abbrev(val_arg, ""off""))
  4110:         GET_OLC_ZONE(vict) = NOWHERE;
  4111:       else if (!is_number(val_arg))  {"
"src\act.wizard.c","4110","perform_set","line","MUTATING_REVIEW","OLC/object/flag mutation","  4108:         GET_OLC_ZONE(vict) = ALL_PERMISSION;
  4109:       else if (is_abbrev(val_arg, ""off""))
  4110:         GET_OLC_ZONE(vict) = NOWHERE;
  4111:       else if (!is_number(val_arg))  {
  4112:         send_to_char(ch, ""Value must be a zone number, 'aedit', 'hedit', 'off' or 'all'.\r\n"");
  4113:         return (0);"
"src\act.wizard.c","4115","perform_set","line","MUTATING_REVIEW","OLC/object/flag mutation","  4113:         return (0);
  4114:       } else
  4115:         GET_OLC_ZONE(vict) = atoi(val_arg);
  4116:       break;
  4117:     case 38: /* password */
  4118:       if (GET_LEVEL(vict) >= LVL_GRGOD) {"
"src\act.wizard.c","6081","change_player_name","line","MUTATING_REVIEW","OLC/object/flag mutation","  6079:         if (!ZONE_FLAGGED(zn, ZONE_NOBUILD) && ZONE_FLAGGED(zn, ZONE_GRID)) {
  6080:           counter++;
  6081:           SET_BIT_AR(ZONE_FLAGS(zn), ZONE_NOBUILD);
  6082:           if (save_zone(zn)) {
  6083:             log(""(GC) %s has locked zone %d"", GET_NAME(ch), zone_table[zn].number);
  6084:           } else {"
"src\act.wizard.c","6093","change_player_name","line","MUTATING_REVIEW","OLC/object/flag mutation","  6091:         if (!ZONE_FLAGGED(zn, ZONE_NOBUILD)) {
  6092:           counter++;
  6093:           SET_BIT_AR(ZONE_FLAGS(zn), ZONE_NOBUILD);
  6094:           if (save_zone(zn)) {
  6095:             log(""(GC) %s has locked zone %d"", GET_NAME(ch), zone_table[zn].number);
  6096:           } else {"
"src\act.wizard.c","6142","change_player_name","line","MUTATING_REVIEW","OLC/object/flag mutation","  6140: 
  6141:   /* Check the builder list */
  6142:   if (GET_LEVEL(ch) < LVL_GRGOD && !is_name(GET_NAME(ch), zone_table[zn].builders) && GET_OLC_ZONE(ch) != znvnum) {
  6143:     send_to_char(ch, ""You do not have sufficient access to lock that zone!\r\n"");
  6144:     return;
  6145:   }"
"src\act.wizard.c","6152","change_player_name","line","MUTATING_REVIEW","OLC/object/flag mutation","  6150:     return;
  6151:   }
  6152:   SET_BIT_AR(ZONE_FLAGS(zn), ZONE_NOBUILD);
  6153:   if (save_zone(zn)) {
  6154:     mudlog(NRM, MAX(LVL_GRGOD, GET_INVIS_LEV(ch)), TRUE, ""(GC) %s has locked zone %d"", GET_NAME(ch), znvnum);
  6155:   }"
"src\act.wizard.c","6674","mobtemplate_range_is_clear","line","MUTATING_REVIEW","OLC/object/flag mutation","  6672:   GET_SAVE(&mob, SAVING_BREATH) = 0;
  6673:   GET_SAVE(&mob, SAVING_SPELL) = 0;
  6674:   SET_BIT_AR(MOB_FLAGS(&mob), MOB_ISNPC);
  6675: 
  6676:   if (!mobtemplate_build_strings(base_name, number, &keywords, &shortd, &longd, &desc,
  6677:                                  errmsg, errmsg_sz))"
"src\act.wizard.c","7146","mobtemplate_range_is_clear","line","MUTATING_REVIEW","OLC/object/flag mutation","  7144:   }
  7145: 
  7146:   if (GET_LEVEL(ch) >= LVL_GRGOD || GET_OLC_ZONE(ch) == ALL_PERMISSION)
  7147:     can_edit_new_zone = TRUE;
  7148:   else if (GET_LEVEL(ch) >= LVL_BUILDER && GET_OLC_ZONE(ch) != NOWHERE &&
  7149:            GET_OLC_ZONE(ch) == zone_vnum_input)"
"src\act.wizard.c","7148","mobtemplate_range_is_clear","line","MUTATING_REVIEW","OLC/object/flag mutation","  7146:   if (GET_LEVEL(ch) >= LVL_GRGOD || GET_OLC_ZONE(ch) == ALL_PERMISSION)
  7147:     can_edit_new_zone = TRUE;
  7148:   else if (GET_LEVEL(ch) >= LVL_BUILDER && GET_OLC_ZONE(ch) != NOWHERE &&
  7149:            GET_OLC_ZONE(ch) == zone_vnum_input)
  7150:     can_edit_new_zone = TRUE;
  7151: "
"src\act.wizard.c","7149","mobtemplate_range_is_clear","line","MUTATING_REVIEW","OLC/object/flag mutation","  7147:     can_edit_new_zone = TRUE;
  7148:   else if (GET_LEVEL(ch) >= LVL_BUILDER && GET_OLC_ZONE(ch) != NOWHERE &&
  7149:            GET_OLC_ZONE(ch) == zone_vnum_input)
  7150:     can_edit_new_zone = TRUE;
  7151: 
  7152:   if (!can_edit_new_zone) {"
"src\act.wizard.c","7446","objtemplate_apply_defaults","case ITEM_TREASURE","MUTATING_REVIEW","OLC/object/flag mutation","    case ITEM_TREASURE:
      SET_BIT_AR(GET_OBJ_WEAR(obj), ITEM_WEAR_TAKE);
      GET_OBJ_WEIGHT(obj) = MAX(1, (level / 5) + 1);
      break;"
"src\act.wizard.c","7447","objtemplate_apply_defaults","line","MUTATING_REVIEW","OLC/object/flag mutation","  7445:     case ITEM_TRASH:
  7446:     case ITEM_TREASURE:
  7447:       SET_BIT_AR(GET_OBJ_WEAR(obj), ITEM_WEAR_TAKE);
  7448:       GET_OBJ_WEIGHT(obj) = MAX(1, (level / 5) + 1);
  7449:       break;
  7450:     case ITEM_WEAPON:"
"src\act.wizard.c","7451","objtemplate_apply_defaults","line","MUTATING_REVIEW","OLC/object/flag mutation","  7449:       break;
  7450:     case ITEM_WEAPON:
  7451:       SET_BIT_AR(GET_OBJ_WEAR(obj), ITEM_WEAR_TAKE);
  7452:       SET_BIT_AR(GET_OBJ_WEAR(obj), ITEM_WEAR_WIELD);
  7453:       GET_OBJ_WEIGHT(obj) = MAX(1, (level / 4) + 2);
  7454:       GET_OBJ_VAL(obj, 0) = 0;"
"src\act.wizard.c","7452","objtemplate_apply_defaults","line","MUTATING_REVIEW","OLC/object/flag mutation","  7450:     case ITEM_WEAPON:
  7451:       SET_BIT_AR(GET_OBJ_WEAR(obj), ITEM_WEAR_TAKE);
  7452:       SET_BIT_AR(GET_OBJ_WEAR(obj), ITEM_WEAR_WIELD);
  7453:       GET_OBJ_WEIGHT(obj) = MAX(1, (level / 4) + 2);
  7454:       GET_OBJ_VAL(obj, 0) = 0;
  7455:       GET_OBJ_VAL(obj, 1) = MAX(1, (level / 10) + 1);"
"src\act.wizard.c","7459","objtemplate_apply_defaults","case ITEM_ARMOR","MUTATING_REVIEW","OLC/object/flag mutation","    case ITEM_ARMOR:
      SET_BIT_AR(GET_OBJ_WEAR(obj), ITEM_WEAR_TAKE);
      SET_BIT_AR(GET_OBJ_WEAR(obj), ITEM_WEAR_BODY);
      GET_OBJ_WEIGHT(obj) = MAX(1, (level / 4) + 2);
      GET_OBJ_VAL(obj, 0) = MAX(1, level / 3);
      break;"
"src\act.wizard.c","7460","objtemplate_apply_defaults","line","MUTATING_REVIEW","OLC/object/flag mutation","  7458:       break;
  7459:     case ITEM_ARMOR:
  7460:       SET_BIT_AR(GET_OBJ_WEAR(obj), ITEM_WEAR_TAKE);
  7461:       SET_BIT_AR(GET_OBJ_WEAR(obj), ITEM_WEAR_BODY);
  7462:       GET_OBJ_WEIGHT(obj) = MAX(1, (level / 4) + 2);
  7463:       GET_OBJ_VAL(obj, 0) = MAX(1, level / 3);"
"src\act.wizard.c","7461","objtemplate_apply_defaults","line","MUTATING_REVIEW","OLC/object/flag mutation","  7459:     case ITEM_ARMOR:
  7460:       SET_BIT_AR(GET_OBJ_WEAR(obj), ITEM_WEAR_TAKE);
  7461:       SET_BIT_AR(GET_OBJ_WEAR(obj), ITEM_WEAR_BODY);
  7462:       GET_OBJ_WEIGHT(obj) = MAX(1, (level / 4) + 2);
  7463:       GET_OBJ_VAL(obj, 0) = MAX(1, level / 3);
  7464:       break;"
"src\act.wizard.c","7466","objtemplate_apply_defaults","line","MUTATING_REVIEW","OLC/object/flag mutation","  7464:       break;
  7465:     case ITEM_CONTAINER:
  7466:       SET_BIT_AR(GET_OBJ_WEAR(obj), ITEM_WEAR_TAKE);
  7467:       GET_OBJ_WEIGHT(obj) = MAX(1, (level / 4) + 2);
  7468:       GET_OBJ_VAL(obj, 0) = MAX(10, level * 2);
  7469:       GET_OBJ_VAL(obj, 1) = 0;"
"src\act.wizard.c","7739","objtemplate_apply_defaults","line","MUTATING_REVIEW","OLC/object/flag mutation","  7737: 
  7738:   /* Check the builder list */
  7739:   if (GET_LEVEL(ch) < LVL_GRGOD && !is_name(GET_NAME(ch), zone_table[zn].builders) && GET_OLC_ZONE(ch) != znvnum) {
  7740:     send_to_char(ch, ""You do not have sufficient access to unlock that zone!\r\n"");
  7741:     return;
  7742:   }"
"src\aedit.c","85","","line","MUTATING_REVIEW","OLC/object/flag mutation","    83:   CREATE(d->olc, struct oasis_olc_data, 1);
    84: 
    85:   OLC_NUM(d) = 0;
    86:   OLC_STORAGE(d) = strdup(arg);
    87: 
    88:   for (OLC_ZNUM(d) = 0; (OLC_ZNUM(d) <= top_of_socialt); OLC_ZNUM(d)++)"
"src\aedit.c","86","","line","MUTATING_REVIEW","OLC/object/flag mutation","    84: 
    85:   OLC_NUM(d) = 0;
    86:   OLC_STORAGE(d) = strdup(arg);
    87: 
    88:   for (OLC_ZNUM(d) = 0; (OLC_ZNUM(d) <= top_of_socialt); OLC_ZNUM(d)++)
    89:     if (is_abbrev(OLC_STORAGE(d), soc_mess_list[OLC_ZNUM(d)].command))"
"src\aedit.c","88","","line","MUTATING_REVIEW","OLC/object/flag mutation","    86:   OLC_STORAGE(d) = strdup(arg);
    87: 
    88:   for (OLC_ZNUM(d) = 0; (OLC_ZNUM(d) <= top_of_socialt); OLC_ZNUM(d)++)
    89:     if (is_abbrev(OLC_STORAGE(d), soc_mess_list[OLC_ZNUM(d)].command))
    90:       break;
    91: "
"src\aedit.c","93","","line","MUTATING_REVIEW","OLC/object/flag mutation","    91: 
    92:   if (OLC_ZNUM(d) > top_of_socialt)  {
    93:     if ((i = aedit_find_command(OLC_STORAGE(d))) != -1)  {
    94:       send_to_char(ch, ""The '%s' command already exists (%s).\r\n"", OLC_STORAGE(d), complete_cmd_info[i].command);
    95:       cleanup_olc(d, CLEANUP_ALL);
    96:       return;"
"src\aedit.c","99","","line","MUTATING_REVIEW","OLC/object/flag mutation","    97:     }
    98:     send_to_char(ch, ""Do you wish to add the '%s' action? "", OLC_STORAGE(d));
    99:     OLC_MODE(d) = AEDIT_CONFIRM_ADD;
   100:   } else {
   101:     send_to_char(ch, ""Do you wish to edit the '%s' action? "", soc_mess_list[OLC_ZNUM(d)].command);
   102:     OLC_MODE(d) = AEDIT_CONFIRM_EDIT;"
"src\aedit.c","102","","line","MUTATING_REVIEW","OLC/object/flag mutation","   100:   } else {
   101:     send_to_char(ch, ""Do you wish to edit the '%s' action? "", soc_mess_list[OLC_ZNUM(d)].command);
   102:     OLC_MODE(d) = AEDIT_CONFIRM_EDIT;
   103:   }
   104:   STATE(d) = CON_AEDIT;
   105:   act(""$n starts using OLC."", TRUE, d->character, 0, 0, TO_ROOM);"
"src\aedit.c","106","","line","MUTATING_REVIEW","OLC/object/flag mutation","   104:   STATE(d) = CON_AEDIT;
   105:   act(""$n starts using OLC."", TRUE, d->character, 0, 0, TO_ROOM);
   106:   SET_BIT_AR(PLR_FLAGS(ch), PLR_WRITING);
   107:   mudlog(CMP, MAX(LVL_IMMORT, GET_INVIS_LEV(ch)), TRUE, ""OLC: %s starts editing actions."", GET_NAME(ch));
   108: }
   109: "
"src\aedit.c","112","aedit_setup_new","line","MUTATING_REVIEW","OLC/object/flag mutation","   110: static void aedit_setup_new(struct descriptor_data *d) {
   111:    CREATE(OLC_ACTION(d), struct social_messg, 1);
   112:    OLC_ACTION(d)->command             = strdup(OLC_STORAGE(d));
   113:    OLC_ACTION(d)->sort_as             = strdup(OLC_STORAGE(d));
   114:    OLC_ACTION(d)->hide                = 0;
   115:    OLC_ACTION(d)->min_victim_position = POS_STANDING;"
"src\aedit.c","113","aedit_setup_new","line","MUTATING_REVIEW","OLC/object/flag mutation","   111:    CREATE(OLC_ACTION(d), struct social_messg, 1);
   112:    OLC_ACTION(d)->command             = strdup(OLC_STORAGE(d));
   113:    OLC_ACTION(d)->sort_as             = strdup(OLC_STORAGE(d));
   114:    OLC_ACTION(d)->hide                = 0;
   115:    OLC_ACTION(d)->min_victim_position = POS_STANDING;
   116:    OLC_ACTION(d)->min_char_position   = POS_STANDING;"
"src\aedit.c","114","aedit_setup_new","line","MUTATING_REVIEW","OLC/object/flag mutation","   112:    OLC_ACTION(d)->command             = strdup(OLC_STORAGE(d));
   113:    OLC_ACTION(d)->sort_as             = strdup(OLC_STORAGE(d));
   114:    OLC_ACTION(d)->hide                = 0;
   115:    OLC_ACTION(d)->min_victim_position = POS_STANDING;
   116:    OLC_ACTION(d)->min_char_position   = POS_STANDING;
   117:    OLC_ACTION(d)->min_level_char      = 0;"
"src\aedit.c","115","aedit_setup_new","line","MUTATING_REVIEW","OLC/object/flag mutation","   113:    OLC_ACTION(d)->sort_as             = strdup(OLC_STORAGE(d));
   114:    OLC_ACTION(d)->hide                = 0;
   115:    OLC_ACTION(d)->min_victim_position = POS_STANDING;
   116:    OLC_ACTION(d)->min_char_position   = POS_STANDING;
   117:    OLC_ACTION(d)->min_level_char      = 0;
   118:    OLC_ACTION(d)->char_no_arg         = strdup(""This action is unfinished."");"
"src\aedit.c","116","aedit_setup_new","line","MUTATING_REVIEW","OLC/object/flag mutation","   114:    OLC_ACTION(d)->hide                = 0;
   115:    OLC_ACTION(d)->min_victim_position = POS_STANDING;
   116:    OLC_ACTION(d)->min_char_position   = POS_STANDING;
   117:    OLC_ACTION(d)->min_level_char      = 0;
   118:    OLC_ACTION(d)->char_no_arg         = strdup(""This action is unfinished."");
   119:    OLC_ACTION(d)->others_no_arg       = strdup(""This action is unfinished."");"
"src\aedit.c","117","aedit_setup_new","line","MUTATING_REVIEW","OLC/object/flag mutation","   115:    OLC_ACTION(d)->min_victim_position = POS_STANDING;
   116:    OLC_ACTION(d)->min_char_position   = POS_STANDING;
   117:    OLC_ACTION(d)->min_level_char      = 0;
   118:    OLC_ACTION(d)->char_no_arg         = strdup(""This action is unfinished."");
   119:    OLC_ACTION(d)->others_no_arg       = strdup(""This action is unfinished."");
   120:    OLC_ACTION(d)->char_found          = NULL;"
"src\aedit.c","118","aedit_setup_new","line","MUTATING_REVIEW","OLC/object/flag mutation","   116:    OLC_ACTION(d)->min_char_position   = POS_STANDING;
   117:    OLC_ACTION(d)->min_level_char      = 0;
   118:    OLC_ACTION(d)->char_no_arg         = strdup(""This action is unfinished."");
   119:    OLC_ACTION(d)->others_no_arg       = strdup(""This action is unfinished."");
   120:    OLC_ACTION(d)->char_found          = NULL;
   121:    OLC_ACTION(d)->others_found        = NULL;"
"src\aedit.c","119","aedit_setup_new","line","MUTATING_REVIEW","OLC/object/flag mutation","   117:    OLC_ACTION(d)->min_level_char      = 0;
   118:    OLC_ACTION(d)->char_no_arg         = strdup(""This action is unfinished."");
   119:    OLC_ACTION(d)->others_no_arg       = strdup(""This action is unfinished."");
   120:    OLC_ACTION(d)->char_found          = NULL;
   121:    OLC_ACTION(d)->others_found        = NULL;
   122:    OLC_ACTION(d)->vict_found          = NULL;"
"src\aedit.c","120","aedit_setup_new","line","MUTATING_REVIEW","OLC/object/flag mutation","   118:    OLC_ACTION(d)->char_no_arg         = strdup(""This action is unfinished."");
   119:    OLC_ACTION(d)->others_no_arg       = strdup(""This action is unfinished."");
   120:    OLC_ACTION(d)->char_found          = NULL;
   121:    OLC_ACTION(d)->others_found        = NULL;
   122:    OLC_ACTION(d)->vict_found          = NULL;
   123:    OLC_ACTION(d)->not_found           = NULL;"
"src\aedit.c","121","aedit_setup_new","line","MUTATING_REVIEW","OLC/object/flag mutation","   119:    OLC_ACTION(d)->others_no_arg       = strdup(""This action is unfinished."");
   120:    OLC_ACTION(d)->char_found          = NULL;
   121:    OLC_ACTION(d)->others_found        = NULL;
   122:    OLC_ACTION(d)->vict_found          = NULL;
   123:    OLC_ACTION(d)->not_found           = NULL;
   124:    OLC_ACTION(d)->char_auto           = NULL;"
"src\aedit.c","122","aedit_setup_new","line","MUTATING_REVIEW","OLC/object/flag mutation","   120:    OLC_ACTION(d)->char_found          = NULL;
   121:    OLC_ACTION(d)->others_found        = NULL;
   122:    OLC_ACTION(d)->vict_found          = NULL;
   123:    OLC_ACTION(d)->not_found           = NULL;
   124:    OLC_ACTION(d)->char_auto           = NULL;
   125:    OLC_ACTION(d)->others_auto         = NULL;"
"src\aedit.c","123","aedit_setup_new","line","MUTATING_REVIEW","OLC/object/flag mutation","   121:    OLC_ACTION(d)->others_found        = NULL;
   122:    OLC_ACTION(d)->vict_found          = NULL;
   123:    OLC_ACTION(d)->not_found           = NULL;
   124:    OLC_ACTION(d)->char_auto           = NULL;
   125:    OLC_ACTION(d)->others_auto         = NULL;
   126:    OLC_ACTION(d)->char_body_found     = NULL;"
"src\aedit.c","124","aedit_setup_new","line","MUTATING_REVIEW","OLC/object/flag mutation","   122:    OLC_ACTION(d)->vict_found          = NULL;
   123:    OLC_ACTION(d)->not_found           = NULL;
   124:    OLC_ACTION(d)->char_auto           = NULL;
   125:    OLC_ACTION(d)->others_auto         = NULL;
   126:    OLC_ACTION(d)->char_body_found     = NULL;
   127:    OLC_ACTION(d)->others_body_found   = NULL;"
"src\aedit.c","125","aedit_setup_new","line","MUTATING_REVIEW","OLC/object/flag mutation","   123:    OLC_ACTION(d)->not_found           = NULL;
   124:    OLC_ACTION(d)->char_auto           = NULL;
   125:    OLC_ACTION(d)->others_auto         = NULL;
   126:    OLC_ACTION(d)->char_body_found     = NULL;
   127:    OLC_ACTION(d)->others_body_found   = NULL;
   128:    OLC_ACTION(d)->vict_body_found     = NULL;"
"src\aedit.c","126","aedit_setup_new","line","MUTATING_REVIEW","OLC/object/flag mutation","   124:    OLC_ACTION(d)->char_auto           = NULL;
   125:    OLC_ACTION(d)->others_auto         = NULL;
   126:    OLC_ACTION(d)->char_body_found     = NULL;
   127:    OLC_ACTION(d)->others_body_found   = NULL;
   128:    OLC_ACTION(d)->vict_body_found     = NULL;
   129:    OLC_ACTION(d)->char_obj_found      = NULL;"
"src\aedit.c","127","aedit_setup_new","line","MUTATING_REVIEW","OLC/object/flag mutation","   125:    OLC_ACTION(d)->others_auto         = NULL;
   126:    OLC_ACTION(d)->char_body_found     = NULL;
   127:    OLC_ACTION(d)->others_body_found   = NULL;
   128:    OLC_ACTION(d)->vict_body_found     = NULL;
   129:    OLC_ACTION(d)->char_obj_found      = NULL;
   130:    OLC_ACTION(d)->others_obj_found    = NULL;"
"src\aedit.c","128","aedit_setup_new","line","MUTATING_REVIEW","OLC/object/flag mutation","   126:    OLC_ACTION(d)->char_body_found     = NULL;
   127:    OLC_ACTION(d)->others_body_found   = NULL;
   128:    OLC_ACTION(d)->vict_body_found     = NULL;
   129:    OLC_ACTION(d)->char_obj_found      = NULL;
   130:    OLC_ACTION(d)->others_obj_found    = NULL;
   131:    aedit_disp_menu(d);"
"src\aedit.c","129","aedit_setup_new","line","MUTATING_REVIEW","OLC/object/flag mutation","   127:    OLC_ACTION(d)->others_body_found   = NULL;
   128:    OLC_ACTION(d)->vict_body_found     = NULL;
   129:    OLC_ACTION(d)->char_obj_found      = NULL;
   130:    OLC_ACTION(d)->others_obj_found    = NULL;
   131:    aedit_disp_menu(d);
   132:    OLC_VAL(d) = 0;"
"src\aedit.c","130","aedit_setup_new","line","MUTATING_REVIEW","OLC/object/flag mutation","   128:    OLC_ACTION(d)->vict_body_found     = NULL;
   129:    OLC_ACTION(d)->char_obj_found      = NULL;
   130:    OLC_ACTION(d)->others_obj_found    = NULL;
   131:    aedit_disp_menu(d);
   132:    OLC_VAL(d) = 0;
   133: }"
"src\aedit.c","132","aedit_setup_new","line","MUTATING_REVIEW","OLC/object/flag mutation","   130:    OLC_ACTION(d)->others_obj_found    = NULL;
   131:    aedit_disp_menu(d);
   132:    OLC_VAL(d) = 0;
   133: }
   134: 
   135: static void aedit_setup_existing(struct descriptor_data *d, int real_num) {"
"src\aedit.c","137","aedit_setup_existing","line","MUTATING_REVIEW","OLC/object/flag mutation","   135: static void aedit_setup_existing(struct descriptor_data *d, int real_num) {
   136:    CREATE(OLC_ACTION(d), struct social_messg, 1);
   137:    OLC_ACTION(d)->command             = strdup(soc_mess_list[real_num].command);
   138:    OLC_ACTION(d)->sort_as             = strdup(soc_mess_list[real_num].sort_as);
   139:    OLC_ACTION(d)->hide                = soc_mess_list[real_num].hide;
   140:    OLC_ACTION(d)->min_victim_position = soc_mess_list[real_num].min_victim_position;"
"src\aedit.c","138","aedit_setup_existing","line","MUTATING_REVIEW","OLC/object/flag mutation","   136:    CREATE(OLC_ACTION(d), struct social_messg, 1);
   137:    OLC_ACTION(d)->command             = strdup(soc_mess_list[real_num].command);
   138:    OLC_ACTION(d)->sort_as             = strdup(soc_mess_list[real_num].sort_as);
   139:    OLC_ACTION(d)->hide                = soc_mess_list[real_num].hide;
   140:    OLC_ACTION(d)->min_victim_position = soc_mess_list[real_num].min_victim_position;
   141:    OLC_ACTION(d)->min_char_position   = soc_mess_list[real_num].min_char_position;"
"src\aedit.c","139","aedit_setup_existing","line","MUTATING_REVIEW","OLC/object/flag mutation","   137:    OLC_ACTION(d)->command             = strdup(soc_mess_list[real_num].command);
   138:    OLC_ACTION(d)->sort_as             = strdup(soc_mess_list[real_num].sort_as);
   139:    OLC_ACTION(d)->hide                = soc_mess_list[real_num].hide;
   140:    OLC_ACTION(d)->min_victim_position = soc_mess_list[real_num].min_victim_position;
   141:    OLC_ACTION(d)->min_char_position   = soc_mess_list[real_num].min_char_position;
   142:    OLC_ACTION(d)->min_level_char      = soc_mess_list[real_num].min_level_char;"
"src\aedit.c","140","aedit_setup_existing","line","MUTATING_REVIEW","OLC/object/flag mutation","   138:    OLC_ACTION(d)->sort_as             = strdup(soc_mess_list[real_num].sort_as);
   139:    OLC_ACTION(d)->hide                = soc_mess_list[real_num].hide;
   140:    OLC_ACTION(d)->min_victim_position = soc_mess_list[real_num].min_victim_position;
   141:    OLC_ACTION(d)->min_char_position   = soc_mess_list[real_num].min_char_position;
   142:    OLC_ACTION(d)->min_level_char      = soc_mess_list[real_num].min_level_char;
   143:    if (soc_mess_list[real_num].char_no_arg)"
"src\aedit.c","141","aedit_setup_existing","line","MUTATING_REVIEW","OLC/object/flag mutation","   139:    OLC_ACTION(d)->hide                = soc_mess_list[real_num].hide;
   140:    OLC_ACTION(d)->min_victim_position = soc_mess_list[real_num].min_victim_position;
   141:    OLC_ACTION(d)->min_char_position   = soc_mess_list[real_num].min_char_position;
   142:    OLC_ACTION(d)->min_level_char      = soc_mess_list[real_num].min_level_char;
   143:    if (soc_mess_list[real_num].char_no_arg)
   144:      OLC_ACTION(d)->char_no_arg       = strdup(soc_mess_list[real_num].char_no_arg);"
"src\aedit.c","142","aedit_setup_existing","line","MUTATING_REVIEW","OLC/object/flag mutation","   140:    OLC_ACTION(d)->min_victim_position = soc_mess_list[real_num].min_victim_position;
   141:    OLC_ACTION(d)->min_char_position   = soc_mess_list[real_num].min_char_position;
   142:    OLC_ACTION(d)->min_level_char      = soc_mess_list[real_num].min_level_char;
   143:    if (soc_mess_list[real_num].char_no_arg)
   144:      OLC_ACTION(d)->char_no_arg       = strdup(soc_mess_list[real_num].char_no_arg);
   145:    if (soc_mess_list[real_num].others_no_arg)"
"src\aedit.c","144","aedit_setup_existing","line","MUTATING_REVIEW","OLC/object/flag mutation","   142:    OLC_ACTION(d)->min_level_char      = soc_mess_list[real_num].min_level_char;
   143:    if (soc_mess_list[real_num].char_no_arg)
   144:      OLC_ACTION(d)->char_no_arg       = strdup(soc_mess_list[real_num].char_no_arg);
   145:    if (soc_mess_list[real_num].others_no_arg)
   146:      OLC_ACTION(d)->others_no_arg     = strdup(soc_mess_list[real_num].others_no_arg);
   147:    if (soc_mess_list[real_num].char_found)"
"src\aedit.c","146","aedit_setup_existing","line","MUTATING_REVIEW","OLC/object/flag mutation","   144:      OLC_ACTION(d)->char_no_arg       = strdup(soc_mess_list[real_num].char_no_arg);
   145:    if (soc_mess_list[real_num].others_no_arg)
   146:      OLC_ACTION(d)->others_no_arg     = strdup(soc_mess_list[real_num].others_no_arg);
   147:    if (soc_mess_list[real_num].char_found)
   148:      OLC_ACTION(d)->char_found        = strdup(soc_mess_list[real_num].char_found);
   149:    if (soc_mess_list[real_num].others_found)"
"src\aedit.c","148","aedit_setup_existing","line","MUTATING_REVIEW","OLC/object/flag mutation","   146:      OLC_ACTION(d)->others_no_arg     = strdup(soc_mess_list[real_num].others_no_arg);
   147:    if (soc_mess_list[real_num].char_found)
   148:      OLC_ACTION(d)->char_found        = strdup(soc_mess_list[real_num].char_found);
   149:    if (soc_mess_list[real_num].others_found)
   150:      OLC_ACTION(d)->others_found      = strdup(soc_mess_list[real_num].others_found);
   151:    if (soc_mess_list[real_num].vict_found)"
"src\aedit.c","150","aedit_setup_existing","line","MUTATING_REVIEW","OLC/object/flag mutation","   148:      OLC_ACTION(d)->char_found        = strdup(soc_mess_list[real_num].char_found);
   149:    if (soc_mess_list[real_num].others_found)
   150:      OLC_ACTION(d)->others_found      = strdup(soc_mess_list[real_num].others_found);
   151:    if (soc_mess_list[real_num].vict_found)
   152:      OLC_ACTION(d)->vict_found        = strdup(soc_mess_list[real_num].vict_found);
   153:    if (soc_mess_list[real_num].not_found)"
"src\aedit.c","152","aedit_setup_existing","line","MUTATING_REVIEW","OLC/object/flag mutation","   150:      OLC_ACTION(d)->others_found      = strdup(soc_mess_list[real_num].others_found);
   151:    if (soc_mess_list[real_num].vict_found)
   152:      OLC_ACTION(d)->vict_found        = strdup(soc_mess_list[real_num].vict_found);
   153:    if (soc_mess_list[real_num].not_found)
   154:      OLC_ACTION(d)->not_found         = strdup(soc_mess_list[real_num].not_found);
   155:    if (soc_mess_list[real_num].char_auto)"
"src\aedit.c","154","aedit_setup_existing","line","MUTATING_REVIEW","OLC/object/flag mutation","   152:      OLC_ACTION(d)->vict_found        = strdup(soc_mess_list[real_num].vict_found);
   153:    if (soc_mess_list[real_num].not_found)
   154:      OLC_ACTION(d)->not_found         = strdup(soc_mess_list[real_num].not_found);
   155:    if (soc_mess_list[real_num].char_auto)
   156:      OLC_ACTION(d)->char_auto         = strdup(soc_mess_list[real_num].char_auto);
   157:    if (soc_mess_list[real_num].others_auto)"
"src\aedit.c","156","aedit_setup_existing","line","MUTATING_REVIEW","OLC/object/flag mutation","   154:      OLC_ACTION(d)->not_found         = strdup(soc_mess_list[real_num].not_found);
   155:    if (soc_mess_list[real_num].char_auto)
   156:      OLC_ACTION(d)->char_auto         = strdup(soc_mess_list[real_num].char_auto);
   157:    if (soc_mess_list[real_num].others_auto)
   158:      OLC_ACTION(d)->others_auto       = strdup(soc_mess_list[real_num].others_auto);
   159:    if (soc_mess_list[real_num].char_body_found)"
"src\aedit.c","158","aedit_setup_existing","line","MUTATING_REVIEW","OLC/object/flag mutation","   156:      OLC_ACTION(d)->char_auto         = strdup(soc_mess_list[real_num].char_auto);
   157:    if (soc_mess_list[real_num].others_auto)
   158:      OLC_ACTION(d)->others_auto       = strdup(soc_mess_list[real_num].others_auto);
   159:    if (soc_mess_list[real_num].char_body_found)
   160:      OLC_ACTION(d)->char_body_found   = strdup(soc_mess_list[real_num].char_body_found);
   161:    if (soc_mess_list[real_num].others_body_found)"
"src\aedit.c","160","aedit_setup_existing","line","MUTATING_REVIEW","OLC/object/flag mutation","   158:      OLC_ACTION(d)->others_auto       = strdup(soc_mess_list[real_num].others_auto);
   159:    if (soc_mess_list[real_num].char_body_found)
   160:      OLC_ACTION(d)->char_body_found   = strdup(soc_mess_list[real_num].char_body_found);
   161:    if (soc_mess_list[real_num].others_body_found)
   162:      OLC_ACTION(d)->others_body_found = strdup(soc_mess_list[real_num].others_body_found);
   163:    if (soc_mess_list[real_num].vict_body_found)"
"src\aedit.c","162","aedit_setup_existing","line","MUTATING_REVIEW","OLC/object/flag mutation","   160:      OLC_ACTION(d)->char_body_found   = strdup(soc_mess_list[real_num].char_body_found);
   161:    if (soc_mess_list[real_num].others_body_found)
   162:      OLC_ACTION(d)->others_body_found = strdup(soc_mess_list[real_num].others_body_found);
   163:    if (soc_mess_list[real_num].vict_body_found)
   164:      OLC_ACTION(d)->vict_body_found   = strdup(soc_mess_list[real_num].vict_body_found);
   165:    if (soc_mess_list[real_num].char_obj_found)"
"src\aedit.c","164","aedit_setup_existing","line","MUTATING_REVIEW","OLC/object/flag mutation","   162:      OLC_ACTION(d)->others_body_found = strdup(soc_mess_list[real_num].others_body_found);
   163:    if (soc_mess_list[real_num].vict_body_found)
   164:      OLC_ACTION(d)->vict_body_found   = strdup(soc_mess_list[real_num].vict_body_found);
   165:    if (soc_mess_list[real_num].char_obj_found)
   166:      OLC_ACTION(d)->char_obj_found    = strdup(soc_mess_list[real_num].char_obj_found);
   167:    if (soc_mess_list[real_num].others_obj_found)"
"src\aedit.c","166","aedit_setup_existing","line","MUTATING_REVIEW","OLC/object/flag mutation","   164:      OLC_ACTION(d)->vict_body_found   = strdup(soc_mess_list[real_num].vict_body_found);
   165:    if (soc_mess_list[real_num].char_obj_found)
   166:      OLC_ACTION(d)->char_obj_found    = strdup(soc_mess_list[real_num].char_obj_found);
   167:    if (soc_mess_list[real_num].others_obj_found)
   168:      OLC_ACTION(d)->others_obj_found  = strdup(soc_mess_list[real_num].others_obj_found);
   169:    OLC_VAL(d) = 0;"
"src\aedit.c","168","aedit_setup_existing","line","MUTATING_REVIEW","OLC/object/flag mutation","   166:      OLC_ACTION(d)->char_obj_found    = strdup(soc_mess_list[real_num].char_obj_found);
   167:    if (soc_mess_list[real_num].others_obj_found)
   168:      OLC_ACTION(d)->others_obj_found  = strdup(soc_mess_list[real_num].others_obj_found);
   169:    OLC_VAL(d) = 0;
   170:    aedit_disp_menu(d);
   171: }"
"src\aedit.c","169","aedit_setup_existing","line","MUTATING_REVIEW","OLC/object/flag mutation","   167:    if (soc_mess_list[real_num].others_obj_found)
   168:      OLC_ACTION(d)->others_obj_found  = strdup(soc_mess_list[real_num].others_obj_found);
   169:    OLC_VAL(d) = 0;
   170:    aedit_disp_menu(d);
   171: }
   172: "
"src\aedit.c","189","aedit_save_internally","line","MUTATING_REVIEW","OLC/object/flag mutation","   187:    else {
   188:       aedit_find_command(OLC_ACTION(d)->command);
   189:       OLC_ACTION(d)->act_nr = soc_mess_list[OLC_ZNUM(d)].act_nr;
   190:       /* why did i do this..? hrm */
   191:       free_action(soc_mess_list + OLC_ZNUM(d));
   192:       soc_mess_list[OLC_ZNUM(d)] = *OLC_ACTION(d);"
"src\aedit.c","192","aedit_save_internally","line","MUTATING_REVIEW","OLC/object/flag mutation","   190:       /* why did i do this..? hrm */
   191:       free_action(soc_mess_list + OLC_ZNUM(d));
   192:       soc_mess_list[OLC_ZNUM(d)] = *OLC_ACTION(d);
   193:    }
   194: 
   195:    create_command_list();"
"src\aedit.c","321","aedit_disp_menu","line","MUTATING_REVIEW","OLC/object/flag mutation","   319:            grn, nrm);
   320: 
   321:    OLC_MODE(d) = AEDIT_MAIN_MENU;
   322: }
   323: 
   324: /* The main loop. */"
"src\aedit.c","359","aedit_parse","case 'n': case 'N'","MUTATING_REVIEW","OLC/object/flag mutation","       case 'n': case 'N':
         OLC_ZNUM(d)++;
         for (;(OLC_ZNUM(d) <= top_of_socialt); OLC_ZNUM(d)++)
           if (is_abbrev(OLC_STORAGE(d), soc_mess_list[OLC_ZNUM(d)].command))
             break;"
"src\aedit.c","361","aedit_parse","line","MUTATING_REVIEW","OLC/object/flag mutation","   359:        case 'n': case 'N':
   360:          OLC_ZNUM(d)++;
   361:          for (;(OLC_ZNUM(d) <= top_of_socialt); OLC_ZNUM(d)++)
   362:            if (is_abbrev(OLC_STORAGE(d), soc_mess_list[OLC_ZNUM(d)].command))
   363:              break;
   364: "
"src\aedit.c","366","aedit_parse","line","MUTATING_REVIEW","OLC/object/flag mutation","   364: 
   365:          if (OLC_ZNUM(d) > top_of_socialt) {
   366:             if (aedit_find_command(OLC_STORAGE(d)) != -1)  {
   367:                cleanup_olc(d, CLEANUP_ALL);
   368:                break;
   369:             }"
"src\aedit.c","372","aedit_parse","line","MUTATING_REVIEW","OLC/object/flag mutation","   370:             write_to_output(d, ""Do you wish to add the '%s' action? "",
   371:                                OLC_STORAGE(d));
   372:             OLC_MODE(d) = AEDIT_CONFIRM_ADD;
   373:          } else  {
   374:             write_to_output(d, ""Do you wish to edit the '%s' action? "",
   375:                             soc_mess_list[OLC_ZNUM(d)].command);"
"src\aedit.c","376","aedit_parse","line","MUTATING_REVIEW","OLC/object/flag mutation","   374:             write_to_output(d, ""Do you wish to edit the '%s' action? "",
   375:                             soc_mess_list[OLC_ZNUM(d)].command);
   376:             OLC_MODE(d) = AEDIT_CONFIRM_EDIT;
   377:          }
   378:          break;
   379:        default:"
"src\aedit.c","405","aedit_parse","case 'q': case 'Q'","MUTATING_REVIEW","OLC/object/flag mutation","       case 'q': case 'Q':
         if (OLC_VAL(d))  { /* Something was modified */
            write_to_output(d, ""Do you wish to save your changes? : "");
            OLC_MODE(d) = AEDIT_CONFIRM_SAVESTRING;
         }
         else cleanup_olc(d, CLEANUP_ALL);
         break;"
"src\aedit.c","408","aedit_parse","line","MUTATING_REVIEW","OLC/object/flag mutation","   406:          if (OLC_VAL(d))  { /* Something was modified */
   407:             write_to_output(d, ""Do you wish to save your changes? : "");
   408:             OLC_MODE(d) = AEDIT_CONFIRM_SAVESTRING;
   409:          }
   410:          else cleanup_olc(d, CLEANUP_ALL);
   411:          break;"
"src\aedit.c","412","aedit_parse","case 'n'","MUTATING_REVIEW","OLC/object/flag mutation","       case 'n':
         write_to_output(d, ""Enter action name: "");
         OLC_MODE(d) = AEDIT_ACTION_NAME;
         return;"
"src\aedit.c","414","aedit_parse","line","MUTATING_REVIEW","OLC/object/flag mutation","   412:        case 'n':
   413:          write_to_output(d, ""Enter action name: "");
   414:          OLC_MODE(d) = AEDIT_ACTION_NAME;
   415:          return;
   416:        case '1':
   417:          write_to_output(d, ""Enter sort info for this action (for the command listing): "");"
"src\aedit.c","416","aedit_parse","case '1'","MUTATING_REVIEW","OLC/object/flag mutation","       case '1':
         write_to_output(d, ""Enter sort info for this action (for the command listing): "");
         OLC_MODE(d) = AEDIT_SORT_AS;
         return;"
"src\aedit.c","418","aedit_parse","line","MUTATING_REVIEW","OLC/object/flag mutation","   416:        case '1':
   417:          write_to_output(d, ""Enter sort info for this action (for the command listing): "");
   418:          OLC_MODE(d) = AEDIT_SORT_AS;
   419:          return;
   420:        case '2':
   421:          write_to_output(d, ""Enter the minimum position the Character has to be in to activate social:\r\n"");"
"src\aedit.c","420","aedit_parse","case '2'","MUTATING_REVIEW","OLC/object/flag mutation","       case '2':
         write_to_output(d, ""Enter the minimum position the Character has to be in to activate social:\r\n"");
         for (i=POS_DEAD;i<=POS_STANDING;i++)
           write_to_output(d, ""   %d) %s\r\n"", i, position_types[i]);

         write_to_output(d, ""Enter choice: "");
         OLC_MODE(d) = AEDIT_MIN_CHAR_POS;
         return;"
"src\aedit.c","426","aedit_parse","line","MUTATING_REVIEW","OLC/object/flag mutation","   424: 
   425:          write_to_output(d, ""Enter choice: "");
   426:          OLC_MODE(d) = AEDIT_MIN_CHAR_POS;
   427:          return;
   428:        case '3':
   429:          write_to_output(d, ""Enter the minimum position the Victim has to be in to activate social:\r\n"");"
"src\aedit.c","428","aedit_parse","case '3'","MUTATING_REVIEW","OLC/object/flag mutation","       case '3':
         write_to_output(d, ""Enter the minimum position the Victim has to be in to activate social:\r\n"");
         for (i=POS_DEAD;i<=POS_STANDING;i++)
           write_to_output(d, ""   %d) %s\r\n"", i, position_types[i]);

         write_to_output(d, ""Enter choice: "");
         OLC_MODE(d) = AEDIT_MIN_VICT_POS;
         return;"
"src\aedit.c","434","aedit_parse","line","MUTATING_REVIEW","OLC/object/flag mutation","   432: 
   433:          write_to_output(d, ""Enter choice: "");
   434:          OLC_MODE(d) = AEDIT_MIN_VICT_POS;
   435:          return;
   436:        case '4':
   437:          write_to_output(d, ""Enter new minimum level for social: "");"
"src\aedit.c","436","aedit_parse","case '4'","MUTATING_REVIEW","OLC/object/flag mutation","       case '4':
         write_to_output(d, ""Enter new minimum level for social: "");
         OLC_MODE(d) = AEDIT_MIN_CHAR_LEVEL;
         return;"
"src\aedit.c","438","aedit_parse","line","MUTATING_REVIEW","OLC/object/flag mutation","   436:        case '4':
   437:          write_to_output(d, ""Enter new minimum level for social: "");
   438:          OLC_MODE(d) = AEDIT_MIN_CHAR_LEVEL;
   439:          return;
   440:        case '5':
   441:          OLC_ACTION(d)->hide = !OLC_ACTION(d)->hide;"
"src\aedit.c","440","aedit_parse","case '5'","MUTATING_REVIEW","OLC/object/flag mutation","       case '5':
         OLC_ACTION(d)->hide = !OLC_ACTION(d)->hide;
         aedit_disp_menu(d);
         OLC_VAL(d) = 1;
         break;"
"src\aedit.c","441","aedit_parse","line","MUTATING_REVIEW","OLC/object/flag mutation","   439:          return;
   440:        case '5':
   441:          OLC_ACTION(d)->hide = !OLC_ACTION(d)->hide;
   442:          aedit_disp_menu(d);
   443:          OLC_VAL(d) = 1;
   444:          break;"
"src\aedit.c","443","aedit_parse","line","MUTATING_REVIEW","OLC/object/flag mutation","   441:          OLC_ACTION(d)->hide = !OLC_ACTION(d)->hide;
   442:          aedit_disp_menu(d);
   443:          OLC_VAL(d) = 1;
   444:          break;
   445:        case 'a': case 'A':
   446:          write_to_output(d, ""Enter social shown to the Character when there is no argument supplied.\r\n"""
"src\aedit.c","445","aedit_parse","case 'a': case 'A'","MUTATING_REVIEW","OLC/object/flag mutation","       case 'a': case 'A':
         write_to_output(d, ""Enter social shown to the Character when there is no argument supplied.\r\n""
                            ""[OLD]: %s\r\n""
                            ""[NEW]: "",
                 ((OLC_ACTION(d)->char_no_arg)?OLC_ACTION(d)->char_no_arg:""NULL""));
         OLC_MODE(d) = AEDIT_NOVICT_CHAR;
         return;"
"src\aedit.c","450","aedit_parse","line","MUTATING_REVIEW","OLC/object/flag mutation","   448:                             ""[NEW]: "",
   449:                  ((OLC_ACTION(d)->char_no_arg)?OLC_ACTION(d)->char_no_arg:""NULL""));
   450:          OLC_MODE(d) = AEDIT_NOVICT_CHAR;
   451:          return;
   452:        case 'b': case 'B':
   453:          write_to_output(d, ""Enter social shown to Others when there is no argument supplied.\r\n"""
"src\aedit.c","452","aedit_parse","case 'b': case 'B'","MUTATING_REVIEW","OLC/object/flag mutation","       case 'b': case 'B':
         write_to_output(d, ""Enter social shown to Others when there is no argument supplied.\r\n""
                            ""[OLD]: %s\r\n""
                            ""[NEW]: "",
                            ((OLC_ACTION(d)->others_no_arg)?OLC_ACTION(d)->others_no_arg:""NULL""));
         OLC_MODE(d) = AEDIT_NOVICT_OTHERS;
         return;"
"src\aedit.c","457","aedit_parse","line","MUTATING_REVIEW","OLC/object/flag mutation","   455:                             ""[NEW]: "",
   456:                             ((OLC_ACTION(d)->others_no_arg)?OLC_ACTION(d)->others_no_arg:""NULL""));
   457:          OLC_MODE(d) = AEDIT_NOVICT_OTHERS;
   458:          return;
   459:        case 'c': case 'C':
   460:          write_to_output(d, ""Enter text shown to the Character when his victim isnt found.\r\n"""
"src\aedit.c","459","aedit_parse","case 'c': case 'C'","MUTATING_REVIEW","OLC/object/flag mutation","       case 'c': case 'C':
         write_to_output(d, ""Enter text shown to the Character when his victim isnt found.\r\n""
                            ""[OLD]: %s\r\n""
                            ""[NEW]: "",
                            ((OLC_ACTION(d)->not_found)?OLC_ACTION(d)->not_found:""NULL""));

         OLC_MODE(d) = AEDIT_VICT_NOT_FOUND;
         return;"
"src\aedit.c","465","aedit_parse","line","MUTATING_REVIEW","OLC/object/flag mutation","   463:                             ((OLC_ACTION(d)->not_found)?OLC_ACTION(d)->not_found:""NULL""));
   464: 
   465:          OLC_MODE(d) = AEDIT_VICT_NOT_FOUND;
   466:          return;
   467:        case 'd': case 'D':
   468:          write_to_output(d, ""Enter social shown to the Character when it is its own victim.\r\n"""
"src\aedit.c","467","aedit_parse","case 'd': case 'D'","MUTATING_REVIEW","OLC/object/flag mutation","       case 'd': case 'D':
         write_to_output(d, ""Enter social shown to the Character when it is its own victim.\r\n""
                            ""[OLD]: %s\r\n""
                            ""[NEW]: "",
                            ((OLC_ACTION(d)->char_auto)?OLC_ACTION(d)->char_auto:""NULL""));

         OLC_MODE(d) = AEDIT_SELF_CHAR;
         return;"
"src\aedit.c","473","aedit_parse","line","MUTATING_REVIEW","OLC/object/flag mutation","   471:                             ((OLC_ACTION(d)->char_auto)?OLC_ACTION(d)->char_auto:""NULL""));
   472: 
   473:          OLC_MODE(d) = AEDIT_SELF_CHAR;
   474:          return;
   475:        case 'e': case 'E':
   476:          write_to_output(d, ""Enter social shown to Others when the Char is its own victim.\r\n"""
"src\aedit.c","475","aedit_parse","case 'e': case 'E'","MUTATING_REVIEW","OLC/object/flag mutation","       case 'e': case 'E':
         write_to_output(d, ""Enter social shown to Others when the Char is its own victim.\r\n""
                            ""[OLD]: %s\r\n""
                            ""[NEW]: "",
                            ((OLC_ACTION(d)->others_auto)?OLC_ACTION(d)->others_auto:""NULL""));

         OLC_MODE(d) = AEDIT_SELF_OTHERS;
         return;"
"src\aedit.c","481","aedit_parse","line","MUTATING_REVIEW","OLC/object/flag mutation","   479:                             ((OLC_ACTION(d)->others_auto)?OLC_ACTION(d)->others_auto:""NULL""));
   480: 
   481:          OLC_MODE(d) = AEDIT_SELF_OTHERS;
   482:          return;
   483:        case 'f': case 'F':
   484:          write_to_output(d, ""Enter normal social shown to the Character when the victim is found.\r\n"""
"src\aedit.c","483","aedit_parse","case 'f': case 'F'","MUTATING_REVIEW","OLC/object/flag mutation","       case 'f': case 'F':
         write_to_output(d, ""Enter normal social shown to the Character when the victim is found.\r\n""
                            ""[OLD]: %s\r\n""
                            ""[NEW]: "",
                            ((OLC_ACTION(d)->char_found)?OLC_ACTION(d)->char_found:""NULL""));

         OLC_MODE(d) = AEDIT_VICT_CHAR_FOUND;
         return;"
"src\aedit.c","489","aedit_parse","line","MUTATING_REVIEW","OLC/object/flag mutation","   487:                             ((OLC_ACTION(d)->char_found)?OLC_ACTION(d)->char_found:""NULL""));
   488: 
   489:          OLC_MODE(d) = AEDIT_VICT_CHAR_FOUND;
   490:          return;
   491:        case 'g': case 'G':
   492:          write_to_output(d, ""Enter normal social shown to Others when the victim is found.\r\n"""
"src\aedit.c","491","aedit_parse","case 'g': case 'G'","MUTATING_REVIEW","OLC/object/flag mutation","       case 'g': case 'G':
         write_to_output(d, ""Enter normal social shown to Others when the victim is found.\r\n""
                            ""[OLD]: %s\r\n""
                            ""[NEW]: "",
                            ((OLC_ACTION(d)->others_found)?OLC_ACTION(d)->others_found:""NULL""));

         OLC_MODE(d) = AEDIT_VICT_OTHERS_FOUND;
         return;"
"src\aedit.c","497","aedit_parse","line","MUTATING_REVIEW","OLC/object/flag mutation","   495:                             ((OLC_ACTION(d)->others_found)?OLC_ACTION(d)->others_found:""NULL""));
   496: 
   497:          OLC_MODE(d) = AEDIT_VICT_OTHERS_FOUND;
   498:          return;
   499:        case 'h': case 'H':
   500:          write_to_output(d, ""Enter normal social shown to the Victim when the victim is found.\r\n"""
"src\aedit.c","499","aedit_parse","case 'h': case 'H'","MUTATING_REVIEW","OLC/object/flag mutation","       case 'h': case 'H':
         write_to_output(d, ""Enter normal social shown to the Victim when the victim is found.\r\n""
                            ""[OLD]: %s\r\n""
                            ""[NEW]: "",
                            ((OLC_ACTION(d)->vict_found)?OLC_ACTION(d)->vict_found:""NULL""));

         OLC_MODE(d) = AEDIT_VICT_VICT_FOUND;
         return;"
"src\aedit.c","505","aedit_parse","line","MUTATING_REVIEW","OLC/object/flag mutation","   503:                             ((OLC_ACTION(d)->vict_found)?OLC_ACTION(d)->vict_found:""NULL""));
   504: 
   505:          OLC_MODE(d) = AEDIT_VICT_VICT_FOUND;
   506:          return;
   507:        case 'i': case 'I':
   508:          write_to_output(d, ""Enter 'body part' social shown to the Character when the victim is found.\r\n"""
"src\aedit.c","507","aedit_parse","case 'i': case 'I'","MUTATING_REVIEW","OLC/object/flag mutation","       case 'i': case 'I':
         write_to_output(d, ""Enter 'body part' social shown to the Character when the victim is found.\r\n""
                            ""[OLD]: %s\r\n""
                            ""[NEW]: "",
                            ((OLC_ACTION(d)->char_body_found)?OLC_ACTION(d)->char_body_found:""NULL""));

         OLC_MODE(d) = AEDIT_VICT_CHAR_BODY_FOUND;
         return;"
"src\aedit.c","513","aedit_parse","line","MUTATING_REVIEW","OLC/object/flag mutation","   511:                             ((OLC_ACTION(d)->char_body_found)?OLC_ACTION(d)->char_body_found:""NULL""));
   512: 
   513:          OLC_MODE(d) = AEDIT_VICT_CHAR_BODY_FOUND;
   514:          return;
   515:        case 'j': case 'J':
   516:          write_to_output(d, ""Enter 'body part' social shown to Others when the victim is found.\r\n"""
"src\aedit.c","515","aedit_parse","case 'j': case 'J'","MUTATING_REVIEW","OLC/object/flag mutation","       case 'j': case 'J':
         write_to_output(d, ""Enter 'body part' social shown to Others when the victim is found.\r\n""
                            ""[OLD]: %s\r\n""
                            ""[NEW]: "",
                            ((OLC_ACTION(d)->others_body_found)?OLC_ACTION(d)->others_body_found:""NULL""));

         OLC_MODE(d) = AEDIT_VICT_OTHERS_BODY_FOUND;
         return;"
"src\aedit.c","521","aedit_parse","line","MUTATING_REVIEW","OLC/object/flag mutation","   519:                             ((OLC_ACTION(d)->others_body_found)?OLC_ACTION(d)->others_body_found:""NULL""));
   520: 
   521:          OLC_MODE(d) = AEDIT_VICT_OTHERS_BODY_FOUND;
   522:          return;
   523:        case 'k': case 'K':
   524:          write_to_output(d, ""Enter 'body part' social shown to the Victim when the victim is found.\r\n"""
"src\aedit.c","523","aedit_parse","case 'k': case 'K'","MUTATING_REVIEW","OLC/object/flag mutation","       case 'k': case 'K':
         write_to_output(d, ""Enter 'body part' social shown to the Victim when the victim is found.\r\n""
                            ""[OLD]: %s\r\n""
                            ""[NEW]: "",
                            ((OLC_ACTION(d)->vict_body_found)?OLC_ACTION(d)->vict_body_found:""NULL""));

         OLC_MODE(d) = AEDIT_VICT_VICT_BODY_FOUND;
         return;"
"src\aedit.c","529","aedit_parse","line","MUTATING_REVIEW","OLC/object/flag mutation","   527:                             ((OLC_ACTION(d)->vict_body_found)?OLC_ACTION(d)->vict_body_found:""NULL""));
   528: 
   529:          OLC_MODE(d) = AEDIT_VICT_VICT_BODY_FOUND;
   530:          return;
   531:        case 'l': case 'L':
   532:          write_to_output(d, ""Enter 'object' social shown to the Character when the object is found.\r\n"""
"src\aedit.c","531","aedit_parse","case 'l': case 'L'","MUTATING_REVIEW","OLC/object/flag mutation","       case 'l': case 'L':
         write_to_output(d, ""Enter 'object' social shown to the Character when the object is found.\r\n""
                            ""[OLD]: %s\r\n""
                            ""[NEW]: "",
                            ((OLC_ACTION(d)->char_obj_found)?OLC_ACTION(d)->char_obj_found:""NULL""));

         OLC_MODE(d) = AEDIT_OBJ_CHAR_FOUND;
         return;"
"src\aedit.c","537","aedit_parse","line","MUTATING_REVIEW","OLC/object/flag mutation","   535:                             ((OLC_ACTION(d)->char_obj_found)?OLC_ACTION(d)->char_obj_found:""NULL""));
   536: 
   537:          OLC_MODE(d) = AEDIT_OBJ_CHAR_FOUND;
   538:          return;
   539:        case 'm': case 'M':
   540:          write_to_output(d, ""Enter 'object' social shown to the Room when the object is found.\r\n"""
"src\aedit.c","539","aedit_parse","case 'm': case 'M'","MUTATING_REVIEW","OLC/object/flag mutation","       case 'm': case 'M':
         write_to_output(d, ""Enter 'object' social shown to the Room when the object is found.\r\n""
                            ""[OLD]: %s\r\n""
                            ""[NEW]: "",
                            ((OLC_ACTION(d)->others_obj_found)?OLC_ACTION(d)->others_obj_found:""NULL""));

         OLC_MODE(d) = AEDIT_OBJ_OTHERS_FOUND;
         return;"
"src\aedit.c","545","aedit_parse","line","MUTATING_REVIEW","OLC/object/flag mutation","   543:                             ((OLC_ACTION(d)->others_obj_found)?OLC_ACTION(d)->others_obj_found:""NULL""));
   544: 
   545:          OLC_MODE(d) = AEDIT_OBJ_OTHERS_FOUND;
   546:          return;
   547:        default:
   548:          aedit_disp_menu(d);"
"src\aedit.c","560","aedit_parse","line","MUTATING_REVIEW","OLC/object/flag mutation","   558:       if (OLC_ACTION(d)->command)
   559:         free(OLC_ACTION(d)->command);
   560:       OLC_ACTION(d)->command = strdup(arg);
   561: 
   562:       break;
   563: "
"src\aedit.c","571","aedit_parse","line","MUTATING_REVIEW","OLC/object/flag mutation","   569:       if (OLC_ACTION(d)->sort_as) 
   570:         free(OLC_ACTION(d)->sort_as);
   571:       OLC_ACTION(d)->sort_as = strdup(arg);
   572:       
   573:       break;
   574: "
"src\aedit.c","586","aedit_parse","line","MUTATING_REVIEW","OLC/object/flag mutation","   584:         return;
   585:       }
   586:       if (OLC_MODE(d) == AEDIT_MIN_CHAR_POS)
   587:         OLC_ACTION(d)->min_char_position = i;
   588:       else
   589:         OLC_ACTION(d)->min_victim_position = i;"
"src\aedit.c","587","aedit_parse","line","MUTATING_REVIEW","OLC/object/flag mutation","   585:       }
   586:       if (OLC_MODE(d) == AEDIT_MIN_CHAR_POS)
   587:         OLC_ACTION(d)->min_char_position = i;
   588:       else
   589:         OLC_ACTION(d)->min_victim_position = i;
   590:       break;"
"src\aedit.c","589","aedit_parse","line","MUTATING_REVIEW","OLC/object/flag mutation","   587:         OLC_ACTION(d)->min_char_position = i;
   588:       else
   589:         OLC_ACTION(d)->min_victim_position = i;
   590:       break;
   591: 
   592:     case AEDIT_MIN_CHAR_LEVEL:"
"src\aedit.c","602","aedit_parse","line","MUTATING_REVIEW","OLC/object/flag mutation","   600:         return;
   601:       }
   602:       OLC_ACTION(d)->min_level_char = i;
   603:       break;
   604: 
   605:     case AEDIT_NOVICT_CHAR:"
"src\aedit.c","610","aedit_parse","line","MUTATING_REVIEW","OLC/object/flag mutation","   608:       if (*arg) {
   609:         delete_doubledollar(arg);
   610:         OLC_ACTION(d)->char_no_arg = strdup(arg);
   611:       } else
   612:         OLC_ACTION(d)->char_no_arg = NULL;
   613:       break;"
"src\aedit.c","612","aedit_parse","line","MUTATING_REVIEW","OLC/object/flag mutation","   610:         OLC_ACTION(d)->char_no_arg = strdup(arg);
   611:       } else
   612:         OLC_ACTION(d)->char_no_arg = NULL;
   613:       break;
   614: 
   615:     case AEDIT_NOVICT_OTHERS:"
"src\aedit.c","620","aedit_parse","line","MUTATING_REVIEW","OLC/object/flag mutation","   618:       if (*arg) {
   619:         delete_doubledollar(arg);
   620:         OLC_ACTION(d)->others_no_arg = strdup(arg);
   621:       } else
   622:         OLC_ACTION(d)->others_no_arg = NULL;
   623:       break;"
"src\aedit.c","622","aedit_parse","line","MUTATING_REVIEW","OLC/object/flag mutation","   620:         OLC_ACTION(d)->others_no_arg = strdup(arg);
   621:       } else
   622:         OLC_ACTION(d)->others_no_arg = NULL;
   623:       break;
   624: 
   625:     case AEDIT_VICT_CHAR_FOUND:"
"src\aedit.c","630","aedit_parse","line","MUTATING_REVIEW","OLC/object/flag mutation","   628:       if (*arg) {
   629:         delete_doubledollar(arg);
   630:         OLC_ACTION(d)->char_found = strdup(arg);
   631:       } else
   632:         OLC_ACTION(d)->char_found = NULL;
   633:       break;"
"src\aedit.c","632","aedit_parse","line","MUTATING_REVIEW","OLC/object/flag mutation","   630:         OLC_ACTION(d)->char_found = strdup(arg);
   631:       } else
   632:         OLC_ACTION(d)->char_found = NULL;
   633:       break;
   634: 
   635:     case AEDIT_VICT_OTHERS_FOUND:"
"src\aedit.c","640","aedit_parse","line","MUTATING_REVIEW","OLC/object/flag mutation","   638:       if (*arg) {
   639:         delete_doubledollar(arg);
   640:         OLC_ACTION(d)->others_found = strdup(arg);
   641:       } else
   642:         OLC_ACTION(d)->others_found = NULL;
   643:       break;"
"src\aedit.c","642","aedit_parse","line","MUTATING_REVIEW","OLC/object/flag mutation","   640:         OLC_ACTION(d)->others_found = strdup(arg);
   641:       } else
   642:         OLC_ACTION(d)->others_found = NULL;
   643:       break;
   644: 
   645:     case AEDIT_VICT_VICT_FOUND:"
"src\aedit.c","650","aedit_parse","line","MUTATING_REVIEW","OLC/object/flag mutation","   648:       if (*arg) {
   649:         delete_doubledollar(arg);
   650:         OLC_ACTION(d)->vict_found = strdup(arg);
   651:       } else
   652:         OLC_ACTION(d)->vict_found = NULL;
   653:       break;"
"src\aedit.c","652","aedit_parse","line","MUTATING_REVIEW","OLC/object/flag mutation","   650:         OLC_ACTION(d)->vict_found = strdup(arg);
   651:       } else
   652:         OLC_ACTION(d)->vict_found = NULL;
   653:       break;
   654: 
   655:     case AEDIT_VICT_NOT_FOUND:"
"src\aedit.c","660","aedit_parse","line","MUTATING_REVIEW","OLC/object/flag mutation","   658:       if (*arg) {
   659:         delete_doubledollar(arg);
   660:         OLC_ACTION(d)->not_found = strdup(arg);
   661:       } else
   662:         OLC_ACTION(d)->not_found = NULL;
   663:       break;"
"src\aedit.c","662","aedit_parse","line","MUTATING_REVIEW","OLC/object/flag mutation","   660:         OLC_ACTION(d)->not_found = strdup(arg);
   661:       } else
   662:         OLC_ACTION(d)->not_found = NULL;
   663:       break;
   664: 
   665:     case AEDIT_SELF_CHAR:"
"src\aedit.c","670","aedit_parse","line","MUTATING_REVIEW","OLC/object/flag mutation","   668:       if (*arg) {
   669:         delete_doubledollar(arg);
   670:         OLC_ACTION(d)->char_auto = strdup(arg);
   671:       } else
   672:         OLC_ACTION(d)->char_auto = NULL;
   673:       break;"
"src\aedit.c","672","aedit_parse","line","MUTATING_REVIEW","OLC/object/flag mutation","   670:         OLC_ACTION(d)->char_auto = strdup(arg);
   671:       } else
   672:         OLC_ACTION(d)->char_auto = NULL;
   673:       break;
   674: 
   675:     case AEDIT_SELF_OTHERS:"
"src\aedit.c","680","aedit_parse","line","MUTATING_REVIEW","OLC/object/flag mutation","   678:       if (*arg) {
   679:         delete_doubledollar(arg);
   680:         OLC_ACTION(d)->others_auto = strdup(arg);
   681:       } else
   682:         OLC_ACTION(d)->others_auto = NULL;
   683:       break;"
"src\aedit.c","682","aedit_parse","line","MUTATING_REVIEW","OLC/object/flag mutation","   680:         OLC_ACTION(d)->others_auto = strdup(arg);
   681:       } else
   682:         OLC_ACTION(d)->others_auto = NULL;
   683:       break;
   684: 
   685:     case AEDIT_VICT_CHAR_BODY_FOUND:"
"src\aedit.c","690","aedit_parse","line","MUTATING_REVIEW","OLC/object/flag mutation","   688:       if (*arg) {
   689:         delete_doubledollar(arg);
   690:         OLC_ACTION(d)->char_body_found = strdup(arg);
   691:       } else
   692:         OLC_ACTION(d)->char_body_found = NULL;
   693:       break;"
"src\aedit.c","692","aedit_parse","line","MUTATING_REVIEW","OLC/object/flag mutation","   690:         OLC_ACTION(d)->char_body_found = strdup(arg);
   691:       } else
   692:         OLC_ACTION(d)->char_body_found = NULL;
   693:       break;
   694: 
   695:     case AEDIT_VICT_OTHERS_BODY_FOUND:"
"src\aedit.c","700","aedit_parse","line","MUTATING_REVIEW","OLC/object/flag mutation","   698:       if (*arg) {
   699:         delete_doubledollar(arg);
   700:         OLC_ACTION(d)->others_body_found = strdup(arg);
   701:       } else
   702:         OLC_ACTION(d)->others_body_found = NULL;
   703:       break;"
"src\aedit.c","702","aedit_parse","line","MUTATING_REVIEW","OLC/object/flag mutation","   700:         OLC_ACTION(d)->others_body_found = strdup(arg);
   701:       } else
   702:         OLC_ACTION(d)->others_body_found = NULL;
   703:       break;
   704: 
   705:     case AEDIT_VICT_VICT_BODY_FOUND:"
"src\aedit.c","710","aedit_parse","line","MUTATING_REVIEW","OLC/object/flag mutation","   708:       if (*arg) {
   709:         delete_doubledollar(arg);
   710:         OLC_ACTION(d)->vict_body_found = strdup(arg);
   711:       } else
   712:         OLC_ACTION(d)->vict_body_found = NULL;
   713:       break;"
"src\aedit.c","712","aedit_parse","line","MUTATING_REVIEW","OLC/object/flag mutation","   710:         OLC_ACTION(d)->vict_body_found = strdup(arg);
   711:       } else
   712:         OLC_ACTION(d)->vict_body_found = NULL;
   713:       break;
   714: 
   715:     case AEDIT_OBJ_CHAR_FOUND:"
"src\aedit.c","720","aedit_parse","line","MUTATING_REVIEW","OLC/object/flag mutation","   718:       if (*arg) {
   719:         delete_doubledollar(arg);
   720:         OLC_ACTION(d)->char_obj_found = strdup(arg);
   721:       } else
   722:         OLC_ACTION(d)->char_obj_found = NULL;
   723:       break;"
"src\aedit.c","722","aedit_parse","line","MUTATING_REVIEW","OLC/object/flag mutation","   720:         OLC_ACTION(d)->char_obj_found = strdup(arg);
   721:       } else
   722:         OLC_ACTION(d)->char_obj_found = NULL;
   723:       break;
   724: 
   725:     case AEDIT_OBJ_OTHERS_FOUND:"
"src\aedit.c","730","aedit_parse","line","MUTATING_REVIEW","OLC/object/flag mutation","   728:       if (*arg) {
   729:         delete_doubledollar(arg);
   730:         OLC_ACTION(d)->others_obj_found = strdup(arg);
   731:       } else
   732:         OLC_ACTION(d)->others_obj_found = NULL;
   733:       break;"
"src\aedit.c","732","aedit_parse","line","MUTATING_REVIEW","OLC/object/flag mutation","   730:         OLC_ACTION(d)->others_obj_found = strdup(arg);
   731:       } else
   732:         OLC_ACTION(d)->others_obj_found = NULL;
   733:       break;
   734: 
   735:     default:"
"src\aedit.c","739","aedit_parse","line","MUTATING_REVIEW","OLC/object/flag mutation","   737:       break;
   738:    }
   739:    OLC_VAL(d) = 1;
   740:    aedit_disp_menu(d);
   741: }
   742: "
"src\cedit.c","54","","line","MUTATING_REVIEW","OLC/object/flag mutation","    52:   if (!*buf1) {
    53:     CREATE(d->olc, struct oasis_olc_data, 1);
    54:     OLC_ZONE(d) = 0;
    55:     cedit_setup(d);
    56:     STATE(d) = CON_CEDIT;
    57:     act(""$n starts using OLC."", TRUE, d->character, 0, 0, TO_ROOM);"
"src\cedit.c","58","","line","MUTATING_REVIEW","OLC/object/flag mutation","    56:     STATE(d) = CON_CEDIT;
    57:     act(""$n starts using OLC."", TRUE, d->character, 0, 0, TO_ROOM);
    58:     SET_BIT_AR(PLR_FLAGS(ch), PLR_WRITING);
    59: 
    60:     mudlog(BRF, MAX(LVL_BUILDER, GET_INVIS_LEV(ch)), TRUE,
    61:       ""OLC: %s starts editing the game configuration."", GET_NAME(ch));"
"src\cedit.c","82","cedit_setup","line","MUTATING_REVIEW","OLC/object/flag mutation","    80:   /* Copy the current configuration from the config_info to this one and copy
    81:    * the game play options from the configuration info struct. */
    82:   OLC_CONFIG(d)->play.pk_allowed          = CONFIG_PK_ALLOWED;
    83:   OLC_CONFIG(d)->play.pt_allowed          = CONFIG_PT_ALLOWED;
    84:   OLC_CONFIG(d)->play.level_can_shout     = CONFIG_LEVEL_CAN_SHOUT;
    85:   OLC_CONFIG(d)->play.holler_move_cost    = CONFIG_HOLLER_MOVE_COST;"
"src\cedit.c","83","cedit_setup","line","MUTATING_REVIEW","OLC/object/flag mutation","    81:    * the game play options from the configuration info struct. */
    82:   OLC_CONFIG(d)->play.pk_allowed          = CONFIG_PK_ALLOWED;
    83:   OLC_CONFIG(d)->play.pt_allowed          = CONFIG_PT_ALLOWED;
    84:   OLC_CONFIG(d)->play.level_can_shout     = CONFIG_LEVEL_CAN_SHOUT;
    85:   OLC_CONFIG(d)->play.holler_move_cost    = CONFIG_HOLLER_MOVE_COST;
    86:   OLC_CONFIG(d)->play.tunnel_size         = CONFIG_TUNNEL_SIZE;"
"src\cedit.c","84","cedit_setup","line","MUTATING_REVIEW","OLC/object/flag mutation","    82:   OLC_CONFIG(d)->play.pk_allowed          = CONFIG_PK_ALLOWED;
    83:   OLC_CONFIG(d)->play.pt_allowed          = CONFIG_PT_ALLOWED;
    84:   OLC_CONFIG(d)->play.level_can_shout     = CONFIG_LEVEL_CAN_SHOUT;
    85:   OLC_CONFIG(d)->play.holler_move_cost    = CONFIG_HOLLER_MOVE_COST;
    86:   OLC_CONFIG(d)->play.tunnel_size         = CONFIG_TUNNEL_SIZE;
    87:   OLC_CONFIG(d)->play.max_exp_gain        = CONFIG_MAX_EXP_GAIN;"
"src\cedit.c","85","cedit_setup","line","MUTATING_REVIEW","OLC/object/flag mutation","    83:   OLC_CONFIG(d)->play.pt_allowed          = CONFIG_PT_ALLOWED;
    84:   OLC_CONFIG(d)->play.level_can_shout     = CONFIG_LEVEL_CAN_SHOUT;
    85:   OLC_CONFIG(d)->play.holler_move_cost    = CONFIG_HOLLER_MOVE_COST;
    86:   OLC_CONFIG(d)->play.tunnel_size         = CONFIG_TUNNEL_SIZE;
    87:   OLC_CONFIG(d)->play.max_exp_gain        = CONFIG_MAX_EXP_GAIN;
    88:   OLC_CONFIG(d)->play.max_exp_loss        = CONFIG_MAX_EXP_LOSS;"
"src\cedit.c","86","cedit_setup","line","MUTATING_REVIEW","OLC/object/flag mutation","    84:   OLC_CONFIG(d)->play.level_can_shout     = CONFIG_LEVEL_CAN_SHOUT;
    85:   OLC_CONFIG(d)->play.holler_move_cost    = CONFIG_HOLLER_MOVE_COST;
    86:   OLC_CONFIG(d)->play.tunnel_size         = CONFIG_TUNNEL_SIZE;
    87:   OLC_CONFIG(d)->play.max_exp_gain        = CONFIG_MAX_EXP_GAIN;
    88:   OLC_CONFIG(d)->play.max_exp_loss        = CONFIG_MAX_EXP_LOSS;
    89:   OLC_CONFIG(d)->play.max_npc_corpse_time = CONFIG_MAX_NPC_CORPSE_TIME;"
"src\cedit.c","87","cedit_setup","line","MUTATING_REVIEW","OLC/object/flag mutation","    85:   OLC_CONFIG(d)->play.holler_move_cost    = CONFIG_HOLLER_MOVE_COST;
    86:   OLC_CONFIG(d)->play.tunnel_size         = CONFIG_TUNNEL_SIZE;
    87:   OLC_CONFIG(d)->play.max_exp_gain        = CONFIG_MAX_EXP_GAIN;
    88:   OLC_CONFIG(d)->play.max_exp_loss        = CONFIG_MAX_EXP_LOSS;
    89:   OLC_CONFIG(d)->play.max_npc_corpse_time = CONFIG_MAX_NPC_CORPSE_TIME;
    90:   OLC_CONFIG(d)->play.max_pc_corpse_time  = CONFIG_MAX_PC_CORPSE_TIME;"
"src\cedit.c","88","cedit_setup","line","MUTATING_REVIEW","OLC/object/flag mutation","    86:   OLC_CONFIG(d)->play.tunnel_size         = CONFIG_TUNNEL_SIZE;
    87:   OLC_CONFIG(d)->play.max_exp_gain        = CONFIG_MAX_EXP_GAIN;
    88:   OLC_CONFIG(d)->play.max_exp_loss        = CONFIG_MAX_EXP_LOSS;
    89:   OLC_CONFIG(d)->play.max_npc_corpse_time = CONFIG_MAX_NPC_CORPSE_TIME;
    90:   OLC_CONFIG(d)->play.max_pc_corpse_time  = CONFIG_MAX_PC_CORPSE_TIME;
    91:   OLC_CONFIG(d)->play.idle_void           = CONFIG_IDLE_VOID;"
"src\cedit.c","89","cedit_setup","line","MUTATING_REVIEW","OLC/object/flag mutation","    87:   OLC_CONFIG(d)->play.max_exp_gain        = CONFIG_MAX_EXP_GAIN;
    88:   OLC_CONFIG(d)->play.max_exp_loss        = CONFIG_MAX_EXP_LOSS;
    89:   OLC_CONFIG(d)->play.max_npc_corpse_time = CONFIG_MAX_NPC_CORPSE_TIME;
    90:   OLC_CONFIG(d)->play.max_pc_corpse_time  = CONFIG_MAX_PC_CORPSE_TIME;
    91:   OLC_CONFIG(d)->play.idle_void           = CONFIG_IDLE_VOID;
    92:   OLC_CONFIG(d)->play.idle_rent_time      = CONFIG_IDLE_RENT_TIME;"
"src\cedit.c","90","cedit_setup","line","MUTATING_REVIEW","OLC/object/flag mutation","    88:   OLC_CONFIG(d)->play.max_exp_loss        = CONFIG_MAX_EXP_LOSS;
    89:   OLC_CONFIG(d)->play.max_npc_corpse_time = CONFIG_MAX_NPC_CORPSE_TIME;
    90:   OLC_CONFIG(d)->play.max_pc_corpse_time  = CONFIG_MAX_PC_CORPSE_TIME;
    91:   OLC_CONFIG(d)->play.idle_void           = CONFIG_IDLE_VOID;
    92:   OLC_CONFIG(d)->play.idle_rent_time      = CONFIG_IDLE_RENT_TIME;
    93:   OLC_CONFIG(d)->play.idle_max_level      = CONFIG_IDLE_MAX_LEVEL;"
"src\cedit.c","91","cedit_setup","line","MUTATING_REVIEW","OLC/object/flag mutation","    89:   OLC_CONFIG(d)->play.max_npc_corpse_time = CONFIG_MAX_NPC_CORPSE_TIME;
    90:   OLC_CONFIG(d)->play.max_pc_corpse_time  = CONFIG_MAX_PC_CORPSE_TIME;
    91:   OLC_CONFIG(d)->play.idle_void           = CONFIG_IDLE_VOID;
    92:   OLC_CONFIG(d)->play.idle_rent_time      = CONFIG_IDLE_RENT_TIME;
    93:   OLC_CONFIG(d)->play.idle_max_level      = CONFIG_IDLE_MAX_LEVEL;
    94:   OLC_CONFIG(d)->play.dts_are_dumps       = CONFIG_DTS_ARE_DUMPS;"
"src\cedit.c","92","cedit_setup","line","MUTATING_REVIEW","OLC/object/flag mutation","    90:   OLC_CONFIG(d)->play.max_pc_corpse_time  = CONFIG_MAX_PC_CORPSE_TIME;
    91:   OLC_CONFIG(d)->play.idle_void           = CONFIG_IDLE_VOID;
    92:   OLC_CONFIG(d)->play.idle_rent_time      = CONFIG_IDLE_RENT_TIME;
    93:   OLC_CONFIG(d)->play.idle_max_level      = CONFIG_IDLE_MAX_LEVEL;
    94:   OLC_CONFIG(d)->play.dts_are_dumps       = CONFIG_DTS_ARE_DUMPS;
    95:   OLC_CONFIG(d)->play.load_into_inventory = CONFIG_LOAD_INVENTORY;"
"src\cedit.c","93","cedit_setup","line","MUTATING_REVIEW","OLC/object/flag mutation","    91:   OLC_CONFIG(d)->play.idle_void           = CONFIG_IDLE_VOID;
    92:   OLC_CONFIG(d)->play.idle_rent_time      = CONFIG_IDLE_RENT_TIME;
    93:   OLC_CONFIG(d)->play.idle_max_level      = CONFIG_IDLE_MAX_LEVEL;
    94:   OLC_CONFIG(d)->play.dts_are_dumps       = CONFIG_DTS_ARE_DUMPS;
    95:   OLC_CONFIG(d)->play.load_into_inventory = CONFIG_LOAD_INVENTORY;
    96:   OLC_CONFIG(d)->play.track_through_doors = CONFIG_TRACK_T_DOORS;"
"src\cedit.c","94","cedit_setup","line","MUTATING_REVIEW","OLC/object/flag mutation","    92:   OLC_CONFIG(d)->play.idle_rent_time      = CONFIG_IDLE_RENT_TIME;
    93:   OLC_CONFIG(d)->play.idle_max_level      = CONFIG_IDLE_MAX_LEVEL;
    94:   OLC_CONFIG(d)->play.dts_are_dumps       = CONFIG_DTS_ARE_DUMPS;
    95:   OLC_CONFIG(d)->play.load_into_inventory = CONFIG_LOAD_INVENTORY;
    96:   OLC_CONFIG(d)->play.track_through_doors = CONFIG_TRACK_T_DOORS;
    97:   OLC_CONFIG(d)->play.no_mort_to_immort   = CONFIG_NO_MORT_TO_IMMORT;"
"src\cedit.c","95","cedit_setup","line","MUTATING_REVIEW","OLC/object/flag mutation","    93:   OLC_CONFIG(d)->play.idle_max_level      = CONFIG_IDLE_MAX_LEVEL;
    94:   OLC_CONFIG(d)->play.dts_are_dumps       = CONFIG_DTS_ARE_DUMPS;
    95:   OLC_CONFIG(d)->play.load_into_inventory = CONFIG_LOAD_INVENTORY;
    96:   OLC_CONFIG(d)->play.track_through_doors = CONFIG_TRACK_T_DOORS;
    97:   OLC_CONFIG(d)->play.no_mort_to_immort   = CONFIG_NO_MORT_TO_IMMORT;
    98:   OLC_CONFIG(d)->play.disp_closed_doors   = CONFIG_DISP_CLOSED_DOORS;"
"src\cedit.c","96","cedit_setup","line","MUTATING_REVIEW","OLC/object/flag mutation","    94:   OLC_CONFIG(d)->play.dts_are_dumps       = CONFIG_DTS_ARE_DUMPS;
    95:   OLC_CONFIG(d)->play.load_into_inventory = CONFIG_LOAD_INVENTORY;
    96:   OLC_CONFIG(d)->play.track_through_doors = CONFIG_TRACK_T_DOORS;
    97:   OLC_CONFIG(d)->play.no_mort_to_immort   = CONFIG_NO_MORT_TO_IMMORT;
    98:   OLC_CONFIG(d)->play.disp_closed_doors   = CONFIG_DISP_CLOSED_DOORS;
    99:   OLC_CONFIG(d)->play.diagonal_dirs       = CONFIG_DIAGONAL_DIRS;"
"src\cedit.c","97","cedit_setup","line","MUTATING_REVIEW","OLC/object/flag mutation","    95:   OLC_CONFIG(d)->play.load_into_inventory = CONFIG_LOAD_INVENTORY;
    96:   OLC_CONFIG(d)->play.track_through_doors = CONFIG_TRACK_T_DOORS;
    97:   OLC_CONFIG(d)->play.no_mort_to_immort   = CONFIG_NO_MORT_TO_IMMORT;
    98:   OLC_CONFIG(d)->play.disp_closed_doors   = CONFIG_DISP_CLOSED_DOORS;
    99:   OLC_CONFIG(d)->play.diagonal_dirs       = CONFIG_DIAGONAL_DIRS;
   100:   OLC_CONFIG(d)->play.map_option          = CONFIG_MAP;"
"src\cedit.c","98","cedit_setup","line","MUTATING_REVIEW","OLC/object/flag mutation","    96:   OLC_CONFIG(d)->play.track_through_doors = CONFIG_TRACK_T_DOORS;
    97:   OLC_CONFIG(d)->play.no_mort_to_immort   = CONFIG_NO_MORT_TO_IMMORT;
    98:   OLC_CONFIG(d)->play.disp_closed_doors   = CONFIG_DISP_CLOSED_DOORS;
    99:   OLC_CONFIG(d)->play.diagonal_dirs       = CONFIG_DIAGONAL_DIRS;
   100:   OLC_CONFIG(d)->play.map_option          = CONFIG_MAP;
   101:   OLC_CONFIG(d)->play.map_size            = CONFIG_MAP_SIZE;"
"src\cedit.c","99","cedit_setup","line","MUTATING_REVIEW","OLC/object/flag mutation","    97:   OLC_CONFIG(d)->play.no_mort_to_immort   = CONFIG_NO_MORT_TO_IMMORT;
    98:   OLC_CONFIG(d)->play.disp_closed_doors   = CONFIG_DISP_CLOSED_DOORS;
    99:   OLC_CONFIG(d)->play.diagonal_dirs       = CONFIG_DIAGONAL_DIRS;
   100:   OLC_CONFIG(d)->play.map_option          = CONFIG_MAP;
   101:   OLC_CONFIG(d)->play.map_size            = CONFIG_MAP_SIZE;
   102:   OLC_CONFIG(d)->play.minimap_size        = CONFIG_MINIMAP_SIZE;"
"src\cedit.c","100","cedit_setup","line","MUTATING_REVIEW","OLC/object/flag mutation","    98:   OLC_CONFIG(d)->play.disp_closed_doors   = CONFIG_DISP_CLOSED_DOORS;
    99:   OLC_CONFIG(d)->play.diagonal_dirs       = CONFIG_DIAGONAL_DIRS;
   100:   OLC_CONFIG(d)->play.map_option          = CONFIG_MAP;
   101:   OLC_CONFIG(d)->play.map_size            = CONFIG_MAP_SIZE;
   102:   OLC_CONFIG(d)->play.minimap_size        = CONFIG_MINIMAP_SIZE;
   103:   OLC_CONFIG(d)->play.script_players      = CONFIG_SCRIPT_PLAYERS;"
"src\cedit.c","101","cedit_setup","line","MUTATING_REVIEW","OLC/object/flag mutation","    99:   OLC_CONFIG(d)->play.diagonal_dirs       = CONFIG_DIAGONAL_DIRS;
   100:   OLC_CONFIG(d)->play.map_option          = CONFIG_MAP;
   101:   OLC_CONFIG(d)->play.map_size            = CONFIG_MAP_SIZE;
   102:   OLC_CONFIG(d)->play.minimap_size        = CONFIG_MINIMAP_SIZE;
   103:   OLC_CONFIG(d)->play.script_players      = CONFIG_SCRIPT_PLAYERS;
   104: "
"src\cedit.c","102","cedit_setup","line","MUTATING_REVIEW","OLC/object/flag mutation","   100:   OLC_CONFIG(d)->play.map_option          = CONFIG_MAP;
   101:   OLC_CONFIG(d)->play.map_size            = CONFIG_MAP_SIZE;
   102:   OLC_CONFIG(d)->play.minimap_size        = CONFIG_MINIMAP_SIZE;
   103:   OLC_CONFIG(d)->play.script_players      = CONFIG_SCRIPT_PLAYERS;
   104: 
   105:   /* Crash Saves */"
"src\cedit.c","103","cedit_setup","line","MUTATING_REVIEW","OLC/object/flag mutation","   101:   OLC_CONFIG(d)->play.map_size            = CONFIG_MAP_SIZE;
   102:   OLC_CONFIG(d)->play.minimap_size        = CONFIG_MINIMAP_SIZE;
   103:   OLC_CONFIG(d)->play.script_players      = CONFIG_SCRIPT_PLAYERS;
   104: 
   105:   /* Crash Saves */
   106:   OLC_CONFIG(d)->csd.free_rent            = CONFIG_FREE_RENT;"
"src\cedit.c","106","cedit_setup","line","MUTATING_REVIEW","OLC/object/flag mutation","   104: 
   105:   /* Crash Saves */
   106:   OLC_CONFIG(d)->csd.free_rent            = CONFIG_FREE_RENT;
   107:   OLC_CONFIG(d)->csd.max_obj_save         = CONFIG_MAX_OBJ_SAVE;
   108:   OLC_CONFIG(d)->csd.min_rent_cost        = CONFIG_MIN_RENT_COST;
   109:   OLC_CONFIG(d)->csd.auto_save            = CONFIG_AUTO_SAVE;"
"src\cedit.c","107","cedit_setup","line","MUTATING_REVIEW","OLC/object/flag mutation","   105:   /* Crash Saves */
   106:   OLC_CONFIG(d)->csd.free_rent            = CONFIG_FREE_RENT;
   107:   OLC_CONFIG(d)->csd.max_obj_save         = CONFIG_MAX_OBJ_SAVE;
   108:   OLC_CONFIG(d)->csd.min_rent_cost        = CONFIG_MIN_RENT_COST;
   109:   OLC_CONFIG(d)->csd.auto_save            = CONFIG_AUTO_SAVE;
   110:   OLC_CONFIG(d)->csd.autosave_time        = CONFIG_AUTOSAVE_TIME;"
"src\cedit.c","108","cedit_setup","line","MUTATING_REVIEW","OLC/object/flag mutation","   106:   OLC_CONFIG(d)->csd.free_rent            = CONFIG_FREE_RENT;
   107:   OLC_CONFIG(d)->csd.max_obj_save         = CONFIG_MAX_OBJ_SAVE;
   108:   OLC_CONFIG(d)->csd.min_rent_cost        = CONFIG_MIN_RENT_COST;
   109:   OLC_CONFIG(d)->csd.auto_save            = CONFIG_AUTO_SAVE;
   110:   OLC_CONFIG(d)->csd.autosave_time        = CONFIG_AUTOSAVE_TIME;
   111:   OLC_CONFIG(d)->csd.crash_file_timeout   = CONFIG_CRASH_TIMEOUT;"
"src\cedit.c","109","cedit_setup","line","MUTATING_REVIEW","OLC/object/flag mutation","   107:   OLC_CONFIG(d)->csd.max_obj_save         = CONFIG_MAX_OBJ_SAVE;
   108:   OLC_CONFIG(d)->csd.min_rent_cost        = CONFIG_MIN_RENT_COST;
   109:   OLC_CONFIG(d)->csd.auto_save            = CONFIG_AUTO_SAVE;
   110:   OLC_CONFIG(d)->csd.autosave_time        = CONFIG_AUTOSAVE_TIME;
   111:   OLC_CONFIG(d)->csd.crash_file_timeout   = CONFIG_CRASH_TIMEOUT;
   112:   OLC_CONFIG(d)->csd.rent_file_timeout    = CONFIG_RENT_TIMEOUT;"
"src\cedit.c","110","cedit_setup","line","MUTATING_REVIEW","OLC/object/flag mutation","   108:   OLC_CONFIG(d)->csd.min_rent_cost        = CONFIG_MIN_RENT_COST;
   109:   OLC_CONFIG(d)->csd.auto_save            = CONFIG_AUTO_SAVE;
   110:   OLC_CONFIG(d)->csd.autosave_time        = CONFIG_AUTOSAVE_TIME;
   111:   OLC_CONFIG(d)->csd.crash_file_timeout   = CONFIG_CRASH_TIMEOUT;
   112:   OLC_CONFIG(d)->csd.rent_file_timeout    = CONFIG_RENT_TIMEOUT;
   113: "
"src\cedit.c","111","cedit_setup","line","MUTATING_REVIEW","OLC/object/flag mutation","   109:   OLC_CONFIG(d)->csd.auto_save            = CONFIG_AUTO_SAVE;
   110:   OLC_CONFIG(d)->csd.autosave_time        = CONFIG_AUTOSAVE_TIME;
   111:   OLC_CONFIG(d)->csd.crash_file_timeout   = CONFIG_CRASH_TIMEOUT;
   112:   OLC_CONFIG(d)->csd.rent_file_timeout    = CONFIG_RENT_TIMEOUT;
   113: 
   114:   /* Room Numbers */"
"src\cedit.c","112","cedit_setup","line","MUTATING_REVIEW","OLC/object/flag mutation","   110:   OLC_CONFIG(d)->csd.autosave_time        = CONFIG_AUTOSAVE_TIME;
   111:   OLC_CONFIG(d)->csd.crash_file_timeout   = CONFIG_CRASH_TIMEOUT;
   112:   OLC_CONFIG(d)->csd.rent_file_timeout    = CONFIG_RENT_TIMEOUT;
   113: 
   114:   /* Room Numbers */
   115:   OLC_CONFIG(d)->room_nums.mortal_start_room = CONFIG_MORTAL_START;"
"src\cedit.c","115","cedit_setup","line","MUTATING_REVIEW","OLC/object/flag mutation","   113: 
   114:   /* Room Numbers */
   115:   OLC_CONFIG(d)->room_nums.mortal_start_room = CONFIG_MORTAL_START;
   116:   OLC_CONFIG(d)->room_nums.immort_start_room = CONFIG_IMMORTAL_START;
   117:   OLC_CONFIG(d)->room_nums.frozen_start_room = CONFIG_FROZEN_START;
   118:   OLC_CONFIG(d)->room_nums.donation_room_1   = CONFIG_DON_ROOM_1;"
"src\cedit.c","116","cedit_setup","line","MUTATING_REVIEW","OLC/object/flag mutation","   114:   /* Room Numbers */
   115:   OLC_CONFIG(d)->room_nums.mortal_start_room = CONFIG_MORTAL_START;
   116:   OLC_CONFIG(d)->room_nums.immort_start_room = CONFIG_IMMORTAL_START;
   117:   OLC_CONFIG(d)->room_nums.frozen_start_room = CONFIG_FROZEN_START;
   118:   OLC_CONFIG(d)->room_nums.donation_room_1   = CONFIG_DON_ROOM_1;
   119:   OLC_CONFIG(d)->room_nums.donation_room_2   = CONFIG_DON_ROOM_2;"
"src\cedit.c","117","cedit_setup","line","MUTATING_REVIEW","OLC/object/flag mutation","   115:   OLC_CONFIG(d)->room_nums.mortal_start_room = CONFIG_MORTAL_START;
   116:   OLC_CONFIG(d)->room_nums.immort_start_room = CONFIG_IMMORTAL_START;
   117:   OLC_CONFIG(d)->room_nums.frozen_start_room = CONFIG_FROZEN_START;
   118:   OLC_CONFIG(d)->room_nums.donation_room_1   = CONFIG_DON_ROOM_1;
   119:   OLC_CONFIG(d)->room_nums.donation_room_2   = CONFIG_DON_ROOM_2;
   120:   OLC_CONFIG(d)->room_nums.donation_room_3   = CONFIG_DON_ROOM_3;"
"src\cedit.c","118","cedit_setup","line","MUTATING_REVIEW","OLC/object/flag mutation","   116:   OLC_CONFIG(d)->room_nums.immort_start_room = CONFIG_IMMORTAL_START;
   117:   OLC_CONFIG(d)->room_nums.frozen_start_room = CONFIG_FROZEN_START;
   118:   OLC_CONFIG(d)->room_nums.donation_room_1   = CONFIG_DON_ROOM_1;
   119:   OLC_CONFIG(d)->room_nums.donation_room_2   = CONFIG_DON_ROOM_2;
   120:   OLC_CONFIG(d)->room_nums.donation_room_3   = CONFIG_DON_ROOM_3;
   121: "
"src\cedit.c","119","cedit_setup","line","MUTATING_REVIEW","OLC/object/flag mutation","   117:   OLC_CONFIG(d)->room_nums.frozen_start_room = CONFIG_FROZEN_START;
   118:   OLC_CONFIG(d)->room_nums.donation_room_1   = CONFIG_DON_ROOM_1;
   119:   OLC_CONFIG(d)->room_nums.donation_room_2   = CONFIG_DON_ROOM_2;
   120:   OLC_CONFIG(d)->room_nums.donation_room_3   = CONFIG_DON_ROOM_3;
   121: 
   122:   /* Game Operation */"
"src\cedit.c","120","cedit_setup","line","MUTATING_REVIEW","OLC/object/flag mutation","   118:   OLC_CONFIG(d)->room_nums.donation_room_1   = CONFIG_DON_ROOM_1;
   119:   OLC_CONFIG(d)->room_nums.donation_room_2   = CONFIG_DON_ROOM_2;
   120:   OLC_CONFIG(d)->room_nums.donation_room_3   = CONFIG_DON_ROOM_3;
   121: 
   122:   /* Game Operation */
   123:   OLC_CONFIG(d)->operation.DFLT_PORT          = CONFIG_DFLT_PORT;"
"src\cedit.c","123","cedit_setup","line","MUTATING_REVIEW","OLC/object/flag mutation","   121: 
   122:   /* Game Operation */
   123:   OLC_CONFIG(d)->operation.DFLT_PORT          = CONFIG_DFLT_PORT;
   124:   OLC_CONFIG(d)->operation.max_playing        = CONFIG_MAX_PLAYING;
   125:   OLC_CONFIG(d)->operation.max_filesize       = CONFIG_MAX_FILESIZE;
   126:   OLC_CONFIG(d)->operation.max_bad_pws        = CONFIG_MAX_BAD_PWS;"
"src\cedit.c","124","cedit_setup","line","MUTATING_REVIEW","OLC/object/flag mutation","   122:   /* Game Operation */
   123:   OLC_CONFIG(d)->operation.DFLT_PORT          = CONFIG_DFLT_PORT;
   124:   OLC_CONFIG(d)->operation.max_playing        = CONFIG_MAX_PLAYING;
   125:   OLC_CONFIG(d)->operation.max_filesize       = CONFIG_MAX_FILESIZE;
   126:   OLC_CONFIG(d)->operation.max_bad_pws        = CONFIG_MAX_BAD_PWS;
   127:   OLC_CONFIG(d)->operation.siteok_everyone    = CONFIG_SITEOK_ALL;"
"src\cedit.c","125","cedit_setup","line","MUTATING_REVIEW","OLC/object/flag mutation","   123:   OLC_CONFIG(d)->operation.DFLT_PORT          = CONFIG_DFLT_PORT;
   124:   OLC_CONFIG(d)->operation.max_playing        = CONFIG_MAX_PLAYING;
   125:   OLC_CONFIG(d)->operation.max_filesize       = CONFIG_MAX_FILESIZE;
   126:   OLC_CONFIG(d)->operation.max_bad_pws        = CONFIG_MAX_BAD_PWS;
   127:   OLC_CONFIG(d)->operation.siteok_everyone    = CONFIG_SITEOK_ALL;
   128:   OLC_CONFIG(d)->operation.use_new_socials    = CONFIG_NEW_SOCIALS;"
"src\cedit.c","126","cedit_setup","line","MUTATING_REVIEW","OLC/object/flag mutation","   124:   OLC_CONFIG(d)->operation.max_playing        = CONFIG_MAX_PLAYING;
   125:   OLC_CONFIG(d)->operation.max_filesize       = CONFIG_MAX_FILESIZE;
   126:   OLC_CONFIG(d)->operation.max_bad_pws        = CONFIG_MAX_BAD_PWS;
   127:   OLC_CONFIG(d)->operation.siteok_everyone    = CONFIG_SITEOK_ALL;
   128:   OLC_CONFIG(d)->operation.use_new_socials    = CONFIG_NEW_SOCIALS;
   129:   OLC_CONFIG(d)->operation.auto_save_olc      = CONFIG_OLC_SAVE;"
"src\cedit.c","127","cedit_setup","line","MUTATING_REVIEW","OLC/object/flag mutation","   125:   OLC_CONFIG(d)->operation.max_filesize       = CONFIG_MAX_FILESIZE;
   126:   OLC_CONFIG(d)->operation.max_bad_pws        = CONFIG_MAX_BAD_PWS;
   127:   OLC_CONFIG(d)->operation.siteok_everyone    = CONFIG_SITEOK_ALL;
   128:   OLC_CONFIG(d)->operation.use_new_socials    = CONFIG_NEW_SOCIALS;
   129:   OLC_CONFIG(d)->operation.auto_save_olc      = CONFIG_OLC_SAVE;
   130:   OLC_CONFIG(d)->operation.nameserver_is_slow = CONFIG_NS_IS_SLOW;"
"src\cedit.c","128","cedit_setup","line","MUTATING_REVIEW","OLC/object/flag mutation","   126:   OLC_CONFIG(d)->operation.max_bad_pws        = CONFIG_MAX_BAD_PWS;
   127:   OLC_CONFIG(d)->operation.siteok_everyone    = CONFIG_SITEOK_ALL;
   128:   OLC_CONFIG(d)->operation.use_new_socials    = CONFIG_NEW_SOCIALS;
   129:   OLC_CONFIG(d)->operation.auto_save_olc      = CONFIG_OLC_SAVE;
   130:   OLC_CONFIG(d)->operation.nameserver_is_slow = CONFIG_NS_IS_SLOW;
   131:   OLC_CONFIG(d)->operation.medit_advanced     = CONFIG_MEDIT_ADVANCED;"
"src\cedit.c","129","cedit_setup","line","MUTATING_REVIEW","OLC/object/flag mutation","   127:   OLC_CONFIG(d)->operation.siteok_everyone    = CONFIG_SITEOK_ALL;
   128:   OLC_CONFIG(d)->operation.use_new_socials    = CONFIG_NEW_SOCIALS;
   129:   OLC_CONFIG(d)->operation.auto_save_olc      = CONFIG_OLC_SAVE;
   130:   OLC_CONFIG(d)->operation.nameserver_is_slow = CONFIG_NS_IS_SLOW;
   131:   OLC_CONFIG(d)->operation.medit_advanced     = CONFIG_MEDIT_ADVANCED;
   132:   OLC_CONFIG(d)->operation.ibt_autosave       = CONFIG_IBT_AUTOSAVE;"
"src\cedit.c","130","cedit_setup","line","MUTATING_REVIEW","OLC/object/flag mutation","   128:   OLC_CONFIG(d)->operation.use_new_socials    = CONFIG_NEW_SOCIALS;
   129:   OLC_CONFIG(d)->operation.auto_save_olc      = CONFIG_OLC_SAVE;
   130:   OLC_CONFIG(d)->operation.nameserver_is_slow = CONFIG_NS_IS_SLOW;
   131:   OLC_CONFIG(d)->operation.medit_advanced     = CONFIG_MEDIT_ADVANCED;
   132:   OLC_CONFIG(d)->operation.ibt_autosave       = CONFIG_IBT_AUTOSAVE;
   133:   OLC_CONFIG(d)->operation.protocol_negotiation = CONFIG_PROTOCOL_NEGOTIATION;"
"src\cedit.c","131","cedit_setup","line","MUTATING_REVIEW","OLC/object/flag mutation","   129:   OLC_CONFIG(d)->operation.auto_save_olc      = CONFIG_OLC_SAVE;
   130:   OLC_CONFIG(d)->operation.nameserver_is_slow = CONFIG_NS_IS_SLOW;
   131:   OLC_CONFIG(d)->operation.medit_advanced     = CONFIG_MEDIT_ADVANCED;
   132:   OLC_CONFIG(d)->operation.ibt_autosave       = CONFIG_IBT_AUTOSAVE;
   133:   OLC_CONFIG(d)->operation.protocol_negotiation = CONFIG_PROTOCOL_NEGOTIATION;
   134:   OLC_CONFIG(d)->operation.special_in_comm    = CONFIG_SPECIAL_IN_COMM;"
"src\cedit.c","132","cedit_setup","line","MUTATING_REVIEW","OLC/object/flag mutation","   130:   OLC_CONFIG(d)->operation.nameserver_is_slow = CONFIG_NS_IS_SLOW;
   131:   OLC_CONFIG(d)->operation.medit_advanced     = CONFIG_MEDIT_ADVANCED;
   132:   OLC_CONFIG(d)->operation.ibt_autosave       = CONFIG_IBT_AUTOSAVE;
   133:   OLC_CONFIG(d)->operation.protocol_negotiation = CONFIG_PROTOCOL_NEGOTIATION;
   134:   OLC_CONFIG(d)->operation.special_in_comm    = CONFIG_SPECIAL_IN_COMM;
   135:   OLC_CONFIG(d)->operation.debug_mode    = CONFIG_DEBUG_MODE;"
"src\cedit.c","133","cedit_setup","line","MUTATING_REVIEW","OLC/object/flag mutation","   131:   OLC_CONFIG(d)->operation.medit_advanced     = CONFIG_MEDIT_ADVANCED;
   132:   OLC_CONFIG(d)->operation.ibt_autosave       = CONFIG_IBT_AUTOSAVE;
   133:   OLC_CONFIG(d)->operation.protocol_negotiation = CONFIG_PROTOCOL_NEGOTIATION;
   134:   OLC_CONFIG(d)->operation.special_in_comm    = CONFIG_SPECIAL_IN_COMM;
   135:   OLC_CONFIG(d)->operation.debug_mode    = CONFIG_DEBUG_MODE;
   136:   "
"src\cedit.c","134","cedit_setup","line","MUTATING_REVIEW","OLC/object/flag mutation","   132:   OLC_CONFIG(d)->operation.ibt_autosave       = CONFIG_IBT_AUTOSAVE;
   133:   OLC_CONFIG(d)->operation.protocol_negotiation = CONFIG_PROTOCOL_NEGOTIATION;
   134:   OLC_CONFIG(d)->operation.special_in_comm    = CONFIG_SPECIAL_IN_COMM;
   135:   OLC_CONFIG(d)->operation.debug_mode    = CONFIG_DEBUG_MODE;
   136:   
   137:   /* Autowiz */"
"src\cedit.c","135","cedit_setup","line","MUTATING_REVIEW","OLC/object/flag mutation","   133:   OLC_CONFIG(d)->operation.protocol_negotiation = CONFIG_PROTOCOL_NEGOTIATION;
   134:   OLC_CONFIG(d)->operation.special_in_comm    = CONFIG_SPECIAL_IN_COMM;
   135:   OLC_CONFIG(d)->operation.debug_mode    = CONFIG_DEBUG_MODE;
   136:   
   137:   /* Autowiz */
   138:   OLC_CONFIG(d)->autowiz.use_autowiz          = CONFIG_USE_AUTOWIZ;"
"src\cedit.c","138","cedit_setup","line","MUTATING_REVIEW","OLC/object/flag mutation","   136:   
   137:   /* Autowiz */
   138:   OLC_CONFIG(d)->autowiz.use_autowiz          = CONFIG_USE_AUTOWIZ;
   139:   OLC_CONFIG(d)->autowiz.min_wizlist_lev      = CONFIG_MIN_WIZLIST_LEV;
   140: 
   141: "
"src\cedit.c","139","cedit_setup","line","MUTATING_REVIEW","OLC/object/flag mutation","   137:   /* Autowiz */
   138:   OLC_CONFIG(d)->autowiz.use_autowiz          = CONFIG_USE_AUTOWIZ;
   139:   OLC_CONFIG(d)->autowiz.min_wizlist_lev      = CONFIG_MIN_WIZLIST_LEV;
   140: 
   141: 
   142:   /* Allocate space for the strings. */"
"src\cedit.c","143","cedit_setup","line","MUTATING_REVIEW","OLC/object/flag mutation","   141: 
   142:   /* Allocate space for the strings. */
   143:   OLC_CONFIG(d)->play.OK       = str_udup(CONFIG_OK);
   144:   OLC_CONFIG(d)->play.HUH      = str_udup(CONFIG_HUH);
   145:   OLC_CONFIG(d)->play.NOPERSON = str_udup(CONFIG_NOPERSON);
   146:   OLC_CONFIG(d)->play.NOEFFECT = str_udup(CONFIG_NOEFFECT);"
"src\cedit.c","144","cedit_setup","line","MUTATING_REVIEW","OLC/object/flag mutation","   142:   /* Allocate space for the strings. */
   143:   OLC_CONFIG(d)->play.OK       = str_udup(CONFIG_OK);
   144:   OLC_CONFIG(d)->play.HUH      = str_udup(CONFIG_HUH);
   145:   OLC_CONFIG(d)->play.NOPERSON = str_udup(CONFIG_NOPERSON);
   146:   OLC_CONFIG(d)->play.NOEFFECT = str_udup(CONFIG_NOEFFECT);
   147: "
"src\cedit.c","145","cedit_setup","line","MUTATING_REVIEW","OLC/object/flag mutation","   143:   OLC_CONFIG(d)->play.OK       = str_udup(CONFIG_OK);
   144:   OLC_CONFIG(d)->play.HUH      = str_udup(CONFIG_HUH);
   145:   OLC_CONFIG(d)->play.NOPERSON = str_udup(CONFIG_NOPERSON);
   146:   OLC_CONFIG(d)->play.NOEFFECT = str_udup(CONFIG_NOEFFECT);
   147: 
   148:   if (CONFIG_DFLT_IP)"
"src\cedit.c","146","cedit_setup","line","MUTATING_REVIEW","OLC/object/flag mutation","   144:   OLC_CONFIG(d)->play.HUH      = str_udup(CONFIG_HUH);
   145:   OLC_CONFIG(d)->play.NOPERSON = str_udup(CONFIG_NOPERSON);
   146:   OLC_CONFIG(d)->play.NOEFFECT = str_udup(CONFIG_NOEFFECT);
   147: 
   148:   if (CONFIG_DFLT_IP)
   149:     OLC_CONFIG(d)->operation.DFLT_IP     = strdup(CONFIG_DFLT_IP);"
"src\cedit.c","149","cedit_setup","line","MUTATING_REVIEW","OLC/object/flag mutation","   147: 
   148:   if (CONFIG_DFLT_IP)
   149:     OLC_CONFIG(d)->operation.DFLT_IP     = strdup(CONFIG_DFLT_IP);
   150:   else
   151:     OLC_CONFIG(d)->operation.DFLT_IP     = NULL;
   152: "
"src\cedit.c","151","cedit_setup","line","MUTATING_REVIEW","OLC/object/flag mutation","   149:     OLC_CONFIG(d)->operation.DFLT_IP     = strdup(CONFIG_DFLT_IP);
   150:   else
   151:     OLC_CONFIG(d)->operation.DFLT_IP     = NULL;
   152: 
   153:   if (CONFIG_DFLT_DIR)
   154:     OLC_CONFIG(d)->operation.DFLT_DIR    = strdup(CONFIG_DFLT_DIR);"
"src\cedit.c","154","cedit_setup","line","MUTATING_REVIEW","OLC/object/flag mutation","   152: 
   153:   if (CONFIG_DFLT_DIR)
   154:     OLC_CONFIG(d)->operation.DFLT_DIR    = strdup(CONFIG_DFLT_DIR);
   155:   else
   156:     OLC_CONFIG(d)->operation.DFLT_DIR    = NULL;
   157: "
"src\cedit.c","156","cedit_setup","line","MUTATING_REVIEW","OLC/object/flag mutation","   154:     OLC_CONFIG(d)->operation.DFLT_DIR    = strdup(CONFIG_DFLT_DIR);
   155:   else
   156:     OLC_CONFIG(d)->operation.DFLT_DIR    = NULL;
   157: 
   158:   if (CONFIG_LOGNAME)
   159:     OLC_CONFIG(d)->operation.LOGNAME     = strdup(CONFIG_LOGNAME);"
"src\cedit.c","159","cedit_setup","line","MUTATING_REVIEW","OLC/object/flag mutation","   157: 
   158:   if (CONFIG_LOGNAME)
   159:     OLC_CONFIG(d)->operation.LOGNAME     = strdup(CONFIG_LOGNAME);
   160:   else
   161:     OLC_CONFIG(d)->operation.LOGNAME     = NULL;
   162: "
"src\cedit.c","161","cedit_setup","line","MUTATING_REVIEW","OLC/object/flag mutation","   159:     OLC_CONFIG(d)->operation.LOGNAME     = strdup(CONFIG_LOGNAME);
   160:   else
   161:     OLC_CONFIG(d)->operation.LOGNAME     = NULL;
   162: 
   163:   if (CONFIG_MENU)
   164:     OLC_CONFIG(d)->operation.MENU        = strdup(CONFIG_MENU);"
"src\cedit.c","164","cedit_setup","line","MUTATING_REVIEW","OLC/object/flag mutation","   162: 
   163:   if (CONFIG_MENU)
   164:     OLC_CONFIG(d)->operation.MENU        = strdup(CONFIG_MENU);
   165:   else
   166:     OLC_CONFIG(d)->operation.MENU        = NULL;
   167: "
"src\cedit.c","166","cedit_setup","line","MUTATING_REVIEW","OLC/object/flag mutation","   164:     OLC_CONFIG(d)->operation.MENU        = strdup(CONFIG_MENU);
   165:   else
   166:     OLC_CONFIG(d)->operation.MENU        = NULL;
   167: 
   168:   if (CONFIG_WELC_MESSG)
   169:     OLC_CONFIG(d)->operation.WELC_MESSG  = strdup(CONFIG_WELC_MESSG);"
"src\cedit.c","169","cedit_setup","line","MUTATING_REVIEW","OLC/object/flag mutation","   167: 
   168:   if (CONFIG_WELC_MESSG)
   169:     OLC_CONFIG(d)->operation.WELC_MESSG  = strdup(CONFIG_WELC_MESSG);
   170:   else
   171:     OLC_CONFIG(d)->operation.WELC_MESSG  = NULL;
   172: "
"src\cedit.c","171","cedit_setup","line","MUTATING_REVIEW","OLC/object/flag mutation","   169:     OLC_CONFIG(d)->operation.WELC_MESSG  = strdup(CONFIG_WELC_MESSG);
   170:   else
   171:     OLC_CONFIG(d)->operation.WELC_MESSG  = NULL;
   172: 
   173:   if (CONFIG_START_MESSG)
   174:     OLC_CONFIG(d)->operation.START_MESSG = strdup(CONFIG_START_MESSG);"
"src\cedit.c","174","cedit_setup","line","MUTATING_REVIEW","OLC/object/flag mutation","   172: 
   173:   if (CONFIG_START_MESSG)
   174:     OLC_CONFIG(d)->operation.START_MESSG = strdup(CONFIG_START_MESSG);
   175:   else
   176:     OLC_CONFIG(d)->operation.START_MESSG = NULL;
   177: "
"src\cedit.c","176","cedit_setup","line","MUTATING_REVIEW","OLC/object/flag mutation","   174:     OLC_CONFIG(d)->operation.START_MESSG = strdup(CONFIG_START_MESSG);
   175:   else
   176:     OLC_CONFIG(d)->operation.START_MESSG = NULL;
   177: 
   178:   cedit_disp_menu(d);
   179: }"
"src\cedit.c","607","cedit_disp_menu","line","MUTATING_REVIEW","OLC/object/flag mutation","   605:           );
   606: 
   607:   OLC_MODE(d) = CEDIT_MAIN_MENU;
   608: }
   609: 
   610: static void cedit_disp_game_play_options(struct descriptor_data *d)"
"src\cedit.c","680","cedit_disp_game_play_options","line","MUTATING_REVIEW","OLC/object/flag mutation","   678:         );
   679: 
   680:   OLC_MODE(d) = CEDIT_GAME_OPTIONS_MENU;
   681: }
   682: 
   683: static void cedit_disp_crash_save_options(struct descriptor_data *d)"
"src\cedit.c","708","cedit_disp_crash_save_options","line","MUTATING_REVIEW","OLC/object/flag mutation","   706:   	);
   707: 
   708:   OLC_MODE(d) = CEDIT_CRASHSAVE_OPTIONS_MENU;
   709: }
   710: 
   711: static void cedit_disp_room_numbers(struct descriptor_data *d)"
"src\cedit.c","734","cedit_disp_room_numbers","line","MUTATING_REVIEW","OLC/object/flag mutation","   732:   	);
   733: 
   734:   OLC_MODE(d) = CEDIT_ROOM_NUMBERS_MENU;
   735: }
   736: 
   737: static void cedit_disp_operation_options(struct descriptor_data *d)"
"src\cedit.c","782","cedit_disp_operation_options","line","MUTATING_REVIEW","OLC/object/flag mutation","   780:     grn, nrm, cyn, OLC_CONFIG(d)->operation.protocol_negotiation ? ""Yes"" : ""No"",
   781:     grn, nrm, cyn, OLC_CONFIG(d)->operation.special_in_comm ? ""Yes"" : ""No"",
   782:     grn, nrm, cyn, OLC_CONFIG(d)->operation.debug_mode == 0 ? ""OFF"" : (OLC_CONFIG(d)->operation.debug_mode == 1 ? ""BRIEF"" : (OLC_CONFIG(d)->operation.debug_mode == 2 ? ""NORMAL"" : ""COMPLETE"")),
   783:     grn, nrm
   784:     );
   785: "
"src\cedit.c","786","cedit_disp_operation_options","line","MUTATING_REVIEW","OLC/object/flag mutation","   784:     );
   785: 
   786:   OLC_MODE(d) = CEDIT_OPERATION_OPTIONS_MENU;
   787: }
   788: 
   789: static void cedit_disp_autowiz_options(struct descriptor_data *d)"
"src\cedit.c","804","cedit_disp_autowiz_options","line","MUTATING_REVIEW","OLC/object/flag mutation","   802:     );
   803: 
   804:   OLC_MODE(d) = CEDIT_AUTOWIZ_OPTIONS_MENU;
   805: }
   806: 
   807: /* The event handler. */"
"src\cedit.c","841","cedit_parse","case 'G'","MUTATING_REVIEW","OLC/object/flag mutation","        case 'G':
          cedit_disp_game_play_options(d);
          OLC_MODE(d) = CEDIT_GAME_OPTIONS_MENU;
          break;"
"src\cedit.c","843","cedit_parse","line","MUTATING_REVIEW","OLC/object/flag mutation","   841:         case 'G':
   842:           cedit_disp_game_play_options(d);
   843:           OLC_MODE(d) = CEDIT_GAME_OPTIONS_MENU;
   844:           break;
   845: 
   846:         case 'c':"
"src\cedit.c","847","cedit_parse","case 'C'","MUTATING_REVIEW","OLC/object/flag mutation","        case 'C':
          cedit_disp_crash_save_options(d);
          OLC_MODE(d) = CEDIT_CRASHSAVE_OPTIONS_MENU;
          break;"
"src\cedit.c","849","cedit_parse","line","MUTATING_REVIEW","OLC/object/flag mutation","   847:         case 'C':
   848:           cedit_disp_crash_save_options(d);
   849:           OLC_MODE(d) = CEDIT_CRASHSAVE_OPTIONS_MENU;
   850:           break;
   851: 
   852:         case 'r':"
"src\cedit.c","853","cedit_parse","case 'R'","MUTATING_REVIEW","OLC/object/flag mutation","        case 'R':
          cedit_disp_room_numbers(d);
          OLC_MODE(d) = CEDIT_ROOM_NUMBERS_MENU;
          break;"
"src\cedit.c","855","cedit_parse","line","MUTATING_REVIEW","OLC/object/flag mutation","   853:         case 'R':
   854:           cedit_disp_room_numbers(d);
   855:           OLC_MODE(d) = CEDIT_ROOM_NUMBERS_MENU;
   856:           break;
   857: 
   858:         case 'o':"
"src\cedit.c","859","cedit_parse","case 'O'","MUTATING_REVIEW","OLC/object/flag mutation","        case 'O':
          cedit_disp_operation_options(d);
          OLC_MODE(d) = CEDIT_OPERATION_OPTIONS_MENU;
          break;"
"src\cedit.c","861","cedit_parse","line","MUTATING_REVIEW","OLC/object/flag mutation","   859:         case 'O':
   860:           cedit_disp_operation_options(d);
   861:           OLC_MODE(d) = CEDIT_OPERATION_OPTIONS_MENU;
   862:           break;
   863: 
   864:         case 'a':"
"src\cedit.c","865","cedit_parse","case 'A'","MUTATING_REVIEW","OLC/object/flag mutation","        case 'A':
          cedit_disp_autowiz_options(d);
          OLC_MODE(d) = CEDIT_AUTOWIZ_OPTIONS_MENU;
          break;"
"src\cedit.c","867","cedit_parse","line","MUTATING_REVIEW","OLC/object/flag mutation","   865:         case 'A':
   866:           cedit_disp_autowiz_options(d);
   867:           OLC_MODE(d) = CEDIT_AUTOWIZ_OPTIONS_MENU;
   868:           break;
   869: 
   870:         case 'q':"
"src\cedit.c","871","cedit_parse","case 'Q'","MUTATING_REVIEW","OLC/object/flag mutation","        case 'Q':
          write_to_output(d, ""Do you wish to save your changes? : "");
          OLC_MODE(d) = CEDIT_CONFIRM_SAVESTRING;
          break;"
"src\cedit.c","873","cedit_parse","line","MUTATING_REVIEW","OLC/object/flag mutation","   871:         case 'Q':
   872:           write_to_output(d, ""Do you wish to save your changes? : "");
   873:           OLC_MODE(d) = CEDIT_CONFIRM_SAVESTRING;
   874:           break;
   875: 
   876:         default:"
"src\cedit.c","896","cedit_parse","case 'C'","MUTATING_REVIEW","OLC/object/flag mutation","        case 'C':
          write_to_output(d, ""Enter the minimum level a player must be to shout, gossip, etc : "");
          OLC_MODE(d) = CEDIT_LEVEL_CAN_SHOUT;
          return;"
"src\cedit.c","898","cedit_parse","line","MUTATING_REVIEW","OLC/object/flag mutation","   896:         case 'C':
   897:           write_to_output(d, ""Enter the minimum level a player must be to shout, gossip, etc : "");
   898:           OLC_MODE(d) = CEDIT_LEVEL_CAN_SHOUT;
   899:           return;
   900: 
   901:         case 'd':"
"src\cedit.c","902","cedit_parse","case 'D'","MUTATING_REVIEW","OLC/object/flag mutation","        case 'D':
          write_to_output(d, ""Enter the amount it costs (in move points) to holler : "");
          OLC_MODE(d) = CEDIT_HOLLER_MOVE_COST;
          return;"
"src\cedit.c","904","cedit_parse","line","MUTATING_REVIEW","OLC/object/flag mutation","   902:         case 'D':
   903:           write_to_output(d, ""Enter the amount it costs (in move points) to holler : "");
   904:           OLC_MODE(d) = CEDIT_HOLLER_MOVE_COST;
   905:           return;
   906: 
   907:         case 'e':"
"src\cedit.c","908","cedit_parse","case 'E'","MUTATING_REVIEW","OLC/object/flag mutation","        case 'E':
          write_to_output(d, ""Enter the maximum number of people allowed in a tunnel : "");
          OLC_MODE(d) = CEDIT_TUNNEL_SIZE;
          return;"
"src\cedit.c","910","cedit_parse","line","MUTATING_REVIEW","OLC/object/flag mutation","   908:         case 'E':
   909:           write_to_output(d, ""Enter the maximum number of people allowed in a tunnel : "");
   910:           OLC_MODE(d) = CEDIT_TUNNEL_SIZE;
   911:           return;
   912: 
   913:         case 'f':"
"src\cedit.c","914","cedit_parse","case 'F'","MUTATING_REVIEW","OLC/object/flag mutation","        case 'F':
          write_to_output(d, ""Enter the maximum gain of experience per kill for players : "");
          OLC_MODE(d) = CEDIT_MAX_EXP_GAIN;
          return;"
"src\cedit.c","916","cedit_parse","line","MUTATING_REVIEW","OLC/object/flag mutation","   914:         case 'F':
   915:           write_to_output(d, ""Enter the maximum gain of experience per kill for players : "");
   916:           OLC_MODE(d) = CEDIT_MAX_EXP_GAIN;
   917:           return;
   918: 
   919:         case 'g':"
"src\cedit.c","920","cedit_parse","case 'G'","MUTATING_REVIEW","OLC/object/flag mutation","        case 'G':
          write_to_output(d, ""Enter the maximum loss of experience per death for players : "");
          OLC_MODE(d) = CEDIT_MAX_EXP_LOSS;
          return;"
"src\cedit.c","922","cedit_parse","line","MUTATING_REVIEW","OLC/object/flag mutation","   920:         case 'G':
   921:           write_to_output(d, ""Enter the maximum loss of experience per death for players : "");
   922:           OLC_MODE(d) = CEDIT_MAX_EXP_LOSS;
   923:           return;
   924: 
   925:         case 'h':"
"src\cedit.c","926","cedit_parse","case 'H'","MUTATING_REVIEW","OLC/object/flag mutation","        case 'H':
          write_to_output(d, ""Enter the number of tics before NPC corpses decompose : "");
          OLC_MODE(d) = CEDIT_MAX_NPC_CORPSE_TIME;
          return;"
"src\cedit.c","928","cedit_parse","line","MUTATING_REVIEW","OLC/object/flag mutation","   926:         case 'H':
   927:           write_to_output(d, ""Enter the number of tics before NPC corpses decompose : "");
   928:           OLC_MODE(d) = CEDIT_MAX_NPC_CORPSE_TIME;
   929:           return;
   930: 
   931:         case 'i':"
"src\cedit.c","932","cedit_parse","case 'I'","MUTATING_REVIEW","OLC/object/flag mutation","        case 'I':
          write_to_output(d, ""Enter the number of tics before PC corpses decompose : "");
          OLC_MODE(d) = CEDIT_MAX_PC_CORPSE_TIME;
          return;"
"src\cedit.c","934","cedit_parse","line","MUTATING_REVIEW","OLC/object/flag mutation","   932:         case 'I':
   933:           write_to_output(d, ""Enter the number of tics before PC corpses decompose : "");
   934:           OLC_MODE(d) = CEDIT_MAX_PC_CORPSE_TIME;
   935:           return;
   936: 
   937:         case 'j':"
"src\cedit.c","938","cedit_parse","case 'J'","MUTATING_REVIEW","OLC/object/flag mutation","        case 'J':
          write_to_output(d, ""Enter the number of tics before PC's are sent to the void (idle) : "");
          OLC_MODE(d) = CEDIT_IDLE_VOID;
          return;"
"src\cedit.c","940","cedit_parse","line","MUTATING_REVIEW","OLC/object/flag mutation","   938:         case 'J':
   939:           write_to_output(d, ""Enter the number of tics before PC's are sent to the void (idle) : "");
   940:           OLC_MODE(d) = CEDIT_IDLE_VOID;
   941:           return;
   942: 
   943:         case 'k':"
"src\cedit.c","944","cedit_parse","case 'K'","MUTATING_REVIEW","OLC/object/flag mutation","        case 'K':
          write_to_output(d, ""Enter the number of tics before PC's are automatically rented and forced to quit : "");
          OLC_MODE(d) = CEDIT_IDLE_RENT_TIME;
          return;"
"src\cedit.c","946","cedit_parse","line","MUTATING_REVIEW","OLC/object/flag mutation","   944:         case 'K':
   945:           write_to_output(d, ""Enter the number of tics before PC's are automatically rented and forced to quit : "");
   946:           OLC_MODE(d) = CEDIT_IDLE_RENT_TIME;
   947:           return;
   948: 
   949:         case 'l':"
"src\cedit.c","950","cedit_parse","case 'L'","MUTATING_REVIEW","OLC/object/flag mutation","        case 'L':
          write_to_output(d, ""Enter the level a player must be to become immune to IDLE : "");
          OLC_MODE(d) = CEDIT_IDLE_MAX_LEVEL;
          return;"
"src\cedit.c","952","cedit_parse","line","MUTATING_REVIEW","OLC/object/flag mutation","   950:         case 'L':
   951:           write_to_output(d, ""Enter the level a player must be to become immune to IDLE : "");
   952:           OLC_MODE(d) = CEDIT_IDLE_MAX_LEVEL;
   953:           return;
   954: 
   955:         case 'm':"
"src\cedit.c","985","cedit_parse","case '1'","MUTATING_REVIEW","OLC/object/flag mutation","        case '1':
          write_to_output(d, ""Enter the OK message : "");
          OLC_MODE(d) = CEDIT_OK;
          return;"
"src\cedit.c","987","cedit_parse","line","MUTATING_REVIEW","OLC/object/flag mutation","   985:         case '1':
   986:           write_to_output(d, ""Enter the OK message : "");
   987:           OLC_MODE(d) = CEDIT_OK;
   988:           return;
   989: 
   990:         case '2':"
"src\cedit.c","990","cedit_parse","case '2'","MUTATING_REVIEW","OLC/object/flag mutation","        case '2':
          write_to_output(d, ""Enter the HUH message : "");
          OLC_MODE(d) = CEDIT_HUH;
          return;"
"src\cedit.c","992","cedit_parse","line","MUTATING_REVIEW","OLC/object/flag mutation","   990:         case '2':
   991:           write_to_output(d, ""Enter the HUH message : "");
   992:           OLC_MODE(d) = CEDIT_HUH;
   993:           return;
   994: 
   995:         case '3':"
"src\cedit.c","995","cedit_parse","case '3'","MUTATING_REVIEW","OLC/object/flag mutation","        case '3':
          write_to_output(d, ""Enter the NOPERSON message : "");
          OLC_MODE(d) = CEDIT_NOPERSON;
          return;"
"src\cedit.c","997","cedit_parse","line","MUTATING_REVIEW","OLC/object/flag mutation","   995:         case '3':
   996:           write_to_output(d, ""Enter the NOPERSON message : "");
   997:           OLC_MODE(d) = CEDIT_NOPERSON;
   998:           return;
   999: 
  1000:         case '4':"
"src\cedit.c","1000","cedit_parse","case '4'","MUTATING_REVIEW","OLC/object/flag mutation","        case '4':
          write_to_output(d, ""Enter the NOEFFECT message : "");
          OLC_MODE(d) = CEDIT_NOEFFECT;
          return;"
"src\cedit.c","1002","cedit_parse","line","MUTATING_REVIEW","OLC/object/flag mutation","  1000:         case '4':
  1001:           write_to_output(d, ""Enter the NOEFFECT message : "");
  1002:           OLC_MODE(d) = CEDIT_NOEFFECT;
  1003:           return;
  1004: 
  1005:         case '5':"
"src\cedit.c","1005","cedit_parse","case '5'","MUTATING_REVIEW","OLC/object/flag mutation","        case '5':
          write_to_output(d, ""1) Disable maps\r\n"");
          write_to_output(d, ""2) Enable Maps\r\n"");
          write_to_output(d, ""3) Maps for Immortals only\r\n"");
          write_to_output(d, ""Enter choice: "");
          OLC_MODE(d) = CEDIT_MAP_OPTION;
          return;"
"src\cedit.c","1010","cedit_parse","line","MUTATING_REVIEW","OLC/object/flag mutation","  1008:           write_to_output(d, ""3) Maps for Immortals only\r\n"");
  1009:           write_to_output(d, ""Enter choice: "");
  1010:           OLC_MODE(d) = CEDIT_MAP_OPTION;
  1011:           return;
  1012: 
  1013:         case '6':"
"src\cedit.c","1013","cedit_parse","case '6'","MUTATING_REVIEW","OLC/object/flag mutation","        case '6':
          write_to_output(d, ""Enter default map size (1-12) : "");
          OLC_MODE(d) = CEDIT_MAP_SIZE;
          return;"
"src\cedit.c","1015","cedit_parse","line","MUTATING_REVIEW","OLC/object/flag mutation","  1013:         case '6':
  1014:           write_to_output(d, ""Enter default map size (1-12) : "");
  1015:           OLC_MODE(d) = CEDIT_MAP_SIZE;
  1016:           return;
  1017: 
  1018:         case '7':"
"src\cedit.c","1018","cedit_parse","case '7'","MUTATING_REVIEW","OLC/object/flag mutation","        case '7':
          write_to_output(d, ""Enter default mini-map size (1-12) : "");
          OLC_MODE(d) = CEDIT_MINIMAP_SIZE;
          return;"
"src\cedit.c","1020","cedit_parse","line","MUTATING_REVIEW","OLC/object/flag mutation","  1018:         case '7':
  1019:           write_to_output(d, ""Enter default mini-map size (1-12) : "");
  1020:           OLC_MODE(d) = CEDIT_MINIMAP_SIZE;
  1021:           return;
  1022:         case '8':
  1023:           TOGGLE_VAR(OLC_CONFIG(d)->play.script_players);"
"src\cedit.c","1047","cedit_parse","case 'B'","MUTATING_REVIEW","OLC/object/flag mutation","        case 'B':
          write_to_output(d, ""Enter the maximum number of items players can rent : "");
          OLC_MODE(d) = CEDIT_MAX_OBJ_SAVE;
          return;"
"src\cedit.c","1049","cedit_parse","line","MUTATING_REVIEW","OLC/object/flag mutation","  1047:         case 'B':
  1048:           write_to_output(d, ""Enter the maximum number of items players can rent : "");
  1049:           OLC_MODE(d) = CEDIT_MAX_OBJ_SAVE;
  1050:           return;
  1051: 
  1052:         case 'c':"
"src\cedit.c","1053","cedit_parse","case 'C'","MUTATING_REVIEW","OLC/object/flag mutation","        case 'C':
          write_to_output(d, ""Enter the surcharge on top of item costs : "");
          OLC_MODE(d) = CEDIT_MIN_RENT_COST;
          return;"
"src\cedit.c","1055","cedit_parse","line","MUTATING_REVIEW","OLC/object/flag mutation","  1053:         case 'C':
  1054:           write_to_output(d, ""Enter the surcharge on top of item costs : "");
  1055:           OLC_MODE(d) = CEDIT_MIN_RENT_COST;
  1056:           return;
  1057: 
  1058:         case 'd':"
"src\cedit.c","1064","cedit_parse","case 'E'","MUTATING_REVIEW","OLC/object/flag mutation","        case 'E':
          write_to_output(d, ""Enter how often (in minutes) should the MUD save players : "");
          OLC_MODE(d) = CEDIT_AUTOSAVE_TIME;
          return;"
"src\cedit.c","1066","cedit_parse","line","MUTATING_REVIEW","OLC/object/flag mutation","  1064:         case 'E':
  1065:           write_to_output(d, ""Enter how often (in minutes) should the MUD save players : "");
  1066:           OLC_MODE(d) = CEDIT_AUTOSAVE_TIME;
  1067:           return;
  1068: 
  1069:         case 'f':"
"src\cedit.c","1070","cedit_parse","case 'F'","MUTATING_REVIEW","OLC/object/flag mutation","        case 'F':
          write_to_output(d, ""Enter the lifetime of crash and idlesave files (days) : "");
          OLC_MODE(d) = CEDIT_CRASH_FILE_TIMEOUT;
          return;"
"src\cedit.c","1072","cedit_parse","line","MUTATING_REVIEW","OLC/object/flag mutation","  1070:         case 'F':
  1071:           write_to_output(d, ""Enter the lifetime of crash and idlesave files (days) : "");
  1072:           OLC_MODE(d) = CEDIT_CRASH_FILE_TIMEOUT;
  1073:           return;
  1074: 
  1075:         case 'g':"
"src\cedit.c","1076","cedit_parse","case 'G'","MUTATING_REVIEW","OLC/object/flag mutation","        case 'G':
          write_to_output(d, ""Enter the lifetime of normal rent files (days) : "");
          OLC_MODE(d) = CEDIT_RENT_FILE_TIMEOUT;
          return;"
"src\cedit.c","1078","cedit_parse","line","MUTATING_REVIEW","OLC/object/flag mutation","  1076:         case 'G':
  1077:           write_to_output(d, ""Enter the lifetime of normal rent files (days) : "");
  1078:           OLC_MODE(d) = CEDIT_RENT_FILE_TIMEOUT;
  1079:           return;
  1080: 
  1081:         case 'q':"
"src\cedit.c","1096","cedit_parse","case 'A'","MUTATING_REVIEW","OLC/object/flag mutation","        case 'A':
          write_to_output(d, ""Enter the room's vnum where mortals should load into : "");
          OLC_MODE(d) = CEDIT_MORTAL_START_ROOM;
          return;"
"src\cedit.c","1098","cedit_parse","line","MUTATING_REVIEW","OLC/object/flag mutation","  1096:         case 'A':
  1097:           write_to_output(d, ""Enter the room's vnum where mortals should load into : "");
  1098:           OLC_MODE(d) = CEDIT_MORTAL_START_ROOM;
  1099:           return;
  1100: 
  1101:         case 'b':"
"src\cedit.c","1102","cedit_parse","case 'B'","MUTATING_REVIEW","OLC/object/flag mutation","        case 'B':
          write_to_output(d, ""Enter the room's vnum where immortals should load into : "");
          OLC_MODE(d) = CEDIT_IMMORT_START_ROOM;
          return;"
"src\cedit.c","1104","cedit_parse","line","MUTATING_REVIEW","OLC/object/flag mutation","  1102:         case 'B':
  1103:           write_to_output(d, ""Enter the room's vnum where immortals should load into : "");
  1104:           OLC_MODE(d) = CEDIT_IMMORT_START_ROOM;
  1105:           return;
  1106: 
  1107:         case 'c':"
"src\cedit.c","1108","cedit_parse","case 'C'","MUTATING_REVIEW","OLC/object/flag mutation","        case 'C':
        write_to_output(d, ""Enter the room's vnum where frozen people should load into : "");
        OLC_MODE(d) = CEDIT_FROZEN_START_ROOM;
        return;"
"src\cedit.c","1110","cedit_parse","line","MUTATING_REVIEW","OLC/object/flag mutation","  1108:         case 'C':
  1109:         write_to_output(d, ""Enter the room's vnum where frozen people should load into : "");
  1110:         OLC_MODE(d) = CEDIT_FROZEN_START_ROOM;
  1111:         return;
  1112: 
  1113:       case '1':"
"src\cedit.c","1113","cedit_parse","case '1'","MUTATING_REVIEW","OLC/object/flag mutation","      case '1':
        write_to_output(d, ""Enter the vnum for donation room #1 : "");
        OLC_MODE(d) = CEDIT_DONATION_ROOM_1;
        return;"
"src\cedit.c","1115","cedit_parse","line","MUTATING_REVIEW","OLC/object/flag mutation","  1113:       case '1':
  1114:         write_to_output(d, ""Enter the vnum for donation room #1 : "");
  1115:         OLC_MODE(d) = CEDIT_DONATION_ROOM_1;
  1116:         return;
  1117: 
  1118:       case '2':"
"src\cedit.c","1118","cedit_parse","case '2'","MUTATING_REVIEW","OLC/object/flag mutation","      case '2':
        write_to_output(d, ""Enter the vnum for donation room #2 : "");
        OLC_MODE(d) = CEDIT_DONATION_ROOM_2;
        return;"
"src\cedit.c","1120","cedit_parse","line","MUTATING_REVIEW","OLC/object/flag mutation","  1118:       case '2':
  1119:         write_to_output(d, ""Enter the vnum for donation room #2 : "");
  1120:         OLC_MODE(d) = CEDIT_DONATION_ROOM_2;
  1121:         return;
  1122: 
  1123:       case '3':"
"src\cedit.c","1123","cedit_parse","case '3'","MUTATING_REVIEW","OLC/object/flag mutation","      case '3':
        write_to_output(d, ""Enter the vnum for donation room #3 : "");
        OLC_MODE(d) = CEDIT_DONATION_ROOM_3;
        return;"
"src\cedit.c","1125","cedit_parse","line","MUTATING_REVIEW","OLC/object/flag mutation","  1123:       case '3':
  1124:         write_to_output(d, ""Enter the vnum for donation room #3 : "");
  1125:         OLC_MODE(d) = CEDIT_DONATION_ROOM_3;
  1126:         return;
  1127: 
  1128:       case 'q':"
"src\cedit.c","1143","cedit_parse","case 'A'","MUTATING_REVIEW","OLC/object/flag mutation","         case 'A':
           write_to_output(d, ""Enter the default port number : "");
           OLC_MODE(d) = CEDIT_DFLT_PORT;
           return;"
"src\cedit.c","1145","cedit_parse","line","MUTATING_REVIEW","OLC/object/flag mutation","  1143:          case 'A':
  1144:            write_to_output(d, ""Enter the default port number : "");
  1145:            OLC_MODE(d) = CEDIT_DFLT_PORT;
  1146:            return;
  1147: 
  1148:          case 'b':"
"src\cedit.c","1149","cedit_parse","case 'B'","MUTATING_REVIEW","OLC/object/flag mutation","         case 'B':
           write_to_output(d, ""Enter the default IP Address : "");
           OLC_MODE(d) = CEDIT_DFLT_IP;
           return;"
"src\cedit.c","1151","cedit_parse","line","MUTATING_REVIEW","OLC/object/flag mutation","  1149:          case 'B':
  1150:            write_to_output(d, ""Enter the default IP Address : "");
  1151:            OLC_MODE(d) = CEDIT_DFLT_IP;
  1152:            return;
  1153: 
  1154:          case 'c':"
"src\cedit.c","1155","cedit_parse","case 'C'","MUTATING_REVIEW","OLC/object/flag mutation","         case 'C':
           write_to_output(d, ""Enter the default directory : "");
           OLC_MODE(d) = CEDIT_DFLT_DIR;
           return;"
"src\cedit.c","1157","cedit_parse","line","MUTATING_REVIEW","OLC/object/flag mutation","  1155:          case 'C':
  1156:            write_to_output(d, ""Enter the default directory : "");
  1157:            OLC_MODE(d) = CEDIT_DFLT_DIR;
  1158:            return;
  1159: 
  1160:          case 'd':"
"src\cedit.c","1161","cedit_parse","case 'D'","MUTATING_REVIEW","OLC/object/flag mutation","         case 'D':
           write_to_output(d, ""Enter the name of the logfile : "");
           OLC_MODE(d) = CEDIT_LOGNAME;
           return;"
"src\cedit.c","1163","cedit_parse","line","MUTATING_REVIEW","OLC/object/flag mutation","  1161:          case 'D':
  1162:            write_to_output(d, ""Enter the name of the logfile : "");
  1163:            OLC_MODE(d) = CEDIT_LOGNAME;
  1164:            return;
  1165: 
  1166:          case 'e':"
"src\cedit.c","1167","cedit_parse","case 'E'","MUTATING_REVIEW","OLC/object/flag mutation","         case 'E':
           write_to_output(d, ""Enter the maximum number of players : "");
           OLC_MODE(d) = CEDIT_MAX_PLAYING;
           return;"
"src\cedit.c","1169","cedit_parse","line","MUTATING_REVIEW","OLC/object/flag mutation","  1167:          case 'E':
  1168:            write_to_output(d, ""Enter the maximum number of players : "");
  1169:            OLC_MODE(d) = CEDIT_MAX_PLAYING;
  1170:            return;
  1171: 
  1172:          case 'f':"
"src\cedit.c","1173","cedit_parse","case 'F'","MUTATING_REVIEW","OLC/object/flag mutation","         case 'F':
           write_to_output(d, ""Enter the maximum size of the logs : "");
           OLC_MODE(d) = CEDIT_MAX_FILESIZE;
           return;"
"src\cedit.c","1175","cedit_parse","line","MUTATING_REVIEW","OLC/object/flag mutation","  1173:          case 'F':
  1174:            write_to_output(d, ""Enter the maximum size of the logs : "");
  1175:            OLC_MODE(d) = CEDIT_MAX_FILESIZE;
  1176:            return;
  1177: 
  1178:          case 'g':"
"src\cedit.c","1179","cedit_parse","case 'G'","MUTATING_REVIEW","OLC/object/flag mutation","         case 'G':
           write_to_output(d, ""Enter the maximum number of password attempts : "");
           OLC_MODE(d) = CEDIT_MAX_BAD_PWS;
           return;"
"src\cedit.c","1181","cedit_parse","line","MUTATING_REVIEW","OLC/object/flag mutation","  1179:          case 'G':
  1180:            write_to_output(d, ""Enter the maximum number of password attempts : "");
  1181:            OLC_MODE(d) = CEDIT_MAX_BAD_PWS;
  1182:            return;
  1183: 
  1184:          case 'h':"
"src\cedit.c","1207","cedit_parse","case 'L'","MUTATING_REVIEW","OLC/object/flag mutation | multiline editor entry","         case 'L':
           OLC_MODE(d) = CEDIT_MENU;
           clear_screen(d);
           send_editor_help(d);
           write_to_output(d, ""Enter the new MENU :\r\n\r\n"");

           if (OLC_CONFIG(d)->operation.MENU) {
             write_to_output(d, ""%s"", OLC_CONFIG(d)->operation.MENU);
             oldtext = strdup(OLC_CONFIG(d)->operation.MENU);
           }

           string_write(d, &OLC_CONFIG(d)->operation.MENU, MAX_INPUT_LENGTH, 0, oldtext);
           return;"
"src\cedit.c","1208","cedit_parse","line","MUTATING_REVIEW","OLC/object/flag mutation","  1206:          case 'l':
  1207:          case 'L':
  1208:            OLC_MODE(d) = CEDIT_MENU;
  1209:            clear_screen(d);
  1210:            send_editor_help(d);
  1211:            write_to_output(d, ""Enter the new MENU :\r\n\r\n"");"
"src\cedit.c","1222","cedit_parse","case 'M'","MUTATING_REVIEW","OLC/object/flag mutation | multiline editor entry","         case 'M':
           OLC_MODE(d) = CEDIT_WELC_MESSG;
           clear_screen(d);
           send_editor_help(d);
           write_to_output(d, ""Enter the new welcome message :\r\n\r\n"");

           if (OLC_CONFIG(d)->operation.WELC_MESSG) {
             write_to_output(d, ""%s"", OLC_CONFIG(d)->operation.WELC_MESSG);
             oldtext = str_udup(OLC_CONFIG(d)->operation.WELC_MESSG);
           }

           string_write(d, &OLC_CONFIG(d)->operation.WELC_MESSG, MAX_INPUT_LENGTH, 0, oldtext);
           return;"
"src\cedit.c","1223","cedit_parse","line","MUTATING_REVIEW","OLC/object/flag mutation","  1221:          case 'm':
  1222:          case 'M':
  1223:            OLC_MODE(d) = CEDIT_WELC_MESSG;
  1224:            clear_screen(d);
  1225:            send_editor_help(d);
  1226:            write_to_output(d, ""Enter the new welcome message :\r\n\r\n"");"
"src\cedit.c","1237","cedit_parse","case 'N'","MUTATING_REVIEW","OLC/object/flag mutation | multiline editor entry","         case 'N':
           OLC_MODE(d) = CEDIT_START_MESSG;
           clear_screen(d);
           send_editor_help(d);
           write_to_output(d, ""Enter the new newbie start message :\r\n\r\n"");

           if (OLC_CONFIG(d)->operation.START_MESSG) {
             write_to_output(d, ""%s"", OLC_CONFIG(d)->operation.START_MESSG);
             oldtext = strdup(OLC_CONFIG(d)->operation.START_MESSG);
           }

           string_write(d, &OLC_CONFIG(d)->operation.START_MESSG, MAX_INPUT_LENGTH, 0, oldtext);
           return;"
"src\cedit.c","1238","cedit_parse","line","MUTATING_REVIEW","OLC/object/flag mutation","  1236:          case 'n':
  1237:          case 'N':
  1238:            OLC_MODE(d) = CEDIT_START_MESSG;
  1239:            clear_screen(d);
  1240:            send_editor_help(d);
  1241:            write_to_output(d, ""Enter the new newbie start message :\r\n\r\n"");"
"src\cedit.c","1272","cedit_parse","case 'T'","MUTATING_REVIEW","OLC/object/flag mutation","         case 'T':
           write_to_output(d, ""Enter the current debug level (0: Off, 1: Brief, 2: Normal, 3: Complete) : "");
           OLC_MODE(d) = CEDIT_DEBUG_MODE;
           return;"
"src\cedit.c","1274","cedit_parse","line","MUTATING_REVIEW","OLC/object/flag mutation","  1272:          case 'T':
  1273:            write_to_output(d, ""Enter the current debug level (0: Off, 1: Brief, 2: Normal, 3: Complete) : "");
  1274:            OLC_MODE(d) = CEDIT_DEBUG_MODE;
  1275:            return;
  1276: 
  1277:          case 'q':"
"src\cedit.c","1297","cedit_parse","case 'B'","MUTATING_REVIEW","OLC/object/flag mutation","        case 'B':
          write_to_output(d, ""Enter the minimum level for players to appear on the wizlist : "");
          OLC_MODE(d) = CEDIT_MIN_WIZLIST_LEV;
          return;"
"src\cedit.c","1299","cedit_parse","line","MUTATING_REVIEW","OLC/object/flag mutation","  1297:         case 'B':
  1298:           write_to_output(d, ""Enter the minimum level for players to appear on the wizlist : "");
  1299:           OLC_MODE(d) = CEDIT_MIN_WIZLIST_LEV;
  1300:           return;
  1301: 
  1302:         case 'q':"
"src\cedit.c","1314","cedit_parse","case CEDIT_LEVEL_CAN_SHOUT","MUTATING_REVIEW","OLC/object/flag mutation","    case CEDIT_LEVEL_CAN_SHOUT:
      if (!*arg) {
        write_to_output(d,
          ""That is an invalid choice!\r\n""
          ""Enter the minimum level a player must be to shout, gossip, etc : "");
      } else {
        OLC_CONFIG(d)->play.level_can_shout = atoi(arg);
        cedit_disp_game_play_options(d);
      }
      break;"
"src\cedit.c","1320","cedit_parse","line","MUTATING_REVIEW","OLC/object/flag mutation","  1318:           ""Enter the minimum level a player must be to shout, gossip, etc : "");
  1319:       } else {
  1320:         OLC_CONFIG(d)->play.level_can_shout = atoi(arg);
  1321:         cedit_disp_game_play_options(d);
  1322:       }
  1323:       break;"
"src\cedit.c","1325","cedit_parse","case CEDIT_HOLLER_MOVE_COST","MUTATING_REVIEW","OLC/object/flag mutation","    case CEDIT_HOLLER_MOVE_COST:
      if (!*arg) {
        write_to_output(d,
          ""That is an invalid choice!\r\n""
          ""Enter the amount it costs (in move points) to holler : "");
      } else {
        OLC_CONFIG(d)->play.holler_move_cost = atoi(arg);
        cedit_disp_game_play_options(d);
      }
      break;"
"src\cedit.c","1331","cedit_parse","line","MUTATING_REVIEW","OLC/object/flag mutation","  1329:           ""Enter the amount it costs (in move points) to holler : "");
  1330:       } else {
  1331:         OLC_CONFIG(d)->play.holler_move_cost = atoi(arg);
  1332:         cedit_disp_game_play_options(d);
  1333:       }
  1334:       break;"
"src\cedit.c","1336","cedit_parse","case CEDIT_TUNNEL_SIZE","MUTATING_REVIEW","OLC/object/flag mutation","    case CEDIT_TUNNEL_SIZE:
      if (!*arg) {
        write_to_output(d,
          ""That is an invalid choice!\r\n""
          ""Enter the maximum number of people allowed in a tunnel : "");
      } else {
        OLC_CONFIG(d)->play.tunnel_size = atoi(arg);
        cedit_disp_game_play_options(d);
      }
      break;"
"src\cedit.c","1342","cedit_parse","line","MUTATING_REVIEW","OLC/object/flag mutation","  1340:           ""Enter the maximum number of people allowed in a tunnel : "");
  1341:       } else {
  1342:         OLC_CONFIG(d)->play.tunnel_size = atoi(arg);
  1343:         cedit_disp_game_play_options(d);
  1344:       }
  1345:       break;"
"src\cedit.c","1347","cedit_parse","case CEDIT_MAX_EXP_GAIN","MUTATING_REVIEW","OLC/object/flag mutation","    case CEDIT_MAX_EXP_GAIN:
      if (*arg)
        OLC_CONFIG(d)->play.max_exp_gain = atoi(arg);

      cedit_disp_game_play_options(d);
      break;"
"src\cedit.c","1349","cedit_parse","line","MUTATING_REVIEW","OLC/object/flag mutation","  1347:     case CEDIT_MAX_EXP_GAIN:
  1348:       if (*arg)
  1349:         OLC_CONFIG(d)->play.max_exp_gain = atoi(arg);
  1350: 
  1351:       cedit_disp_game_play_options(d);
  1352:       break;"
"src\cedit.c","1354","cedit_parse","case CEDIT_MAX_EXP_LOSS","MUTATING_REVIEW","OLC/object/flag mutation","    case CEDIT_MAX_EXP_LOSS:
      if (*arg)
        OLC_CONFIG(d)->play.max_exp_loss = atoi(arg);

      cedit_disp_game_play_options(d);
      break;"
"src\cedit.c","1356","cedit_parse","line","MUTATING_REVIEW","OLC/object/flag mutation","  1354:     case CEDIT_MAX_EXP_LOSS:
  1355:       if (*arg)
  1356:         OLC_CONFIG(d)->play.max_exp_loss = atoi(arg);
  1357: 
  1358:       cedit_disp_game_play_options(d);
  1359:       break;"
"src\cedit.c","1361","cedit_parse","case CEDIT_MAX_NPC_CORPSE_TIME","MUTATING_REVIEW","OLC/object/flag mutation","    case CEDIT_MAX_NPC_CORPSE_TIME:
      if (!*arg) {
        write_to_output(d,
          ""That is an invalid choice!\r\n""
          ""Enter the number of tics before NPC corpses decompose : "");
      } else {
        OLC_CONFIG(d)->play.max_npc_corpse_time = atoi(arg);
        cedit_disp_game_play_options(d);
      }
      break;"
"src\cedit.c","1367","cedit_parse","line","MUTATING_REVIEW","OLC/object/flag mutation","  1365:           ""Enter the number of tics before NPC corpses decompose : "");
  1366:       } else {
  1367:         OLC_CONFIG(d)->play.max_npc_corpse_time = atoi(arg);
  1368:         cedit_disp_game_play_options(d);
  1369:       }
  1370:       break;"
"src\cedit.c","1372","cedit_parse","case CEDIT_MAX_PC_CORPSE_TIME","MUTATING_REVIEW","OLC/object/flag mutation","    case CEDIT_MAX_PC_CORPSE_TIME:
      if (!*arg) {
        write_to_output(d,
          ""That is an invalid choice!\r\n""
          ""Enter the number of tics before PC corpses decompose : "");
        } else {
          OLC_CONFIG(d)->play.max_pc_corpse_time = atoi(arg);
          cedit_disp_game_play_options(d);
        }
        break;"
"src\cedit.c","1378","cedit_parse","line","MUTATING_REVIEW","OLC/object/flag mutation","  1376:           ""Enter the number of tics before PC corpses decompose : "");
  1377:         } else {
  1378:           OLC_CONFIG(d)->play.max_pc_corpse_time = atoi(arg);
  1379:           cedit_disp_game_play_options(d);
  1380:         }
  1381:         break;"
"src\cedit.c","1383","cedit_parse","case CEDIT_IDLE_VOID","MUTATING_REVIEW","OLC/object/flag mutation","    case CEDIT_IDLE_VOID:
      if (!*arg) {
        write_to_output(d,
          ""That is an invalid choice!\r\n""
          ""Enter the number of tics before PC's are sent to the void (idle) : "");
      } else {
        OLC_CONFIG(d)->play.idle_void = atoi(arg);
        cedit_disp_game_play_options(d);
      }
      break;"
"src\cedit.c","1389","cedit_parse","line","MUTATING_REVIEW","OLC/object/flag mutation","  1387:           ""Enter the number of tics before PC's are sent to the void (idle) : "");
  1388:       } else {
  1389:         OLC_CONFIG(d)->play.idle_void = atoi(arg);
  1390:         cedit_disp_game_play_options(d);
  1391:       }
  1392:       break;"
"src\cedit.c","1394","cedit_parse","case CEDIT_IDLE_RENT_TIME","MUTATING_REVIEW","OLC/object/flag mutation","    case CEDIT_IDLE_RENT_TIME:
      if (!*arg) {
        write_to_output(d,
          ""That is an invalid choice!\r\n""
          ""Enter the number of tics before PC's are automatically rented and forced to quit : "");
      } else {
        OLC_CONFIG(d)->play.idle_rent_time = atoi(arg);
        cedit_disp_game_play_options(d);
      }
      break;"
"src\cedit.c","1400","cedit_parse","line","MUTATING_REVIEW","OLC/object/flag mutation","  1398:           ""Enter the number of tics before PC's are automatically rented and forced to quit : "");
  1399:       } else {
  1400:         OLC_CONFIG(d)->play.idle_rent_time = atoi(arg);
  1401:         cedit_disp_game_play_options(d);
  1402:       }
  1403:       break;"
"src\cedit.c","1405","cedit_parse","case CEDIT_IDLE_MAX_LEVEL","MUTATING_REVIEW","OLC/object/flag mutation","    case CEDIT_IDLE_MAX_LEVEL:
      if (!*arg) {
        write_to_output(d,
          ""That is an invalid choice!\r\n""
          ""Enter the level a player must be to become immune to IDLE : "");
      } else {
        OLC_CONFIG(d)->play.idle_max_level = atoi(arg);
        cedit_disp_game_play_options(d);
      }
      break;"
"src\cedit.c","1411","cedit_parse","line","MUTATING_REVIEW","OLC/object/flag mutation","  1409:           ""Enter the level a player must be to become immune to IDLE : "");
  1410:       } else {
  1411:         OLC_CONFIG(d)->play.idle_max_level = atoi(arg);
  1412:         cedit_disp_game_play_options(d);
  1413:       }
  1414:       break;"
"src\cedit.c","1423","cedit_parse","line","MUTATING_REVIEW","OLC/object/flag mutation","  1421:         free(OLC_CONFIG(d)->play.OK);
  1422: 
  1423:       OLC_CONFIG(d)->play.OK = str_udupnl(arg);
  1424: 
  1425:       cedit_disp_game_play_options(d);
  1426:       break;"
"src\cedit.c","1435","cedit_parse","line","MUTATING_REVIEW","OLC/object/flag mutation","  1433:         free(OLC_CONFIG(d)->play.HUH);
  1434: 
  1435:       OLC_CONFIG(d)->play.HUH = str_udupnl(arg);
  1436: 
  1437:       cedit_disp_game_play_options(d);
  1438:       break;"
"src\cedit.c","1447","cedit_parse","line","MUTATING_REVIEW","OLC/object/flag mutation","  1445:         free(OLC_CONFIG(d)->play.NOPERSON);
  1446: 
  1447:       OLC_CONFIG(d)->play.NOPERSON = str_udupnl(arg);
  1448: 
  1449:       cedit_disp_game_play_options(d);
  1450:       break;"
"src\cedit.c","1459","cedit_parse","line","MUTATING_REVIEW","OLC/object/flag mutation","  1457:         free(OLC_CONFIG(d)->play.NOEFFECT);
  1458: 
  1459:       OLC_CONFIG(d)->play.NOEFFECT = str_udupnl(arg);
  1460: 
  1461:       cedit_disp_game_play_options(d);
  1462:       break;"
"src\cedit.c","1464","cedit_parse","case CEDIT_MAX_OBJ_SAVE","MUTATING_REVIEW","OLC/object/flag mutation","    case CEDIT_MAX_OBJ_SAVE:
      if (!*arg) {
        write_to_output(d,
          ""That is an invalid choice!\r\n""
          ""Enter the maximum objects a player can save : "");
        } else {
          OLC_CONFIG(d)->csd.max_obj_save = atoi(arg);
          cedit_disp_crash_save_options(d);
        }
        break;"
"src\cedit.c","1470","cedit_parse","line","MUTATING_REVIEW","OLC/object/flag mutation","  1468:           ""Enter the maximum objects a player can save : "");
  1469:         } else {
  1470:           OLC_CONFIG(d)->csd.max_obj_save = atoi(arg);
  1471:           cedit_disp_crash_save_options(d);
  1472:         }
  1473:         break;"
"src\cedit.c","1475","cedit_parse","case CEDIT_MIN_RENT_COST","MUTATING_REVIEW","OLC/object/flag mutation","    case CEDIT_MIN_RENT_COST:
      if (!*arg) {
        write_to_output(d,
          ""That is an invalid choice!\r\n""
          ""Enter the minimum amount it costs to rent : "");
      } else {
        OLC_CONFIG(d)->csd.min_rent_cost = atoi(arg);
        cedit_disp_crash_save_options(d);
      }
      break;"
"src\cedit.c","1481","cedit_parse","line","MUTATING_REVIEW","OLC/object/flag mutation","  1479:           ""Enter the minimum amount it costs to rent : "");
  1480:       } else {
  1481:         OLC_CONFIG(d)->csd.min_rent_cost = atoi(arg);
  1482:         cedit_disp_crash_save_options(d);
  1483:       }
  1484:       break;"
"src\cedit.c","1486","cedit_parse","case CEDIT_AUTOSAVE_TIME","MUTATING_REVIEW","OLC/object/flag mutation","    case CEDIT_AUTOSAVE_TIME:
      if (!*arg) {
        write_to_output(d,
          ""That is an invalid choice!\r\n""
          ""Enter the interval for player's being autosaved : "");
      } else {
        OLC_CONFIG(d)->csd.autosave_time = atoi(arg);
        cedit_disp_crash_save_options(d);
      }
      break;"
"src\cedit.c","1492","cedit_parse","line","MUTATING_REVIEW","OLC/object/flag mutation","  1490:           ""Enter the interval for player's being autosaved : "");
  1491:       } else {
  1492:         OLC_CONFIG(d)->csd.autosave_time = atoi(arg);
  1493:         cedit_disp_crash_save_options(d);
  1494:       }
  1495:       break;"
"src\cedit.c","1497","cedit_parse","case CEDIT_CRASH_FILE_TIMEOUT","MUTATING_REVIEW","OLC/object/flag mutation","    case CEDIT_CRASH_FILE_TIMEOUT:
      if (!*arg) {
        write_to_output(d,
          ""That is an invalid choice!\r\n""
          ""Enter the lifetime of crash and idlesave files (days) : "");
      } else {
        OLC_CONFIG(d)->csd.crash_file_timeout = atoi(arg);
        cedit_disp_crash_save_options(d);
      }
      break;"
"src\cedit.c","1503","cedit_parse","line","MUTATING_REVIEW","OLC/object/flag mutation","  1501:           ""Enter the lifetime of crash and idlesave files (days) : "");
  1502:       } else {
  1503:         OLC_CONFIG(d)->csd.crash_file_timeout = atoi(arg);
  1504:         cedit_disp_crash_save_options(d);
  1505:       }
  1506:       break;"
"src\cedit.c","1508","cedit_parse","case CEDIT_RENT_FILE_TIMEOUT","MUTATING_REVIEW","OLC/object/flag mutation","    case CEDIT_RENT_FILE_TIMEOUT:
      if (!*arg) {
        write_to_output(d,
          ""That is an invalid choice!\r\n""
          ""Enter the lifetime of rent files (days) : "");
      } else {
        OLC_CONFIG(d)->csd.rent_file_timeout = atoi(arg);
        cedit_disp_crash_save_options(d);
      }
      break;"
"src\cedit.c","1514","cedit_parse","line","MUTATING_REVIEW","OLC/object/flag mutation","  1512:           ""Enter the lifetime of rent files (days) : "");
  1513:       } else {
  1514:         OLC_CONFIG(d)->csd.rent_file_timeout = atoi(arg);
  1515:         cedit_disp_crash_save_options(d);
  1516:       }
  1517:       break;"
"src\cedit.c","1519","cedit_parse","case CEDIT_MORTAL_START_ROOM","MUTATING_REVIEW","OLC/object/flag mutation","    case CEDIT_MORTAL_START_ROOM:
      if (!*arg) {
        write_to_output(d,
          ""That is an invalid choice!\r\n""
          ""Enter the room's vnum where mortals should load into : "");
      } else if (real_room(atoi(arg)) == NOWHERE) {
        write_to_output(d,
          ""That room doesn't exist!\r\n""
          ""Enter the room's vnum where mortals should load into : "");
      } else {
        OLC_CONFIG(d)->room_nums.mortal_start_room = atoi(arg);
        cedit_disp_room_numbers(d);
      }
      break;"
"src\cedit.c","1529","cedit_parse","line","MUTATING_REVIEW","OLC/object/flag mutation","  1527:           ""Enter the room's vnum where mortals should load into : "");
  1528:       } else {
  1529:         OLC_CONFIG(d)->room_nums.mortal_start_room = atoi(arg);
  1530:         cedit_disp_room_numbers(d);
  1531:       }
  1532:       break;"
"src\cedit.c","1534","cedit_parse","case CEDIT_IMMORT_START_ROOM","MUTATING_REVIEW","OLC/object/flag mutation","    case CEDIT_IMMORT_START_ROOM:
      if (!*arg) {
        write_to_output(d,
          ""That is an invalid choice!\r\n""
          ""Enter the room's vnum where immortals should load into : "");
      } else if (real_room(atoi(arg)) == NOWHERE) {
        write_to_output(d,
          ""That room doesn't exist!\r\n""
          ""Enter the room's vnum where immortals should load into : "");
      } else {
        OLC_CONFIG(d)->room_nums.immort_start_room = atoi(arg);
        cedit_disp_room_numbers(d);
      }
      break;"
"src\cedit.c","1544","cedit_parse","line","MUTATING_REVIEW","OLC/object/flag mutation","  1542:           ""Enter the room's vnum where immortals should load into : "");
  1543:       } else {
  1544:         OLC_CONFIG(d)->room_nums.immort_start_room = atoi(arg);
  1545:         cedit_disp_room_numbers(d);
  1546:       }
  1547:       break;"
"src\cedit.c","1549","cedit_parse","case CEDIT_FROZEN_START_ROOM","MUTATING_REVIEW","OLC/object/flag mutation","    case CEDIT_FROZEN_START_ROOM:
      if (!*arg) {
        write_to_output(d,
          ""That is an invalid choice!\r\n""
          ""Enter the room's vnum where frozen people should load into : "");
      } else if (real_room(atoi(arg)) == NOWHERE) {
        write_to_output(d,
          ""That room doesn't exist!\r\n""
          ""Enter the room's vnum where frozen people should load into : "");
      } else {
        OLC_CONFIG(d)->room_nums.frozen_start_room = atoi(arg);
        cedit_disp_room_numbers(d);
      }
      break;"
"src\cedit.c","1559","cedit_parse","line","MUTATING_REVIEW","OLC/object/flag mutation","  1557:           ""Enter the room's vnum where frozen people should load into : "");
  1558:       } else {
  1559:         OLC_CONFIG(d)->room_nums.frozen_start_room = atoi(arg);
  1560:         cedit_disp_room_numbers(d);
  1561:       }
  1562:       break;"
"src\cedit.c","1564","cedit_parse","case CEDIT_DONATION_ROOM_1","MUTATING_REVIEW","OLC/object/flag mutation","    case CEDIT_DONATION_ROOM_1:
      if (!*arg) {
        write_to_output(d,
          ""That is an invalid choice!\r\n""
          ""Enter the vnum for donation room #1 : "");
      } else if (real_room(atoi(arg)) == NOWHERE) {
        write_to_output(d,
          ""That room doesn't exist!\r\n""
          ""Enter the vnum for donation room #1 : "");
      } else {
        OLC_CONFIG(d)->room_nums.donation_room_1 = atoi(arg);
        cedit_disp_room_numbers(d);
      }
      break;"
"src\cedit.c","1574","cedit_parse","line","MUTATING_REVIEW","OLC/object/flag mutation","  1572:           ""Enter the vnum for donation room #1 : "");
  1573:       } else {
  1574:         OLC_CONFIG(d)->room_nums.donation_room_1 = atoi(arg);
  1575:         cedit_disp_room_numbers(d);
  1576:       }
  1577:       break;"
"src\cedit.c","1579","cedit_parse","case CEDIT_DONATION_ROOM_2","MUTATING_REVIEW","OLC/object/flag mutation","    case CEDIT_DONATION_ROOM_2:
      if (!*arg) {
        write_to_output(d,
          ""That is an invalid choice!\r\n""
          ""Enter the vnum for donation room #2 : "");
      } else if (real_room(atoi(arg)) == NOWHERE) {
        write_to_output(d,
          ""That room doesn't exist!\r\n""
          ""Enter the vnum for donation room #2 : "");
      } else {
        OLC_CONFIG(d)->room_nums.donation_room_2 = atoi(arg);
        cedit_disp_room_numbers(d);
      }
      break;"
"src\cedit.c","1589","cedit_parse","line","MUTATING_REVIEW","OLC/object/flag mutation","  1587:           ""Enter the vnum for donation room #2 : "");
  1588:       } else {
  1589:         OLC_CONFIG(d)->room_nums.donation_room_2 = atoi(arg);
  1590:         cedit_disp_room_numbers(d);
  1591:       }
  1592:       break;"
"src\cedit.c","1594","cedit_parse","case CEDIT_DONATION_ROOM_3","MUTATING_REVIEW","OLC/object/flag mutation","    case CEDIT_DONATION_ROOM_3:
      if (!*arg) {
        write_to_output(d,
          ""That is an invalid choice!\r\n""
          ""Enter the vnum for donation room #3 : "");
      } else if (real_room(atoi(arg)) == NOWHERE) {
        write_to_output(d,
          ""That room doesn't exist!\r\n""
          ""Enter the vnum for donation room #3 : "");
      } else {
        OLC_CONFIG(d)->room_nums.donation_room_3 = atoi(arg);
        cedit_disp_room_numbers(d);
      }
      break;"
"src\cedit.c","1604","cedit_parse","line","MUTATING_REVIEW","OLC/object/flag mutation","  1602:           ""Enter the vnum for donation room #3 : "");
  1603:       } else {
  1604:         OLC_CONFIG(d)->room_nums.donation_room_3 = atoi(arg);
  1605:         cedit_disp_room_numbers(d);
  1606:       }
  1607:       break;"
"src\cedit.c","1609","cedit_parse","case CEDIT_DFLT_PORT","MUTATING_REVIEW","OLC/object/flag mutation","    case CEDIT_DFLT_PORT:
      OLC_CONFIG(d)->operation.DFLT_PORT = atoi(arg);
      cedit_disp_operation_options(d);
      break;"
"src\cedit.c","1610","cedit_parse","line","MUTATING_REVIEW","OLC/object/flag mutation","  1608: 
  1609:     case CEDIT_DFLT_PORT:
  1610:       OLC_CONFIG(d)->operation.DFLT_PORT = atoi(arg);
  1611:       cedit_disp_operation_options(d);
  1612:       break;
  1613: "
"src\cedit.c","1614","cedit_parse","case CEDIT_DFLT_IP","MUTATING_REVIEW","OLC/object/flag mutation","    case CEDIT_DFLT_IP:
      if (!*arg) {
        write_to_output(d,
          ""That is an invalid choice!\r\n""
          ""Enter the default ip address : "");
      } else {
        OLC_CONFIG(d)->operation.DFLT_IP = str_udup(arg);
        cedit_disp_operation_options(d);
      }
      break;"
"src\cedit.c","1620","cedit_parse","line","MUTATING_REVIEW","OLC/object/flag mutation","  1618:           ""Enter the default ip address : "");
  1619:       } else {
  1620:         OLC_CONFIG(d)->operation.DFLT_IP = str_udup(arg);
  1621:         cedit_disp_operation_options(d);
  1622:       }
  1623:       break;"
"src\cedit.c","1625","cedit_parse","case CEDIT_DFLT_DIR","MUTATING_REVIEW","OLC/object/flag mutation","    case CEDIT_DFLT_DIR:
      if (!*arg) {
        write_to_output(d,
          ""That is an invalid choice!\r\n""
          ""Enter the default directory : "");
      } else {
        OLC_CONFIG(d)->operation.DFLT_DIR = str_udup(arg);
        cedit_disp_operation_options(d);
      }
      break;"
"src\cedit.c","1631","cedit_parse","line","MUTATING_REVIEW","OLC/object/flag mutation","  1629:           ""Enter the default directory : "");
  1630:       } else {
  1631:         OLC_CONFIG(d)->operation.DFLT_DIR = str_udup(arg);
  1632:         cedit_disp_operation_options(d);
  1633:       }
  1634:       break;"
"src\cedit.c","1636","cedit_parse","case CEDIT_LOGNAME","MUTATING_REVIEW","OLC/object/flag mutation","    case CEDIT_LOGNAME:
      if (!*arg) {
        write_to_output(d,
          ""That is an invalid choice!\r\n""
          ""Enter the name of the logfile : "");
      } else {
        OLC_CONFIG(d)->operation.LOGNAME = str_udup(arg);
        cedit_disp_operation_options(d);
      }
      break;"
"src\cedit.c","1642","cedit_parse","line","MUTATING_REVIEW","OLC/object/flag mutation","  1640:           ""Enter the name of the logfile : "");
  1641:       } else {
  1642:         OLC_CONFIG(d)->operation.LOGNAME = str_udup(arg);
  1643:         cedit_disp_operation_options(d);
  1644:       }
  1645:       break;"
"src\cedit.c","1647","cedit_parse","case CEDIT_MAX_PLAYING","MUTATING_REVIEW","OLC/object/flag mutation","    case CEDIT_MAX_PLAYING:
      OLC_CONFIG(d)->operation.max_playing = atoi(arg);
      cedit_disp_operation_options(d);
      break;"
"src\cedit.c","1648","cedit_parse","line","MUTATING_REVIEW","OLC/object/flag mutation","  1646: 
  1647:     case CEDIT_MAX_PLAYING:
  1648:       OLC_CONFIG(d)->operation.max_playing = atoi(arg);
  1649:       cedit_disp_operation_options(d);
  1650:       break;
  1651: "
"src\cedit.c","1652","cedit_parse","case CEDIT_MAX_FILESIZE","MUTATING_REVIEW","OLC/object/flag mutation","    case CEDIT_MAX_FILESIZE:
      OLC_CONFIG(d)->operation.max_filesize = atoi(arg);
      cedit_disp_operation_options(d);
      break;"
"src\cedit.c","1653","cedit_parse","line","MUTATING_REVIEW","OLC/object/flag mutation","  1651: 
  1652:     case CEDIT_MAX_FILESIZE:
  1653:       OLC_CONFIG(d)->operation.max_filesize = atoi(arg);
  1654:       cedit_disp_operation_options(d);
  1655:       break;
  1656: "
"src\cedit.c","1657","cedit_parse","case CEDIT_MAX_BAD_PWS","MUTATING_REVIEW","OLC/object/flag mutation","    case CEDIT_MAX_BAD_PWS:
      OLC_CONFIG(d)->operation.max_bad_pws = atoi(arg);
      cedit_disp_operation_options(d);
      break;"
"src\cedit.c","1658","cedit_parse","line","MUTATING_REVIEW","OLC/object/flag mutation","  1656: 
  1657:     case CEDIT_MAX_BAD_PWS:
  1658:       OLC_CONFIG(d)->operation.max_bad_pws = atoi(arg);
  1659:       cedit_disp_operation_options(d);
  1660:       break;
  1661: "
"src\cedit.c","1662","cedit_parse","case CEDIT_DEBUG_MODE","MUTATING_REVIEW","OLC/object/flag mutation","    case CEDIT_DEBUG_MODE:
      OLC_CONFIG(d)->operation.debug_mode = LIMIT(atoi(arg), 0, 3);
      cedit_disp_operation_options(d);
      break;"
"src\cedit.c","1663","cedit_parse","line","MUTATING_REVIEW","OLC/object/flag mutation","  1661: 
  1662:     case CEDIT_DEBUG_MODE:
  1663:       OLC_CONFIG(d)->operation.debug_mode = LIMIT(atoi(arg), 0, 3);
  1664:       cedit_disp_operation_options(d);
  1665:       break;
  1666: "
"src\cedit.c","1667","cedit_parse","case CEDIT_MIN_WIZLIST_LEV","MUTATING_REVIEW","OLC/object/flag mutation","    case CEDIT_MIN_WIZLIST_LEV:
      if (atoi(arg) > LVL_IMPL) {
        write_to_output(d,
          ""The minimum wizlist level can't be greater than %d.\r\n""
          ""Enter the minimum level for players to appear on the wizlist : "", LVL_IMPL);
      } else {
        OLC_CONFIG(d)->autowiz.min_wizlist_lev = atoi(arg);
        cedit_disp_autowiz_options(d);
      }
      break;"
"src\cedit.c","1673","cedit_parse","line","MUTATING_REVIEW","OLC/object/flag mutation","  1671:           ""Enter the minimum level for players to appear on the wizlist : "", LVL_IMPL);
  1672:       } else {
  1673:         OLC_CONFIG(d)->autowiz.min_wizlist_lev = atoi(arg);
  1674:         cedit_disp_autowiz_options(d);
  1675:       }
  1676:       break;"
"src\cedit.c","1678","cedit_parse","case CEDIT_MAP_OPTION","MUTATING_REVIEW","OLC/object/flag mutation","    case CEDIT_MAP_OPTION:
      if (!*arg) {
        write_to_output(d,
          ""That is an invalid choice!\r\n""
          ""Select 1, 2 or 3 (0 to cancel) :"");
      } else {
        if ((atoi(arg) >= 1) && (atoi(arg) <= 3))
          OLC_CONFIG(d)->play.map_option = (atoi(arg) - 1);
        cedit_disp_game_play_options(d);
      }
      break;"
"src\cedit.c","1685","cedit_parse","line","MUTATING_REVIEW","OLC/object/flag mutation","  1683:       } else {
  1684:         if ((atoi(arg) >= 1) && (atoi(arg) <= 3))
  1685:           OLC_CONFIG(d)->play.map_option = (atoi(arg) - 1);
  1686:         cedit_disp_game_play_options(d);
  1687:       }
  1688:       break;"
"src\cedit.c","1690","cedit_parse","case CEDIT_MAP_SIZE","MUTATING_REVIEW","OLC/object/flag mutation","    case CEDIT_MAP_SIZE:
      if (!*arg) {
   /* User just pressed return - restore to default */
        OLC_CONFIG(d)->play.map_size = 6;
        cedit_disp_game_play_options(d);
      } else {
        OLC_CONFIG(d)->play.map_size = MIN(MAX((atoi(arg)), 1), 12);
        cedit_disp_game_play_options(d);
      }
      break;"
"src\cedit.c","1693","cedit_parse","line","MUTATING_REVIEW","OLC/object/flag mutation","  1691:       if (!*arg) {
  1692:    /* User just pressed return - restore to default */
  1693:         OLC_CONFIG(d)->play.map_size = 6;
  1694:         cedit_disp_game_play_options(d);
  1695:       } else {
  1696:         OLC_CONFIG(d)->play.map_size = MIN(MAX((atoi(arg)), 1), 12);"
"src\cedit.c","1696","cedit_parse","line","MUTATING_REVIEW","OLC/object/flag mutation","  1694:         cedit_disp_game_play_options(d);
  1695:       } else {
  1696:         OLC_CONFIG(d)->play.map_size = MIN(MAX((atoi(arg)), 1), 12);
  1697:         cedit_disp_game_play_options(d);
  1698:       }
  1699:       break;"
"src\cedit.c","1701","cedit_parse","case CEDIT_MINIMAP_SIZE","MUTATING_REVIEW","OLC/object/flag mutation","    case CEDIT_MINIMAP_SIZE:
      if (!*arg) {
   /* User just pressed return - restore to default */
        OLC_CONFIG(d)->play.minimap_size = 2;
        cedit_disp_game_play_options(d);
      } else {
        OLC_CONFIG(d)->play.minimap_size = MIN(MAX((atoi(arg)), 1), 12);
        cedit_disp_game_play_options(d);
      }
      break;"
"src\cedit.c","1704","cedit_parse","line","MUTATING_REVIEW","OLC/object/flag mutation","  1702:       if (!*arg) {
  1703:    /* User just pressed return - restore to default */
  1704:         OLC_CONFIG(d)->play.minimap_size = 2;
  1705:         cedit_disp_game_play_options(d);
  1706:       } else {
  1707:         OLC_CONFIG(d)->play.minimap_size = MIN(MAX((atoi(arg)), 1), 12);"
"src\cedit.c","1707","cedit_parse","line","MUTATING_REVIEW","OLC/object/flag mutation","  1705:         cedit_disp_game_play_options(d);
  1706:       } else {
  1707:         OLC_CONFIG(d)->play.minimap_size = MIN(MAX((atoi(arg)), 1), 12);
  1708:         cedit_disp_game_play_options(d);
  1709:       }
  1710:       break;"
"src\db.c","2016","parse_mobile","line","MUTATING_REVIEW","OLC/object/flag mutation","  2014:   }
  2015: 
  2016:   SET_BIT_AR(MOB_FLAGS(mob_proto + i), MOB_ISNPC);
  2017:   if (MOB_FLAGGED(mob_proto + i, MOB_NOTDEADYET)) {
  2018:     /* Rather bad to load mobiles with this bit already set. */
  2019:     log(""SYSERR: Mob #%d has reserved bit MOB_NOTDEADYET set."", nr);"
"src\db.c","3051","reset_zone","line","MUTATING_REVIEW","OLC/object/flag mutation","  3049: 	  break;
  3050: 	case 1:
  3051: 	  SET_BIT(world[ZCMD.arg1].dir_option[ZCMD.arg2]->exit_info,
  3052: 		  EX_CLOSED);
  3053: 	  REMOVE_BIT(world[ZCMD.arg1].dir_option[ZCMD.arg2]->exit_info,
  3054: 		     EX_LOCKED);"
"src\db.c","3056","reset_zone","case 2","MUTATING_REVIEW","OLC/object/flag mutation","	case 2:
	  SET_BIT(world[ZCMD.arg1].dir_option[ZCMD.arg2]->exit_info,
		  EX_LOCKED);
	  SET_BIT(world[ZCMD.arg1].dir_option[ZCMD.arg2]->exit_info,
		  EX_CLOSED);
	  break;"
"src\db.c","3057","reset_zone","line","MUTATING_REVIEW","OLC/object/flag mutation","  3055: 	  break;
  3056: 	case 2:
  3057: 	  SET_BIT(world[ZCMD.arg1].dir_option[ZCMD.arg2]->exit_info,
  3058: 		  EX_LOCKED);
  3059: 	  SET_BIT(world[ZCMD.arg1].dir_option[ZCMD.arg2]->exit_info,
  3060: 		  EX_CLOSED);"
"src\db.c","3059","reset_zone","line","MUTATING_REVIEW","OLC/object/flag mutation","  3057: 	  SET_BIT(world[ZCMD.arg1].dir_option[ZCMD.arg2]->exit_info,
  3058: 		  EX_LOCKED);
  3059: 	  SET_BIT(world[ZCMD.arg1].dir_option[ZCMD.arg2]->exit_info,
  3060: 		  EX_CLOSED);
  3061: 	  break;
  3062: 	}"
"src\db.c","3911","init_char","line","MUTATING_REVIEW","OLC/object/flag mutation","  3909:   
  3910:   /* Set Beginning Toggles Here */
  3911:   SET_BIT_AR(PRF_FLAGS(ch), PRF_AUTOEXIT);
  3912:   if (ch->desc)
  3913:     if (ch->desc->pProtocol->pVariables[eMSDP_ANSI_COLORS] ||
  3914:       ch->desc->pProtocol->pVariables[eMSDP_XTERM_256_COLORS]) {"
"src\db.c","3915","init_char","line","MUTATING_REVIEW","OLC/object/flag mutation","  3913:     if (ch->desc->pProtocol->pVariables[eMSDP_ANSI_COLORS] ||
  3914:       ch->desc->pProtocol->pVariables[eMSDP_XTERM_256_COLORS]) {
  3915:       SET_BIT_AR(PRF_FLAGS(ch), PRF_COLOR_1);
  3916:       SET_BIT_AR(PRF_FLAGS(ch), PRF_COLOR_2);
  3917:     }
  3918: }"
"src\db.c","3916","init_char","line","MUTATING_REVIEW","OLC/object/flag mutation","  3914:       ch->desc->pProtocol->pVariables[eMSDP_XTERM_256_COLORS]) {
  3915:       SET_BIT_AR(PRF_FLAGS(ch), PRF_COLOR_1);
  3916:       SET_BIT_AR(PRF_FLAGS(ch), PRF_COLOR_2);
  3917:     }
  3918: }
  3919: "
"src\dg_olc.c","65","","line","MUTATING_REVIEW","OLC/object/flag mutation","    63:   for (d = descriptor_list; d; d = d->next) {
    64:     if (STATE(d) == CON_TRIGEDIT) {
    65:       if (d->olc && OLC_NUM(d) == number) {
    66:         send_to_char(ch, ""That trigger is currently being edited by %s.\r\n"",
    67:           GET_NAME(d->character));
    68:         return;"
"src\dg_olc.c","82","","line","MUTATING_REVIEW","OLC/object/flag mutation","    80: 
    81:   /* Find the zone. */
    82:   if ((OLC_ZNUM(d) = real_zone_by_thing(number)) == NOWHERE) {
    83:     send_to_char(ch, ""Sorry, there is no zone for that number!\r\n"");
    84:     free(d->olc);
    85:     d->olc = NULL;"
"src\dg_olc.c","97","","line","MUTATING_REVIEW","OLC/object/flag mutation","    95:     return;
    96:   }
    97:   OLC_NUM(d) = number;
    98: 
    99:   /* If this is a new trigger, setup a new one, otherwise, setup the a copy of 
   100:    * the existing trigger. */"
"src\dg_olc.c","110","","line","MUTATING_REVIEW","OLC/object/flag mutation","   108: 
   109:   act(""$n starts using OLC."", TRUE, d->character, 0, 0, TO_ROOM);
   110:   SET_BIT_AR(PLR_FLAGS(ch), PLR_WRITING);
   111: 
   112:   mudlog(CMP, MAX(LVL_IMMORT, GET_INVIS_LEV(ch)), TRUE,""OLC: %s starts editing zone %d [trigger](allowed zone %d)"",
   113:          GET_NAME(ch), zone_table[OLC_ZNUM(d)].number, GET_OLC_ZONE(ch));"
"src\dg_olc.c","159","trigedit_setup_new","line","MUTATING_REVIEW","OLC/object/flag mutation","   157:   trig->narg = 100;
   158: 
   159:   OLC_TRIG(d) = trig;
   160:   OLC_VAL(d) = 0;  /* Has changed flag. (It hasn't so far, we just made it.) */
   161: }
   162: "
"src\dg_olc.c","160","trigedit_setup_new","line","MUTATING_REVIEW","OLC/object/flag mutation","   158: 
   159:   OLC_TRIG(d) = trig;
   160:   OLC_VAL(d) = 0;  /* Has changed flag. (It hasn't so far, we just made it.) */
   161: }
   162: 
   163: void trigedit_setup_existing(struct descriptor_data *d, int rtrg_num)"
"src\dg_olc.c","186","trigedit_setup_existing","line","MUTATING_REVIEW","OLC/object/flag mutation","   184:    * converted back to a real cmdlist_element list later. */
   185: 
   186:   OLC_TRIG(d) = trig;
   187:   OLC_VAL(d) = 0;  /* Has changed flag. (It hasn't so far, we just made it.) */
   188: }
   189: "
"src\dg_olc.c","187","trigedit_setup_existing","line","MUTATING_REVIEW","OLC/object/flag mutation","   185: 
   186:   OLC_TRIG(d) = trig;
   187:   OLC_VAL(d) = 0;  /* Has changed flag. (It hasn't so far, we just made it.) */
   188: }
   189: 
   190: static void trigedit_disp_menu(struct descriptor_data *d)"
"src\dg_olc.c","234","trigedit_disp_menu","line","MUTATING_REVIEW","OLC/object/flag mutation","   232:   grn, nrm, grn, nrm, grn, nrm, grn, nrm);                /* menu colors            */
   233: 
   234:   OLC_MODE(d) = TRIGEDIT_MAIN_MENU;
   235: }
   236: 
   237: /* Keep this deliberately structural.  Per-type semantics are maintained in"
"src\dg_olc.c","253","trigedit_disp_help","line","MUTATING_REVIEW","OLC/object/flag mutation","   251:     ""See docs/DG_TRIGGER_CAPABILITY_MATRIX.md for verified semantics and scope.\r\n""
   252:     ""\r\nPress return to resume: "");
   253:   OLC_MODE(d) = TRIGEDIT_HELP;
   254: }
   255: 
   256: static void trigedit_disp_types(struct descriptor_data *d)"
"src\dg_olc.c","525","trigedit_parse","case 'q'","MUTATING_REVIEW","OLC/object/flag mutation","       case 'q':
         if (OLC_VAL(d)) { /* Anything been changed? */
           if (!GET_TRIG_TYPE(OLC_TRIG(d))) {
             write_to_output(d, ""Invalid Trigger Type! Answer a to abort quit!\r\n"");
           }
           write_to_output(d, ""Do you wish to save your changes? : "");
           OLC_MODE(d) = TRIGEDIT_CONFIRM_SAVESTRING;
         } else
           cleanup_olc(d, CLEANUP_ALL);
         return;"
"src\dg_olc.c","531","trigedit_parse","line","MUTATING_REVIEW","OLC/object/flag mutation","   529:            }
   530:            write_to_output(d, ""Do you wish to save your changes? : "");
   531:            OLC_MODE(d) = TRIGEDIT_CONFIRM_SAVESTRING;
   532:          } else
   533:            cleanup_olc(d, CLEANUP_ALL);
   534:          return;"
"src\dg_olc.c","535","trigedit_parse","case '1'","MUTATING_REVIEW","OLC/object/flag mutation","       case '1':
         OLC_MODE(d) = TRIGEDIT_NAME;
         write_to_output(d, ""Name: "");
         break;"
"src\dg_olc.c","536","trigedit_parse","line","MUTATING_REVIEW","OLC/object/flag mutation","   534:          return;
   535:        case '1':
   536:          OLC_MODE(d) = TRIGEDIT_NAME;
   537:          write_to_output(d, ""Name: "");
   538:          break;
   539:        case '2':"
"src\dg_olc.c","539","trigedit_parse","case '2'","MUTATING_REVIEW","OLC/object/flag mutation","       case '2':
         OLC_MODE(d) = TRIGEDIT_INTENDED;
         write_to_output(d, ""0: Mobiles, 1: Objects, 2: Rooms: "");
         break;"
"src\dg_olc.c","540","trigedit_parse","line","MUTATING_REVIEW","OLC/object/flag mutation","   538:          break;
   539:        case '2':
   540:          OLC_MODE(d) = TRIGEDIT_INTENDED;
   541:          write_to_output(d, ""0: Mobiles, 1: Objects, 2: Rooms: "");
   542:          break;
   543:        case '3':"
"src\dg_olc.c","543","trigedit_parse","case '3'","MUTATING_REVIEW","OLC/object/flag mutation","       case '3':
         OLC_MODE(d) = TRIGEDIT_TYPES;
         trigedit_disp_types(d);
         break;"
"src\dg_olc.c","544","trigedit_parse","line","MUTATING_REVIEW","OLC/object/flag mutation","   542:          break;
   543:        case '3':
   544:          OLC_MODE(d) = TRIGEDIT_TYPES;
   545:          trigedit_disp_types(d);
   546:          break;
   547:        case '4':"
"src\dg_olc.c","547","trigedit_parse","case '4'","MUTATING_REVIEW","OLC/object/flag mutation","       case '4':
         OLC_MODE(d) = TRIGEDIT_NARG;
         write_to_output(d, ""Numeric argument: "");
         break;"
"src\dg_olc.c","548","trigedit_parse","line","MUTATING_REVIEW","OLC/object/flag mutation","   546:          break;
   547:        case '4':
   548:          OLC_MODE(d) = TRIGEDIT_NARG;
   549:          write_to_output(d, ""Numeric argument: "");
   550:          break;
   551:        case '5':"
"src\dg_olc.c","551","trigedit_parse","case '5'","MUTATING_REVIEW","OLC/object/flag mutation","       case '5':
         OLC_MODE(d) = TRIGEDIT_ARGUMENT;
         write_to_output(d, ""Argument: "");
         break;"
"src\dg_olc.c","552","trigedit_parse","line","MUTATING_REVIEW","OLC/object/flag mutation","   550:          break;
   551:        case '5':
   552:          OLC_MODE(d) = TRIGEDIT_ARGUMENT;
   553:          write_to_output(d, ""Argument: "");
   554:          break;
   555:        case '6':"
"src\dg_olc.c","555","trigedit_parse","case '6'","MUTATING_REVIEW","OLC/object/flag mutation","       case '6':
         OLC_MODE(d) = TRIGEDIT_COMMANDS;
         write_to_output(d, ""Enter trigger commands: (/s saves /h for help)\r\n\r\n"");
         d->backstr = NULL;
         if (OLC_STORAGE(d)) {
           clear_screen(d);
           script_syntax_highlighting(d, OLC_STORAGE(d));
           d->backstr = strdup(OLC_STORAGE(d));
         }
         d->str = &OLC_STORAGE(d);
         d->max_str = MAX_CMD_LENGTH;
         d->mail_to = 0;
         OLC_VAL(d) = 1;

         break;"
"src\dg_olc.c","556","trigedit_parse","line","MUTATING_REVIEW","OLC/object/flag mutation","   554:          break;
   555:        case '6':
   556:          OLC_MODE(d) = TRIGEDIT_COMMANDS;
   557:          write_to_output(d, ""Enter trigger commands: (/s saves /h for help)\r\n\r\n"");
   558:          d->backstr = NULL;
   559:          if (OLC_STORAGE(d)) {"
"src\dg_olc.c","567","trigedit_parse","line","MUTATING_REVIEW","OLC/object/flag mutation","   565:          d->max_str = MAX_CMD_LENGTH;
   566:          d->mail_to = 0;
   567:          OLC_VAL(d) = 1;
   568: 
   569:          break;
   570:        case 'h':"
"src\dg_olc.c","573","trigedit_parse","case 'y'","MUTATING_REVIEW","OLC/object/flag mutation","       case 'y':
         builder_refs_display(d, BREF_TRIGGER, OLC_NUM(d), ""Trigger"");
         OLC_MODE(d) = TRIGEDIT_REFERENCES;
         return;"
"src\dg_olc.c","575","trigedit_parse","line","MUTATING_REVIEW","OLC/object/flag mutation","   573:        case 'y':
   574:          builder_refs_display(d, BREF_TRIGGER, OLC_NUM(d), ""Trigger"");
   575:          OLC_MODE(d) = TRIGEDIT_REFERENCES;
   576:          return;
   577:        case 'w':
   578:        case 'W':"
"src\dg_olc.c","578","trigedit_parse","case 'W'","MUTATING_REVIEW","OLC/object/flag mutation","       case 'W':
         write_to_output(d, ""Copy what trigger? "");
         OLC_MODE(d) = TRIGEDIT_COPY;
         break;"
"src\dg_olc.c","580","trigedit_parse","line","MUTATING_REVIEW","OLC/object/flag mutation","   578:        case 'W':
   579:          write_to_output(d, ""Copy what trigger? "");
   580:          OLC_MODE(d) = TRIGEDIT_COPY;
   581:          break;
   582:        default:
   583:          trigedit_disp_menu(d);"
"src\dg_olc.c","617","trigedit_parse","line","MUTATING_REVIEW","OLC/object/flag mutation","   615:       if (OLC_TRIG(d)->name)
   616:         free(OLC_TRIG(d)->name);
   617:       OLC_TRIG(d)->name = strdup((arg && *arg) ? arg : ""undefined"");
   618:       OLC_VAL(d)++;
   619:       break;
   620: "
"src\dg_olc.c","630","trigedit_parse","line","MUTATING_REVIEW","OLC/object/flag mutation","   628:           return;
   629:         }
   630:         if (OLC_TRIG(d)->attach_type != intended && GET_TRIG_TYPE(OLC_TRIG(d))) {
   631:           GET_TRIG_TYPE(OLC_TRIG(d)) = 0;
   632:           write_to_output(d, ""Trigger flags cleared: bit meanings change between attach families.\r\n"");
   633:         }"
"src\dg_olc.c","631","trigedit_parse","line","MUTATING_REVIEW","OLC/object/flag mutation","   629:         }
   630:         if (OLC_TRIG(d)->attach_type != intended && GET_TRIG_TYPE(OLC_TRIG(d))) {
   631:           GET_TRIG_TYPE(OLC_TRIG(d)) = 0;
   632:           write_to_output(d, ""Trigger flags cleared: bit meanings change between attach families.\r\n"");
   633:         }
   634:         OLC_TRIG(d)->attach_type = intended;"
"src\dg_olc.c","634","trigedit_parse","line","MUTATING_REVIEW","OLC/object/flag mutation","   632:           write_to_output(d, ""Trigger flags cleared: bit meanings change between attach families.\r\n"");
   633:         }
   634:         OLC_TRIG(d)->attach_type = intended;
   635:         OLC_VAL(d)++;
   636:       }
   637:       break;"
"src\dg_olc.c","648","trigedit_parse","line","MUTATING_REVIEW","OLC/object/flag mutation","   646:           return;
   647:         }
   648:         OLC_TRIG(d)->narg = (int)value;
   649:         OLC_VAL(d)++;
   650:       }
   651:       break;"
"src\dg_olc.c","653","trigedit_parse","case TRIGEDIT_ARGUMENT","MUTATING_REVIEW","OLC/object/flag mutation","    case TRIGEDIT_ARGUMENT:
      smash_tilde(arg);
      OLC_TRIG(d)->arglist = (*arg?strdup(arg):NULL);
      OLC_VAL(d)++;
      break;"
"src\dg_olc.c","655","trigedit_parse","line","MUTATING_REVIEW","OLC/object/flag mutation","   653:     case TRIGEDIT_ARGUMENT:
   654:       smash_tilde(arg);
   655:       OLC_TRIG(d)->arglist = (*arg?strdup(arg):NULL);
   656:       OLC_VAL(d)++;
   657:       break;
   658: "
"src\dg_olc.c","663","trigedit_parse","line","MUTATING_REVIEW","OLC/object/flag mutation","   661:         break;
   662:       else if (!((i < 0) || (i > NUM_TRIG_TYPE_FLAGS))) {
   663:         const char **types = OLC_TRIG(d)->attach_type == OBJ_TRIGGER ? otrig_types :
   664:                              OLC_TRIG(d)->attach_type == WLD_TRIGGER ? wtrig_types : trig_types;
   665:         if (!strncmp(types[i - 1], ""UNUSED"", 6)) {
   666:           write_to_output(d, ""That bit is reserved and cannot be selected for this attach type.\r\n"");"
"src\dg_olc.c","664","trigedit_parse","line","MUTATING_REVIEW","OLC/object/flag mutation","   662:       else if (!((i < 0) || (i > NUM_TRIG_TYPE_FLAGS))) {
   663:         const char **types = OLC_TRIG(d)->attach_type == OBJ_TRIGGER ? otrig_types :
   664:                              OLC_TRIG(d)->attach_type == WLD_TRIGGER ? wtrig_types : trig_types;
   665:         if (!strncmp(types[i - 1], ""UNUSED"", 6)) {
   666:           write_to_output(d, ""That bit is reserved and cannot be selected for this attach type.\r\n"");
   667:           trigedit_disp_types(d);"
"src\dg_olc.c","670","trigedit_parse","line","MUTATING_REVIEW","OLC/object/flag mutation","   668:           return;
   669:         }
   670:         TOGGLE_BIT((GET_TRIG_TYPE(OLC_TRIG(d))), 1 << (i - 1));
   671:       }
   672:       OLC_VAL(d)++;
   673:       trigedit_disp_types(d);"
"src\dg_olc.c","688","trigedit_parse","line","MUTATING_REVIEW","OLC/object/flag mutation","   686:   }
   687: 
   688:   OLC_MODE(d) = TRIGEDIT_MAIN_MENU;
   689:   trigedit_disp_menu(d);
   690: }
   691: "
"src\dg_olc.c","712","trigedit_save","line","MUTATING_REVIEW","OLC/object/flag mutation","   710:   char fname[MAX_INPUT_LENGTH];
   711: 
   712:   if ((rnum = real_trigger(OLC_NUM(d))) != NOTHING) {
   713:     proto = trig_index[rnum]->proto;
   714:     for (cmd = proto->cmdlist; cmd; cmd = next_cmd) {
   715:       next_cmd = cmd->next;"
"src\dg_olc.c","818","trigedit_save","line","MUTATING_REVIEW","OLC/object/flag mutation","   816: 
   817:           CREATE(new_index[rnum], struct index_data, 1);
   818:           GET_TRIG_RNUM(OLC_TRIG(d)) = rnum;
   819:           new_index[rnum]->vnum = OLC_NUM(d);
   820:           new_index[rnum]->number = 0;
   821:           new_index[rnum]->func = NULL;"
"src\dg_olc.c","843","trigedit_save","line","MUTATING_REVIEW","OLC/object/flag mutation","   841:       rnum = i;
   842:       CREATE(new_index[rnum], struct index_data, 1);
   843:       GET_TRIG_RNUM(OLC_TRIG(d)) = rnum;
   844:       new_index[rnum]->vnum = OLC_NUM(d);
   845:       new_index[rnum]->number = 0;
   846:       new_index[rnum]->func = NULL;"
"src\dg_olc.c","865","trigedit_save","line","MUTATING_REVIEW","OLC/object/flag mutation","   863:      for (dsc = descriptor_list; dsc; dsc = dsc->next)
   864:        if (STATE(dsc) == CON_TRIGEDIT)
   865:          if (GET_TRIG_RNUM(OLC_TRIG(dsc)) >= rnum)
   866:            GET_TRIG_RNUM(OLC_TRIG(dsc))++;
   867: 
   868:   }"
"src\dg_olc.c","991","dg_olc_script_copy","line","MUTATING_REVIEW","OLC/object/flag mutation","   989:   struct trig_proto_list *origscript, *editscript;
   990: 
   991:   if (OLC_ITEM_TYPE(d)==MOB_TRIGGER)
   992:     origscript = OLC_MOB(d)->proto_script;
   993:   else if (OLC_ITEM_TYPE(d)==OBJ_TRIGGER)
   994:     origscript = OLC_OBJ(d)->proto_script;"
"src\dg_olc.c","993","dg_olc_script_copy","line","MUTATING_REVIEW","OLC/object/flag mutation","   991:   if (OLC_ITEM_TYPE(d)==MOB_TRIGGER)
   992:     origscript = OLC_MOB(d)->proto_script;
   993:   else if (OLC_ITEM_TYPE(d)==OBJ_TRIGGER)
   994:     origscript = OLC_OBJ(d)->proto_script;
   995:   else origscript = OLC_ROOM(d)->proto_script;
   996: "
"src\dg_olc.c","999","dg_olc_script_copy","line","MUTATING_REVIEW","OLC/object/flag mutation","   997:   if (origscript) {
   998:     CREATE(editscript, struct trig_proto_list, 1);
   999:     OLC_SCRIPT(d) = editscript;
  1000: 
  1001:     while (origscript) {
  1002:       editscript->vnum = origscript->vnum;"
"src\dg_olc.c","1009","dg_olc_script_copy","line","MUTATING_REVIEW","OLC/object/flag mutation","  1007:     }
  1008:   } else
  1009:       OLC_SCRIPT(d) = NULL;
  1010: }
  1011: 
  1012: static struct trig_proto_list *dg_attachment_at(struct descriptor_data *d, int slot)"
"src\dg_olc.c","1022","dg_olc_script_copy","line","MUTATING_REVIEW","OLC/object/flag mutation","  1020: static const char *dg_parent_noun(struct descriptor_data *d)
  1021: {
  1022:   return OLC_ITEM_TYPE(d) == MOB_TRIGGER ? ""Mob"" :
  1023:          OLC_ITEM_TYPE(d) == OBJ_TRIGGER ? ""Object"" : ""Room"";
  1024: }
  1025: "
"src\dg_olc.c","1023","dg_olc_script_copy","line","MUTATING_REVIEW","OLC/object/flag mutation","  1021: {
  1022:   return OLC_ITEM_TYPE(d) == MOB_TRIGGER ? ""Mob"" :
  1023:          OLC_ITEM_TYPE(d) == OBJ_TRIGGER ? ""Object"" : ""Room"";
  1024: }
  1025: 
  1026: static void dg_trigger_action_menu(struct descriptor_data *d)"
"src\dg_olc.c","1060","dg_trigger_action_menu","line","MUTATING_REVIEW","OLC/object/flag mutation","  1058:         ""Unknown / arbitrary DG Script (no authored metadata)."",
  1059:       dg_parent_noun(d));
  1060:   OLC_SCRIPT_EDIT_MODE(d) = SCRIPT_TRIGGER_ACTION;
  1061: }
  1062: 
  1063: static void dg_trigger_inspect(struct descriptor_data *d)"
"src\dg_olc.c","1103","dg_trigger_inspect","line","MUTATING_REVIEW","OLC/object/flag mutation","  1101:     write_to_output(d, ""\r\nCommands: unavailable (zone permission required).\r\n"");
  1102:   write_to_output(d, ""\r\nQ) Return to selected trigger\r\nChoice: "");
  1103:   OLC_SCRIPT_EDIT_MODE(d) = SCRIPT_INSPECT_TRIGGER;
  1104: }
  1105: 
  1106: void dg_script_menu(struct descriptor_data *d)"
"src\dg_olc.c","1112","dg_script_menu","line","MUTATING_REVIEW","OLC/object/flag mutation","  1110: 
  1111:   /* make sure our input parser gets used */
  1112:   OLC_MODE(d) = OLC_SCRIPT_EDIT;
  1113:   OLC_SCRIPT_EDIT_MODE(d) = SCRIPT_MAIN_MENU;
  1114: 
  1115:   clear_screen(d);"
"src\dg_olc.c","1113","dg_script_menu","line","MUTATING_REVIEW","OLC/object/flag mutation","  1111:   /* make sure our input parser gets used */
  1112:   OLC_MODE(d) = OLC_SCRIPT_EDIT;
  1113:   OLC_SCRIPT_EDIT_MODE(d) = SCRIPT_MAIN_MENU;
  1114: 
  1115:   clear_screen(d);
  1116:   write_to_output(d, ""     Script Editor\r\n\r\n     Trigger List:\r\n"");"
"src\dg_olc.c","1200","dg_script_edit_parse","line","MUTATING_REVIEW","OLC/object/flag mutation","  1198: 	   * in this code, so I restructured it a bit. Now things work like 
  1199: 	   * this: OLC_SCRIPT(d) is assigned a copy of the edited things' 
  1200: 	   * proto_script. OLC_OBJ(d), etc.. are initalized with proto_script =
  1201: 	   * NULL; On save, the saved copy is updated with OLC_SCRIPT(d) as new
  1202: 	   * proto_script (freeing the old one). On quit/nosave, OLC_SCRIPT is 
  1203: 	   * free()'d, and the prototype not touched. */"
"src\dg_olc.c","1205","dg_script_edit_parse","case 'n'","MUTATING_REVIEW","OLC/object/flag mutation","        case 'n':
          for (count = 0, trig = OLC_SCRIPT(d); trig; trig = trig->next) count++;
          write_to_output(d, ""\r\nPlease enter position, vnum   (ex: 1, 200):\r\n""
              ""Current attached triggers: %d\r\n""
              ""Valid insertion slots: 1 through %d\r\nUse slot %d to append.\r\n""
              ""Duplicate attachments are allowed by the legacy DG policy.\r\n\r\n""
              ""Enter slot, VNUM or Q to cancel: "", count, count + 1, count + 1);
          OLC_SCRIPT_EDIT_MODE(d) = SCRIPT_NEW_TRIGGER;
          break;"
"src\dg_olc.c","1212","dg_script_edit_parse","line","MUTATING_REVIEW","OLC/object/flag mutation","  1210:               ""Duplicate attachments are allowed by the legacy DG policy.\r\n\r\n""
  1211:               ""Enter slot, VNUM or Q to cancel: "", count, count + 1, count + 1);
  1212:           OLC_SCRIPT_EDIT_MODE(d) = SCRIPT_NEW_TRIGGER;
  1213:           break;
  1214:         case 'd':
  1215:           for (count = 0, trig = OLC_SCRIPT(d); trig; trig = trig->next) count++;"
"src\dg_olc.c","1223","dg_script_edit_parse","line","MUTATING_REVIEW","OLC/object/flag mutation","  1221:           write_to_output(d, ""Detach which attachment slot?\r\n""
  1222:               ""Enter 1 through %d, or 0/Q to cancel: "", count);
  1223:           OLC_SCRIPT_EDIT_MODE(d) = SCRIPT_DEL_TRIGGER;
  1224:           break;
  1225:         case 'i':
  1226:           write_to_output(d, ""Inspect which attachment position (or Q to cancel)? "");"
"src\dg_olc.c","1225","dg_script_edit_parse","case 'i'","MUTATING_REVIEW","OLC/object/flag mutation","        case 'i':
          write_to_output(d, ""Inspect which attachment position (or Q to cancel)? "");
          OLC_SCRIPT_EDIT_MODE(d) = SCRIPT_INSPECT_SELECT;
          break;"
"src\dg_olc.c","1227","dg_script_edit_parse","line","MUTATING_REVIEW","OLC/object/flag mutation","  1225:         case 'i':
  1226:           write_to_output(d, ""Inspect which attachment position (or Q to cancel)? "");
  1227:           OLC_SCRIPT_EDIT_MODE(d) = SCRIPT_INSPECT_SELECT;
  1228:           break;
  1229:         case 'e':
  1230:           write_to_output(d, ""\r\nTrigger prototypes are edited separately.\r\n"""
"src\dg_olc.c","1229","dg_script_edit_parse","case 'e'","MUTATING_REVIEW","OLC/object/flag mutation","        case 'e':
          write_to_output(d, ""\r\nTrigger prototypes are edited separately.\r\n""
              ""Select an attachment to learn its VNUM, save or discard this parent, then enter:\r\n""
              ""  trigedit <vnum>\r\n\r\nQ) Return to Script Editor: "");
          OLC_SCRIPT_EDIT_MODE(d) = SCRIPT_INFO_RETURN;
          break;"
"src\dg_olc.c","1233","dg_script_edit_parse","line","MUTATING_REVIEW","OLC/object/flag mutation","  1231:               ""Select an attachment to learn its VNUM, save or discard this parent, then enter:\r\n""
  1232:               ""  trigedit <vnum>\r\n\r\nQ) Return to Script Editor: "");
  1233:           OLC_SCRIPT_EDIT_MODE(d) = SCRIPT_INFO_RETURN;
  1234:           break;
  1235:         case 'r':
  1236:           write_to_output(d, ""\r\nReferences are available through the separate builder reference tools.\r\n"""
"src\dg_olc.c","1235","dg_script_edit_parse","case 'r'","MUTATING_REVIEW","OLC/object/flag mutation","        case 'r':
          write_to_output(d, ""\r\nReferences are available through the separate builder reference tools.\r\n""
              ""No potentially expensive world scan is run from this menu.\r\n\r\n""
              ""Q) Return to Script Editor: "");
          OLC_SCRIPT_EDIT_MODE(d) = SCRIPT_INFO_RETURN;
          break;"
"src\dg_olc.c","1239","dg_script_edit_parse","line","MUTATING_REVIEW","OLC/object/flag mutation","  1237:               ""No potentially expensive world scan is run from this menu.\r\n\r\n""
  1238:               ""Q) Return to Script Editor: "");
  1239:           OLC_SCRIPT_EDIT_MODE(d) = SCRIPT_INFO_RETURN;
  1240:           break;
  1241:         case 'h':
  1242:           write_to_output(d, ""\r\nScript attachment help\r\n----------------------\r\n"""
"src\dg_olc.c","1241","dg_script_edit_parse","case 'h'","MUTATING_REVIEW","OLC/object/flag mutation","        case 'h':
          write_to_output(d, ""\r\nScript attachment help\r\n----------------------\r\n""
              ""N attaches an existing Mobile/Object/Room trigger to the matching parent.\r\n""
              ""Enter position, vnum (for example: 1, 200); attachment order is preserved.\r\n""
              ""D removes one attachment by its numbered position; it does not delete the trigger.\r\n""
              ""X returns to the parent editor. Attachments become permanent only when it is saved.\r\n""
              ""Attaching a trigger does not edit its prototype. MEDIT accepts only Mobile triggers.\r\n\r\n"");
          write_to_output(d, ""Q) Return to Script Editor: "");
          OLC_SCRIPT_EDIT_MODE(d) = SCRIPT_INFO_RETURN;
          break;"
"src\dg_olc.c","1249","dg_script_edit_parse","line","MUTATING_REVIEW","OLC/object/flag mutation","  1247:               ""Attaching a trigger does not edit its prototype. MEDIT accepts only Mobile triggers.\r\n\r\n"");
  1248:           write_to_output(d, ""Q) Return to Script Editor: "");
  1249:           OLC_SCRIPT_EDIT_MODE(d) = SCRIPT_INFO_RETURN;
  1250:           break;
  1251:         default:
  1252:           dg_script_menu(d);"
"src\dg_olc.c","1288","dg_script_edit_parse","case '2'","MUTATING_REVIEW","OLC/object/flag mutation","        case '2':
          currtrig = dg_attachment_at(d, OLC(d)->script_selected);
          if (!currtrig || real_trigger(currtrig->vnum) == NOTHING) {
            write_to_output(d, ""That trigger prototype no longer exists.\r\n"");
          } else {
            write_to_output(d, ""\r\nEdit Trigger Prototype\r\n----------------------\r\n\r\n""
                ""Trigger %d is edited by the authoritative trigger editor.\r\n\r\n""
                ""Nested Oasis OLC is not safe because all editors share one descriptor OLC structure.\r\n""
                ""Return to and save or discard this parent editor, then enter:\r\n  trigedit %d\r\n\r\n""
                ""The trigedit command will enforce builder level, zone ownership, descriptor state,\r\n""
                ""and concurrent-editor checks. No parent attachment has been changed.\r\n\r\n""
                ""Q) Return to selected trigger\r\nChoice: "", currtrig->vnum, currtrig->vnum);
            OLC_SCRIPT_EDIT_MODE(d) = SCRIPT_INSPECT_TRIGGER;
            return 1;"
"src\dg_olc.c","1300","dg_script_edit_parse","line","MUTATING_REVIEW","OLC/object/flag mutation","  1298:                 ""and concurrent-editor checks. No parent attachment has been changed.\r\n\r\n""
  1299:                 ""Q) Return to selected trigger\r\nChoice: "", currtrig->vnum, currtrig->vnum);
  1300:             OLC_SCRIPT_EDIT_MODE(d) = SCRIPT_INSPECT_TRIGGER;
  1301:             return 1;
  1302:           }
  1303:           dg_trigger_action_menu(d);"
"src\dg_olc.c","1320","dg_script_edit_parse","line","MUTATING_REVIEW","OLC/object/flag mutation","  1318:                 dg_parent_noun(d));
  1319:           }
  1320:           OLC_SCRIPT_EDIT_MODE(d) = SCRIPT_DETACH_CONFIRM;
  1321:           break;
  1322:         case 'q':
  1323:           dg_script_menu(d);"
"src\dg_olc.c","1386","dg_script_edit_parse","line","MUTATING_REVIEW","OLC/object/flag mutation","  1384:       if (pos==1 || !currtrig) {
  1385:         trig->next = OLC_SCRIPT(d);
  1386:         OLC_SCRIPT(d) = trig;
  1387:       } else {
  1388:         while (currtrig->next && --pos > 1) {
  1389:           currtrig = currtrig->next;"
"src\dg_olc.c","1420","dg_script_edit_parse","line","MUTATING_REVIEW","OLC/object/flag mutation","  1418:         if (pos == 1) {
  1419:           trig = OLC_SCRIPT(d);
  1420:           if (trig) OLC_SCRIPT(d) = trig->next;
  1421:         } else {
  1422:           currtrig = OLC_SCRIPT(d);
  1423:           while (currtrig && --pos > 1) currtrig = currtrig->next;"
"src\dg_variables.c","823","handle_oset","line","MUTATING_REVIEW","OLC/object/flag mutation","   821:             if (subfield && *subfield) {
   822:               if (!str_cmp(""on"", subfield))
   823:                 SET_BIT_AR(PLR_FLAGS(c), PLR_KILLER);
   824:               else if (!str_cmp(""off"", subfield))
   825:                 REMOVE_BIT_AR(PLR_FLAGS(c), PLR_KILLER);
   826:             }"
"src\dg_variables.c","835","handle_oset","line","MUTATING_REVIEW","OLC/object/flag mutation","   833:             if (subfield && *subfield) {
   834:               if (!str_cmp(""on"", subfield))
   835:                 SET_BIT_AR(PLR_FLAGS(c), PLR_THIEF);
   836:               else if (!str_cmp(""off"", subfield))
   837:                 REMOVE_BIT_AR(PLR_FLAGS(c), PLR_THIEF);
   838:             }"
"src\fight.c","752","check_killer","line","MUTATING_REVIEW","OLC/object/flag mutation","   750:     return;
   751: 
   752:   SET_BIT_AR(PLR_FLAGS(ch), PLR_KILLER);
   753:   send_to_char(ch, ""If you want to be a PLAYER KILLER, so be it...\r\n"");
   754:   mudlog(BRF, MAX(LVL_IMMORT, MAX(GET_INVIS_LEV(ch), GET_INVIS_LEV(vict))), 
   755:     TRUE, ""PC Killer bit set on %s for initiating attack on %s at %s."","
"src\fight.c","831","make_corpse","line","MUTATING_REVIEW","OLC/object/flag mutation","   829:       corpse->obj_flags.wear_flags[y] = 0;
   830:   }
   831:   SET_BIT_AR(GET_OBJ_WEAR(corpse), ITEM_WEAR_TAKE);
   832:   SET_BIT_AR(GET_OBJ_EXTRA(corpse), ITEM_NODONATE);
   833:   GET_OBJ_VAL(corpse, 0) = 0;	/* You can't store stuff in a corpse */
   834:   GET_OBJ_VAL(corpse, 1) = 0; /* container flags: corpse is open/non-closeable */"
"src\fight.c","832","make_corpse","line","MUTATING_REVIEW","OLC/object/flag mutation","   830:   }
   831:   SET_BIT_AR(GET_OBJ_WEAR(corpse), ITEM_WEAR_TAKE);
   832:   SET_BIT_AR(GET_OBJ_EXTRA(corpse), ITEM_NODONATE);
   833:   GET_OBJ_VAL(corpse, 0) = 0;	/* You can't store stuff in a corpse */
   834:   GET_OBJ_VAL(corpse, 1) = 0; /* container flags: corpse is open/non-closeable */
   835:   GET_OBJ_VAL(corpse, 2) = GET_LEVEL(ch); /* source level snapshot for shadow extraction */"
"src\fight.c","2000","damage","line","MUTATING_REVIEW","OLC/object/flag mutation","  1998:     af.duration = 1;
  1999:     af.location = APPLY_NONE;
  2000:     SET_BIT_AR(af.bitvector, AFF_STUNNED);
  2001:     affect_join(victim, &af, FALSE, FALSE, FALSE, FALSE);
  2002:     send_to_char(victim, ""Your undying will drags you back from the brink!\r\n"");
  2003:     act(""$n refuses death through sheer will!"", TRUE, victim, 0, 0, TO_ROOM);"
"src\handler.c","240","affect_modify_ar","line","MUTATING_REVIEW","OLC/object/flag mutation","   238:       for(j = 0; j < 32; j++)
   239:         if(IS_SET_AR(bitv, (i*32)+j))
   240:           SET_BIT_AR(AFF_FLAGS(ch), (i*32)+j);
   241:   } else {
   242:     for(i = 0; i < AF_ARRAY_MAX; i++)
   243:       for(j = 0; j < 32; j++)"
"src\handler.c","316","affect_total","line","MUTATING_REVIEW","OLC/object/flag mutation","   314: 
   315:   if (AFF_FLAGGED(ch, AFF_TRUESIGHT)) {
   316:     SET_BIT_AR(AFF_FLAGS(ch), AFF_DETECT_INVIS);
   317:     SET_BIT_AR(AFF_FLAGS(ch), AFF_SENSE_LIFE);
   318:   }
   319: "
"src\handler.c","317","affect_total","line","MUTATING_REVIEW","OLC/object/flag mutation","   315:   if (AFF_FLAGGED(ch, AFF_TRUESIGHT)) {
   316:     SET_BIT_AR(AFF_FLAGS(ch), AFF_DETECT_INVIS);
   317:     SET_BIT_AR(AFF_FLAGS(ch), AFF_SENSE_LIFE);
   318:   }
   319: 
   320:   /* Apply affects from furniture being used (sit/rest/sleep on ITEM_FURNITURE)."
"src\handler.c","542","obj_to_char","line","MUTATING_REVIEW","OLC/object/flag mutation","   540:     /* set flag for crash-save system, but not on mobs! */
   541:     if (!IS_NPC(ch))
   542:       SET_BIT_AR(PLR_FLAGS(ch), PLR_CRASH);
   543:   } else
   544:     log(""SYSERR: NULL obj (%p) or char (%p) passed to obj_to_char."", (void *)object, (void *)ch);
   545: }"
"src\handler.c","560","obj_from_char","line","MUTATING_REVIEW","OLC/object/flag mutation","   558:   /* set flag for crash-save system, but not on mobs! */
   559:   if (!IS_NPC(object->carried_by))
   560:     SET_BIT_AR(PLR_FLAGS(object->carried_by), PLR_CRASH);
   561: 
   562:   IS_CARRYING_W(object->carried_by) -= GET_OBJ_WEIGHT(object);
   563:   IS_CARRYING_N(object->carried_by)--;"
"src\handler.c","813","obj_to_room","line","MUTATING_REVIEW","OLC/object/flag mutation","   811:     object->carried_by = NULL;
   812:     if (ROOM_FLAGGED(room, ROOM_HOUSE))
   813:       SET_BIT_AR(ROOM_FLAGS(room), ROOM_HOUSE_CRASH);
   814:   }
   815: }
   816: "
"src\handler.c","841","obj_from_room","line","MUTATING_REVIEW","OLC/object/flag mutation","   839: 
   840:   if (ROOM_FLAGGED(IN_ROOM(object), ROOM_HOUSE))
   841:     SET_BIT_AR(ROOM_FLAGS(IN_ROOM(object)), ROOM_HOUSE_CRASH);
   842:   IN_ROOM(object) = NOWHERE;
   843:   object->next_content = NULL;
   844: }"
"src\handler.c","1132","extract_char","line","MUTATING_REVIEW","OLC/object/flag mutation","  1130: 
  1131:   if (IS_NPC(ch) && !MOB_FLAGGED(ch, MOB_NOTDEADYET)) {
  1132:     SET_BIT_AR(MOB_FLAGS(ch), MOB_NOTDEADYET);
  1133:     ++extractions_pending;
  1134:   }
  1135:   else if (!IS_NPC(ch) && !PLR_FLAGGED(ch, PLR_NOTDEADYET)) {"
"src\handler.c","1136","extract_char","line","MUTATING_REVIEW","OLC/object/flag mutation","  1134:   }
  1135:   else if (!IS_NPC(ch) && !PLR_FLAGGED(ch, PLR_NOTDEADYET)) {
  1136:     SET_BIT_AR(PLR_FLAGS(ch), PLR_NOTDEADYET);
  1137:     ++extractions_pending;
  1138:   }
  1139: }"
"src\handler.c","1460","get_obj_pos_in_equip_vis","line","MUTATING_REVIEW","OLC/object/flag mutation","  1458:     for (y = 0; y < TW_ARRAY_MAX; y++)
  1459:       obj->obj_flags.wear_flags[y] = 0;
  1460:     SET_BIT_AR(GET_OBJ_WEAR(obj), ITEM_WEAR_TAKE);
  1461: 
  1462:     GET_OBJ_VAL(obj, 0) = amount_gold;
  1463:     GET_OBJ_COST(obj) = MAX(1, amount_gold);"
"src\handler.c","1567","create_group","line","MUTATING_REVIEW","OLC/object/flag mutation","  1565:   
  1566:   /* Assign Data */
  1567:   SET_BIT(GROUP_FLAGS(new_group), GROUP_OPEN);
  1568:   
  1569:   if (IS_NPC(leader))
  1570:     SET_BIT(GROUP_FLAGS(new_group), GROUP_NPC);"
"src\handler.c","1570","create_group","line","MUTATING_REVIEW","OLC/object/flag mutation","  1568:   
  1569:   if (IS_NPC(leader))
  1570:     SET_BIT(GROUP_FLAGS(new_group), GROUP_NPC);
  1571:   
  1572:   join_group(leader, new_group);
  1573:   "
"src\handler.c","1621","leave_group","line","MUTATING_REVIEW","OLC/object/flag mutation","  1619: 
  1620:   if (!found_pc)
  1621:     SET_BIT(GROUP_FLAGS(group), GROUP_NPC);
  1622:   
  1623:   if (GROUP_LEADER(group) == ch && group->members->iSize) {
  1624:     group->leader = (struct char_data *) random_from_list(group->members);"
"src\hedit.c","84","","line","MUTATING_REVIEW","OLC/object/flag mutation","    82: 
    83:   CREATE(d->olc, struct oasis_olc_data, 1);
    84:   OLC_NUM(d) = 0;
    85:   OLC_STORAGE(d) = strdup(arg);
    86:   
    87:   OLC_ZNUM(d) = search_help(OLC_STORAGE(d), LVL_IMPL);"
"src\hedit.c","85","","line","MUTATING_REVIEW","OLC/object/flag mutation","    83:   CREATE(d->olc, struct oasis_olc_data, 1);
    84:   OLC_NUM(d) = 0;
    85:   OLC_STORAGE(d) = strdup(arg);
    86:   
    87:   OLC_ZNUM(d) = search_help(OLC_STORAGE(d), LVL_IMPL);
    88: "
"src\hedit.c","87","","line","MUTATING_REVIEW","OLC/object/flag mutation","    85:   OLC_STORAGE(d) = strdup(arg);
    86:   
    87:   OLC_ZNUM(d) = search_help(OLC_STORAGE(d), LVL_IMPL);
    88: 
    89:   if (OLC_ZNUM(d) != NOWHERE && help_table[OLC_ZNUM(d)].duplicate) {
    90:     for (i = 0; i < top_of_helpt; i++)"
"src\hedit.c","89","","line","MUTATING_REVIEW","OLC/object/flag mutation","    87:   OLC_ZNUM(d) = search_help(OLC_STORAGE(d), LVL_IMPL);
    88: 
    89:   if (OLC_ZNUM(d) != NOWHERE && help_table[OLC_ZNUM(d)].duplicate) {
    90:     for (i = 0; i < top_of_helpt; i++)
    91:       if (help_table[i].duplicate == 0 && help_table[i].entry == help_table[OLC_ZNUM(d)].entry) {
    92:         OLC_ZNUM(d) = i;"
"src\hedit.c","92","","line","MUTATING_REVIEW","OLC/object/flag mutation","    90:     for (i = 0; i < top_of_helpt; i++)
    91:       if (help_table[i].duplicate == 0 && help_table[i].entry == help_table[OLC_ZNUM(d)].entry) {
    92:         OLC_ZNUM(d) = i;
    93:         break;
    94:       }
    95:   }"
"src\hedit.c","97","","line","MUTATING_REVIEW","OLC/object/flag mutation","    95:   }
    96: 
    97:   if (OLC_ZNUM(d) == NOWHERE) {
    98:     send_to_char(ch, ""Do you wish to add the '%s' help file? "", OLC_STORAGE(d));
    99:     OLC_MODE(d) = HEDIT_CONFIRM_ADD;
   100:   } else {"
"src\hedit.c","99","","line","MUTATING_REVIEW","OLC/object/flag mutation","    97:   if (OLC_ZNUM(d) == NOWHERE) {
    98:     send_to_char(ch, ""Do you wish to add the '%s' help file? "", OLC_STORAGE(d));
    99:     OLC_MODE(d) = HEDIT_CONFIRM_ADD;
   100:   } else {
   101:     send_to_char(ch, ""Do you wish to edit the '%s' help file?"", help_table[OLC_ZNUM(d)].keywords);
   102:     OLC_MODE(d) = HEDIT_CONFIRM_EDIT;"
"src\hedit.c","102","","line","MUTATING_REVIEW","OLC/object/flag mutation","   100:   } else {
   101:     send_to_char(ch, ""Do you wish to edit the '%s' help file?"", help_table[OLC_ZNUM(d)].keywords);
   102:     OLC_MODE(d) = HEDIT_CONFIRM_EDIT;
   103:   }
   104: 
   105:   STATE(d) = CON_HEDIT;"
"src\hedit.c","107","","line","MUTATING_REVIEW","OLC/object/flag mutation","   105:   STATE(d) = CON_HEDIT;
   106:   act(""$n starts using OLC."", TRUE, d->character, 0, 0, TO_ROOM);
   107:   SET_BIT_AR(PLR_FLAGS(ch), PLR_WRITING);
   108:   mudlog(CMP, MAX(LVL_IMMORT, GET_INVIS_LEV(d->character)), 
   109:     TRUE, ""OLC: %s starts editing help files."", GET_NAME(d->character));
   110: }"
"src\hedit.c","116","hedit_setup_new","line","MUTATING_REVIEW","OLC/object/flag mutation","   114:   CREATE(OLC_HELP(d), struct help_index_element, 1);
   115: 
   116:   OLC_HELP(d)->keywords		= strdup(OLC_STORAGE(d));
   117:   OLC_HELP(d)->entry		= strdup(""This help file is unfinished.\r\n"");
   118:   OLC_HELP(d)->min_level	= 0;
   119:   OLC_HELP(d)->duplicate	= 0;"
"src\hedit.c","117","hedit_setup_new","line","MUTATING_REVIEW","OLC/object/flag mutation","   115: 
   116:   OLC_HELP(d)->keywords		= strdup(OLC_STORAGE(d));
   117:   OLC_HELP(d)->entry		= strdup(""This help file is unfinished.\r\n"");
   118:   OLC_HELP(d)->min_level	= 0;
   119:   OLC_HELP(d)->duplicate	= 0;
   120:   OLC_VAL(d) = 0;"
"src\hedit.c","118","hedit_setup_new","line","MUTATING_REVIEW","OLC/object/flag mutation","   116:   OLC_HELP(d)->keywords		= strdup(OLC_STORAGE(d));
   117:   OLC_HELP(d)->entry		= strdup(""This help file is unfinished.\r\n"");
   118:   OLC_HELP(d)->min_level	= 0;
   119:   OLC_HELP(d)->duplicate	= 0;
   120:   OLC_VAL(d) = 0;
   121: "
"src\hedit.c","119","hedit_setup_new","line","MUTATING_REVIEW","OLC/object/flag mutation","   117:   OLC_HELP(d)->entry		= strdup(""This help file is unfinished.\r\n"");
   118:   OLC_HELP(d)->min_level	= 0;
   119:   OLC_HELP(d)->duplicate	= 0;
   120:   OLC_VAL(d) = 0;
   121: 
   122:   hedit_disp_menu(d);"
"src\hedit.c","120","hedit_setup_new","line","MUTATING_REVIEW","OLC/object/flag mutation","   118:   OLC_HELP(d)->min_level	= 0;
   119:   OLC_HELP(d)->duplicate	= 0;
   120:   OLC_VAL(d) = 0;
   121: 
   122:   hedit_disp_menu(d);
   123: }"
"src\hedit.c","132","hedit_setup_existing","line","MUTATING_REVIEW","OLC/object/flag mutation","   130: 
   131:   hedit_collect_keywords_for_entry(rnum, keywords, sizeof(keywords));
   132:   OLC_HELP(d)->keywords		= str_udup(*keywords ? keywords : help_table[rnum].keywords);
   133:   OLC_HELP(d)->entry		= str_udup(help_table[rnum].entry);
   134:   OLC_HELP(d)->duplicate	= help_table[rnum].duplicate;
   135:   OLC_HELP(d)->min_level	= help_table[rnum].min_level;"
"src\hedit.c","133","hedit_setup_existing","line","MUTATING_REVIEW","OLC/object/flag mutation","   131:   hedit_collect_keywords_for_entry(rnum, keywords, sizeof(keywords));
   132:   OLC_HELP(d)->keywords		= str_udup(*keywords ? keywords : help_table[rnum].keywords);
   133:   OLC_HELP(d)->entry		= str_udup(help_table[rnum].entry);
   134:   OLC_HELP(d)->duplicate	= help_table[rnum].duplicate;
   135:   OLC_HELP(d)->min_level	= help_table[rnum].min_level;
   136:   OLC_VAL(d) = 0;"
"src\hedit.c","134","hedit_setup_existing","line","MUTATING_REVIEW","OLC/object/flag mutation","   132:   OLC_HELP(d)->keywords		= str_udup(*keywords ? keywords : help_table[rnum].keywords);
   133:   OLC_HELP(d)->entry		= str_udup(help_table[rnum].entry);
   134:   OLC_HELP(d)->duplicate	= help_table[rnum].duplicate;
   135:   OLC_HELP(d)->min_level	= help_table[rnum].min_level;
   136:   OLC_VAL(d) = 0;
   137: "
"src\hedit.c","135","hedit_setup_existing","line","MUTATING_REVIEW","OLC/object/flag mutation","   133:   OLC_HELP(d)->entry		= str_udup(help_table[rnum].entry);
   134:   OLC_HELP(d)->duplicate	= help_table[rnum].duplicate;
   135:   OLC_HELP(d)->min_level	= help_table[rnum].min_level;
   136:   OLC_VAL(d) = 0;
   137: 
   138:   hedit_disp_menu(d);"
"src\hedit.c","136","hedit_setup_existing","line","MUTATING_REVIEW","OLC/object/flag mutation","   134:   OLC_HELP(d)->duplicate	= help_table[rnum].duplicate;
   135:   OLC_HELP(d)->min_level	= help_table[rnum].min_level;
   136:   OLC_VAL(d) = 0;
   137: 
   138:   hedit_disp_menu(d);
   139: }"
"src\hedit.c","145","hedit_save_internally","line","MUTATING_REVIEW","OLC/object/flag mutation","   143:   struct help_index_element *new_help_table = NULL;
   144: 
   145:   if (OLC_ZNUM(d) == NOWHERE) {
   146:     int i;
   147:     CREATE(new_help_table, struct help_index_element, top_of_helpt + 2);
   148: "
"src\hedit.c","156","hedit_save_internally","line","MUTATING_REVIEW","OLC/object/flag mutation","   154:     help_table = new_help_table;
   155:   } else
   156:     help_table[OLC_ZNUM(d)] = *OLC_HELP(d);
   157: 
   158:   add_to_save_list(HEDIT_PERMISSION, SL_HLP);
   159:   hedit_save_to_disk(d);"
"src\hedit.c","262","hedit_disp_menu","line","MUTATING_REVIEW","OLC/object/flag mutation","   260:        grn, nrm
   261:   );
   262:   OLC_MODE(d) = HEDIT_MAIN_MENU;
   263: }
   264: 
   265: void hedit_parse(struct descriptor_data *d, char *arg)"
"src\hedit.c","310","hedit_parse","line","MUTATING_REVIEW","OLC/object/flag mutation","   308:           break;
   309:         else
   310:           OLC_ZNUM(d) = top_of_helpt + 1;
   311: 
   312:       if (OLC_ZNUM(d) > top_of_helpt) {
   313:         write_to_output(d, ""Do you wish to add the '%s' help file? "","
"src\hedit.c","315","hedit_parse","line","MUTATING_REVIEW","OLC/object/flag mutation","   313:         write_to_output(d, ""Do you wish to add the '%s' help file? "",
   314:             OLC_STORAGE(d));
   315:         OLC_MODE(d) = HEDIT_CONFIRM_ADD;
   316:       } else {
   317:         write_to_output(d, ""Do you wish to edit the '%s' help file? "",
   318:             help_table[OLC_ZNUM(d)].keywords);"
"src\hedit.c","319","hedit_parse","line","MUTATING_REVIEW","OLC/object/flag mutation","   317:         write_to_output(d, ""Do you wish to edit the '%s' help file? "",
   318:             help_table[OLC_ZNUM(d)].keywords);
   319:         OLC_MODE(d) = HEDIT_CONFIRM_EDIT;
   320:       }     
   321:       break;
   322:     default:"
"src\hedit.c","349","hedit_parse","case 'Q'","MUTATING_REVIEW","OLC/object/flag mutation","    case 'Q':
      if (OLC_VAL(d)) {
        /* Something has been modified. */
        write_to_output(d, ""Do you wish to save your changes? : "");
        OLC_MODE(d) = HEDIT_CONFIRM_SAVESTRING;
      } else {
        write_to_output(d, ""No changes made.\r\n"");
        cleanup_olc(d, CLEANUP_ALL);
      }
      break;"
"src\hedit.c","353","hedit_parse","line","MUTATING_REVIEW","OLC/object/flag mutation","   351:         /* Something has been modified. */
   352:         write_to_output(d, ""Do you wish to save your changes? : "");
   353:         OLC_MODE(d) = HEDIT_CONFIRM_SAVESTRING;
   354:       } else {
   355:         write_to_output(d, ""No changes made.\r\n"");
   356:         cleanup_olc(d, CLEANUP_ALL);"
"src\hedit.c","359","hedit_parse","case '1'","MUTATING_REVIEW","OLC/object/flag mutation","    case '1':
      write_to_output(d, ""Enter keywords (space-separated): "");
      OLC_MODE(d) = HEDIT_KEYWORDS;
      break;"
"src\hedit.c","361","hedit_parse","line","MUTATING_REVIEW","OLC/object/flag mutation","   359:     case '1':
   360:       write_to_output(d, ""Enter keywords (space-separated): "");
   361:       OLC_MODE(d) = HEDIT_KEYWORDS;
   362:       break;
   363:     case '2':
   364:       OLC_MODE(d) = HEDIT_ENTRY;"
"src\hedit.c","363","hedit_parse","case '2'","MUTATING_REVIEW","OLC/object/flag mutation | multiline editor entry","    case '2':
      OLC_MODE(d) = HEDIT_ENTRY;
      clear_screen(d);
      send_editor_help(d);
      write_to_output(d, ""Enter help entry: (/s saves /h for help)\r\n"");
      if (OLC_HELP(d)->entry) {
        write_to_output(d, ""%s"", OLC_HELP(d)->entry);
        oldtext = strdup(OLC_HELP(d)->entry);
      }
      string_write(d, &OLC_HELP(d)->entry, MAX_MESSAGE_LENGTH, 0, oldtext);
      OLC_VAL(d) = 1;
      break;"
"src\hedit.c","364","hedit_parse","line","MUTATING_REVIEW","OLC/object/flag mutation","   362:       break;
   363:     case '2':
   364:       OLC_MODE(d) = HEDIT_ENTRY;
   365:       clear_screen(d);
   366:       send_editor_help(d);
   367:       write_to_output(d, ""Enter help entry: (/s saves /h for help)\r\n"");"
"src\hedit.c","373","hedit_parse","line","MUTATING_REVIEW","OLC/object/flag mutation","   371:       }
   372:       string_write(d, &OLC_HELP(d)->entry, MAX_MESSAGE_LENGTH, 0, oldtext);
   373:       OLC_VAL(d) = 1;
   374:       break;
   375:     case '3':
   376:       write_to_output(d, ""Enter min level : "");"
"src\hedit.c","375","hedit_parse","case '3'","MUTATING_REVIEW","OLC/object/flag mutation","    case '3':
      write_to_output(d, ""Enter min level : "");
      OLC_MODE(d) = HEDIT_MIN_LEVEL;
      break;"
"src\hedit.c","377","hedit_parse","line","MUTATING_REVIEW","OLC/object/flag mutation","   375:     case '3':
   376:       write_to_output(d, ""Enter min level : "");
   377:       OLC_MODE(d) = HEDIT_MIN_LEVEL;
   378:       break;
   379:     default:
   380:       write_to_output(d, ""Invalid choice!\r\n"");"
"src\hedit.c","394","hedit_parse","line","MUTATING_REVIEW","OLC/object/flag mutation","   392:     skip_spaces(&arg);
   393:     if (*arg)
   394:       OLC_HELP(d)->keywords = str_udup(arg);
   395:     else
   396:       OLC_HELP(d)->keywords = str_udup(OLC_STORAGE(d));
   397:     break;"
"src\hedit.c","396","hedit_parse","line","MUTATING_REVIEW","OLC/object/flag mutation","   394:       OLC_HELP(d)->keywords = str_udup(arg);
   395:     else
   396:       OLC_HELP(d)->keywords = str_udup(OLC_STORAGE(d));
   397:     break;
   398: 
   399:   case HEDIT_ENTRY:"
"src\hedit.c","404","hedit_parse","case HEDIT_MIN_LEVEL","MUTATING_REVIEW","OLC/object/flag mutation","  case HEDIT_MIN_LEVEL:
    number = atoi(arg);
    if ((number < 0) || (number > LVL_IMPL))
      write_to_output(d, ""That is not a valid choice!\r\nEnter min level:-\r\n] "");
    else {
      OLC_HELP(d)->min_level = number;
      break;"
"src\hedit.c","409","hedit_parse","line","MUTATING_REVIEW","OLC/object/flag mutation","   407:       write_to_output(d, ""That is not a valid choice!\r\nEnter min level:-\r\n] "");
   408:     else {
   409:       OLC_HELP(d)->min_level = number;
   410:       break;
   411:     }
   412:     return;"
"src\hedit.c","421","hedit_parse","line","MUTATING_REVIEW","OLC/object/flag mutation","   419: 
   420:   /* If we get this far, something has been changed. */
   421:   OLC_VAL(d) = 1;
   422:   hedit_disp_menu(d);
   423: }
   424: "
"src\ibt.c","650","is_ibt_logger","line","MUTATING_REVIEW","OLC/object/flag mutation","   648:     }
   649:     switch (subcmd) {
   650:       case SCMD_IDEA: SET_BIT_AR(PLR_FLAGS(ch), PLR_IDEA);
   651:                       break;
   652:       case SCMD_BUG : SET_BIT_AR(PLR_FLAGS(ch), PLR_BUG);
   653:                       break;"
"src\ibt.c","652","is_ibt_logger","line","MUTATING_REVIEW","OLC/object/flag mutation","   650:       case SCMD_IDEA: SET_BIT_AR(PLR_FLAGS(ch), PLR_IDEA);
   651:                       break;
   652:       case SCMD_BUG : SET_BIT_AR(PLR_FLAGS(ch), PLR_BUG);
   653:                       break;
   654:       case SCMD_TYPO: SET_BIT_AR(PLR_FLAGS(ch), PLR_TYPO);
   655:                       break;"
"src\ibt.c","654","is_ibt_logger","line","MUTATING_REVIEW","OLC/object/flag mutation","   652:       case SCMD_BUG : SET_BIT_AR(PLR_FLAGS(ch), PLR_BUG);
   653:                       break;
   654:       case SCMD_TYPO: SET_BIT_AR(PLR_FLAGS(ch), PLR_TYPO);
   655:                       break;
   656:       default       : log(""Invalid subcmd (%d) in do_ibt"", subcmd);
   657:                       return;"
"src\ibt.c","659","is_ibt_logger","line","MUTATING_REVIEW","OLC/object/flag mutation","   657:                       return;
   658: 	}
   659:     SET_BIT_AR(PLR_FLAGS(ch), PLR_WRITING);
   660: 
   661:     ibtData = new_ibt();
   662:     send_to_char(ch, ""Write your %s.\r\n"", CMD_NAME);"
"src\ibt.c","710","is_ibt_logger","line","MUTATING_REVIEW","OLC/object/flag mutation","   708:       } else {
   709:         send_to_char(ch,""%s %d resolved!\r\n"", ibt_types[subcmd], ano);
   710:         SET_BIT_AR(IBT_FLAGS(ibtData), IBT_RESOLVED);
   711:         if (CONFIG_IBT_AUTOSAVE) {
   712: 		  save_ibt_file(subcmd);
   713: 		}"
"src\ibt.c","807","is_ibt_logger","line","MUTATING_REVIEW","OLC/object/flag mutation","   805:   for (d = descriptor_list; d; d = d->next) {
   806:     if (STATE(d) == CON_IBTEDIT) {
   807:       if (d->olc && OLC_NUM(d) == number) {
   808:         send_to_char(ch, ""That %s is currently being edited by %s.\r\n"",
   809:           ibt_types[subcmd], GET_NAME(d->character));
   810:         return;"
"src\ibt.c","826","is_ibt_logger","line","MUTATING_REVIEW","OLC/object/flag mutation","   824: 
   825:   /* Set OLC variables. */
   826:   OLC_NUM(d)  = number;
   827:   OLC_VAL(d)  = subcmd;
   828:   OLC_ZNUM(d) = 0;
   829: "
"src\ibt.c","827","is_ibt_logger","line","MUTATING_REVIEW","OLC/object/flag mutation","   825:   /* Set OLC variables. */
   826:   OLC_NUM(d)  = number;
   827:   OLC_VAL(d)  = subcmd;
   828:   OLC_ZNUM(d) = 0;
   829: 
   830:   /* setup the OLC structure. */"
"src\ibt.c","828","is_ibt_logger","line","MUTATING_REVIEW","OLC/object/flag mutation","   826:   OLC_NUM(d)  = number;
   827:   OLC_VAL(d)  = subcmd;
   828:   OLC_ZNUM(d) = 0;
   829: 
   830:   /* setup the OLC structure. */
   831:   ibtedit_setup(d);"
"src\ibt.c","840","is_ibt_logger","line","MUTATING_REVIEW","OLC/object/flag mutation","   838:      editor and also log it. */
   839:   act(""$n starts using OLC."", TRUE, d->character, 0, 0, TO_ROOM);
   840:   SET_BIT_AR(PLR_FLAGS(ch), PLR_WRITING);
   841: 
   842:   mudlog(CMP, MAX(LVL_IMMORT, GET_INVIS_LEV(ch)), TRUE,""OLC: %s starts editing %s %d"",
   843:     GET_NAME(ch), IBT_TYPE, OLC_NUM(d));"
"src\ibt.c","854","ibtedit_setup","line","MUTATING_REVIEW","OLC/object/flag mutation","   852: 
   853:   /* Set up a blank IBT struct */
   854:   OLC_IBT(d) = new_ibt();
   855: 
   856:   /* Should always be the case, but just to make sure */
   857:   if ((ibtData = get_ibt_by_num(OLC_VAL(d), OLC_NUM(d))) != NULL) {"
"src\ibt.c","857","ibtedit_setup","line","MUTATING_REVIEW","OLC/object/flag mutation","   855: 
   856:   /* Should always be the case, but just to make sure */
   857:   if ((ibtData = get_ibt_by_num(OLC_VAL(d), OLC_NUM(d))) != NULL) {
   858:     if ((ibtData->text) && *(ibtData->text)) {
   859:       OLC_IBT(d)->text  = STRALLOC(ibtData->text);
   860:     }"
"src\ibt.c","859","ibtedit_setup","line","MUTATING_REVIEW","OLC/object/flag mutation","   857:   if ((ibtData = get_ibt_by_num(OLC_VAL(d), OLC_NUM(d))) != NULL) {
   858:     if ((ibtData->text) && *(ibtData->text)) {
   859:       OLC_IBT(d)->text  = STRALLOC(ibtData->text);
   860:     }
   861:     if ((ibtData->body) && *(ibtData->body)) {
   862:       OLC_IBT(d)->body  = STRALLOC(ibtData->body);"
"src\ibt.c","862","ibtedit_setup","line","MUTATING_REVIEW","OLC/object/flag mutation","   860:     }
   861:     if ((ibtData->body) && *(ibtData->body)) {
   862:       OLC_IBT(d)->body  = STRALLOC(ibtData->body);
   863:     }
   864:     if ((ibtData->name) && *(ibtData->name)) {
   865:       OLC_IBT(d)->name  = STRALLOC(ibtData->name);"
"src\ibt.c","865","ibtedit_setup","line","MUTATING_REVIEW","OLC/object/flag mutation","   863:     }
   864:     if ((ibtData->name) && *(ibtData->name)) {
   865:       OLC_IBT(d)->name  = STRALLOC(ibtData->name);
   866:     }
   867:     if ((ibtData->notes) && *(ibtData->notes)) {
   868:       OLC_IBT(d)->notes = STRALLOC(ibtData->notes);"
"src\ibt.c","868","ibtedit_setup","line","MUTATING_REVIEW","OLC/object/flag mutation","   866:     }
   867:     if ((ibtData->notes) && *(ibtData->notes)) {
   868:       OLC_IBT(d)->notes = STRALLOC(ibtData->notes);
   869:     }
   870:     OLC_IBT(d)->level = ibtData->level;
   871:     OLC_IBT(d)->room  = ibtData->room;"
"src\ibt.c","870","ibtedit_setup","line","MUTATING_REVIEW","OLC/object/flag mutation","   868:       OLC_IBT(d)->notes = STRALLOC(ibtData->notes);
   869:     }
   870:     OLC_IBT(d)->level = ibtData->level;
   871:     OLC_IBT(d)->room  = ibtData->room;
   872:     for (i=0; i<IBT_ARRAY_MAX; i++) {
   873:       OLC_IBT(d)->flags[i] = ibtData->flags[i];"
"src\ibt.c","871","ibtedit_setup","line","MUTATING_REVIEW","OLC/object/flag mutation","   869:     }
   870:     OLC_IBT(d)->level = ibtData->level;
   871:     OLC_IBT(d)->room  = ibtData->room;
   872:     for (i=0; i<IBT_ARRAY_MAX; i++) {
   873:       OLC_IBT(d)->flags[i] = ibtData->flags[i];
   874:     }"
"src\ibt.c","873","ibtedit_setup","line","MUTATING_REVIEW","OLC/object/flag mutation","   871:     OLC_IBT(d)->room  = ibtData->room;
   872:     for (i=0; i<IBT_ARRAY_MAX; i++) {
   873:       OLC_IBT(d)->flags[i] = ibtData->flags[i];
   874:     }
   875:   }
   876: }"
"src\ibt.c","886","ibtedit_save","line","MUTATING_REVIEW","OLC/object/flag mutation","   884: 
   885:   /* Should always be the case, but just to make sure */
   886:   if ((ibtData = get_ibt_by_num(OLC_VAL(d), OLC_NUM(d))) != NULL) {
   887:     if ((OLC_IBT(d)->text) && *(OLC_IBT(d)->text)) {
   888:       if (ibtData->text) STRFREE(ibtData->text);
   889:       ibtData->text = STRALLOC(OLC_IBT(d)->text);"
"src\ibt.c","969","ibtedit_disp_main_menu","line","MUTATING_REVIEW","OLC/object/flag mutation","   967:                    QBGRN, IBT_TYPE, cyn, yel, OLC_NUM(d), cyn,
   968:                    yel, nrm, yel, OLC_IBT(d)->name,
   969:                    yel, nrm, cyn, yel, OLC_IBT(d)->room, cyn, nrm, (rr == NOWHERE) ? CCRED(d->character, C_NRM) : cyn, (rr == NOWHERE) ? ""<Invalid Room!>"" : world[rr].name,
   970:                    yel, nrm, yel, OLC_IBT(d)->text,
   971:                    yel, nrm, cyn, flg_text,
   972:                    yel, nrm, yel, OLC_IBT(d)->body ? OLC_IBT(d)->body : ""<Not Set!>"","
"src\ibt.c","976","ibtedit_disp_main_menu","line","MUTATING_REVIEW","OLC/object/flag mutation","   974:                    yel, nrm, IBT_TYPE);
   975: 
   976:   OLC_MODE(d) = IBTEDIT_MAIN_MENU;
   977: 
   978: }
   979: /*-------------------------------------------------------------------*/"
"src\ibt.c","994","ibtedit_disp_flags","line","MUTATING_REVIEW","OLC/object/flag mutation","   992: 		  cyn, buf, nrm);
   993: 
   994:   OLC_MODE(d) = IBTEDIT_FLAGS;
   995: }
   996: /*-------------------------------------------------------------------*/
   997: /* main clanedit parser function... interpreter throws all input to here. */"
"src\ibt.c","1027","ibtedit_parse","case 'Q'","MUTATING_REVIEW","OLC/object/flag mutation","        case 'Q':
          if (OLC_ZNUM(d)) {	/* Anything been changed? */
            write_to_output(d, ""Do you wish to save your changes? : "");
            OLC_MODE(d) = IBTEDIT_CONFIRM_SAVESTRING;
          } else
            cleanup_olc(d, CLEANUP_ALL);
          return;"
"src\ibt.c","1030","ibtedit_parse","line","MUTATING_REVIEW","OLC/object/flag mutation","  1028:           if (OLC_ZNUM(d)) {	/* Anything been changed? */
  1029:             write_to_output(d, ""Do you wish to save your changes? : "");
  1030:             OLC_MODE(d) = IBTEDIT_CONFIRM_SAVESTRING;
  1031:           } else
  1032:             cleanup_olc(d, CLEANUP_ALL);
  1033:           return;"
"src\ibt.c","1035","ibtedit_parse","case '1'","MUTATING_REVIEW","OLC/object/flag mutation","        case '1':
          OLC_MODE(d) = IBTEDIT_NAME;
          write_to_output(d, ""Who reported this %s? : "", IBT_TYPE);
          return;"
"src\ibt.c","1036","ibtedit_parse","line","MUTATING_REVIEW","OLC/object/flag mutation","  1034: 
  1035:         case '1':
  1036:           OLC_MODE(d) = IBTEDIT_NAME;
  1037:           write_to_output(d, ""Who reported this %s? : "", IBT_TYPE);
  1038:           return;
  1039: "
"src\ibt.c","1040","ibtedit_parse","case '2'","MUTATING_REVIEW","OLC/object/flag mutation","        case '2':
          OLC_MODE(d) = IBTEDIT_ROOM;
          write_to_output(d, ""Enter the room VNUM for this %s? : "", IBT_TYPE);
          return;"
"src\ibt.c","1041","ibtedit_parse","line","MUTATING_REVIEW","OLC/object/flag mutation","  1039: 
  1040:         case '2':
  1041:           OLC_MODE(d) = IBTEDIT_ROOM;
  1042:           write_to_output(d, ""Enter the room VNUM for this %s? : "", IBT_TYPE);
  1043:           return;
  1044: "
"src\ibt.c","1045","ibtedit_parse","case '3'","MUTATING_REVIEW","OLC/object/flag mutation","        case '3':
          OLC_MODE(d) = IBTEDIT_TEXT;
          write_to_output(d, ""Enter the header text for this %s? : "", IBT_TYPE);
          return;"
"src\ibt.c","1046","ibtedit_parse","line","MUTATING_REVIEW","OLC/object/flag mutation","  1044: 
  1045:         case '3':
  1046:           OLC_MODE(d) = IBTEDIT_TEXT;
  1047:           write_to_output(d, ""Enter the header text for this %s? : "", IBT_TYPE);
  1048:           return;
  1049: "
"src\ibt.c","1054","ibtedit_parse","case '5'","MUTATING_REVIEW","OLC/object/flag mutation | multiline editor entry","        case '5':
          OLC_MODE(d) = IBTEDIT_BODY;
          send_editor_help(d);
          write_to_output(d, ""Enter %s description:\r\n\r\n"", IBT_TYPE);
          if (OLC_IBT(d)->body) {
            write_to_output(d, ""%s"", OLC_IBT(d)->body);
            if (oldtext) STRFREE(oldtext);
            oldtext = STRALLOC(OLC_IBT(d)->body);
          }
          string_write(d, &OLC_IBT(d)->body, MAX_IBT_LENGTH, 0, oldtext);
          OLC_ZNUM(d) = 1;
          return;"
"src\ibt.c","1055","ibtedit_parse","line","MUTATING_REVIEW","OLC/object/flag mutation","  1053: 
  1054:         case '5':
  1055:           OLC_MODE(d) = IBTEDIT_BODY;
  1056:           send_editor_help(d);
  1057:           write_to_output(d, ""Enter %s description:\r\n\r\n"", IBT_TYPE);
  1058:           if (OLC_IBT(d)->body) {"
"src\ibt.c","1064","ibtedit_parse","line","MUTATING_REVIEW","OLC/object/flag mutation","  1062:           }
  1063:           string_write(d, &OLC_IBT(d)->body, MAX_IBT_LENGTH, 0, oldtext);
  1064:           OLC_ZNUM(d) = 1;
  1065:           return;
  1066: 
  1067:         case '6':"
"src\ibt.c","1067","ibtedit_parse","case '6'","MUTATING_REVIEW","OLC/object/flag mutation | multiline editor entry","        case '6':
          OLC_MODE(d) = IBTEDIT_NOTES;
          send_editor_help(d);
          write_to_output(d, ""Enter %s notes:\r\n\r\n"", IBT_TYPE);
          if (OLC_IBT(d)->notes) {
            write_to_output(d, ""%s"", OLC_IBT(d)->notes);
            if (oldtext) STRFREE(oldtext);
            oldtext = STRALLOC(OLC_IBT(d)->notes);
          }
          string_write(d, &OLC_IBT(d)->notes, MAX_IBT_LENGTH, 0, oldtext);
          OLC_ZNUM(d) = 1;
          return;"
"src\ibt.c","1068","ibtedit_parse","line","MUTATING_REVIEW","OLC/object/flag mutation","  1066: 
  1067:         case '6':
  1068:           OLC_MODE(d) = IBTEDIT_NOTES;
  1069:           send_editor_help(d);
  1070:           write_to_output(d, ""Enter %s notes:\r\n\r\n"", IBT_TYPE);
  1071:           if (OLC_IBT(d)->notes) {"
"src\ibt.c","1077","ibtedit_parse","line","MUTATING_REVIEW","OLC/object/flag mutation","  1075:           }
  1076:           string_write(d, &OLC_IBT(d)->notes, MAX_IBT_LENGTH, 0, oldtext);
  1077:           OLC_ZNUM(d) = 1;
  1078:           return;
  1079: 
  1080:         default:"
"src\ibt.c","1085","ibtedit_parse","case IBTEDIT_NAME","MUTATING_REVIEW","OLC/object/flag mutation","    case IBTEDIT_NAME:
      smash_tilde(arg);
      if (OLC_IBT(d)->name) STRFREE(OLC_IBT(d)->name);
      OLC_IBT(d)->name = STRALLOC(arg);
      break;"
"src\ibt.c","1088","ibtedit_parse","line","MUTATING_REVIEW","OLC/object/flag mutation","  1086:       smash_tilde(arg);
  1087:       if (OLC_IBT(d)->name) STRFREE(OLC_IBT(d)->name);
  1088:       OLC_IBT(d)->name = STRALLOC(arg);
  1089:       break;
  1090: 
  1091:     case IBTEDIT_ROOM:"
"src\ibt.c","1102","ibtedit_parse","line","MUTATING_REVIEW","OLC/object/flag mutation","  1100:         return;
  1101:       }
  1102:       OLC_IBT(d)->room = i;
  1103:       /* Drop through to re-show main menu and set 'edited' flag */
  1104:       break;
  1105: "
"src\ibt.c","1106","ibtedit_parse","case IBTEDIT_TEXT","MUTATING_REVIEW","OLC/object/flag mutation","    case IBTEDIT_TEXT:
      smash_tilde(arg);
      if (OLC_IBT(d)->text) STRFREE(OLC_IBT(d)->text);
      OLC_IBT(d)->text = STRALLOC(arg);
      break;"
"src\ibt.c","1109","ibtedit_parse","line","MUTATING_REVIEW","OLC/object/flag mutation","  1107:       smash_tilde(arg);
  1108:       if (OLC_IBT(d)->text) STRFREE(OLC_IBT(d)->text);
  1109:       OLC_IBT(d)->text = STRALLOC(arg);
  1110:       break;
  1111: 
  1112:     case IBTEDIT_FLAGS:"
"src\ibt.c","1116","ibtedit_parse","line","MUTATING_REVIEW","OLC/object/flag mutation","  1114:         break;
  1115:       else if (i <= NUM_IBT_FLAGS)
  1116:         TOGGLE_BIT_AR(IBT_FLAGS(OLC_IBT(d)), (i - 1));
  1117:       ibtedit_disp_flags(d);
  1118:       return;
  1119: "
"src\ibt.c","1143","ibtedit_parse","line","MUTATING_REVIEW","OLC/object/flag mutation","  1141: 
  1142:   /* If we get here, something was changed */
  1143:   OLC_ZNUM(d) = 1;
  1144:   ibtedit_disp_main_menu(d);
  1145: }
  1146: "
"src\interpreter.c","2613","nanny","line","MUTATING_REVIEW","OLC/object/flag mutation","  2611:       }
  2612:       if (GET_LEVEL(d->character) < LVL_GRGOD)
  2613: 	SET_BIT_AR(PLR_FLAGS(d->character), PLR_DELETED);
  2614:       save_char(d->character);
  2615:       Crash_delete_file(GET_NAME(d->character));
  2616:       /* If the selfdelete_fastwipe flag is set (in config.c), remove all the"
"src\interpreter.c","2620","nanny","line","MUTATING_REVIEW","OLC/object/flag mutation","  2618:       if (selfdelete_fastwipe)
  2619:         if ((player_i = get_ptable_by_name(GET_NAME(d->character))) >= 0) {
  2620:           SET_BIT(player_table[player_i].flags, PINDEX_SELFDELETE);
  2621:           remove_player(player_i);
  2622:         }
  2623: "
"src\mail.c","312","store_mail","line","MUTATING_REVIEW","OLC/object/flag mutation | multiline editor entry","   310:   act(""$n tells you, 'Write your message. (/s saves /h for help).'"", FALSE, mailman, 0, ch, TO_VICT);
   311: 
   312:   SET_BIT_AR(PLR_FLAGS(ch), PLR_MAILING);	/* string_write() sets writing. */
   313: 
   314:   /* Start writing! */
   315:   CREATE(mailwrite, char *, 1);"
"src\mail.c","350","store_mail","line","MUTATING_REVIEW","OLC/object/flag mutation","   348:     for(y = 0; y < TW_ARRAY_MAX; y++)
   349:       obj->obj_flags.wear_flags[y] = 0;
   350:     SET_BIT_AR(GET_OBJ_WEAR(obj), ITEM_WEAR_TAKE);
   351:     GET_OBJ_WEIGHT(obj) = 1;
   352:     GET_OBJ_COST(obj) = 30;
   353:     GET_OBJ_RENT(obj) = 10;"
"src\medit.c","132","","line","MUTATING_REVIEW","OLC/object/flag mutation","   130:       zone_rnum zlok;
   131: 
   132:       if ((zlok = real_zone(GET_OLC_ZONE(ch))) == NOWHERE)
   133:         number = NOWHERE;
   134:       else
   135:         number = genolc_zone_bottom(zlok);"
"src\medit.c","156","","line","MUTATING_REVIEW","OLC/object/flag mutation","   154:   for (d = descriptor_list; d; d = d->next) {
   155:     if (STATE(d) == CON_MEDIT) {
   156:       if (d->olc && OLC_NUM(d) == number) {
   157:         send_to_char(ch, ""That mobile is currently being edited by %s.\r\n"",
   158:           GET_NAME(d->character));
   159:         return;"
"src\medit.c","176","","line","MUTATING_REVIEW","OLC/object/flag mutation","   174: 
   175:   /* Find the zone. */
   176:   OLC_ZNUM(d) = save ? real_zone(number) : real_zone_by_thing(number);
   177:   if (OLC_ZNUM(d) == NOWHERE) {
   178:     if (save) {
   179:       send_to_char(ch, ""Zone %d does not exist.\r\n"", number);"
"src\medit.c","177","","line","MUTATING_REVIEW","OLC/object/flag mutation","   175:   /* Find the zone. */
   176:   OLC_ZNUM(d) = save ? real_zone(number) : real_zone_by_thing(number);
   177:   if (OLC_ZNUM(d) == NOWHERE) {
   178:     if (save) {
   179:       send_to_char(ch, ""Zone %d does not exist.\r\n"", number);
   180:     } else if (real_mobile(number) == NOBODY) {"
"src\medit.c","216","","line","MUTATING_REVIEW","OLC/object/flag mutation","   214:   }
   215: 
   216:   OLC_NUM(d) = number;
   217: 
   218:   /* If this is a new mobile, setup a new one, otherwise, setup the
   219:      existing mobile. */"
"src\medit.c","231","","line","MUTATING_REVIEW","OLC/object/flag mutation","   229:      builder and also log it. */
   230:   act(""$n starts using OLC."", TRUE, d->character, 0, 0, TO_ROOM);
   231:   SET_BIT_AR(PLR_FLAGS(ch), PLR_WRITING);
   232: 
   233:   mudlog(CMP, MAX(LVL_IMMORT, GET_INVIS_LEV(ch)), TRUE,""OLC: %s starts editing zone %d allowed zone %d"",
   234:     GET_NAME(ch), zone_table[OLC_ZNUM(d)].number, GET_OLC_ZONE(ch));"
"src\medit.c","258","medit_setup_new","line","MUTATING_REVIEW","OLC/object/flag mutation","   256:   GET_DDESC(mob) = strdup(""It looks unfinished.\r\n"");
   257:   SCRIPT(mob) = NULL;
   258:   mob->proto_script = OLC_SCRIPT(d) = NULL;
   259: 
   260:   OLC_MOB(d) = mob;
   261:   /* Has changed flag. (It hasn't so far, we just made it.) */"
"src\medit.c","260","medit_setup_new","line","MUTATING_REVIEW","OLC/object/flag mutation","   258:   mob->proto_script = OLC_SCRIPT(d) = NULL;
   259: 
   260:   OLC_MOB(d) = mob;
   261:   /* Has changed flag. (It hasn't so far, we just made it.) */
   262:   OLC_VAL(d) = FALSE;
   263:   OLC_ITEM_TYPE(d) = MOB_TRIGGER;"
"src\medit.c","262","medit_setup_new","line","MUTATING_REVIEW","OLC/object/flag mutation","   260:   OLC_MOB(d) = mob;
   261:   /* Has changed flag. (It hasn't so far, we just made it.) */
   262:   OLC_VAL(d) = FALSE;
   263:   OLC_ITEM_TYPE(d) = MOB_TRIGGER;
   264: }
   265: "
"src\medit.c","263","medit_setup_new","line","MUTATING_REVIEW","OLC/object/flag mutation","   261:   /* Has changed flag. (It hasn't so far, we just made it.) */
   262:   OLC_VAL(d) = FALSE;
   263:   OLC_ITEM_TYPE(d) = MOB_TRIGGER;
   264: }
   265: 
   266: void medit_setup_existing(struct descriptor_data *d, int rmob_num)"
"src\medit.c","275","medit_setup_existing","line","MUTATING_REVIEW","OLC/object/flag mutation","   273:   copy_mobile(mob, mob_proto + rmob_num);
   274: 
   275:   OLC_MOB(d) = mob;
   276:   OLC_ITEM_TYPE(d) = MOB_TRIGGER;
   277:   dg_olc_script_copy(d);
   278:   /*"
"src\medit.c","276","medit_setup_existing","line","MUTATING_REVIEW","OLC/object/flag mutation","   274: 
   275:   OLC_MOB(d) = mob;
   276:   OLC_ITEM_TYPE(d) = MOB_TRIGGER;
   277:   dg_olc_script_copy(d);
   278:   /*
   279:    * The edited mob must not have a script."
"src\medit.c","283","medit_setup_existing","line","MUTATING_REVIEW","OLC/object/flag mutation","   281:    */
   282:   SCRIPT(mob) = NULL;
   283:   OLC_MOB(d)->proto_script = NULL;
   284: }
   285: 
   286: /* Ideally, this function should be in db.c, but I'll put it here for portability. */"
"src\medit.c","311","init_mobile","line","MUTATING_REVIEW","OLC/object/flag mutation","   309:   GET_SAVE(mob, SAVING_SPELL)  = 0;
   310: 
   311:   SET_BIT_AR(MOB_FLAGS(mob), MOB_ISNPC);
   312:   mob->player_specials = &dummy_mob;
   313: }
   314: "
"src\medit.c","323","medit_save_internally","line","MUTATING_REVIEW","OLC/object/flag mutation","   321:   struct char_data *mob;
   322: 
   323:   i = (real_mobile(OLC_NUM(d)) == NOBODY);
   324: 
   325:   if ((new_rnum = add_mobile(OLC_MOB(d), OLC_NUM(d))) == NOBODY) {
   326:     log(""medit_save_internally: add_mobile failed."");"
"src\medit.c","325","medit_save_internally","line","MUTATING_REVIEW","OLC/object/flag mutation","   323:   i = (real_mobile(OLC_NUM(d)) == NOBODY);
   324: 
   325:   if ((new_rnum = add_mobile(OLC_MOB(d), OLC_NUM(d))) == NOBODY) {
   326:     log(""medit_save_internally: add_mobile failed."");
   327:     return;
   328:   }"
"src\medit.c","369","medit_save_internally","line","MUTATING_REVIEW","OLC/object/flag mutation","   367:   for (dsc = descriptor_list; dsc; dsc = dsc->next) {
   368:     if (STATE(dsc) == CON_SEDIT)
   369:       S_KEEPER(OLC_SHOP(dsc)) += (S_KEEPER(OLC_SHOP(dsc)) != NOTHING && S_KEEPER(OLC_SHOP(dsc)) >= new_rnum);
   370:     else if (STATE(dsc) == CON_MEDIT)
   371:       GET_MOB_RNUM(OLC_MOB(dsc)) += (GET_MOB_RNUM(OLC_MOB(dsc)) != NOTHING && GET_MOB_RNUM(OLC_MOB(dsc)) >= new_rnum);
   372:   }"
"src\medit.c","371","medit_save_internally","line","MUTATING_REVIEW","OLC/object/flag mutation","   369:       S_KEEPER(OLC_SHOP(dsc)) += (S_KEEPER(OLC_SHOP(dsc)) != NOTHING && S_KEEPER(OLC_SHOP(dsc)) >= new_rnum);
   370:     else if (STATE(dsc) == CON_MEDIT)
   371:       GET_MOB_RNUM(OLC_MOB(dsc)) += (GET_MOB_RNUM(OLC_MOB(dsc)) != NOTHING && GET_MOB_RNUM(OLC_MOB(dsc)) >= new_rnum);
   372:   }
   373: 
   374:   /* Update other people in zedit too. From: C.Raehl 4/27/99 */"
"src\medit.c","377","medit_save_internally","line","MUTATING_REVIEW","OLC/object/flag mutation","   375:   for (dsc = descriptor_list; dsc; dsc = dsc->next)
   376:     if (STATE(dsc) == CON_ZEDIT)
   377:       for (i = 0; OLC_ZONE(dsc)->cmd[i].command != 'S'; i++)
   378:         if (OLC_ZONE(dsc)->cmd[i].command == 'M')
   379:           if (OLC_ZONE(dsc)->cmd[i].arg1 >= new_rnum)
   380:             OLC_ZONE(dsc)->cmd[i].arg1++;"
"src\medit.c","378","medit_save_internally","line","MUTATING_REVIEW","OLC/object/flag mutation","   376:     if (STATE(dsc) == CON_ZEDIT)
   377:       for (i = 0; OLC_ZONE(dsc)->cmd[i].command != 'S'; i++)
   378:         if (OLC_ZONE(dsc)->cmd[i].command == 'M')
   379:           if (OLC_ZONE(dsc)->cmd[i].arg1 >= new_rnum)
   380:             OLC_ZONE(dsc)->cmd[i].arg1++;
   381: }"
"src\medit.c","379","medit_save_internally","line","MUTATING_REVIEW","OLC/object/flag mutation","   377:       for (i = 0; OLC_ZONE(dsc)->cmd[i].command != 'S'; i++)
   378:         if (OLC_ZONE(dsc)->cmd[i].command == 'M')
   379:           if (OLC_ZONE(dsc)->cmd[i].arg1 >= new_rnum)
   380:             OLC_ZONE(dsc)->cmd[i].arg1++;
   381: }
   382: "
"src\medit.c","720","medit_disp_loadout_menu","line","MUTATING_REVIEW","OLC/object/flag mutation","   718:     ""Q) Quit\r\n""
   719:     ""Enter choice : "");
   720:   OLC_MODE(d) = MEDIT_LOADOUT_MENU;
   721: }
   722: 
   723: static void medit_disp_menu(struct descriptor_data *d)"
"src\medit.c","786","medit_disp_menu","line","MUTATING_REVIEW","OLC/object/flag mutation","   784: 	  );
   785: 
   786:   OLC_MODE(d) = MEDIT_MAIN_MENU;
   787: }
   788: 
   789: static void medit_disp_stats_menu(struct descriptor_data *d)"
"src\medit.c","894","medit_disp_stats_menu","line","MUTATING_REVIEW","OLC/object/flag mutation","   892:       cyn, nrm);
   893: 
   894:   OLC_MODE(d) = MEDIT_STATS_MENU;
   895: }
   896: 
   897: void medit_parse(struct descriptor_data *d, char *arg)"
"src\medit.c","902","medit_parse","line","MUTATING_REVIEW","OLC/object/flag mutation","   900:   char *oldtext = NULL;
   901: 
   902:   if (OLC_MODE(d) == MEDIT_STATS_MENU ||
   903:       OLC_MODE(d) == MEDIT_GOLD ||
   904:       OLC_MODE(d) == MEDIT_LEVEL_AUTOFILL_CONFIRM ||
   905:       OLC_MODE(d) == MEDIT_DELETE) {"
"src\medit.c","903","medit_parse","line","MUTATING_REVIEW","OLC/object/flag mutation","   901: 
   902:   if (OLC_MODE(d) == MEDIT_STATS_MENU ||
   903:       OLC_MODE(d) == MEDIT_GOLD ||
   904:       OLC_MODE(d) == MEDIT_LEVEL_AUTOFILL_CONFIRM ||
   905:       OLC_MODE(d) == MEDIT_DELETE) {
   906:     if (!genolc_checkstring(d, arg))"
"src\medit.c","904","medit_parse","line","MUTATING_REVIEW","OLC/object/flag mutation","   902:   if (OLC_MODE(d) == MEDIT_STATS_MENU ||
   903:       OLC_MODE(d) == MEDIT_GOLD ||
   904:       OLC_MODE(d) == MEDIT_LEVEL_AUTOFILL_CONFIRM ||
   905:       OLC_MODE(d) == MEDIT_DELETE) {
   906:     if (!genolc_checkstring(d, arg))
   907:       return;"
"src\medit.c","905","medit_parse","line","MUTATING_REVIEW","OLC/object/flag mutation","   903:       OLC_MODE(d) == MEDIT_GOLD ||
   904:       OLC_MODE(d) == MEDIT_LEVEL_AUTOFILL_CONFIRM ||
   905:       OLC_MODE(d) == MEDIT_DELETE) {
   906:     if (!genolc_checkstring(d, arg))
   907:       return;
   908:   } else if (OLC_MODE(d) > MEDIT_NUMERICAL_RESPONSE &&"
"src\medit.c","909","medit_parse","line","MUTATING_REVIEW","OLC/object/flag mutation","   907:       return;
   908:   } else if (OLC_MODE(d) > MEDIT_NUMERICAL_RESPONSE &&
   909:              OLC_MODE(d) != MEDIT_LOADOUT_MENU &&
   910:              OLC_MODE(d) != MEDIT_LOADOUT_EQUIP_VNUM &&
   911:              OLC_MODE(d) != MEDIT_LOADOUT_EQUIP_SLOT &&
   912:              OLC_MODE(d) != MEDIT_LOADOUT_EQUIP_REPLACE &&"
"src\medit.c","910","medit_parse","line","MUTATING_REVIEW","OLC/object/flag mutation","   908:   } else if (OLC_MODE(d) > MEDIT_NUMERICAL_RESPONSE &&
   909:              OLC_MODE(d) != MEDIT_LOADOUT_MENU &&
   910:              OLC_MODE(d) != MEDIT_LOADOUT_EQUIP_VNUM &&
   911:              OLC_MODE(d) != MEDIT_LOADOUT_EQUIP_SLOT &&
   912:              OLC_MODE(d) != MEDIT_LOADOUT_EQUIP_REPLACE &&
   913:              OLC_MODE(d) != MEDIT_LOADOUT_INV_VNUM &&"
"src\medit.c","911","medit_parse","line","MUTATING_REVIEW","OLC/object/flag mutation","   909:              OLC_MODE(d) != MEDIT_LOADOUT_MENU &&
   910:              OLC_MODE(d) != MEDIT_LOADOUT_EQUIP_VNUM &&
   911:              OLC_MODE(d) != MEDIT_LOADOUT_EQUIP_SLOT &&
   912:              OLC_MODE(d) != MEDIT_LOADOUT_EQUIP_REPLACE &&
   913:              OLC_MODE(d) != MEDIT_LOADOUT_INV_VNUM &&
   914:              OLC_MODE(d) != MEDIT_LOADOUT_INV_COUNT &&"
"src\medit.c","912","medit_parse","line","MUTATING_REVIEW","OLC/object/flag mutation","   910:              OLC_MODE(d) != MEDIT_LOADOUT_EQUIP_VNUM &&
   911:              OLC_MODE(d) != MEDIT_LOADOUT_EQUIP_SLOT &&
   912:              OLC_MODE(d) != MEDIT_LOADOUT_EQUIP_REPLACE &&
   913:              OLC_MODE(d) != MEDIT_LOADOUT_INV_VNUM &&
   914:              OLC_MODE(d) != MEDIT_LOADOUT_INV_COUNT &&
   915:              OLC_MODE(d) != MEDIT_LOADOUT_LOOT_VNUM &&"
"src\medit.c","913","medit_parse","line","MUTATING_REVIEW","OLC/object/flag mutation","   911:              OLC_MODE(d) != MEDIT_LOADOUT_EQUIP_SLOT &&
   912:              OLC_MODE(d) != MEDIT_LOADOUT_EQUIP_REPLACE &&
   913:              OLC_MODE(d) != MEDIT_LOADOUT_INV_VNUM &&
   914:              OLC_MODE(d) != MEDIT_LOADOUT_INV_COUNT &&
   915:              OLC_MODE(d) != MEDIT_LOADOUT_LOOT_VNUM &&
   916:              OLC_MODE(d) != MEDIT_LOADOUT_LOOT_CHANCE &&"
"src\medit.c","914","medit_parse","line","MUTATING_REVIEW","OLC/object/flag mutation","   912:              OLC_MODE(d) != MEDIT_LOADOUT_EQUIP_REPLACE &&
   913:              OLC_MODE(d) != MEDIT_LOADOUT_INV_VNUM &&
   914:              OLC_MODE(d) != MEDIT_LOADOUT_INV_COUNT &&
   915:              OLC_MODE(d) != MEDIT_LOADOUT_LOOT_VNUM &&
   916:              OLC_MODE(d) != MEDIT_LOADOUT_LOOT_CHANCE &&
   917:              OLC_MODE(d) != MEDIT_LOADOUT_REMOVE_EQUIP &&"
"src\medit.c","915","medit_parse","line","MUTATING_REVIEW","OLC/object/flag mutation","   913:              OLC_MODE(d) != MEDIT_LOADOUT_INV_VNUM &&
   914:              OLC_MODE(d) != MEDIT_LOADOUT_INV_COUNT &&
   915:              OLC_MODE(d) != MEDIT_LOADOUT_LOOT_VNUM &&
   916:              OLC_MODE(d) != MEDIT_LOADOUT_LOOT_CHANCE &&
   917:              OLC_MODE(d) != MEDIT_LOADOUT_REMOVE_EQUIP &&
   918:              OLC_MODE(d) != MEDIT_LOADOUT_REMOVE_INV &&"
"src\medit.c","916","medit_parse","line","MUTATING_REVIEW","OLC/object/flag mutation","   914:              OLC_MODE(d) != MEDIT_LOADOUT_INV_COUNT &&
   915:              OLC_MODE(d) != MEDIT_LOADOUT_LOOT_VNUM &&
   916:              OLC_MODE(d) != MEDIT_LOADOUT_LOOT_CHANCE &&
   917:              OLC_MODE(d) != MEDIT_LOADOUT_REMOVE_EQUIP &&
   918:              OLC_MODE(d) != MEDIT_LOADOUT_REMOVE_INV &&
   919:              OLC_MODE(d) != MEDIT_LOADOUT_REMOVE_LOOT &&"
"src\medit.c","917","medit_parse","line","MUTATING_REVIEW","OLC/object/flag mutation","   915:              OLC_MODE(d) != MEDIT_LOADOUT_LOOT_VNUM &&
   916:              OLC_MODE(d) != MEDIT_LOADOUT_LOOT_CHANCE &&
   917:              OLC_MODE(d) != MEDIT_LOADOUT_REMOVE_EQUIP &&
   918:              OLC_MODE(d) != MEDIT_LOADOUT_REMOVE_INV &&
   919:              OLC_MODE(d) != MEDIT_LOADOUT_REMOVE_LOOT &&
   920:              OLC_MODE(d) != OLC_SCRIPT_EDIT) {"
"src\medit.c","918","medit_parse","line","MUTATING_REVIEW","OLC/object/flag mutation","   916:              OLC_MODE(d) != MEDIT_LOADOUT_LOOT_CHANCE &&
   917:              OLC_MODE(d) != MEDIT_LOADOUT_REMOVE_EQUIP &&
   918:              OLC_MODE(d) != MEDIT_LOADOUT_REMOVE_INV &&
   919:              OLC_MODE(d) != MEDIT_LOADOUT_REMOVE_LOOT &&
   920:              OLC_MODE(d) != OLC_SCRIPT_EDIT) {
   921:     char *endptr = NULL;"
"src\medit.c","919","medit_parse","line","MUTATING_REVIEW","OLC/object/flag mutation","   917:              OLC_MODE(d) != MEDIT_LOADOUT_REMOVE_EQUIP &&
   918:              OLC_MODE(d) != MEDIT_LOADOUT_REMOVE_INV &&
   919:              OLC_MODE(d) != MEDIT_LOADOUT_REMOVE_LOOT &&
   920:              OLC_MODE(d) != OLC_SCRIPT_EDIT) {
   921:     char *endptr = NULL;
   922:     long parsed;"
"src\medit.c","920","medit_parse","line","MUTATING_REVIEW","OLC/object/flag mutation","   918:              OLC_MODE(d) != MEDIT_LOADOUT_REMOVE_INV &&
   919:              OLC_MODE(d) != MEDIT_LOADOUT_REMOVE_LOOT &&
   920:              OLC_MODE(d) != OLC_SCRIPT_EDIT) {
   921:     char *endptr = NULL;
   922:     long parsed;
   923: "
"src\medit.c","938","medit_parse","case MEDIT_CONFIRM_SAVESTRING","MUTATING_REVIEW","OLC/object/flag mutation","  case MEDIT_CONFIRM_SAVESTRING:
    /* Ensure mob has MOB_ISNPC set. */
    SET_BIT_AR(MOB_FLAGS(OLC_MOB(d)), MOB_ISNPC);
    switch (*arg) {"
"src\medit.c","940","medit_parse","line","MUTATING_REVIEW","OLC/object/flag mutation","   938:   case MEDIT_CONFIRM_SAVESTRING:
   939:     /* Ensure mob has MOB_ISNPC set. */
   940:     SET_BIT_AR(MOB_FLAGS(OLC_MOB(d)), MOB_ISNPC);
   941:     switch (*arg) {
   942:     case 'y':
   943:     case 'Y':"
"src\medit.c","955","medit_parse","case 'N'","MUTATING_REVIEW","OLC/object/flag mutation","    case 'N':
      /* If not saving, we must free the script_proto list. We do so by
       * assigning it to the edited mob and letting free_mobile in
       * cleanup_olc handle it. */
      OLC_MOB(d)->proto_script = OLC_SCRIPT(d);
      cleanup_olc(d, CLEANUP_ALL);
      return;"
"src\medit.c","959","medit_parse","line","MUTATING_REVIEW","OLC/object/flag mutation","   957:        * assigning it to the edited mob and letting free_mobile in
   958:        * cleanup_olc handle it. */
   959:       OLC_MOB(d)->proto_script = OLC_SCRIPT(d);
   960:       cleanup_olc(d, CLEANUP_ALL);
   961:       return;
   962:     default:"
"src\medit.c","972","medit_parse","case 'Q'","MUTATING_REVIEW","OLC/object/flag mutation","    case 'Q':
      if (OLC_VAL(d)) {	/* Anything been changed? */
	      write_to_output(d, ""Do you wish to save your changes? : "");
	      OLC_MODE(d) = MEDIT_CONFIRM_SAVESTRING;
      } else
	cleanup_olc(d, CLEANUP_ALL);
      return;"
"src\medit.c","975","medit_parse","line","MUTATING_REVIEW","OLC/object/flag mutation","   973:       if (OLC_VAL(d)) {	/* Anything been changed? */
   974: 	      write_to_output(d, ""Do you wish to save your changes? : "");
   975: 	      OLC_MODE(d) = MEDIT_CONFIRM_SAVESTRING;
   976:       } else
   977: 	cleanup_olc(d, CLEANUP_ALL);
   978:       return;"
"src\medit.c","979","medit_parse","case '1'","MUTATING_REVIEW","OLC/object/flag mutation","    case '1':
      OLC_MODE(d) = MEDIT_SEX;
      medit_disp_sex(d);
      return;"
"src\medit.c","980","medit_parse","line","MUTATING_REVIEW","OLC/object/flag mutation","   978:       return;
   979:     case '1':
   980:       OLC_MODE(d) = MEDIT_SEX;
   981:       medit_disp_sex(d);
   982:       return;
   983:     case '2':"
"src\medit.c","983","medit_parse","case '2'","MUTATING_REVIEW","OLC/object/flag mutation","    case '2':
      OLC_MODE(d) = MEDIT_KEYWORD;
      i--;
      break;"
"src\medit.c","984","medit_parse","line","MUTATING_REVIEW","OLC/object/flag mutation","   982:       return;
   983:     case '2':
   984:       OLC_MODE(d) = MEDIT_KEYWORD;
   985:       i--;
   986:       break;
   987:     case '3':"
"src\medit.c","987","medit_parse","case '3'","MUTATING_REVIEW","OLC/object/flag mutation","    case '3':
      OLC_MODE(d) = MEDIT_S_DESC;
      i--;
      break;"
"src\medit.c","988","medit_parse","line","MUTATING_REVIEW","OLC/object/flag mutation","   986:       break;
   987:     case '3':
   988:       OLC_MODE(d) = MEDIT_S_DESC;
   989:       i--;
   990:       break;
   991:     case '4':"
"src\medit.c","991","medit_parse","case '4'","MUTATING_REVIEW","OLC/object/flag mutation","    case '4':
      OLC_MODE(d) = MEDIT_L_DESC;
      i--;
      break;"
"src\medit.c","992","medit_parse","line","MUTATING_REVIEW","OLC/object/flag mutation","   990:       break;
   991:     case '4':
   992:       OLC_MODE(d) = MEDIT_L_DESC;
   993:       i--;
   994:       break;
   995:     case '5':"
"src\medit.c","995","medit_parse","case '5'","MUTATING_REVIEW","OLC/object/flag mutation | multiline editor entry","    case '5':
      OLC_MODE(d) = MEDIT_D_DESC;
      send_editor_help(d);
      write_to_output(d, ""Enter mob description:\r\n\r\n"");
      if (OLC_MOB(d)->player.description) {
	      write_to_output(d, ""%s"", OLC_MOB(d)->player.description);
	      oldtext = strdup(OLC_MOB(d)->player.description);
      }
      string_write(d, &OLC_MOB(d)->player.description, MAX_MOB_DESC, 0, oldtext);
      OLC_VAL(d) = 1;
      return;"
"src\medit.c","996","medit_parse","line","MUTATING_REVIEW","OLC/object/flag mutation","   994:       break;
   995:     case '5':
   996:       OLC_MODE(d) = MEDIT_D_DESC;
   997:       send_editor_help(d);
   998:       write_to_output(d, ""Enter mob description:\r\n\r\n"");
   999:       if (OLC_MOB(d)->player.description) {"
"src\medit.c","1004","medit_parse","line","MUTATING_REVIEW","OLC/object/flag mutation","  1002:       }
  1003:       string_write(d, &OLC_MOB(d)->player.description, MAX_MOB_DESC, 0, oldtext);
  1004:       OLC_VAL(d) = 1;
  1005:       return;
  1006:     case '6':
  1007:       OLC_MODE(d) = MEDIT_POS;"
"src\medit.c","1006","medit_parse","case '6'","MUTATING_REVIEW","OLC/object/flag mutation","    case '6':
      OLC_MODE(d) = MEDIT_POS;
      medit_disp_positions(d);
      return;"
"src\medit.c","1007","medit_parse","line","MUTATING_REVIEW","OLC/object/flag mutation","  1005:       return;
  1006:     case '6':
  1007:       OLC_MODE(d) = MEDIT_POS;
  1008:       medit_disp_positions(d);
  1009:       return;
  1010:     case '7':"
"src\medit.c","1010","medit_parse","case '7'","MUTATING_REVIEW","OLC/object/flag mutation","    case '7':
      OLC_MODE(d) = MEDIT_DEFAULT_POS;
      medit_disp_positions(d);
      return;"
"src\medit.c","1011","medit_parse","line","MUTATING_REVIEW","OLC/object/flag mutation","  1009:       return;
  1010:     case '7':
  1011:       OLC_MODE(d) = MEDIT_DEFAULT_POS;
  1012:       medit_disp_positions(d);
  1013:       return;
  1014:     case '8':"
"src\medit.c","1014","medit_parse","case '8'","MUTATING_REVIEW","OLC/object/flag mutation","    case '8':
      OLC_MODE(d) = MEDIT_ATTACK;
      medit_disp_attack_types(d);
      return;"
"src\medit.c","1015","medit_parse","line","MUTATING_REVIEW","OLC/object/flag mutation","  1013:       return;
  1014:     case '8':
  1015:       OLC_MODE(d) = MEDIT_ATTACK;
  1016:       medit_disp_attack_types(d);
  1017:       return;
  1018:     case '9':"
"src\medit.c","1018","medit_parse","case '9'","MUTATING_REVIEW","OLC/object/flag mutation","    case '9':
      OLC_MODE(d) = MEDIT_STATS_MENU;
      medit_disp_stats_menu(d);
      return;"
"src\medit.c","1019","medit_parse","line","MUTATING_REVIEW","OLC/object/flag mutation","  1017:       return;
  1018:     case '9':
  1019:       OLC_MODE(d) = MEDIT_STATS_MENU;
  1020:       medit_disp_stats_menu(d);
  1021:       return;
  1022:     case 'a':"
"src\medit.c","1023","medit_parse","case 'A'","MUTATING_REVIEW","OLC/object/flag mutation","    case 'A':
      OLC_MODE(d) = MEDIT_NPC_FLAGS;
      medit_disp_mob_flags(d);
      return;"
"src\medit.c","1024","medit_parse","line","MUTATING_REVIEW","OLC/object/flag mutation","  1022:     case 'a':
  1023:     case 'A':
  1024:       OLC_MODE(d) = MEDIT_NPC_FLAGS;
  1025:       medit_disp_mob_flags(d);
  1026:       return;
  1027:     case 'b':"
"src\medit.c","1028","medit_parse","case 'B'","MUTATING_REVIEW","OLC/object/flag mutation","    case 'B':
      OLC_MODE(d) = MEDIT_AFF_FLAGS;
      medit_disp_aff_flags(d);
      return;"
"src\medit.c","1029","medit_parse","line","MUTATING_REVIEW","OLC/object/flag mutation","  1027:     case 'b':
  1028:     case 'B':
  1029:       OLC_MODE(d) = MEDIT_AFF_FLAGS;
  1030:       medit_disp_aff_flags(d);
  1031:       return;
  1032:     case 'p':"
"src\medit.c","1033","medit_parse","case 'P'","MUTATING_REVIEW","OLC/object/flag mutation","    case 'P':
      OLC_MODE(d) = MEDIT_PET_PRICE;
      write_to_output(d, ""Enter pet price in gold (0 = automatic): "");
      return;"
"src\medit.c","1034","medit_parse","line","MUTATING_REVIEW","OLC/object/flag mutation","  1032:     case 'p':
  1033:     case 'P':
  1034:       OLC_MODE(d) = MEDIT_PET_PRICE;
  1035:       write_to_output(d, ""Enter pet price in gold (0 = automatic): "");
  1036:       return;
  1037:     case 'r':"
"src\medit.c","1042","medit_parse","case 'Y'","MUTATING_REVIEW","OLC/object/flag mutation","    case 'Y':
      builder_refs_display(d, BREF_MOB, OLC_NUM(d), ""Mobile"");
      OLC_MODE(d) = MEDIT_REFERENCES;
      return;"
"src\medit.c","1044","medit_parse","line","MUTATING_REVIEW","OLC/object/flag mutation","  1042:     case 'Y':
  1043:       builder_refs_display(d, BREF_MOB, OLC_NUM(d), ""Mobile"");
  1044:       OLC_MODE(d) = MEDIT_REFERENCES;
  1045:       return;
  1046:     case 'w':
  1047:     case 'W':"
"src\medit.c","1047","medit_parse","case 'W'","MUTATING_REVIEW","OLC/object/flag mutation","    case 'W':
      write_to_output(d, ""Copy what mob? "");
      OLC_MODE(d) = MEDIT_COPY;
      return;"
"src\medit.c","1049","medit_parse","line","MUTATING_REVIEW","OLC/object/flag mutation","  1047:     case 'W':
  1048:       write_to_output(d, ""Copy what mob? "");
  1049:       OLC_MODE(d) = MEDIT_COPY;
  1050:       return;
  1051:     case 'x':
  1052:     case 'X':"
"src\medit.c","1052","medit_parse","case 'X'","MUTATING_REVIEW","OLC/object/flag mutation","    case 'X':
      write_to_output(d, ""Are you sure you want to delete this mobile? "");
      OLC_MODE(d) = MEDIT_DELETE;
      return;"
"src\medit.c","1054","medit_parse","line","MUTATING_REVIEW","OLC/object/flag mutation","  1052:     case 'X':
  1053:       write_to_output(d, ""Are you sure you want to delete this mobile? "");
  1054:       OLC_MODE(d) = MEDIT_DELETE;
  1055:       return;
  1056:     case 's':
  1057:     case 'S':"
"src\medit.c","1057","medit_parse","case 'S'","MUTATING_REVIEW","OLC/object/flag mutation","    case 'S':
      OLC_SCRIPT_EDIT_MODE(d) = SCRIPT_MAIN_MENU;
      dg_script_menu(d);
      return;"
"src\medit.c","1058","medit_parse","line","MUTATING_REVIEW","OLC/object/flag mutation","  1056:     case 's':
  1057:     case 'S':
  1058:       OLC_SCRIPT_EDIT_MODE(d) = SCRIPT_MAIN_MENU;
  1059:       dg_script_menu(d);
  1060:       return;
  1061:     default:"
"src\medit.c","1086","medit_parse","case '1'","MUTATING_REVIEW","OLC/object/flag mutation","    case '1':  /* Edit level */
      OLC_MODE(d) = MEDIT_LEVEL;
      i++;
      break;"
"src\medit.c","1087","medit_parse","line","MUTATING_REVIEW","OLC/object/flag mutation","  1085:       return;
  1086:     case '1':  /* Edit level */
  1087:       OLC_MODE(d) = MEDIT_LEVEL;
  1088:       i++;
  1089:       break;
  1090:     case '2':  /* Autoroll stats */"
"src\medit.c","1090","medit_parse","case '2'","MUTATING_REVIEW","OLC/object/flag mutation","    case '2':  /* Autoroll stats */
      medit_autoroll_stats(d);
      medit_disp_stats_menu(d);
      OLC_VAL(d) = TRUE;
      return;"
"src\medit.c","1093","medit_parse","line","MUTATING_REVIEW","OLC/object/flag mutation","  1091:       medit_autoroll_stats(d);
  1092:       medit_disp_stats_menu(d);
  1093:       OLC_VAL(d) = TRUE;
  1094:       return;
  1095:     case '3':
  1096:       OLC_MODE(d) = MEDIT_NUM_HP_DICE;"
"src\medit.c","1095","medit_parse","case '3'","MUTATING_REVIEW","OLC/object/flag mutation","    case '3':
      OLC_MODE(d) = MEDIT_NUM_HP_DICE;
      i++;
      break;"
"src\medit.c","1096","medit_parse","line","MUTATING_REVIEW","OLC/object/flag mutation","  1094:       return;
  1095:     case '3':
  1096:       OLC_MODE(d) = MEDIT_NUM_HP_DICE;
  1097:       i++;
  1098:       break;
  1099:     case '4':"
"src\medit.c","1099","medit_parse","case '4'","MUTATING_REVIEW","OLC/object/flag mutation","    case '4':
      OLC_MODE(d) = MEDIT_SIZE_HP_DICE;
      i++;
      break;"
"src\medit.c","1100","medit_parse","line","MUTATING_REVIEW","OLC/object/flag mutation","  1098:       break;
  1099:     case '4':
  1100:       OLC_MODE(d) = MEDIT_SIZE_HP_DICE;
  1101:       i++;
  1102:       break;
  1103:     case '5':"
"src\medit.c","1103","medit_parse","case '5'","MUTATING_REVIEW","OLC/object/flag mutation","    case '5':
      OLC_MODE(d) = MEDIT_ADD_HP;
      i++;
      break;"
"src\medit.c","1104","medit_parse","line","MUTATING_REVIEW","OLC/object/flag mutation","  1102:       break;
  1103:     case '5':
  1104:       OLC_MODE(d) = MEDIT_ADD_HP;
  1105:       i++;
  1106:       break;
  1107:     case '6':"
"src\medit.c","1107","medit_parse","case '6'","MUTATING_REVIEW","OLC/object/flag mutation","    case '6':
      OLC_MODE(d) = MEDIT_NDD;
      i++;
      break;"
"src\medit.c","1108","medit_parse","line","MUTATING_REVIEW","OLC/object/flag mutation","  1106:       break;
  1107:     case '6':
  1108:       OLC_MODE(d) = MEDIT_NDD;
  1109:       i++;
  1110:       break;
  1111:     case '7':"
"src\medit.c","1111","medit_parse","case '7'","MUTATING_REVIEW","OLC/object/flag mutation","    case '7':
      OLC_MODE(d) = MEDIT_SDD;
      i++;
      break;"
"src\medit.c","1112","medit_parse","line","MUTATING_REVIEW","OLC/object/flag mutation","  1110:       break;
  1111:     case '7':
  1112:       OLC_MODE(d) = MEDIT_SDD;
  1113:       i++;
  1114:       break;
  1115:     case '8':"
"src\medit.c","1115","medit_parse","case '8'","MUTATING_REVIEW","OLC/object/flag mutation","    case '8':
      OLC_MODE(d) = MEDIT_DAMROLL;
      i++;
      break;"
"src\medit.c","1116","medit_parse","line","MUTATING_REVIEW","OLC/object/flag mutation","  1114:       break;
  1115:     case '8':
  1116:       OLC_MODE(d) = MEDIT_DAMROLL;
  1117:       i++;
  1118:       break;
  1119:     case 'a':"
"src\medit.c","1120","medit_parse","case 'A'","MUTATING_REVIEW","OLC/object/flag mutation","    case 'A':
      OLC_MODE(d) = MEDIT_AC;
      i++;
      break;"
"src\medit.c","1121","medit_parse","line","MUTATING_REVIEW","OLC/object/flag mutation","  1119:     case 'a':
  1120:     case 'A':
  1121:       OLC_MODE(d) = MEDIT_AC;
  1122:       i++;
  1123:       break;
  1124:     case 'b':"
"src\medit.c","1125","medit_parse","case 'B'","MUTATING_REVIEW","OLC/object/flag mutation","    case 'B':
      OLC_MODE(d) = MEDIT_HITROLL;
      i++;
      break;"
"src\medit.c","1126","medit_parse","line","MUTATING_REVIEW","OLC/object/flag mutation","  1124:     case 'b':
  1125:     case 'B':
  1126:       OLC_MODE(d) = MEDIT_HITROLL;
  1127:       i++;
  1128:       break;
  1129:     case 'd':"
"src\medit.c","1130","medit_parse","case 'D'","MUTATING_REVIEW","OLC/object/flag mutation","    case 'D':
      OLC_MODE(d) = MEDIT_ALIGNMENT;
      i++;
      break;"
"src\medit.c","1131","medit_parse","line","MUTATING_REVIEW","OLC/object/flag mutation","  1129:     case 'd':
  1130:     case 'D':
  1131:       OLC_MODE(d) = MEDIT_ALIGNMENT;
  1132:       i++;
  1133:       break;
  1134:     case 'c':"
"src\medit.c","1135","medit_parse","case 'C'","MUTATING_REVIEW","OLC/object/flag mutation","    case 'C':
      OLC_MODE(d) = MEDIT_EVASION;
      i++;
      break;"
"src\medit.c","1136","medit_parse","line","MUTATING_REVIEW","OLC/object/flag mutation","  1134:     case 'c':
  1135:     case 'C':
  1136:       OLC_MODE(d) = MEDIT_EVASION;
  1137:       i++;
  1138:       break;
  1139:     case 'e':"
"src\medit.c","1140","medit_parse","case 'E'","MUTATING_REVIEW","OLC/object/flag mutation","    case 'E':
      OLC_MODE(d) = MEDIT_WIMPY_THRESH;
      i++;
      break;"
"src\medit.c","1141","medit_parse","line","MUTATING_REVIEW","OLC/object/flag mutation","  1139:     case 'e':
  1140:     case 'E':
  1141:       OLC_MODE(d) = MEDIT_WIMPY_THRESH;
  1142:       i++;
  1143:       break;
  1144:     case 'f':"
"src\medit.c","1145","medit_parse","case 'F'","MUTATING_REVIEW","OLC/object/flag mutation","    case 'F':
      OLC_MODE(d) = MEDIT_EXP;
      i++;
      break;"
"src\medit.c","1146","medit_parse","line","MUTATING_REVIEW","OLC/object/flag mutation","  1144:     case 'f':
  1145:     case 'F':
  1146:       OLC_MODE(d) = MEDIT_EXP;
  1147:       i++;
  1148:       break;
  1149:     case 'g':"
"src\medit.c","1150","medit_parse","case 'G'","MUTATING_REVIEW","OLC/object/flag mutation","    case 'G':
      OLC_MODE(d) = MEDIT_GOLD;
      write_to_output(d, ""Enter gold min and max (example: 10 50) or a single value: "");
      return;"
"src\medit.c","1151","medit_parse","line","MUTATING_REVIEW","OLC/object/flag mutation","  1149:     case 'g':
  1150:     case 'G':
  1151:       OLC_MODE(d) = MEDIT_GOLD;
  1152:       write_to_output(d, ""Enter gold min and max (example: 10 50) or a single value: "");
  1153:       return;
  1154:     case 'h':"
"src\medit.c","1155","medit_parse","case 'H'","MUTATING_REVIEW","OLC/object/flag mutation","    case 'H':
      OLC_MODE(d) = MEDIT_STR;
      write_to_output(d, ""\r\nEnter Strength base value [3-25]: "");
      return;"
"src\medit.c","1156","medit_parse","line","MUTATING_REVIEW","OLC/object/flag mutation","  1154:     case 'h':
  1155:     case 'H':
  1156:       OLC_MODE(d) = MEDIT_STR;
  1157:       write_to_output(d, ""\r\nEnter Strength base value [3-25]: "");
  1158:       return;
  1159:     case 'i':"
"src\medit.c","1160","medit_parse","case 'I'","MUTATING_REVIEW","OLC/object/flag mutation","    case 'I':
      OLC_MODE(d) = MEDIT_INT;
      i++;
      break;"
"src\medit.c","1161","medit_parse","line","MUTATING_REVIEW","OLC/object/flag mutation","  1159:     case 'i':
  1160:     case 'I':
  1161:       OLC_MODE(d) = MEDIT_INT;
  1162:       i++;
  1163:       break;
  1164:     case 'j':"
"src\medit.c","1165","medit_parse","case 'J'","MUTATING_REVIEW","OLC/object/flag mutation","    case 'J':
      OLC_MODE(d) = MEDIT_WIS;
      i++;
      break;"
"src\medit.c","1166","medit_parse","line","MUTATING_REVIEW","OLC/object/flag mutation","  1164:     case 'j':
  1165:     case 'J':
  1166:       OLC_MODE(d) = MEDIT_WIS;
  1167:       i++;
  1168:       break;
  1169:     case 'k':"
"src\medit.c","1170","medit_parse","case 'K'","MUTATING_REVIEW","OLC/object/flag mutation","    case 'K':
      OLC_MODE(d) = MEDIT_DEX;
      i++;
      break;"
"src\medit.c","1171","medit_parse","line","MUTATING_REVIEW","OLC/object/flag mutation","  1169:     case 'k':
  1170:     case 'K':
  1171:       OLC_MODE(d) = MEDIT_DEX;
  1172:       i++;
  1173:       break;
  1174:     case 'l':"
"src\medit.c","1175","medit_parse","case 'L'","MUTATING_REVIEW","OLC/object/flag mutation","    case 'L':
      OLC_MODE(d) = MEDIT_CON;
      i++;
      break;"
"src\medit.c","1176","medit_parse","line","MUTATING_REVIEW","OLC/object/flag mutation","  1174:     case 'l':
  1175:     case 'L':
  1176:       OLC_MODE(d) = MEDIT_CON;
  1177:       i++;
  1178:       break;
  1179:     case 'm':"
"src\medit.c","1180","medit_parse","case 'M'","MUTATING_REVIEW","OLC/object/flag mutation","    case 'M':
      OLC_MODE(d) = MEDIT_CHA;
      i++;
      break;"
"src\medit.c","1181","medit_parse","line","MUTATING_REVIEW","OLC/object/flag mutation","  1179:     case 'm':
  1180:     case 'M':
  1181:       OLC_MODE(d) = MEDIT_CHA;
  1182:       i++;
  1183:       break;
  1184:     case 'n':"
"src\medit.c","1185","medit_parse","case 'N'","MUTATING_REVIEW","OLC/object/flag mutation","    case 'N':
      OLC_MODE(d) = MEDIT_PARA;
      i++;
      break;"
"src\medit.c","1186","medit_parse","line","MUTATING_REVIEW","OLC/object/flag mutation","  1184:     case 'n':
  1185:     case 'N':
  1186:       OLC_MODE(d) = MEDIT_PARA;
  1187:       i++;
  1188:       break;
  1189:     case 'o':"
"src\medit.c","1190","medit_parse","case 'O'","MUTATING_REVIEW","OLC/object/flag mutation","    case 'O':
      OLC_MODE(d) = MEDIT_ROD;
      i++;
      break;"
"src\medit.c","1191","medit_parse","line","MUTATING_REVIEW","OLC/object/flag mutation","  1189:     case 'o':
  1190:     case 'O':
  1191:       OLC_MODE(d) = MEDIT_ROD;
  1192:       i++;
  1193:       break;
  1194:     case 'p':"
"src\medit.c","1195","medit_parse","case 'P'","MUTATING_REVIEW","OLC/object/flag mutation","    case 'P':
      OLC_MODE(d) = MEDIT_PETRI;
      i++;
      break;"
"src\medit.c","1196","medit_parse","line","MUTATING_REVIEW","OLC/object/flag mutation","  1194:     case 'p':
  1195:     case 'P':
  1196:       OLC_MODE(d) = MEDIT_PETRI;
  1197:       i++;
  1198:       break;
  1199:     case 'r':"
"src\medit.c","1200","medit_parse","case 'R'","MUTATING_REVIEW","OLC/object/flag mutation","    case 'R':
      OLC_MODE(d) = MEDIT_BREATH;
      i++;
      break;"
"src\medit.c","1201","medit_parse","line","MUTATING_REVIEW","OLC/object/flag mutation","  1199:     case 'r':
  1200:     case 'R':
  1201:       OLC_MODE(d) = MEDIT_BREATH;
  1202:       i++;
  1203:       break;
  1204:     case 's':"
"src\medit.c","1205","medit_parse","case 'S'","MUTATING_REVIEW","OLC/object/flag mutation","    case 'S':
      OLC_MODE(d) = MEDIT_SPELL;
      i++;
      break;"
"src\medit.c","1206","medit_parse","line","MUTATING_REVIEW","OLC/object/flag mutation","  1204:     case 's':
  1205:     case 'S':
  1206:       OLC_MODE(d) = MEDIT_SPELL;
  1207:       i++;
  1208:       break;
  1209:     default:"
"src\medit.c","1232","medit_parse","line","MUTATING_REVIEW","OLC/object/flag mutation","  1230:     if (GET_ALIAS(OLC_MOB(d)))
  1231:       free(GET_ALIAS(OLC_MOB(d)));
  1232:     GET_ALIAS(OLC_MOB(d)) = str_udup(arg);
  1233:     break;
  1234: 
  1235:   case MEDIT_S_DESC:"
"src\medit.c","1239","medit_parse","line","MUTATING_REVIEW","OLC/object/flag mutation","  1237:     if (GET_SDESC(OLC_MOB(d)))
  1238:       free(GET_SDESC(OLC_MOB(d)));
  1239:     GET_SDESC(OLC_MOB(d)) = str_udup(arg);
  1240:     break;
  1241: 
  1242:   case MEDIT_L_DESC:"
"src\medit.c","1249","medit_parse","line","MUTATING_REVIEW","OLC/object/flag mutation","  1247:       char buf[MAX_INPUT_LENGTH];
  1248:       snprintf(buf, sizeof(buf), ""%s\r\n"", arg);
  1249:       GET_LDESC(OLC_MOB(d)) = strdup(buf);
  1250:     } else
  1251:       GET_LDESC(OLC_MOB(d)) = strdup(""undefined"");
  1252: "
"src\medit.c","1251","medit_parse","line","MUTATING_REVIEW","OLC/object/flag mutation","  1249:       GET_LDESC(OLC_MOB(d)) = strdup(buf);
  1250:     } else
  1251:       GET_LDESC(OLC_MOB(d)) = strdup(""undefined"");
  1252: 
  1253:     break;
  1254: "
"src\medit.c","1272","medit_parse","line","MUTATING_REVIEW","OLC/object/flag mutation","  1270:        return;
  1271:     } else if (j <= NUM_MOB_FLAGS) {
  1272:       TOGGLE_BIT_AR(MOB_FLAGS(OLC_MOB(d)), (j));
  1273:     }
  1274:     medit_disp_mob_flags(d);
  1275:     return;"
"src\medit.c","1281","medit_parse","line","MUTATING_REVIEW","OLC/object/flag mutation","  1279:       break;
  1280:     else if (i < NUM_AFF_FLAGS)
  1281:       TOGGLE_BIT_AR(AFF_FLAGS(OLC_MOB(d)), i);
  1282: 
  1283:     /* Remove unwanted bits right away. */
  1284:     REMOVE_BIT_AR(AFF_FLAGS(OLC_MOB(d)), AFF_CHARM);"
"src\medit.c","1296","medit_parse","line","MUTATING_REVIEW","OLC/object/flag mutation","  1294:         if (OLC_STORAGE(d)) {
  1295:           free(OLC_STORAGE(d));
  1296:           OLC_STORAGE(d) = NULL;
  1297:         }
  1298:         medit_disp_menu(d);
  1299:         return;"
"src\medit.c","1301","medit_parse","case 'A'","MUTATING_REVIEW","OLC/object/flag mutation","      case 'A':
        OLC_MODE(d) = MEDIT_LOADOUT_EQUIP_VNUM;
        write_to_output(d, ""Enter object vnum to equip (Q to cancel): "");
        return;"
"src\medit.c","1302","medit_parse","line","MUTATING_REVIEW","OLC/object/flag mutation","  1300:       case 'a':
  1301:       case 'A':
  1302:         OLC_MODE(d) = MEDIT_LOADOUT_EQUIP_VNUM;
  1303:         write_to_output(d, ""Enter object vnum to equip (Q to cancel): "");
  1304:         return;
  1305:       case 'b':"
"src\medit.c","1306","medit_parse","case 'B'","MUTATING_REVIEW","OLC/object/flag mutation","      case 'B':
        OLC_MODE(d) = MEDIT_LOADOUT_INV_VNUM;
        write_to_output(d, ""Enter object vnum to add to inventory (Q to cancel): "");
        return;"
"src\medit.c","1307","medit_parse","line","MUTATING_REVIEW","OLC/object/flag mutation","  1305:       case 'b':
  1306:       case 'B':
  1307:         OLC_MODE(d) = MEDIT_LOADOUT_INV_VNUM;
  1308:         write_to_output(d, ""Enter object vnum to add to inventory (Q to cancel): "");
  1309:         return;
  1310:       case 'c':"
"src\medit.c","1311","medit_parse","case 'C'","MUTATING_REVIEW","OLC/object/flag mutation","      case 'C':
        OLC_MODE(d) = MEDIT_LOADOUT_LOOT_VNUM;
        write_to_output(d, ""Enter object vnum to add to loot table (Q to cancel): "");
        return;"
"src\medit.c","1312","medit_parse","line","MUTATING_REVIEW","OLC/object/flag mutation","  1310:       case 'c':
  1311:       case 'C':
  1312:         OLC_MODE(d) = MEDIT_LOADOUT_LOOT_VNUM;
  1313:         write_to_output(d, ""Enter object vnum to add to loot table (Q to cancel): "");
  1314:         return;
  1315:       case 'd':"
"src\medit.c","1316","medit_parse","case 'D'","MUTATING_REVIEW","OLC/object/flag mutation","      case 'D':
      {
        struct char_data *mob = OLC_MOB(d);
        OLC_MODE(d) = MEDIT_LOADOUT_REMOVE_EQUIP;
        if (mob->mob_specials.equip_loadout_count <= 0) {
          write_to_output(d, ""There are no equipped items to remove.\r\n"");
          medit_disp_loadout_menu(d);
          return;"
"src\medit.c","1319","medit_parse","line","MUTATING_REVIEW","OLC/object/flag mutation","  1317:       {
  1318:         struct char_data *mob = OLC_MOB(d);
  1319:         OLC_MODE(d) = MEDIT_LOADOUT_REMOVE_EQUIP;
  1320:         if (mob->mob_specials.equip_loadout_count <= 0) {
  1321:           write_to_output(d, ""There are no equipped items to remove.\r\n"");
  1322:           medit_disp_loadout_menu(d);"
"src\medit.c","1329","medit_parse","case 'E'","MUTATING_REVIEW","OLC/object/flag mutation","      case 'E':
      {
        struct char_data *mob = OLC_MOB(d);
        OLC_MODE(d) = MEDIT_LOADOUT_REMOVE_INV;
        if (mob->mob_specials.inventory_loadout_count <= 0) {
          write_to_output(d, ""There are no inventory items to remove.\r\n"");
          medit_disp_loadout_menu(d);
          return;"
"src\medit.c","1332","medit_parse","line","MUTATING_REVIEW","OLC/object/flag mutation","  1330:       {
  1331:         struct char_data *mob = OLC_MOB(d);
  1332:         OLC_MODE(d) = MEDIT_LOADOUT_REMOVE_INV;
  1333:         if (mob->mob_specials.inventory_loadout_count <= 0) {
  1334:           write_to_output(d, ""There are no inventory items to remove.\r\n"");
  1335:           medit_disp_loadout_menu(d);"
"src\medit.c","1342","medit_parse","case 'F'","MUTATING_REVIEW","OLC/object/flag mutation","      case 'F':
      {
        struct char_data *mob = OLC_MOB(d);
        OLC_MODE(d) = MEDIT_LOADOUT_REMOVE_LOOT;
        if (mob->mob_specials.loot_table_count <= 0) {
          write_to_output(d, ""There are no loot entries to remove.\r\n"");
          medit_disp_loadout_menu(d);
          return;"
"src\medit.c","1345","medit_parse","line","MUTATING_REVIEW","OLC/object/flag mutation","  1343:       {
  1344:         struct char_data *mob = OLC_MOB(d);
  1345:         OLC_MODE(d) = MEDIT_LOADOUT_REMOVE_LOOT;
  1346:         if (mob->mob_specials.loot_table_count <= 0) {
  1347:           write_to_output(d, ""There are no loot entries to remove.\r\n"");
  1348:           medit_disp_loadout_menu(d);"
"src\medit.c","1377","medit_parse","line","MUTATING_REVIEW","OLC/object/flag mutation","  1375:     if (OLC_STORAGE(d))
  1376:       snprintf(OLC_STORAGE(d), 32, ""%d"", i);
  1377:     OLC_MODE(d) = MEDIT_LOADOUT_EQUIP_SLOT;
  1378:     medit_disp_slot_picker(d, ""Choose equip slot:"", ""Enter visible slot choice (or Q to cancel): "");
  1379:     return;
  1380: "
"src\medit.c","1391","medit_parse","line","MUTATING_REVIEW","OLC/object/flag mutation","  1389:       if (OLC_STORAGE(d)) {
  1390:         free(OLC_STORAGE(d));
  1391:         OLC_STORAGE(d) = NULL;
  1392:       }
  1393:       medit_disp_loadout_menu(d);
  1394:       return;"
"src\medit.c","1422","medit_parse","line","MUTATING_REVIEW","OLC/object/flag mutation","  1420:       if (OLC_STORAGE(d)) {
  1421:         free(OLC_STORAGE(d));
  1422:         OLC_STORAGE(d) = NULL;
  1423:       }
  1424:       medit_disp_loadout_menu(d);
  1425:       return;"
"src\medit.c","1430","medit_parse","line","MUTATING_REVIEW","OLC/object/flag mutation","  1428:     for (idx = 0; idx < mob->mob_specials.equip_loadout_count; idx++) {
  1429:       if (mob->mob_specials.equip_loadout[idx].wear_pos == slot) {
  1430:         OLC_MODE(d) = MEDIT_LOADOUT_EQUIP_REPLACE;
  1431:         if (OLC_STORAGE(d))
  1432:           free(OLC_STORAGE(d));
  1433:         CREATE(OLC_STORAGE(d), char, 48);"
"src\medit.c","1450","medit_parse","line","MUTATING_REVIEW","OLC/object/flag mutation","  1448:       if (OLC_STORAGE(d)) {
  1449:         free(OLC_STORAGE(d));
  1450:         OLC_STORAGE(d) = NULL;
  1451:       }
  1452:       medit_disp_loadout_menu(d);
  1453:       return;"
"src\medit.c","1459","medit_parse","line","MUTATING_REVIEW","OLC/object/flag mutation","  1457:     mob->mob_specials.equip_loadout[idx].vnum = obj_index[ornum].vnum;
  1458:     mob->mob_specials.equip_loadout[idx].wear_pos = slot;
  1459:     OLC_VAL(d) = TRUE;
  1460:     if (OLC_STORAGE(d)) {
  1461:       free(OLC_STORAGE(d));
  1462:       OLC_STORAGE(d) = NULL;"
"src\medit.c","1462","medit_parse","line","MUTATING_REVIEW","OLC/object/flag mutation","  1460:     if (OLC_STORAGE(d)) {
  1461:       free(OLC_STORAGE(d));
  1462:       OLC_STORAGE(d) = NULL;
  1463:     }
  1464:     medit_disp_loadout_menu(d);
  1465:     return;"
"src\medit.c","1485","medit_parse","line","MUTATING_REVIEW","OLC/object/flag mutation","  1483:         idx >= 0 && idx < mob->mob_specials.equip_loadout_count) {
  1484:       mob->mob_specials.equip_loadout[idx].vnum = new_vnum;
  1485:       OLC_VAL(d) = TRUE;
  1486:     } else if (!(*arg == 'n' || *arg == 'N')) {
  1487:       write_to_output(d, ""Please answer Y or N: "");
  1488:       return;"
"src\medit.c","1492","medit_parse","line","MUTATING_REVIEW","OLC/object/flag mutation","  1490:     if (OLC_STORAGE(d)) {
  1491:       free(OLC_STORAGE(d));
  1492:       OLC_STORAGE(d) = NULL;
  1493:     }
  1494:     medit_disp_loadout_menu(d);
  1495:     return;"
"src\medit.c","1516","medit_parse","line","MUTATING_REVIEW","OLC/object/flag mutation","  1514:     if (OLC_STORAGE(d))
  1515:       snprintf(OLC_STORAGE(d), 32, ""%d"", i);
  1516:     OLC_MODE(d) = MEDIT_LOADOUT_INV_COUNT;
  1517:     write_to_output(d, ""Enter count (1+; Q to cancel): "");
  1518:     return;
  1519: "
"src\medit.c","1527","medit_parse","line","MUTATING_REVIEW","OLC/object/flag mutation","  1525:       if (OLC_STORAGE(d)) {
  1526:         free(OLC_STORAGE(d));
  1527:         OLC_STORAGE(d) = NULL;
  1528:       }
  1529:       medit_disp_loadout_menu(d);
  1530:       return;"
"src\medit.c","1540","medit_parse","line","MUTATING_REVIEW","OLC/object/flag mutation","  1538:       if (OLC_STORAGE(d)) {
  1539:         free(OLC_STORAGE(d));
  1540:         OLC_STORAGE(d) = NULL;
  1541:       }
  1542:       medit_disp_loadout_menu(d);
  1543:       return;"
"src\medit.c","1548","medit_parse","line","MUTATING_REVIEW","OLC/object/flag mutation","  1546:     mob->mob_specials.inventory_loadout[idx].vnum = OLC_STORAGE(d) ? atoi(OLC_STORAGE(d)) : NOTHING;
  1547:     mob->mob_specials.inventory_loadout[idx].count = i;
  1548:     OLC_VAL(d) = TRUE;
  1549:     if (OLC_STORAGE(d)) {
  1550:       free(OLC_STORAGE(d));
  1551:       OLC_STORAGE(d) = NULL;"
"src\medit.c","1551","medit_parse","line","MUTATING_REVIEW","OLC/object/flag mutation","  1549:     if (OLC_STORAGE(d)) {
  1550:       free(OLC_STORAGE(d));
  1551:       OLC_STORAGE(d) = NULL;
  1552:     }
  1553:     medit_disp_loadout_menu(d);
  1554:     return;"
"src\medit.c","1575","medit_parse","line","MUTATING_REVIEW","OLC/object/flag mutation","  1573:     if (OLC_STORAGE(d))
  1574:       snprintf(OLC_STORAGE(d), 32, ""%d"", i);
  1575:     OLC_MODE(d) = MEDIT_LOADOUT_LOOT_CHANCE;
  1576:     write_to_output(d, ""Enter drop chance percent (1-100; Q to cancel): "");
  1577:     return;
  1578: "
"src\medit.c","1586","medit_parse","line","MUTATING_REVIEW","OLC/object/flag mutation","  1584:       if (OLC_STORAGE(d)) {
  1585:         free(OLC_STORAGE(d));
  1586:         OLC_STORAGE(d) = NULL;
  1587:       }
  1588:       medit_disp_loadout_menu(d);
  1589:       return;"
"src\medit.c","1599","medit_parse","line","MUTATING_REVIEW","OLC/object/flag mutation","  1597:       if (mob->mob_specials.loot_table[idx].vnum == target_vnum) {
  1598:         mob->mob_specials.loot_table[idx].chance = i;
  1599:         OLC_VAL(d) = TRUE;
  1600:         write_to_output(d, ""Loot item [%d] already existed; updated its drop chance to %d%%.\r\n"", target_vnum, i);
  1601:         if (OLC_STORAGE(d)) {
  1602:           free(OLC_STORAGE(d));"
"src\medit.c","1603","medit_parse","line","MUTATING_REVIEW","OLC/object/flag mutation","  1601:         if (OLC_STORAGE(d)) {
  1602:           free(OLC_STORAGE(d));
  1603:           OLC_STORAGE(d) = NULL;
  1604:         }
  1605:         medit_disp_loadout_menu(d);
  1606:         return;"
"src\medit.c","1613","medit_parse","line","MUTATING_REVIEW","OLC/object/flag mutation","  1611:       if (OLC_STORAGE(d)) {
  1612:         free(OLC_STORAGE(d));
  1613:         OLC_STORAGE(d) = NULL;
  1614:       }
  1615:       medit_disp_loadout_menu(d);
  1616:       return;"
"src\medit.c","1621","medit_parse","line","MUTATING_REVIEW","OLC/object/flag mutation","  1619:     mob->mob_specials.loot_table[idx].vnum = target_vnum;
  1620:     mob->mob_specials.loot_table[idx].chance = i;
  1621:     OLC_VAL(d) = TRUE;
  1622:     if (OLC_STORAGE(d)) {
  1623:       free(OLC_STORAGE(d));
  1624:       OLC_STORAGE(d) = NULL;"
"src\medit.c","1624","medit_parse","line","MUTATING_REVIEW","OLC/object/flag mutation","  1622:     if (OLC_STORAGE(d)) {
  1623:       free(OLC_STORAGE(d));
  1624:       OLC_STORAGE(d) = NULL;
  1625:     }
  1626:     medit_disp_loadout_menu(d);
  1627:     return;"
"src\medit.c","1653","medit_parse","line","MUTATING_REVIEW","OLC/object/flag mutation","  1651:           mob->mob_specials.equip_loadout[idx] = mob->mob_specials.equip_loadout[idx + 1];
  1652:         mob->mob_specials.equip_loadout_count--;
  1653:         OLC_VAL(d) = TRUE;
  1654:         medit_disp_loadout_menu(d);
  1655:         return;
  1656:       }"
"src\medit.c","1684","medit_parse","line","MUTATING_REVIEW","OLC/object/flag mutation","  1682:       mob->mob_specials.inventory_loadout[idx] = mob->mob_specials.inventory_loadout[idx + 1];
  1683:     mob->mob_specials.inventory_loadout_count--;
  1684:     OLC_VAL(d) = TRUE;
  1685:     medit_disp_loadout_menu(d);
  1686:     return;
  1687:   }"
"src\medit.c","1710","medit_parse","line","MUTATING_REVIEW","OLC/object/flag mutation","  1708:       mob->mob_specials.loot_table[idx] = mob->mob_specials.loot_table[idx + 1];
  1709:     mob->mob_specials.loot_table_count--;
  1710:     OLC_VAL(d) = TRUE;
  1711:     medit_disp_loadout_menu(d);
  1712:     return;
  1713:   }"
"src\medit.c","1717","medit_parse","case MEDIT_SEX","MUTATING_REVIEW","OLC/object/flag mutation","  case MEDIT_SEX:
    GET_SEX(OLC_MOB(d)) = LIMIT(i - 1, 0, NUM_GENDERS - 1);
    break;"
"src\medit.c","1718","medit_parse","line","MUTATING_REVIEW","OLC/object/flag mutation","  1716: 
  1717:   case MEDIT_SEX:
  1718:     GET_SEX(OLC_MOB(d)) = LIMIT(i - 1, 0, NUM_GENDERS - 1);
  1719:     break;
  1720: 
  1721:   case MEDIT_HITROLL:"
"src\medit.c","1721","medit_parse","case MEDIT_HITROLL","MUTATING_REVIEW","OLC/object/flag mutation","  case MEDIT_HITROLL:
    GET_HITROLL(OLC_MOB(d)) = LIMIT(i, 0, 50);
    OLC_VAL(d) = TRUE;
    medit_disp_stats_menu(d);
    return;"
"src\medit.c","1722","medit_parse","line","MUTATING_REVIEW","OLC/object/flag mutation","  1720: 
  1721:   case MEDIT_HITROLL:
  1722:     GET_HITROLL(OLC_MOB(d)) = LIMIT(i, 0, 50);
  1723:     OLC_VAL(d) = TRUE;
  1724:     medit_disp_stats_menu(d);
  1725:     return;"
"src\medit.c","1723","medit_parse","line","MUTATING_REVIEW","OLC/object/flag mutation","  1721:   case MEDIT_HITROLL:
  1722:     GET_HITROLL(OLC_MOB(d)) = LIMIT(i, 0, 50);
  1723:     OLC_VAL(d) = TRUE;
  1724:     medit_disp_stats_menu(d);
  1725:     return;
  1726: "
"src\medit.c","1727","medit_parse","case MEDIT_WIMPY_THRESH","MUTATING_REVIEW","OLC/object/flag mutation","  case MEDIT_WIMPY_THRESH:
    GET_MOB_WIMP_LEV(OLC_MOB(d)) = LIMIT(i, 0, 30000);
    OLC_VAL(d) = TRUE;
    medit_disp_stats_menu(d);
    return;"
"src\medit.c","1728","medit_parse","line","MUTATING_REVIEW","OLC/object/flag mutation","  1726: 
  1727:   case MEDIT_WIMPY_THRESH:
  1728:     GET_MOB_WIMP_LEV(OLC_MOB(d)) = LIMIT(i, 0, 30000);
  1729:     OLC_VAL(d) = TRUE;
  1730:     medit_disp_stats_menu(d);
  1731:     return;"
"src\medit.c","1729","medit_parse","line","MUTATING_REVIEW","OLC/object/flag mutation","  1727:   case MEDIT_WIMPY_THRESH:
  1728:     GET_MOB_WIMP_LEV(OLC_MOB(d)) = LIMIT(i, 0, 30000);
  1729:     OLC_VAL(d) = TRUE;
  1730:     medit_disp_stats_menu(d);
  1731:     return;
  1732: "
"src\medit.c","1733","medit_parse","case MEDIT_DAMROLL","MUTATING_REVIEW","OLC/object/flag mutation","  case MEDIT_DAMROLL:
    GET_DAMROLL(OLC_MOB(d)) = LIMIT(i, 0, 50);
    OLC_VAL(d) = TRUE;
    medit_disp_stats_menu(d);
    return;"
"src\medit.c","1734","medit_parse","line","MUTATING_REVIEW","OLC/object/flag mutation","  1732: 
  1733:   case MEDIT_DAMROLL:
  1734:     GET_DAMROLL(OLC_MOB(d)) = LIMIT(i, 0, 50);
  1735:     OLC_VAL(d) = TRUE;
  1736:     medit_disp_stats_menu(d);
  1737:     return;"
"src\medit.c","1735","medit_parse","line","MUTATING_REVIEW","OLC/object/flag mutation","  1733:   case MEDIT_DAMROLL:
  1734:     GET_DAMROLL(OLC_MOB(d)) = LIMIT(i, 0, 50);
  1735:     OLC_VAL(d) = TRUE;
  1736:     medit_disp_stats_menu(d);
  1737:     return;
  1738: "
"src\medit.c","1739","medit_parse","case MEDIT_NDD","MUTATING_REVIEW","OLC/object/flag mutation","  case MEDIT_NDD:
    GET_NDD(OLC_MOB(d)) = LIMIT(i, 0, 30);
    OLC_VAL(d) = TRUE;
    medit_disp_stats_menu(d);
    return;"
"src\medit.c","1740","medit_parse","line","MUTATING_REVIEW","OLC/object/flag mutation","  1738: 
  1739:   case MEDIT_NDD:
  1740:     GET_NDD(OLC_MOB(d)) = LIMIT(i, 0, 30);
  1741:     OLC_VAL(d) = TRUE;
  1742:     medit_disp_stats_menu(d);
  1743:     return;"
"src\medit.c","1741","medit_parse","line","MUTATING_REVIEW","OLC/object/flag mutation","  1739:   case MEDIT_NDD:
  1740:     GET_NDD(OLC_MOB(d)) = LIMIT(i, 0, 30);
  1741:     OLC_VAL(d) = TRUE;
  1742:     medit_disp_stats_menu(d);
  1743:     return;
  1744: "
"src\medit.c","1745","medit_parse","case MEDIT_SDD","MUTATING_REVIEW","OLC/object/flag mutation","  case MEDIT_SDD:
    GET_SDD(OLC_MOB(d)) = LIMIT(i, 0, 127);
    OLC_VAL(d) = TRUE;
    medit_disp_stats_menu(d);
    return;"
"src\medit.c","1746","medit_parse","line","MUTATING_REVIEW","OLC/object/flag mutation","  1744: 
  1745:   case MEDIT_SDD:
  1746:     GET_SDD(OLC_MOB(d)) = LIMIT(i, 0, 127);
  1747:     OLC_VAL(d) = TRUE;
  1748:     medit_disp_stats_menu(d);
  1749:     return;"
"src\medit.c","1747","medit_parse","line","MUTATING_REVIEW","OLC/object/flag mutation","  1745:   case MEDIT_SDD:
  1746:     GET_SDD(OLC_MOB(d)) = LIMIT(i, 0, 127);
  1747:     OLC_VAL(d) = TRUE;
  1748:     medit_disp_stats_menu(d);
  1749:     return;
  1750: "
"src\medit.c","1751","medit_parse","case MEDIT_NUM_HP_DICE","MUTATING_REVIEW","OLC/object/flag mutation","  case MEDIT_NUM_HP_DICE:
    GET_HIT(OLC_MOB(d)) = LIMIT(i, 0, 30);
    OLC_VAL(d) = TRUE;
    medit_disp_stats_menu(d);
    return;"
"src\medit.c","1752","medit_parse","line","MUTATING_REVIEW","OLC/object/flag mutation","  1750: 
  1751:   case MEDIT_NUM_HP_DICE:
  1752:     GET_HIT(OLC_MOB(d)) = LIMIT(i, 0, 30);
  1753:     OLC_VAL(d) = TRUE;
  1754:     medit_disp_stats_menu(d);
  1755:     return;"
"src\medit.c","1753","medit_parse","line","MUTATING_REVIEW","OLC/object/flag mutation","  1751:   case MEDIT_NUM_HP_DICE:
  1752:     GET_HIT(OLC_MOB(d)) = LIMIT(i, 0, 30);
  1753:     OLC_VAL(d) = TRUE;
  1754:     medit_disp_stats_menu(d);
  1755:     return;
  1756: "
"src\medit.c","1757","medit_parse","case MEDIT_SIZE_HP_DICE","MUTATING_REVIEW","OLC/object/flag mutation","  case MEDIT_SIZE_HP_DICE:
    GET_MANA(OLC_MOB(d)) = LIMIT(i, 0, 1000);
    OLC_VAL(d) = TRUE;
    medit_disp_stats_menu(d);
    return;"
"src\medit.c","1758","medit_parse","line","MUTATING_REVIEW","OLC/object/flag mutation","  1756: 
  1757:   case MEDIT_SIZE_HP_DICE:
  1758:     GET_MANA(OLC_MOB(d)) = LIMIT(i, 0, 1000);
  1759:     OLC_VAL(d) = TRUE;
  1760:     medit_disp_stats_menu(d);
  1761:     return;"
"src\medit.c","1759","medit_parse","line","MUTATING_REVIEW","OLC/object/flag mutation","  1757:   case MEDIT_SIZE_HP_DICE:
  1758:     GET_MANA(OLC_MOB(d)) = LIMIT(i, 0, 1000);
  1759:     OLC_VAL(d) = TRUE;
  1760:     medit_disp_stats_menu(d);
  1761:     return;
  1762: "
"src\medit.c","1763","medit_parse","case MEDIT_ADD_HP","MUTATING_REVIEW","OLC/object/flag mutation","  case MEDIT_ADD_HP:
    GET_MOVE(OLC_MOB(d)) = LIMIT(i, 0, 30000);
    OLC_VAL(d) = TRUE;
    medit_disp_stats_menu(d);
    return;"
"src\medit.c","1764","medit_parse","line","MUTATING_REVIEW","OLC/object/flag mutation","  1762: 
  1763:   case MEDIT_ADD_HP:
  1764:     GET_MOVE(OLC_MOB(d)) = LIMIT(i, 0, 30000);
  1765:     OLC_VAL(d) = TRUE;
  1766:     medit_disp_stats_menu(d);
  1767:     return;"
"src\medit.c","1765","medit_parse","line","MUTATING_REVIEW","OLC/object/flag mutation","  1763:   case MEDIT_ADD_HP:
  1764:     GET_MOVE(OLC_MOB(d)) = LIMIT(i, 0, 30000);
  1765:     OLC_VAL(d) = TRUE;
  1766:     medit_disp_stats_menu(d);
  1767:     return;
  1768: "
"src\medit.c","1769","medit_parse","case MEDIT_AC","MUTATING_REVIEW","OLC/object/flag mutation","  case MEDIT_AC:
    GET_AC(OLC_MOB(d)) = LIMIT(i, 0, 200);
    OLC_VAL(d) = TRUE;
    medit_disp_stats_menu(d);
    return;"
"src\medit.c","1770","medit_parse","line","MUTATING_REVIEW","OLC/object/flag mutation","  1768: 
  1769:   case MEDIT_AC:
  1770:     GET_AC(OLC_MOB(d)) = LIMIT(i, 0, 200);
  1771:     OLC_VAL(d) = TRUE;
  1772:     medit_disp_stats_menu(d);
  1773:     return;"
"src\medit.c","1771","medit_parse","line","MUTATING_REVIEW","OLC/object/flag mutation","  1769:   case MEDIT_AC:
  1770:     GET_AC(OLC_MOB(d)) = LIMIT(i, 0, 200);
  1771:     OLC_VAL(d) = TRUE;
  1772:     medit_disp_stats_menu(d);
  1773:     return;
  1774: "
"src\medit.c","1775","medit_parse","case MEDIT_EVASION","MUTATING_REVIEW","OLC/object/flag mutation","  case MEDIT_EVASION:
    GET_EVASION(OLC_MOB(d)) = LIMIT(i, 0, 200);
    OLC_VAL(d) = TRUE;
    medit_disp_stats_menu(d);
    return;"
"src\medit.c","1776","medit_parse","line","MUTATING_REVIEW","OLC/object/flag mutation","  1774: 
  1775:   case MEDIT_EVASION:
  1776:     GET_EVASION(OLC_MOB(d)) = LIMIT(i, 0, 200);
  1777:     OLC_VAL(d) = TRUE;
  1778:     medit_disp_stats_menu(d);
  1779:     return;"
"src\medit.c","1777","medit_parse","line","MUTATING_REVIEW","OLC/object/flag mutation","  1775:   case MEDIT_EVASION:
  1776:     GET_EVASION(OLC_MOB(d)) = LIMIT(i, 0, 200);
  1777:     OLC_VAL(d) = TRUE;
  1778:     medit_disp_stats_menu(d);
  1779:     return;
  1780: "
"src\medit.c","1781","medit_parse","case MEDIT_EXP","MUTATING_REVIEW","OLC/object/flag mutation","  case MEDIT_EXP:
    GET_EXP(OLC_MOB(d)) = LIMIT(i, 0, MAX_MOB_EXP);
    OLC_VAL(d) = TRUE;
    medit_disp_stats_menu(d);
    return;"
"src\medit.c","1782","medit_parse","line","MUTATING_REVIEW","OLC/object/flag mutation","  1780: 
  1781:   case MEDIT_EXP:
  1782:     GET_EXP(OLC_MOB(d)) = LIMIT(i, 0, MAX_MOB_EXP);
  1783:     OLC_VAL(d) = TRUE;
  1784:     medit_disp_stats_menu(d);
  1785:     return;"
"src\medit.c","1783","medit_parse","line","MUTATING_REVIEW","OLC/object/flag mutation","  1781:   case MEDIT_EXP:
  1782:     GET_EXP(OLC_MOB(d)) = LIMIT(i, 0, MAX_MOB_EXP);
  1783:     OLC_VAL(d) = TRUE;
  1784:     medit_disp_stats_menu(d);
  1785:     return;
  1786: "
"src\medit.c","1807","medit_parse","line","MUTATING_REVIEW","OLC/object/flag mutation","  1805:       }
  1806: 
  1807:       OLC_MOB(d)->mob_specials.gold_min = gmin;
  1808:       OLC_MOB(d)->mob_specials.gold_max = gmax;
  1809: 
  1810: "
"src\medit.c","1808","medit_parse","line","MUTATING_REVIEW","OLC/object/flag mutation","  1806: 
  1807:       OLC_MOB(d)->mob_specials.gold_min = gmin;
  1808:       OLC_MOB(d)->mob_specials.gold_max = gmax;
  1809: 
  1810: 
  1811:         OLC_VAL(d) = TRUE;"
"src\medit.c","1811","medit_parse","line","MUTATING_REVIEW","OLC/object/flag mutation","  1809: 
  1810: 
  1811:         OLC_VAL(d) = TRUE;
  1812:       medit_disp_stats_menu(d);
  1813:     }
  1814:       return;"
"src\medit.c","1829","medit_parse","line","MUTATING_REVIEW","OLC/object/flag mutation","  1827:       price = 2000000000LL;
  1828: 
  1829:     GET_PET_PRICE(OLC_MOB(d)) = (int)price;
  1830:     OLC_VAL(d) = TRUE;
  1831:     medit_disp_menu(d);
  1832:     return;"
"src\medit.c","1830","medit_parse","line","MUTATING_REVIEW","OLC/object/flag mutation","  1828: 
  1829:     GET_PET_PRICE(OLC_MOB(d)) = (int)price;
  1830:     OLC_VAL(d) = TRUE;
  1831:     medit_disp_menu(d);
  1832:     return;
  1833:   }"
"src\medit.c","1835","medit_parse","case MEDIT_STR","MUTATING_REVIEW","OLC/object/flag mutation","  case MEDIT_STR:
    GET_STR(OLC_MOB(d)) = LIMIT(i, 3, 25);
    OLC_MOB(d)->real_abils.str = GET_STR(OLC_MOB(d));
    OLC_MODE(d) = MEDIT_STR_ADD;
    OLC_VAL(d) = TRUE;
    write_to_output(d, ""Enter Strength add value [0-100]: "");
    return;"
"src\medit.c","1836","medit_parse","line","MUTATING_REVIEW","OLC/object/flag mutation","  1834: 
  1835:   case MEDIT_STR:
  1836:     GET_STR(OLC_MOB(d)) = LIMIT(i, 3, 25);
  1837:     OLC_MOB(d)->real_abils.str = GET_STR(OLC_MOB(d));
  1838:     OLC_MODE(d) = MEDIT_STR_ADD;
  1839:     OLC_VAL(d) = TRUE;"
"src\medit.c","1837","medit_parse","line","MUTATING_REVIEW","OLC/object/flag mutation","  1835:   case MEDIT_STR:
  1836:     GET_STR(OLC_MOB(d)) = LIMIT(i, 3, 25);
  1837:     OLC_MOB(d)->real_abils.str = GET_STR(OLC_MOB(d));
  1838:     OLC_MODE(d) = MEDIT_STR_ADD;
  1839:     OLC_VAL(d) = TRUE;
  1840:     write_to_output(d, ""Enter Strength add value [0-100]: "");"
"src\medit.c","1838","medit_parse","line","MUTATING_REVIEW","OLC/object/flag mutation","  1836:     GET_STR(OLC_MOB(d)) = LIMIT(i, 3, 25);
  1837:     OLC_MOB(d)->real_abils.str = GET_STR(OLC_MOB(d));
  1838:     OLC_MODE(d) = MEDIT_STR_ADD;
  1839:     OLC_VAL(d) = TRUE;
  1840:     write_to_output(d, ""Enter Strength add value [0-100]: "");
  1841:     return;"
"src\medit.c","1839","medit_parse","line","MUTATING_REVIEW","OLC/object/flag mutation","  1837:     OLC_MOB(d)->real_abils.str = GET_STR(OLC_MOB(d));
  1838:     OLC_MODE(d) = MEDIT_STR_ADD;
  1839:     OLC_VAL(d) = TRUE;
  1840:     write_to_output(d, ""Enter Strength add value [0-100]: "");
  1841:     return;
  1842: "
"src\medit.c","1843","medit_parse","case MEDIT_STR_ADD","MUTATING_REVIEW","OLC/object/flag mutation","  case MEDIT_STR_ADD:
    GET_ADD(OLC_MOB(d)) = LIMIT(i, 0, 100);
    OLC_MOB(d)->real_abils.str_add = GET_ADD(OLC_MOB(d));
    OLC_VAL(d) = TRUE;
    medit_disp_stats_menu(d);
    return;"
"src\medit.c","1844","medit_parse","line","MUTATING_REVIEW","OLC/object/flag mutation","  1842: 
  1843:   case MEDIT_STR_ADD:
  1844:     GET_ADD(OLC_MOB(d)) = LIMIT(i, 0, 100);
  1845:     OLC_MOB(d)->real_abils.str_add = GET_ADD(OLC_MOB(d));
  1846:     OLC_VAL(d) = TRUE;
  1847:     medit_disp_stats_menu(d);"
"src\medit.c","1845","medit_parse","line","MUTATING_REVIEW","OLC/object/flag mutation","  1843:   case MEDIT_STR_ADD:
  1844:     GET_ADD(OLC_MOB(d)) = LIMIT(i, 0, 100);
  1845:     OLC_MOB(d)->real_abils.str_add = GET_ADD(OLC_MOB(d));
  1846:     OLC_VAL(d) = TRUE;
  1847:     medit_disp_stats_menu(d);
  1848:     return;"
"src\medit.c","1846","medit_parse","line","MUTATING_REVIEW","OLC/object/flag mutation","  1844:     GET_ADD(OLC_MOB(d)) = LIMIT(i, 0, 100);
  1845:     OLC_MOB(d)->real_abils.str_add = GET_ADD(OLC_MOB(d));
  1846:     OLC_VAL(d) = TRUE;
  1847:     medit_disp_stats_menu(d);
  1848:     return;
  1849: "
"src\medit.c","1850","medit_parse","case MEDIT_INT","MUTATING_REVIEW","OLC/object/flag mutation","  case MEDIT_INT:
    GET_INT(OLC_MOB(d)) = LIMIT(i, 3, 25);
    OLC_MOB(d)->real_abils.intel = GET_INT(OLC_MOB(d));
    OLC_VAL(d) = TRUE;
    medit_disp_stats_menu(d);
    return;"
"src\medit.c","1851","medit_parse","line","MUTATING_REVIEW","OLC/object/flag mutation","  1849: 
  1850:   case MEDIT_INT:
  1851:     GET_INT(OLC_MOB(d)) = LIMIT(i, 3, 25);
  1852:     OLC_MOB(d)->real_abils.intel = GET_INT(OLC_MOB(d));
  1853:     OLC_VAL(d) = TRUE;
  1854:     medit_disp_stats_menu(d);"
"src\medit.c","1852","medit_parse","line","MUTATING_REVIEW","OLC/object/flag mutation","  1850:   case MEDIT_INT:
  1851:     GET_INT(OLC_MOB(d)) = LIMIT(i, 3, 25);
  1852:     OLC_MOB(d)->real_abils.intel = GET_INT(OLC_MOB(d));
  1853:     OLC_VAL(d) = TRUE;
  1854:     medit_disp_stats_menu(d);
  1855:     return;"
"src\medit.c","1853","medit_parse","line","MUTATING_REVIEW","OLC/object/flag mutation","  1851:     GET_INT(OLC_MOB(d)) = LIMIT(i, 3, 25);
  1852:     OLC_MOB(d)->real_abils.intel = GET_INT(OLC_MOB(d));
  1853:     OLC_VAL(d) = TRUE;
  1854:     medit_disp_stats_menu(d);
  1855:     return;
  1856: "
"src\medit.c","1857","medit_parse","case MEDIT_WIS","MUTATING_REVIEW","OLC/object/flag mutation","  case MEDIT_WIS:
    GET_WIS(OLC_MOB(d)) = LIMIT(i, 3, 25);
    OLC_MOB(d)->real_abils.wis = GET_WIS(OLC_MOB(d));
    OLC_VAL(d) = TRUE;
    medit_disp_stats_menu(d);
    return;"
"src\medit.c","1858","medit_parse","line","MUTATING_REVIEW","OLC/object/flag mutation","  1856: 
  1857:   case MEDIT_WIS:
  1858:     GET_WIS(OLC_MOB(d)) = LIMIT(i, 3, 25);
  1859:     OLC_MOB(d)->real_abils.wis = GET_WIS(OLC_MOB(d));
  1860:     OLC_VAL(d) = TRUE;
  1861:     medit_disp_stats_menu(d);"
"src\medit.c","1859","medit_parse","line","MUTATING_REVIEW","OLC/object/flag mutation","  1857:   case MEDIT_WIS:
  1858:     GET_WIS(OLC_MOB(d)) = LIMIT(i, 3, 25);
  1859:     OLC_MOB(d)->real_abils.wis = GET_WIS(OLC_MOB(d));
  1860:     OLC_VAL(d) = TRUE;
  1861:     medit_disp_stats_menu(d);
  1862:     return;"
"src\medit.c","1860","medit_parse","line","MUTATING_REVIEW","OLC/object/flag mutation","  1858:     GET_WIS(OLC_MOB(d)) = LIMIT(i, 3, 25);
  1859:     OLC_MOB(d)->real_abils.wis = GET_WIS(OLC_MOB(d));
  1860:     OLC_VAL(d) = TRUE;
  1861:     medit_disp_stats_menu(d);
  1862:     return;
  1863: "
"src\medit.c","1864","medit_parse","case MEDIT_DEX","MUTATING_REVIEW","OLC/object/flag mutation","  case MEDIT_DEX:
    GET_DEX(OLC_MOB(d)) = LIMIT(i, 3, 25);
    OLC_MOB(d)->real_abils.dex = GET_DEX(OLC_MOB(d));
    OLC_VAL(d) = TRUE;
    medit_disp_stats_menu(d);
    return;"
"src\medit.c","1865","medit_parse","line","MUTATING_REVIEW","OLC/object/flag mutation","  1863: 
  1864:   case MEDIT_DEX:
  1865:     GET_DEX(OLC_MOB(d)) = LIMIT(i, 3, 25);
  1866:     OLC_MOB(d)->real_abils.dex = GET_DEX(OLC_MOB(d));
  1867:     OLC_VAL(d) = TRUE;
  1868:     medit_disp_stats_menu(d);"
"src\medit.c","1866","medit_parse","line","MUTATING_REVIEW","OLC/object/flag mutation","  1864:   case MEDIT_DEX:
  1865:     GET_DEX(OLC_MOB(d)) = LIMIT(i, 3, 25);
  1866:     OLC_MOB(d)->real_abils.dex = GET_DEX(OLC_MOB(d));
  1867:     OLC_VAL(d) = TRUE;
  1868:     medit_disp_stats_menu(d);
  1869:     return;"
"src\medit.c","1867","medit_parse","line","MUTATING_REVIEW","OLC/object/flag mutation","  1865:     GET_DEX(OLC_MOB(d)) = LIMIT(i, 3, 25);
  1866:     OLC_MOB(d)->real_abils.dex = GET_DEX(OLC_MOB(d));
  1867:     OLC_VAL(d) = TRUE;
  1868:     medit_disp_stats_menu(d);
  1869:     return;
  1870: "
"src\medit.c","1871","medit_parse","case MEDIT_CON","MUTATING_REVIEW","OLC/object/flag mutation","  case MEDIT_CON:
    GET_CON(OLC_MOB(d)) = LIMIT(i, 3, 25);
    OLC_MOB(d)->real_abils.con = GET_CON(OLC_MOB(d));
    OLC_VAL(d) = TRUE;
    medit_disp_stats_menu(d);
    return;"
"src\medit.c","1872","medit_parse","line","MUTATING_REVIEW","OLC/object/flag mutation","  1870: 
  1871:   case MEDIT_CON:
  1872:     GET_CON(OLC_MOB(d)) = LIMIT(i, 3, 25);
  1873:     OLC_MOB(d)->real_abils.con = GET_CON(OLC_MOB(d));
  1874:     OLC_VAL(d) = TRUE;
  1875:     medit_disp_stats_menu(d);"
"src\medit.c","1873","medit_parse","line","MUTATING_REVIEW","OLC/object/flag mutation","  1871:   case MEDIT_CON:
  1872:     GET_CON(OLC_MOB(d)) = LIMIT(i, 3, 25);
  1873:     OLC_MOB(d)->real_abils.con = GET_CON(OLC_MOB(d));
  1874:     OLC_VAL(d) = TRUE;
  1875:     medit_disp_stats_menu(d);
  1876:     return;"
"src\medit.c","1874","medit_parse","line","MUTATING_REVIEW","OLC/object/flag mutation","  1872:     GET_CON(OLC_MOB(d)) = LIMIT(i, 3, 25);
  1873:     OLC_MOB(d)->real_abils.con = GET_CON(OLC_MOB(d));
  1874:     OLC_VAL(d) = TRUE;
  1875:     medit_disp_stats_menu(d);
  1876:     return;
  1877: "
"src\medit.c","1878","medit_parse","case MEDIT_CHA","MUTATING_REVIEW","OLC/object/flag mutation","  case MEDIT_CHA:
    GET_CHA(OLC_MOB(d)) = LIMIT(i, 3, 25);
    OLC_MOB(d)->real_abils.cha = GET_CHA(OLC_MOB(d));
    OLC_VAL(d) = TRUE;
    medit_disp_stats_menu(d);
    return;"
"src\medit.c","1879","medit_parse","line","MUTATING_REVIEW","OLC/object/flag mutation","  1877: 
  1878:   case MEDIT_CHA:
  1879:     GET_CHA(OLC_MOB(d)) = LIMIT(i, 3, 25);
  1880:     OLC_MOB(d)->real_abils.cha = GET_CHA(OLC_MOB(d));
  1881:     OLC_VAL(d) = TRUE;
  1882:     medit_disp_stats_menu(d);"
"src\medit.c","1880","medit_parse","line","MUTATING_REVIEW","OLC/object/flag mutation","  1878:   case MEDIT_CHA:
  1879:     GET_CHA(OLC_MOB(d)) = LIMIT(i, 3, 25);
  1880:     OLC_MOB(d)->real_abils.cha = GET_CHA(OLC_MOB(d));
  1881:     OLC_VAL(d) = TRUE;
  1882:     medit_disp_stats_menu(d);
  1883:     return;"
"src\medit.c","1881","medit_parse","line","MUTATING_REVIEW","OLC/object/flag mutation","  1879:     GET_CHA(OLC_MOB(d)) = LIMIT(i, 3, 25);
  1880:     OLC_MOB(d)->real_abils.cha = GET_CHA(OLC_MOB(d));
  1881:     OLC_VAL(d) = TRUE;
  1882:     medit_disp_stats_menu(d);
  1883:     return;
  1884: "
"src\medit.c","1885","medit_parse","case MEDIT_PARA","MUTATING_REVIEW","OLC/object/flag mutation","  case MEDIT_PARA:
    GET_SAVE(OLC_MOB(d), SAVING_PARA) = LIMIT(i, 0, 100);
    OLC_VAL(d) = TRUE;
    medit_disp_stats_menu(d);
    return;"
"src\medit.c","1886","medit_parse","line","MUTATING_REVIEW","OLC/object/flag mutation","  1884: 
  1885:   case MEDIT_PARA:
  1886:     GET_SAVE(OLC_MOB(d), SAVING_PARA) = LIMIT(i, 0, 100);
  1887:     OLC_VAL(d) = TRUE;
  1888:     medit_disp_stats_menu(d);
  1889:     return;"
"src\medit.c","1887","medit_parse","line","MUTATING_REVIEW","OLC/object/flag mutation","  1885:   case MEDIT_PARA:
  1886:     GET_SAVE(OLC_MOB(d), SAVING_PARA) = LIMIT(i, 0, 100);
  1887:     OLC_VAL(d) = TRUE;
  1888:     medit_disp_stats_menu(d);
  1889:     return;
  1890: "
"src\medit.c","1891","medit_parse","case MEDIT_ROD","MUTATING_REVIEW","OLC/object/flag mutation","  case MEDIT_ROD:
    GET_SAVE(OLC_MOB(d), SAVING_ROD) = LIMIT(i, 0, 100);
    OLC_VAL(d) = TRUE;
    medit_disp_stats_menu(d);
    return;"
"src\medit.c","1892","medit_parse","line","MUTATING_REVIEW","OLC/object/flag mutation","  1890: 
  1891:   case MEDIT_ROD:
  1892:     GET_SAVE(OLC_MOB(d), SAVING_ROD) = LIMIT(i, 0, 100);
  1893:     OLC_VAL(d) = TRUE;
  1894:     medit_disp_stats_menu(d);
  1895:     return;"
"src\medit.c","1893","medit_parse","line","MUTATING_REVIEW","OLC/object/flag mutation","  1891:   case MEDIT_ROD:
  1892:     GET_SAVE(OLC_MOB(d), SAVING_ROD) = LIMIT(i, 0, 100);
  1893:     OLC_VAL(d) = TRUE;
  1894:     medit_disp_stats_menu(d);
  1895:     return;
  1896: "
"src\medit.c","1897","medit_parse","case MEDIT_PETRI","MUTATING_REVIEW","OLC/object/flag mutation","  case MEDIT_PETRI:
    GET_SAVE(OLC_MOB(d), SAVING_PETRI) = LIMIT(i, 0, 100);
    OLC_VAL(d) = TRUE;
    medit_disp_stats_menu(d);
    return;"
"src\medit.c","1898","medit_parse","line","MUTATING_REVIEW","OLC/object/flag mutation","  1896: 
  1897:   case MEDIT_PETRI:
  1898:     GET_SAVE(OLC_MOB(d), SAVING_PETRI) = LIMIT(i, 0, 100);
  1899:     OLC_VAL(d) = TRUE;
  1900:     medit_disp_stats_menu(d);
  1901:     return;"
"src\medit.c","1899","medit_parse","line","MUTATING_REVIEW","OLC/object/flag mutation","  1897:   case MEDIT_PETRI:
  1898:     GET_SAVE(OLC_MOB(d), SAVING_PETRI) = LIMIT(i, 0, 100);
  1899:     OLC_VAL(d) = TRUE;
  1900:     medit_disp_stats_menu(d);
  1901:     return;
  1902: "
"src\medit.c","1903","medit_parse","case MEDIT_BREATH","MUTATING_REVIEW","OLC/object/flag mutation","  case MEDIT_BREATH:
    GET_SAVE(OLC_MOB(d), SAVING_BREATH) = LIMIT(i, 0, 100);
    OLC_VAL(d) = TRUE;
    medit_disp_stats_menu(d);
    return;"
"src\medit.c","1904","medit_parse","line","MUTATING_REVIEW","OLC/object/flag mutation","  1902: 
  1903:   case MEDIT_BREATH:
  1904:     GET_SAVE(OLC_MOB(d), SAVING_BREATH) = LIMIT(i, 0, 100);
  1905:     OLC_VAL(d) = TRUE;
  1906:     medit_disp_stats_menu(d);
  1907:     return;"
"src\medit.c","1905","medit_parse","line","MUTATING_REVIEW","OLC/object/flag mutation","  1903:   case MEDIT_BREATH:
  1904:     GET_SAVE(OLC_MOB(d), SAVING_BREATH) = LIMIT(i, 0, 100);
  1905:     OLC_VAL(d) = TRUE;
  1906:     medit_disp_stats_menu(d);
  1907:     return;
  1908: "
"src\medit.c","1909","medit_parse","case MEDIT_SPELL","MUTATING_REVIEW","OLC/object/flag mutation","  case MEDIT_SPELL:
    GET_SAVE(OLC_MOB(d), SAVING_SPELL) = LIMIT(i, 0, 100);
    OLC_VAL(d) = TRUE;
    medit_disp_stats_menu(d);
    return;"
"src\medit.c","1910","medit_parse","line","MUTATING_REVIEW","OLC/object/flag mutation","  1908: 
  1909:   case MEDIT_SPELL:
  1910:     GET_SAVE(OLC_MOB(d), SAVING_SPELL) = LIMIT(i, 0, 100);
  1911:     OLC_VAL(d) = TRUE;
  1912:     medit_disp_stats_menu(d);
  1913:     return;"
"src\medit.c","1911","medit_parse","line","MUTATING_REVIEW","OLC/object/flag mutation","  1909:   case MEDIT_SPELL:
  1910:     GET_SAVE(OLC_MOB(d), SAVING_SPELL) = LIMIT(i, 0, 100);
  1911:     OLC_VAL(d) = TRUE;
  1912:     medit_disp_stats_menu(d);
  1913:     return;
  1914: "
"src\medit.c","1915","medit_parse","case MEDIT_POS","MUTATING_REVIEW","OLC/object/flag mutation","  case MEDIT_POS:
    GET_POS(OLC_MOB(d)) = LIMIT(i - 1, 0, NUM_POSITIONS - 1);
    break;"
"src\medit.c","1916","medit_parse","line","MUTATING_REVIEW","OLC/object/flag mutation","  1914: 
  1915:   case MEDIT_POS:
  1916:     GET_POS(OLC_MOB(d)) = LIMIT(i - 1, 0, NUM_POSITIONS - 1);
  1917:     break;
  1918: 
  1919:   case MEDIT_DEFAULT_POS:"
"src\medit.c","1919","medit_parse","case MEDIT_DEFAULT_POS","MUTATING_REVIEW","OLC/object/flag mutation","  case MEDIT_DEFAULT_POS:
    GET_DEFAULT_POS(OLC_MOB(d)) = LIMIT(i - 1, 0, NUM_POSITIONS - 1);
    break;"
"src\medit.c","1920","medit_parse","line","MUTATING_REVIEW","OLC/object/flag mutation","  1918: 
  1919:   case MEDIT_DEFAULT_POS:
  1920:     GET_DEFAULT_POS(OLC_MOB(d)) = LIMIT(i - 1, 0, NUM_POSITIONS - 1);
  1921:     break;
  1922: 
  1923:   case MEDIT_ATTACK:"
"src\medit.c","1923","medit_parse","case MEDIT_ATTACK","MUTATING_REVIEW","OLC/object/flag mutation","  case MEDIT_ATTACK:
    GET_ATTACK(OLC_MOB(d)) = LIMIT(i, 0, NUM_ATTACK_TYPES - 1);
    break;"
"src\medit.c","1924","medit_parse","line","MUTATING_REVIEW","OLC/object/flag mutation","  1922: 
  1923:   case MEDIT_ATTACK:
  1924:     GET_ATTACK(OLC_MOB(d)) = LIMIT(i, 0, NUM_ATTACK_TYPES - 1);
  1925:     break;
  1926: 
  1927:   case MEDIT_LEVEL:"
"src\medit.c","1927","medit_parse","case MEDIT_LEVEL","MUTATING_REVIEW","OLC/object/flag mutation","  case MEDIT_LEVEL:
  {
    int old_level = GET_LEVEL(OLC_MOB(d));
    int new_level = LIMIT(i, 1, LVL_IMPL);

    GET_LEVEL(OLC_MOB(d)) = new_level;
    OLC_VAL(d) = TRUE;
    if (new_level != old_level) {
      OLC_MODE(d) = MEDIT_LEVEL_AUTOFILL_CONFIRM;
      write_to_output(d, ""Apply recommended stats for level %d? (Y/N): "", new_level);
      return;"
"src\medit.c","1932","medit_parse","line","MUTATING_REVIEW","OLC/object/flag mutation","  1930:     int new_level = LIMIT(i, 1, LVL_IMPL);
  1931: 
  1932:     GET_LEVEL(OLC_MOB(d)) = new_level;
  1933:     OLC_VAL(d) = TRUE;
  1934:     if (new_level != old_level) {
  1935:       OLC_MODE(d) = MEDIT_LEVEL_AUTOFILL_CONFIRM;"
"src\medit.c","1933","medit_parse","line","MUTATING_REVIEW","OLC/object/flag mutation","  1931: 
  1932:     GET_LEVEL(OLC_MOB(d)) = new_level;
  1933:     OLC_VAL(d) = TRUE;
  1934:     if (new_level != old_level) {
  1935:       OLC_MODE(d) = MEDIT_LEVEL_AUTOFILL_CONFIRM;
  1936:       write_to_output(d, ""Apply recommended stats for level %d? (Y/N): "", new_level);"
"src\medit.c","1935","medit_parse","line","MUTATING_REVIEW","OLC/object/flag mutation","  1933:     OLC_VAL(d) = TRUE;
  1934:     if (new_level != old_level) {
  1935:       OLC_MODE(d) = MEDIT_LEVEL_AUTOFILL_CONFIRM;
  1936:       write_to_output(d, ""Apply recommended stats for level %d? (Y/N): "", new_level);
  1937:       return;
  1938:     }"
"src\medit.c","1946","medit_parse","case 'Y'","MUTATING_REVIEW","OLC/object/flag mutation","    case 'Y':
      medit_autoroll_stats(d);
      OLC_VAL(d) = TRUE;
      break;"
"src\medit.c","1948","medit_parse","line","MUTATING_REVIEW","OLC/object/flag mutation","  1946:     case 'Y':
  1947:       medit_autoroll_stats(d);
  1948:       OLC_VAL(d) = TRUE;
  1949:       break;
  1950:     case 'n':
  1951:     case 'N':"
"src\medit.c","1960","medit_parse","case MEDIT_ALIGNMENT","MUTATING_REVIEW","OLC/object/flag mutation","  case MEDIT_ALIGNMENT:
    GET_ALIGNMENT(OLC_MOB(d)) = LIMIT(i, -1000, 1000);
    OLC_VAL(d) = TRUE;
    medit_disp_stats_menu(d);
    return;"
"src\medit.c","1961","medit_parse","line","MUTATING_REVIEW","OLC/object/flag mutation","  1959: 
  1960:   case MEDIT_ALIGNMENT:
  1961:     GET_ALIGNMENT(OLC_MOB(d)) = LIMIT(i, -1000, 1000);
  1962:     OLC_VAL(d) = TRUE;
  1963:     medit_disp_stats_menu(d);
  1964:     return;"
"src\medit.c","1962","medit_parse","line","MUTATING_REVIEW","OLC/object/flag mutation","  1960:   case MEDIT_ALIGNMENT:
  1961:     GET_ALIGNMENT(OLC_MOB(d)) = LIMIT(i, -1000, 1000);
  1962:     OLC_VAL(d) = TRUE;
  1963:     medit_disp_stats_menu(d);
  1964:     return;
  1965: "
"src\medit.c","1984","medit_parse","line","MUTATING_REVIEW","OLC/object/flag mutation","  1982:     } else if (*arg == 'n' || *arg == 'N') {
  1983:       medit_disp_menu(d);
  1984:       OLC_MODE(d) = MEDIT_MAIN_MENU;
  1985:       return;
  1986:     } else
  1987:       write_to_output(d, ""Please answer 'Y' or 'N': "");"
"src\medit.c","2001","medit_parse","line","MUTATING_REVIEW","OLC/object/flag mutation","  1999:    to return to main menu.  Use OLC_VAL as a 'has changed' flag */
  2000: 
  2001:   OLC_VAL(d) = TRUE;
  2002:   medit_disp_menu(d);
  2003: }
  2004: "
"src\medit.c","2021","medit_autoroll_stats","line","MUTATING_REVIEW","OLC/object/flag mutation","  2019: 
  2020:   mob_lev = GET_LEVEL(OLC_MOB(d));
  2021:   mob_lev = GET_LEVEL(OLC_MOB(d)) = LIMIT(mob_lev, 1, LVL_IMPL);
  2022: 
  2023:   GET_MOVE(OLC_MOB(d))    = mob_lev * 5;                 /* HP addition baseline */
  2024:   GET_HIT(OLC_MOB(d))     = MAX(1, mob_lev / 6);         /* number of HP dice */"
"src\medit.c","2023","medit_autoroll_stats","line","MUTATING_REVIEW","OLC/object/flag mutation","  2021:   mob_lev = GET_LEVEL(OLC_MOB(d)) = LIMIT(mob_lev, 1, LVL_IMPL);
  2022: 
  2023:   GET_MOVE(OLC_MOB(d))    = mob_lev * 5;                 /* HP addition baseline */
  2024:   GET_HIT(OLC_MOB(d))     = MAX(1, mob_lev / 6);         /* number of HP dice */
  2025:   GET_MANA(OLC_MOB(d))    = MAX(4, (mob_lev / 6) + 2);   /* size of HP dice */
  2026: "
"src\medit.c","2024","medit_autoroll_stats","line","MUTATING_REVIEW","OLC/object/flag mutation","  2022: 
  2023:   GET_MOVE(OLC_MOB(d))    = mob_lev * 5;                 /* HP addition baseline */
  2024:   GET_HIT(OLC_MOB(d))     = MAX(1, mob_lev / 6);         /* number of HP dice */
  2025:   GET_MANA(OLC_MOB(d))    = MAX(4, (mob_lev / 6) + 2);   /* size of HP dice */
  2026: 
  2027:   GET_NDD(OLC_MOB(d))     = MAX(1, (mob_lev + 4) / 8);   /* number of damage dice */"
"src\medit.c","2025","medit_autoroll_stats","line","MUTATING_REVIEW","OLC/object/flag mutation","  2023:   GET_MOVE(OLC_MOB(d))    = mob_lev * 5;                 /* HP addition baseline */
  2024:   GET_HIT(OLC_MOB(d))     = MAX(1, mob_lev / 6);         /* number of HP dice */
  2025:   GET_MANA(OLC_MOB(d))    = MAX(4, (mob_lev / 6) + 2);   /* size of HP dice */
  2026: 
  2027:   GET_NDD(OLC_MOB(d))     = MAX(1, (mob_lev + 4) / 8);   /* number of damage dice */
  2028:   GET_SDD(OLC_MOB(d))     = MAX(2, (mob_lev + 9) / 10);  /* size of damage dice */"
"src\medit.c","2027","medit_autoroll_stats","line","MUTATING_REVIEW","OLC/object/flag mutation","  2025:   GET_MANA(OLC_MOB(d))    = MAX(4, (mob_lev / 6) + 2);   /* size of HP dice */
  2026: 
  2027:   GET_NDD(OLC_MOB(d))     = MAX(1, (mob_lev + 4) / 8);   /* number of damage dice */
  2028:   GET_SDD(OLC_MOB(d))     = MAX(2, (mob_lev + 9) / 10);  /* size of damage dice */
  2029:   GET_DAMROLL(OLC_MOB(d)) = mob_lev / 12;                /* damage bonus */
  2030: "
"src\medit.c","2028","medit_autoroll_stats","line","MUTATING_REVIEW","OLC/object/flag mutation","  2026: 
  2027:   GET_NDD(OLC_MOB(d))     = MAX(1, (mob_lev + 4) / 8);   /* number of damage dice */
  2028:   GET_SDD(OLC_MOB(d))     = MAX(2, (mob_lev + 9) / 10);  /* size of damage dice */
  2029:   GET_DAMROLL(OLC_MOB(d)) = mob_lev / 12;                /* damage bonus */
  2030: 
  2031:   GET_HITROLL(OLC_MOB(d)) = mob_lev / 8;                 /* conservative early hit chance */"
"src\medit.c","2029","medit_autoroll_stats","line","MUTATING_REVIEW","OLC/object/flag mutation","  2027:   GET_NDD(OLC_MOB(d))     = MAX(1, (mob_lev + 4) / 8);   /* number of damage dice */
  2028:   GET_SDD(OLC_MOB(d))     = MAX(2, (mob_lev + 9) / 10);  /* size of damage dice */
  2029:   GET_DAMROLL(OLC_MOB(d)) = mob_lev / 12;                /* damage bonus */
  2030: 
  2031:   GET_HITROLL(OLC_MOB(d)) = mob_lev / 8;                 /* conservative early hit chance */
  2032:   OLC_MOB(d)->mob_specials.gold_min = MAX(0, mob_lev);"
"src\medit.c","2031","medit_autoroll_stats","line","MUTATING_REVIEW","OLC/object/flag mutation","  2029:   GET_DAMROLL(OLC_MOB(d)) = mob_lev / 12;                /* damage bonus */
  2030: 
  2031:   GET_HITROLL(OLC_MOB(d)) = mob_lev / 8;                 /* conservative early hit chance */
  2032:   OLC_MOB(d)->mob_specials.gold_min = MAX(0, mob_lev);
  2033:   OLC_MOB(d)->mob_specials.gold_max = MAX(OLC_MOB(d)->mob_specials.gold_min, mob_lev * 2);
  2034:   GET_AC(OLC_MOB(d))      = 20 + mob_lev;                /* gentler armor scaling */"
"src\medit.c","2032","medit_autoroll_stats","line","MUTATING_REVIEW","OLC/object/flag mutation","  2030: 
  2031:   GET_HITROLL(OLC_MOB(d)) = mob_lev / 8;                 /* conservative early hit chance */
  2032:   OLC_MOB(d)->mob_specials.gold_min = MAX(0, mob_lev);
  2033:   OLC_MOB(d)->mob_specials.gold_max = MAX(OLC_MOB(d)->mob_specials.gold_min, mob_lev * 2);
  2034:   GET_AC(OLC_MOB(d))      = 20 + mob_lev;                /* gentler armor scaling */
  2035:   GET_EVASION(OLC_MOB(d)) = mob_lev / 3;                 /* conservative evasion */"
"src\medit.c","2033","medit_autoroll_stats","line","MUTATING_REVIEW","OLC/object/flag mutation","  2031:   GET_HITROLL(OLC_MOB(d)) = mob_lev / 8;                 /* conservative early hit chance */
  2032:   OLC_MOB(d)->mob_specials.gold_min = MAX(0, mob_lev);
  2033:   OLC_MOB(d)->mob_specials.gold_max = MAX(OLC_MOB(d)->mob_specials.gold_min, mob_lev * 2);
  2034:   GET_AC(OLC_MOB(d))      = 20 + mob_lev;                /* gentler armor scaling */
  2035:   GET_EVASION(OLC_MOB(d)) = mob_lev / 3;                 /* conservative evasion */
  2036:   GET_MOB_WIMP_LEV(OLC_MOB(d)) = MAX(1, mob_lev / 2);    /* default flee threshold */"
"src\medit.c","2034","medit_autoroll_stats","line","MUTATING_REVIEW","OLC/object/flag mutation","  2032:   OLC_MOB(d)->mob_specials.gold_min = MAX(0, mob_lev);
  2033:   OLC_MOB(d)->mob_specials.gold_max = MAX(OLC_MOB(d)->mob_specials.gold_min, mob_lev * 2);
  2034:   GET_AC(OLC_MOB(d))      = 20 + mob_lev;                /* gentler armor scaling */
  2035:   GET_EVASION(OLC_MOB(d)) = mob_lev / 3;                 /* conservative evasion */
  2036:   GET_MOB_WIMP_LEV(OLC_MOB(d)) = MAX(1, mob_lev / 2);    /* default flee threshold */
  2037: "
"src\medit.c","2035","medit_autoroll_stats","line","MUTATING_REVIEW","OLC/object/flag mutation","  2033:   OLC_MOB(d)->mob_specials.gold_max = MAX(OLC_MOB(d)->mob_specials.gold_min, mob_lev * 2);
  2034:   GET_AC(OLC_MOB(d))      = 20 + mob_lev;                /* gentler armor scaling */
  2035:   GET_EVASION(OLC_MOB(d)) = mob_lev / 3;                 /* conservative evasion */
  2036:   GET_MOB_WIMP_LEV(OLC_MOB(d)) = MAX(1, mob_lev / 2);    /* default flee threshold */
  2037: 
  2038:   /* 'Advanced' stats are only rolled if advanced options are enabled */"
"src\medit.c","2036","medit_autoroll_stats","line","MUTATING_REVIEW","OLC/object/flag mutation","  2034:   GET_AC(OLC_MOB(d))      = 20 + mob_lev;                /* gentler armor scaling */
  2035:   GET_EVASION(OLC_MOB(d)) = mob_lev / 3;                 /* conservative evasion */
  2036:   GET_MOB_WIMP_LEV(OLC_MOB(d)) = MAX(1, mob_lev / 2);    /* default flee threshold */
  2037: 
  2038:   /* 'Advanced' stats are only rolled if advanced options are enabled */
  2039:   if (CONFIG_MEDIT_ADVANCED) {"
"src\medit.c","2040","medit_autoroll_stats","line","MUTATING_REVIEW","OLC/object/flag mutation","  2038:   /* 'Advanced' stats are only rolled if advanced options are enabled */
  2039:   if (CONFIG_MEDIT_ADVANCED) {
  2040:     GET_STR(OLC_MOB(d))     = LIMIT((mob_lev*2)/3, 11, 18); /* 2/3 level in range 11 to 18 */
  2041:     GET_INT(OLC_MOB(d))     = LIMIT((mob_lev*2)/3, 11, 18);
  2042:     GET_WIS(OLC_MOB(d))     = LIMIT((mob_lev*2)/3, 11, 18);
  2043:     GET_DEX(OLC_MOB(d))     = LIMIT((mob_lev*2)/3, 11, 18);"
"src\medit.c","2041","medit_autoroll_stats","line","MUTATING_REVIEW","OLC/object/flag mutation","  2039:   if (CONFIG_MEDIT_ADVANCED) {
  2040:     GET_STR(OLC_MOB(d))     = LIMIT((mob_lev*2)/3, 11, 18); /* 2/3 level in range 11 to 18 */
  2041:     GET_INT(OLC_MOB(d))     = LIMIT((mob_lev*2)/3, 11, 18);
  2042:     GET_WIS(OLC_MOB(d))     = LIMIT((mob_lev*2)/3, 11, 18);
  2043:     GET_DEX(OLC_MOB(d))     = LIMIT((mob_lev*2)/3, 11, 18);
  2044:     GET_CON(OLC_MOB(d))     = LIMIT((mob_lev*2)/3, 11, 18);"
"src\medit.c","2042","medit_autoroll_stats","line","MUTATING_REVIEW","OLC/object/flag mutation","  2040:     GET_STR(OLC_MOB(d))     = LIMIT((mob_lev*2)/3, 11, 18); /* 2/3 level in range 11 to 18 */
  2041:     GET_INT(OLC_MOB(d))     = LIMIT((mob_lev*2)/3, 11, 18);
  2042:     GET_WIS(OLC_MOB(d))     = LIMIT((mob_lev*2)/3, 11, 18);
  2043:     GET_DEX(OLC_MOB(d))     = LIMIT((mob_lev*2)/3, 11, 18);
  2044:     GET_CON(OLC_MOB(d))     = LIMIT((mob_lev*2)/3, 11, 18);
  2045:     GET_CHA(OLC_MOB(d))     = LIMIT((mob_lev*2)/3, 11, 18);"
"src\medit.c","2043","medit_autoroll_stats","line","MUTATING_REVIEW","OLC/object/flag mutation","  2041:     GET_INT(OLC_MOB(d))     = LIMIT((mob_lev*2)/3, 11, 18);
  2042:     GET_WIS(OLC_MOB(d))     = LIMIT((mob_lev*2)/3, 11, 18);
  2043:     GET_DEX(OLC_MOB(d))     = LIMIT((mob_lev*2)/3, 11, 18);
  2044:     GET_CON(OLC_MOB(d))     = LIMIT((mob_lev*2)/3, 11, 18);
  2045:     GET_CHA(OLC_MOB(d))     = LIMIT((mob_lev*2)/3, 11, 18);
  2046:     OLC_MOB(d)->real_abils.str   = GET_STR(OLC_MOB(d));"
"src\medit.c","2044","medit_autoroll_stats","line","MUTATING_REVIEW","OLC/object/flag mutation","  2042:     GET_WIS(OLC_MOB(d))     = LIMIT((mob_lev*2)/3, 11, 18);
  2043:     GET_DEX(OLC_MOB(d))     = LIMIT((mob_lev*2)/3, 11, 18);
  2044:     GET_CON(OLC_MOB(d))     = LIMIT((mob_lev*2)/3, 11, 18);
  2045:     GET_CHA(OLC_MOB(d))     = LIMIT((mob_lev*2)/3, 11, 18);
  2046:     OLC_MOB(d)->real_abils.str   = GET_STR(OLC_MOB(d));
  2047:     OLC_MOB(d)->real_abils.intel = GET_INT(OLC_MOB(d));"
"src\medit.c","2045","medit_autoroll_stats","line","MUTATING_REVIEW","OLC/object/flag mutation","  2043:     GET_DEX(OLC_MOB(d))     = LIMIT((mob_lev*2)/3, 11, 18);
  2044:     GET_CON(OLC_MOB(d))     = LIMIT((mob_lev*2)/3, 11, 18);
  2045:     GET_CHA(OLC_MOB(d))     = LIMIT((mob_lev*2)/3, 11, 18);
  2046:     OLC_MOB(d)->real_abils.str   = GET_STR(OLC_MOB(d));
  2047:     OLC_MOB(d)->real_abils.intel = GET_INT(OLC_MOB(d));
  2048:     OLC_MOB(d)->real_abils.wis   = GET_WIS(OLC_MOB(d));"
"src\medit.c","2046","medit_autoroll_stats","line","MUTATING_REVIEW","OLC/object/flag mutation","  2044:     GET_CON(OLC_MOB(d))     = LIMIT((mob_lev*2)/3, 11, 18);
  2045:     GET_CHA(OLC_MOB(d))     = LIMIT((mob_lev*2)/3, 11, 18);
  2046:     OLC_MOB(d)->real_abils.str   = GET_STR(OLC_MOB(d));
  2047:     OLC_MOB(d)->real_abils.intel = GET_INT(OLC_MOB(d));
  2048:     OLC_MOB(d)->real_abils.wis   = GET_WIS(OLC_MOB(d));
  2049:     OLC_MOB(d)->real_abils.dex   = GET_DEX(OLC_MOB(d));"
"src\medit.c","2047","medit_autoroll_stats","line","MUTATING_REVIEW","OLC/object/flag mutation","  2045:     GET_CHA(OLC_MOB(d))     = LIMIT((mob_lev*2)/3, 11, 18);
  2046:     OLC_MOB(d)->real_abils.str   = GET_STR(OLC_MOB(d));
  2047:     OLC_MOB(d)->real_abils.intel = GET_INT(OLC_MOB(d));
  2048:     OLC_MOB(d)->real_abils.wis   = GET_WIS(OLC_MOB(d));
  2049:     OLC_MOB(d)->real_abils.dex   = GET_DEX(OLC_MOB(d));
  2050:     OLC_MOB(d)->real_abils.con   = GET_CON(OLC_MOB(d));"
"src\medit.c","2048","medit_autoroll_stats","line","MUTATING_REVIEW","OLC/object/flag mutation","  2046:     OLC_MOB(d)->real_abils.str   = GET_STR(OLC_MOB(d));
  2047:     OLC_MOB(d)->real_abils.intel = GET_INT(OLC_MOB(d));
  2048:     OLC_MOB(d)->real_abils.wis   = GET_WIS(OLC_MOB(d));
  2049:     OLC_MOB(d)->real_abils.dex   = GET_DEX(OLC_MOB(d));
  2050:     OLC_MOB(d)->real_abils.con   = GET_CON(OLC_MOB(d));
  2051:     OLC_MOB(d)->real_abils.cha   = GET_CHA(OLC_MOB(d));"
"src\medit.c","2049","medit_autoroll_stats","line","MUTATING_REVIEW","OLC/object/flag mutation","  2047:     OLC_MOB(d)->real_abils.intel = GET_INT(OLC_MOB(d));
  2048:     OLC_MOB(d)->real_abils.wis   = GET_WIS(OLC_MOB(d));
  2049:     OLC_MOB(d)->real_abils.dex   = GET_DEX(OLC_MOB(d));
  2050:     OLC_MOB(d)->real_abils.con   = GET_CON(OLC_MOB(d));
  2051:     OLC_MOB(d)->real_abils.cha   = GET_CHA(OLC_MOB(d));
  2052: "
"src\medit.c","2050","medit_autoroll_stats","line","MUTATING_REVIEW","OLC/object/flag mutation","  2048:     OLC_MOB(d)->real_abils.wis   = GET_WIS(OLC_MOB(d));
  2049:     OLC_MOB(d)->real_abils.dex   = GET_DEX(OLC_MOB(d));
  2050:     OLC_MOB(d)->real_abils.con   = GET_CON(OLC_MOB(d));
  2051:     OLC_MOB(d)->real_abils.cha   = GET_CHA(OLC_MOB(d));
  2052: 
  2053:     GET_SAVE(OLC_MOB(d), SAVING_PARA)   = mob_lev / 4;  /* All Saving throws */"
"src\medit.c","2051","medit_autoroll_stats","line","MUTATING_REVIEW","OLC/object/flag mutation","  2049:     OLC_MOB(d)->real_abils.dex   = GET_DEX(OLC_MOB(d));
  2050:     OLC_MOB(d)->real_abils.con   = GET_CON(OLC_MOB(d));
  2051:     OLC_MOB(d)->real_abils.cha   = GET_CHA(OLC_MOB(d));
  2052: 
  2053:     GET_SAVE(OLC_MOB(d), SAVING_PARA)   = mob_lev / 4;  /* All Saving throws */
  2054:     GET_SAVE(OLC_MOB(d), SAVING_ROD)    = mob_lev / 4;  /* set to a quarter  */"
"src\medit.c","2053","medit_autoroll_stats","line","MUTATING_REVIEW","OLC/object/flag mutation","  2051:     OLC_MOB(d)->real_abils.cha   = GET_CHA(OLC_MOB(d));
  2052: 
  2053:     GET_SAVE(OLC_MOB(d), SAVING_PARA)   = mob_lev / 4;  /* All Saving throws */
  2054:     GET_SAVE(OLC_MOB(d), SAVING_ROD)    = mob_lev / 4;  /* set to a quarter  */
  2055:     GET_SAVE(OLC_MOB(d), SAVING_PETRI)  = mob_lev / 4;  /* of the mobs level */
  2056:     GET_SAVE(OLC_MOB(d), SAVING_BREATH) = mob_lev / 4;"
"src\medit.c","2054","medit_autoroll_stats","line","MUTATING_REVIEW","OLC/object/flag mutation","  2052: 
  2053:     GET_SAVE(OLC_MOB(d), SAVING_PARA)   = mob_lev / 4;  /* All Saving throws */
  2054:     GET_SAVE(OLC_MOB(d), SAVING_ROD)    = mob_lev / 4;  /* set to a quarter  */
  2055:     GET_SAVE(OLC_MOB(d), SAVING_PETRI)  = mob_lev / 4;  /* of the mobs level */
  2056:     GET_SAVE(OLC_MOB(d), SAVING_BREATH) = mob_lev / 4;
  2057:     GET_SAVE(OLC_MOB(d), SAVING_SPELL)  = mob_lev / 4;"
"src\medit.c","2055","medit_autoroll_stats","line","MUTATING_REVIEW","OLC/object/flag mutation","  2053:     GET_SAVE(OLC_MOB(d), SAVING_PARA)   = mob_lev / 4;  /* All Saving throws */
  2054:     GET_SAVE(OLC_MOB(d), SAVING_ROD)    = mob_lev / 4;  /* set to a quarter  */
  2055:     GET_SAVE(OLC_MOB(d), SAVING_PETRI)  = mob_lev / 4;  /* of the mobs level */
  2056:     GET_SAVE(OLC_MOB(d), SAVING_BREATH) = mob_lev / 4;
  2057:     GET_SAVE(OLC_MOB(d), SAVING_SPELL)  = mob_lev / 4;
  2058:   }"
"src\medit.c","2056","medit_autoroll_stats","line","MUTATING_REVIEW","OLC/object/flag mutation","  2054:     GET_SAVE(OLC_MOB(d), SAVING_ROD)    = mob_lev / 4;  /* set to a quarter  */
  2055:     GET_SAVE(OLC_MOB(d), SAVING_PETRI)  = mob_lev / 4;  /* of the mobs level */
  2056:     GET_SAVE(OLC_MOB(d), SAVING_BREATH) = mob_lev / 4;
  2057:     GET_SAVE(OLC_MOB(d), SAVING_SPELL)  = mob_lev / 4;
  2058:   }
  2059: "
"src\medit.c","2057","medit_autoroll_stats","line","MUTATING_REVIEW","OLC/object/flag mutation","  2055:     GET_SAVE(OLC_MOB(d), SAVING_PETRI)  = mob_lev / 4;  /* of the mobs level */
  2056:     GET_SAVE(OLC_MOB(d), SAVING_BREATH) = mob_lev / 4;
  2057:     GET_SAVE(OLC_MOB(d), SAVING_SPELL)  = mob_lev / 4;
  2058:   }
  2059: 
  2060: }"
"src\modify.c","113","string_write","line","MUTATING_REVIEW","OLC/object/flag mutation","   111: {
   112:   if (d->character && !IS_NPC(d->character))
   113:     SET_BIT_AR(PLR_FLAGS(d->character), PLR_WRITING);
   114: 
   115:   if (using_improved_editor)
   116:     d->backstr = (char *)data;"
"src\msgedit.c","258","msgedit_setup","line","MUTATING_REVIEW","OLC/object/flag mutation","   256: {
   257:   CREATE(OLC_MSG_LIST(d), struct message_list, 1);
   258:   OLC_MSG_LIST(d)->msg = NULL;  
   259:     
   260:   copy_message_list(OLC_MSG_LIST(d), &fight_messages[OLC_NUM(d)]);
   261:   OLC_MSG(d) = OLC_MSG_LIST(d)->msg;"
"src\msgedit.c","261","msgedit_setup","line","MUTATING_REVIEW","OLC/object/flag mutation","   259:     
   260:   copy_message_list(OLC_MSG_LIST(d), &fight_messages[OLC_NUM(d)]);
   261:   OLC_MSG(d) = OLC_MSG_LIST(d)->msg;
   262: }
   263: 
   264: static void copy_message_list(struct message_list *to, struct message_list *from) "
"src\msgedit.c","348","copy_message_strings","line","MUTATING_REVIEW","OLC/object/flag mutation","   346:   for (d = descriptor_list; d; d = d->next)
   347:     if (STATE(d) == CON_MSGEDIT) {
   348:       if (OLC_MSG_LIST(d) && OLC_NUM(d) == num) {
   349:         send_to_char(ch, ""Someone is already editing that message.\r\n"");
   350:         return;
   351:       }"
"src\msgedit.c","366","copy_message_strings","line","MUTATING_REVIEW","OLC/object/flag mutation","   364:   CREATE(d->olc, struct oasis_olc_data, 1);
   365:  
   366:   OLC_NUM(d) = num;
   367:   OLC_VAL(d) = 0;
   368:   msgedit_setup(d);
   369:   "
"src\msgedit.c","367","copy_message_strings","line","MUTATING_REVIEW","OLC/object/flag mutation","   365:  
   366:   OLC_NUM(d) = num;
   367:   OLC_VAL(d) = 0;
   368:   msgedit_setup(d);
   369:   
   370:   msgedit_main_menu(ch->desc);"
"src\msgedit.c","374","copy_message_strings","line","MUTATING_REVIEW","OLC/object/flag mutation","   372:   
   373:   act(""$n starts using OLC."", TRUE, d->character, 0, 0, TO_ROOM);
   374:   SET_BIT_AR(PLR_FLAGS(ch), PLR_WRITING);
   375: 
   376:   mudlog(CMP, MAX(LVL_IMMORT, GET_INVIS_LEV(ch)), TRUE, ""OLC: %s starts editing message %d"",
   377:     GET_NAME(ch), OLC_NUM(d));"
"src\msgedit.c","424","msgedit_main_menu","line","MUTATING_REVIEW","OLC/object/flag mutation","   422:   
   423:   write_to_output(d, ""\r\n%sN%s)%s %s"", grn, yel, nrm, OLC_MSG(d)->next ? ""Next"" : ""New"");
   424:   if (OLC_MSG(d) != OLC_MSG_LIST(d)->msg)
   425:     write_to_output(d, "" %sP%s)%s Previous"", grn, yel, nrm);
   426:   if (OLC_VAL(d))
   427:     write_to_output(d, "" %sS%s)%s Save"", grn, yel, nrm);"
"src\msgedit.c","430","msgedit_main_menu","line","MUTATING_REVIEW","OLC/object/flag mutation","   428:   write_to_output(d, "" %sQ%s)%s Quit\r\n""
   429:                      ""Enter Selection : "", grn, yel, nrm);
   430:   OLC_MODE(d) = MSGEDIT_MAIN_MENU;  
   431: }
   432: 
   433: void msgedit_parse(struct descriptor_data *d, char *arg)"
"src\msgedit.c","445","msgedit_parse","case '1'","MUTATING_REVIEW","OLC/object/flag mutation","        case '1':
          write_to_output(d, ""Enter Action Type : "");
          OLC_MODE(d) = MSGEDIT_TYPE;
        return;"
"src\msgedit.c","447","msgedit_parse","line","MUTATING_REVIEW","OLC/object/flag mutation","   445:         case '1':
   446:           write_to_output(d, ""Enter Action Type : "");
   447:           OLC_MODE(d) = MSGEDIT_TYPE;
   448:         return;
   449:         case 'A':
   450:         case 'a':"
"src\msgedit.c","450","msgedit_parse","case 'a'","MUTATING_REVIEW","OLC/object/flag mutation","        case 'a':
          write_to_output(d, ""Example: You kill $N!\r\n"");
          write_to_output(d, ""Enter new string : "");
          OLC_MODE(d) = MSGEDIT_DEATH_CHAR;
        return;"
"src\msgedit.c","453","msgedit_parse","line","MUTATING_REVIEW","OLC/object/flag mutation","   451:           write_to_output(d, ""Example: You kill $N!\r\n"");
   452:           write_to_output(d, ""Enter new string : "");
   453:           OLC_MODE(d) = MSGEDIT_DEATH_CHAR;
   454:         return;
   455:         case 'B':
   456:         case 'b':"
"src\msgedit.c","456","msgedit_parse","case 'b'","MUTATING_REVIEW","OLC/object/flag mutation","        case 'b':
          write_to_output(d, ""Example: $n kills you!\r\n"");
          write_to_output(d, ""Enter new string : "");
          OLC_MODE(d) = MSGEDIT_DEATH_VICT;
        return;"
"src\msgedit.c","459","msgedit_parse","line","MUTATING_REVIEW","OLC/object/flag mutation","   457:           write_to_output(d, ""Example: $n kills you!\r\n"");
   458:           write_to_output(d, ""Enter new string : "");
   459:           OLC_MODE(d) = MSGEDIT_DEATH_VICT;
   460:         return;
   461:         case 'C':
   462:         case 'c':"
"src\msgedit.c","462","msgedit_parse","case 'c'","MUTATING_REVIEW","OLC/object/flag mutation","        case 'c':
          write_to_output(d, ""Example: $n kills $N!\r\n"");
          write_to_output(d, ""Enter new string : "");
          OLC_MODE(d) = MSGEDIT_DEATH_ROOM;
        return;"
"src\msgedit.c","465","msgedit_parse","line","MUTATING_REVIEW","OLC/object/flag mutation","   463:           write_to_output(d, ""Example: $n kills $N!\r\n"");
   464:           write_to_output(d, ""Enter new string : "");
   465:           OLC_MODE(d) = MSGEDIT_DEATH_ROOM;
   466:         return;
   467:         case 'D':
   468:         case 'd':"
"src\msgedit.c","468","msgedit_parse","case 'd'","MUTATING_REVIEW","OLC/object/flag mutation","        case 'd':
          write_to_output(d, ""Example: You miss $N!\r\n"");
          write_to_output(d, ""Enter new string : "");
          OLC_MODE(d) = MSGEDIT_MISS_CHAR;
        return;"
"src\msgedit.c","471","msgedit_parse","line","MUTATING_REVIEW","OLC/object/flag mutation","   469:           write_to_output(d, ""Example: You miss $N!\r\n"");
   470:           write_to_output(d, ""Enter new string : "");
   471:           OLC_MODE(d) = MSGEDIT_MISS_CHAR;
   472:         return;
   473:         case 'E':
   474:         case 'e':"
"src\msgedit.c","474","msgedit_parse","case 'e'","MUTATING_REVIEW","OLC/object/flag mutation","        case 'e':
          write_to_output(d, ""Example: $n misses you!\r\n"");
          write_to_output(d, ""Enter new string : "");
          OLC_MODE(d) = MSGEDIT_MISS_VICT;
        return;"
"src\msgedit.c","477","msgedit_parse","line","MUTATING_REVIEW","OLC/object/flag mutation","   475:           write_to_output(d, ""Example: $n misses you!\r\n"");
   476:           write_to_output(d, ""Enter new string : "");
   477:           OLC_MODE(d) = MSGEDIT_MISS_VICT;
   478:         return;
   479:         case 'F':
   480:         case 'f':"
"src\msgedit.c","480","msgedit_parse","case 'f'","MUTATING_REVIEW","OLC/object/flag mutation","        case 'f':
          write_to_output(d, ""Example: $n misses $N!\r\n"");
          write_to_output(d, ""Enter new string : "");
          OLC_MODE(d) = MSGEDIT_MISS_ROOM;
        return;"
"src\msgedit.c","483","msgedit_parse","line","MUTATING_REVIEW","OLC/object/flag mutation","   481:           write_to_output(d, ""Example: $n misses $N!\r\n"");
   482:           write_to_output(d, ""Enter new string : "");
   483:           OLC_MODE(d) = MSGEDIT_MISS_ROOM;
   484:         return;
   485:         case 'G':
   486:         case 'g':"
"src\msgedit.c","486","msgedit_parse","case 'g'","MUTATING_REVIEW","OLC/object/flag mutation","        case 'g':
          write_to_output(d, ""Example: You hit $N!\r\n"");
          write_to_output(d, ""Enter new string : "");
          OLC_MODE(d) = MSGEDIT_HIT_CHAR;
        return;"
"src\msgedit.c","489","msgedit_parse","line","MUTATING_REVIEW","OLC/object/flag mutation","   487:           write_to_output(d, ""Example: You hit $N!\r\n"");
   488:           write_to_output(d, ""Enter new string : "");
   489:           OLC_MODE(d) = MSGEDIT_HIT_CHAR;
   490:         return;
   491:         case 'H':
   492:         case 'h':"
"src\msgedit.c","492","msgedit_parse","case 'h'","MUTATING_REVIEW","OLC/object/flag mutation","        case 'h':
          write_to_output(d, ""Example: $n hits you!\r\n"");
          write_to_output(d, ""Enter new string : "");
          OLC_MODE(d) = MSGEDIT_HIT_VICT;
        return;"
"src\msgedit.c","495","msgedit_parse","line","MUTATING_REVIEW","OLC/object/flag mutation","   493:           write_to_output(d, ""Example: $n hits you!\r\n"");
   494:           write_to_output(d, ""Enter new string : "");
   495:           OLC_MODE(d) = MSGEDIT_HIT_VICT;
   496:         return;
   497:         case 'I':
   498:         case 'i':"
"src\msgedit.c","498","msgedit_parse","case 'i'","MUTATING_REVIEW","OLC/object/flag mutation","        case 'i':
          write_to_output(d, ""Example: $n hits $N!\r\n"");
          write_to_output(d, ""Enter new string : "");
          OLC_MODE(d) = MSGEDIT_HIT_ROOM;
        return;"
"src\msgedit.c","501","msgedit_parse","line","MUTATING_REVIEW","OLC/object/flag mutation","   499:           write_to_output(d, ""Example: $n hits $N!\r\n"");
   500:           write_to_output(d, ""Enter new string : "");
   501:           OLC_MODE(d) = MSGEDIT_HIT_ROOM;
   502:         return;
   503:         case 'J':
   504:         case 'j':"
"src\msgedit.c","504","msgedit_parse","case 'j'","MUTATING_REVIEW","OLC/object/flag mutation","        case 'j':
          write_to_output(d, ""Example: You can't hit $N!\r\n"");
          write_to_output(d, ""Enter new string : "");
          OLC_MODE(d) = MSGEDIT_GOD_CHAR;
        return;"
"src\msgedit.c","507","msgedit_parse","line","MUTATING_REVIEW","OLC/object/flag mutation","   505:           write_to_output(d, ""Example: You can't hit $N!\r\n"");
   506:           write_to_output(d, ""Enter new string : "");
   507:           OLC_MODE(d) = MSGEDIT_GOD_CHAR;
   508:         return;
   509:         case 'K':
   510:         case 'k':"
"src\msgedit.c","510","msgedit_parse","case 'k'","MUTATING_REVIEW","OLC/object/flag mutation","        case 'k':
          write_to_output(d, ""Example: $n can't hit you!\r\n"");
          write_to_output(d, ""Enter new string : "");
          OLC_MODE(d) = MSGEDIT_GOD_VICT;
        return;"
"src\msgedit.c","513","msgedit_parse","line","MUTATING_REVIEW","OLC/object/flag mutation","   511:           write_to_output(d, ""Example: $n can't hit you!\r\n"");
   512:           write_to_output(d, ""Enter new string : "");
   513:           OLC_MODE(d) = MSGEDIT_GOD_VICT;
   514:         return;
   515:         case 'L':
   516:         case 'l':"
"src\msgedit.c","516","msgedit_parse","case 'l'","MUTATING_REVIEW","OLC/object/flag mutation","        case 'l':
          write_to_output(d, ""Example: $n can't hit $N!\r\n"");
          write_to_output(d, ""Enter new string : "");
          OLC_MODE(d) = MSGEDIT_GOD_ROOM;
        return;"
"src\msgedit.c","519","msgedit_parse","line","MUTATING_REVIEW","OLC/object/flag mutation","   517:           write_to_output(d, ""Example: $n can't hit $N!\r\n"");
   518:           write_to_output(d, ""Enter new string : "");
   519:           OLC_MODE(d) = MSGEDIT_GOD_ROOM;
   520:         return;
   521:         case 'N':
   522:         case 'n':"
"src\msgedit.c","522","msgedit_parse","case 'n'","MUTATING_REVIEW","OLC/object/flag mutation","        case 'n':
          if (OLC_MSG(d)->next == NULL) {
            temp = OLC_MSG(d);
            CREATE(OLC_MSG(d), struct message_type, 1);
            copy_message_strings(OLC_MSG(d), NULL);
            OLC_MSG_LIST(d)->number_of_attacks++;
            temp->next = OLC_MSG(d);
          } else
            OLC_MSG(d) = OLC_MSG(d)->next;
          
          msgedit_main_menu(d);
        return;"
"src\msgedit.c","523","msgedit_parse","line","MUTATING_REVIEW","OLC/object/flag mutation","   521:         case 'N':
   522:         case 'n':
   523:           if (OLC_MSG(d)->next == NULL) {
   524:             temp = OLC_MSG(d);
   525:             CREATE(OLC_MSG(d), struct message_type, 1);
   526:             copy_message_strings(OLC_MSG(d), NULL);"
"src\msgedit.c","530","msgedit_parse","line","MUTATING_REVIEW","OLC/object/flag mutation","   528:             temp->next = OLC_MSG(d);
   529:           } else
   530:             OLC_MSG(d) = OLC_MSG(d)->next;
   531:           
   532:           msgedit_main_menu(d);
   533:         return;"
"src\msgedit.c","535","msgedit_parse","case 'p'","MUTATING_REVIEW","OLC/object/flag mutation","        case 'p':
          if (OLC_MSG(d) == OLC_MSG_LIST(d)->msg) {
            msgedit_main_menu(d);
            return;"
"src\msgedit.c","536","msgedit_parse","line","MUTATING_REVIEW","OLC/object/flag mutation","   534:         case 'P':
   535:         case 'p':
   536:           if (OLC_MSG(d) == OLC_MSG_LIST(d)->msg) {
   537:             msgedit_main_menu(d);
   538:             return;
   539:           }"
"src\msgedit.c","541","msgedit_parse","line","MUTATING_REVIEW","OLC/object/flag mutation","   539:           }
   540:           temp = OLC_MSG(d);
   541:           for (OLC_MSG(d) = OLC_MSG_LIST(d)->msg; OLC_MSG(d); OLC_MSG(d) = OLC_MSG(d)->next)
   542:             if (OLC_MSG(d)->next == temp)
   543:               break;
   544:           "
"src\msgedit.c","542","msgedit_parse","line","MUTATING_REVIEW","OLC/object/flag mutation","   540:           temp = OLC_MSG(d);
   541:           for (OLC_MSG(d) = OLC_MSG_LIST(d)->msg; OLC_MSG(d); OLC_MSG(d) = OLC_MSG(d)->next)
   542:             if (OLC_MSG(d)->next == temp)
   543:               break;
   544:           
   545:           msgedit_main_menu(d);"
"src\msgedit.c","548","msgedit_parse","case 's'","MUTATING_REVIEW","OLC/object/flag mutation","        case 's':
          write_to_output(d, ""Do you wish to save? Y/N : "");
          OLC_MODE(d) = MSGEDIT_CONFIRM_SAVE;
        return;"
"src\msgedit.c","550","msgedit_parse","line","MUTATING_REVIEW","OLC/object/flag mutation","   548:         case 's':
   549:           write_to_output(d, ""Do you wish to save? Y/N : "");
   550:           OLC_MODE(d) = MSGEDIT_CONFIRM_SAVE;
   551:         return;
   552:         case 'Q':
   553:         case 'q':"
"src\msgedit.c","553","msgedit_parse","case 'q'","MUTATING_REVIEW","OLC/object/flag mutation","        case 'q':
          if (OLC_VAL(d)) {
            OLC_MODE(d) = MSGEDIT_CONFIRM_SAVE;
            quit = TRUE;
            write_to_output(d, ""Do you wish to save? Y/N : "");
            return;"
"src\msgedit.c","555","msgedit_parse","line","MUTATING_REVIEW","OLC/object/flag mutation","   553:         case 'q':
   554:           if (OLC_VAL(d)) {
   555:             OLC_MODE(d) = MSGEDIT_CONFIRM_SAVE;
   556:             quit = TRUE;
   557:             write_to_output(d, ""Do you wish to save? Y/N : "");
   558:             return;"
"src\msgedit.c","565","msgedit_parse","case MSGEDIT_CONFIRM_SAVE","MUTATING_REVIEW","OLC/object/flag mutation | disk/save operation","    case MSGEDIT_CONFIRM_SAVE:
      if (*arg && (*arg == 'Y' || *arg == 'y')) {
        copy_message_list(&fight_messages[OLC_NUM(d)], OLC_MSG_LIST(d));
        save_messages_to_disk();
        OLC_VAL(d) = 0;
        write_to_output(d, ""Messages saved.\r\n"");
      } else
        write_to_output(d, ""Save aborted.\r\n"");
  
      if (quit) {
        quit = FALSE;
        write_to_output(d, ""Exiting message editor.\r\n"");
        cleanup_olc(d, CLEANUP_ALL);     
        return;     "
"src\msgedit.c","569","msgedit_parse","line","MUTATING_REVIEW","OLC/object/flag mutation","   567:         copy_message_list(&fight_messages[OLC_NUM(d)], OLC_MSG_LIST(d));
   568:         save_messages_to_disk();
   569:         OLC_VAL(d) = 0;
   570:         write_to_output(d, ""Messages saved.\r\n"");
   571:       } else
   572:         write_to_output(d, ""Save aborted.\r\n"");"
"src\msgedit.c","583","msgedit_parse","case MSGEDIT_TYPE","MUTATING_REVIEW","OLC/object/flag mutation","    case MSGEDIT_TYPE:
      OLC_MSG_LIST(d)->a_type = LIMIT(atoi(arg), 0, 500);
    break;"
"src\msgedit.c","584","msgedit_parse","line","MUTATING_REVIEW","OLC/object/flag mutation","   582:     return;
   583:     case MSGEDIT_TYPE:
   584:       OLC_MSG_LIST(d)->a_type = LIMIT(atoi(arg), 0, 500);
   585:     break;
   586:     case MSGEDIT_DEATH_CHAR:
   587:       if (!genolc_checkstring(d, arg))"
"src\msgedit.c","594","msgedit_parse","line","MUTATING_REVIEW","OLC/object/flag mutation","   592:         free(OLC_MSG(d)->die_msg.attacker_msg);
   593:             
   594:       OLC_MSG(d)->die_msg.attacker_msg = strdup(arg);    
   595:     break;
   596:     case MSGEDIT_DEATH_VICT:
   597:       if (!genolc_checkstring(d, arg))"
"src\msgedit.c","604","msgedit_parse","line","MUTATING_REVIEW","OLC/object/flag mutation","   602:         free(OLC_MSG(d)->die_msg.victim_msg);
   603:             
   604:       OLC_MSG(d)->die_msg.victim_msg = strdup(arg);    
   605:     break;
   606:     case MSGEDIT_DEATH_ROOM:
   607:       if (!genolc_checkstring(d, arg))"
"src\msgedit.c","614","msgedit_parse","line","MUTATING_REVIEW","OLC/object/flag mutation","   612:         free(OLC_MSG(d)->die_msg.room_msg);
   613:             
   614:       OLC_MSG(d)->die_msg.room_msg = strdup(arg);    
   615:     break;
   616:     case MSGEDIT_MISS_CHAR:
   617:       if (!genolc_checkstring(d, arg))"
"src\msgedit.c","624","msgedit_parse","line","MUTATING_REVIEW","OLC/object/flag mutation","   622:         free(OLC_MSG(d)->miss_msg.attacker_msg);
   623:             
   624:       OLC_MSG(d)->miss_msg.attacker_msg = strdup(arg);    
   625:     break;
   626:     case MSGEDIT_MISS_VICT:
   627:       if (!genolc_checkstring(d, arg))"
"src\msgedit.c","634","msgedit_parse","line","MUTATING_REVIEW","OLC/object/flag mutation","   632:         free(OLC_MSG(d)->miss_msg.victim_msg);
   633:             
   634:       OLC_MSG(d)->miss_msg.victim_msg = strdup(arg);    
   635:     break;
   636:     case MSGEDIT_MISS_ROOM:
   637:       if (!genolc_checkstring(d, arg))"
"src\msgedit.c","644","msgedit_parse","line","MUTATING_REVIEW","OLC/object/flag mutation","   642:         free(OLC_MSG(d)->miss_msg.room_msg);
   643:             
   644:       OLC_MSG(d)->miss_msg.room_msg = strdup(arg);    
   645:     break;
   646:     case MSGEDIT_HIT_CHAR:
   647:       if (!genolc_checkstring(d, arg))"
"src\msgedit.c","654","msgedit_parse","line","MUTATING_REVIEW","OLC/object/flag mutation","   652:         free(OLC_MSG(d)->hit_msg.attacker_msg);
   653:             
   654:       OLC_MSG(d)->hit_msg.attacker_msg = strdup(arg);    
   655:     break;
   656:     case MSGEDIT_HIT_VICT:
   657:       if (!genolc_checkstring(d, arg))"
"src\msgedit.c","664","msgedit_parse","line","MUTATING_REVIEW","OLC/object/flag mutation","   662:         free(OLC_MSG(d)->hit_msg.victim_msg);
   663:             
   664:       OLC_MSG(d)->hit_msg.victim_msg = strdup(arg);    
   665:     break;
   666:     case MSGEDIT_HIT_ROOM:
   667:       if (!genolc_checkstring(d, arg))"
"src\msgedit.c","674","msgedit_parse","line","MUTATING_REVIEW","OLC/object/flag mutation","   672:         free(OLC_MSG(d)->hit_msg.room_msg);
   673:             
   674:       OLC_MSG(d)->hit_msg.room_msg = strdup(arg);    
   675:     break;
   676:     case MSGEDIT_GOD_CHAR:
   677:       if (!genolc_checkstring(d, arg))"
"src\msgedit.c","684","msgedit_parse","line","MUTATING_REVIEW","OLC/object/flag mutation","   682:         free(OLC_MSG(d)->god_msg.attacker_msg);
   683:             
   684:       OLC_MSG(d)->god_msg.attacker_msg = strdup(arg);    
   685:     break;
   686:     case MSGEDIT_GOD_VICT:
   687:       if (!genolc_checkstring(d, arg))"
"src\msgedit.c","694","msgedit_parse","line","MUTATING_REVIEW","OLC/object/flag mutation","   692:         free(OLC_MSG(d)->god_msg.victim_msg);
   693:             
   694:       OLC_MSG(d)->god_msg.victim_msg = strdup(arg);    
   695:     break;
   696:     case MSGEDIT_GOD_ROOM:
   697:       if (!genolc_checkstring(d, arg))"
"src\msgedit.c","704","msgedit_parse","line","MUTATING_REVIEW","OLC/object/flag mutation","   702:         free(OLC_MSG(d)->god_msg.room_msg);
   703:             
   704:       OLC_MSG(d)->god_msg.room_msg = strdup(arg);    
   705:     break;
   706:   } 
   707:   "
"src\msgedit.c","708","msgedit_parse","line","MUTATING_REVIEW","OLC/object/flag mutation","   706:   } 
   707:   
   708:   OLC_VAL(d) = 1;  
   709:   msgedit_main_menu(d);
   710: }"
"src\oasis.c","159","cleanup_olc","line","MUTATING_REVIEW","OLC/object/flag mutation","   157:    if (OLC_IBT(d)) {
   158: 	   free_olc_ibt(OLC_IBT(d));
   159: 	   OLC_IBT(d) = NULL;
   160:    }
   161:    
   162:    if (OLC_MSG_LIST(d)) {"
"src\oasis.c","164","cleanup_olc","line","MUTATING_REVIEW","OLC/object/flag mutation","   162:    if (OLC_MSG_LIST(d)) {
   163:      free_message_list(OLC_MSG_LIST(d));
   164:      OLC_MSG_LIST(d) = NULL;  
   165:      OLC_MSG(d) = NULL;
   166:    }
   167: "
"src\oasis.c","165","cleanup_olc","line","MUTATING_REVIEW","OLC/object/flag mutation","   163:      free_message_list(OLC_MSG_LIST(d));
   164:      OLC_MSG_LIST(d) = NULL;  
   165:      OLC_MSG(d) = NULL;
   166:    }
   167: 
   168:   /* Free storage if allocated (tedit, aedit, and trigedit). This is the command"
"src\oasis.c","172","cleanup_olc","line","MUTATING_REVIEW","OLC/object/flag mutation","   170:    if (OLC_STORAGE(d)) {
   171:      free(OLC_STORAGE(d));
   172:      OLC_STORAGE(d) = NULL;
   173:    }
   174:    /* Free this one regardless. If we've left olc, we've either made a fresh
   175:     * copy of it in the trig index, or we lost connection. Either way, we need"
"src\oasis.c","179","cleanup_olc","line","MUTATING_REVIEW","OLC/object/flag mutation","   177:    if (OLC_TRIG(d)) {
   178:      free_trigger(OLC_TRIG(d));
   179:      OLC_TRIG(d) = NULL;
   180:    }
   181: 
   182:    /* Free this one regardless. If we've left olc, we've either copied the    *"
"src\oasis.c","188","cleanup_olc","line","MUTATING_REVIEW","OLC/object/flag mutation","   186:      /*. There is nothing else really to free, except this... .*/
   187:      free(OLC_PREFS(d));
   188:      OLC_PREFS(d) = NULL;
   189:    }
   190: 
   191:    /* OLC_SCRIPT is always set as trig_proto of OLC_OBJ/MOB/ROOM. Therefore it"
"src\oasis.c","266","can_edit_zone","line","MUTATING_REVIEW","OLC/object/flag mutation","   264:     return FALSE;
   265: 
   266:   if (GET_OLC_ZONE(ch) == ALL_PERMISSION)
   267:     return TRUE;
   268: 
   269:   if (GET_OLC_ZONE(ch) == HEDIT_PERMISSION && rnum == HEDIT_PERMISSION)"
"src\oasis.c","269","can_edit_zone","line","MUTATING_REVIEW","OLC/object/flag mutation","   267:     return TRUE;
   268: 
   269:   if (GET_OLC_ZONE(ch) == HEDIT_PERMISSION && rnum == HEDIT_PERMISSION)
   270:     return TRUE;
   271: 
   272:   if (GET_OLC_ZONE(ch) == AEDIT_PERMISSION && rnum == AEDIT_PERMISSION)"
"src\oasis.c","272","can_edit_zone","line","MUTATING_REVIEW","OLC/object/flag mutation","   270:     return TRUE;
   271: 
   272:   if (GET_OLC_ZONE(ch) == AEDIT_PERMISSION && rnum == AEDIT_PERMISSION)
   273:     return TRUE;
   274: 
   275:   /* always access if ch is high enough level */"
"src\oasis.c","285","can_edit_zone","line","MUTATING_REVIEW","OLC/object/flag mutation","   283: 
   284:   /* no access if you haven't been assigned a zone */
   285:   if (GET_OLC_ZONE(ch) == NOWHERE) {
   286:     return FALSE;
   287:   }
   288: "
"src\oasis.c","294","can_edit_zone","line","MUTATING_REVIEW","OLC/object/flag mutation","   292: 
   293:   /* always access if you're assigned to this zone */
   294:   if (real_zone(GET_OLC_ZONE(ch)) == rnum)
   295:     return TRUE;
   296: 
   297:   return (FALSE);"
"src\oasis.c","304","send_cannot_edit","line","MUTATING_REVIEW","OLC/object/flag mutation","   302:   char buf[MAX_STRING_LENGTH];
   303: 
   304:   if (GET_OLC_ZONE(ch) != NOWHERE) {
   305:     send_to_char(ch, ""You do not have permission to edit zone %d.  Try zone %d.\r\n"", zone, GET_OLC_ZONE(ch));
   306:     sprintf(buf, ""OLC: %s tried to edit zone %d (allowed zone %d)."", GET_NAME(ch), zone, GET_OLC_ZONE(ch));
   307:   } else {"
"src\oasis_copy.c","103","","line","MUTATING_REVIEW","OLC/object/flag mutation","   101:   for (d = descriptor_list; d; d = d->next) {
   102:     if (STATE(d) == subcmd) {
   103:       if (d->olc && OLC_NUM(d) == dst_vnum) {
   104: 	send_to_char(ch, ""The target %s (#%d) is currently being edited by %s.\r\n"",
   105: 	oasis_copy_info[i].text, dst_vnum, GET_NAME(d->character));
   106:         return;"
"src\oasis_copy.c","123","","line","MUTATING_REVIEW","OLC/object/flag mutation","   121: 
   122:   /* Find the zone. */
   123:   if ((OLC_ZNUM(d) = real_zone_by_thing(dst_vnum)) == NOWHERE) {
   124:     send_to_char(ch, ""Sorry, there is no zone for the given vnum (#%d)!\r\n"", dst_vnum);
   125:     free(d->olc);
   126:     d->olc = NULL;"
"src\oasis_copy.c","139","","line","MUTATING_REVIEW","OLC/object/flag mutation","   137: 
   138:   /* We tell the OLC functions that we want to save to the target vnum. */
   139:   OLC_NUM(d) = dst_vnum;
   140: 
   141:   /* Perform the copy. */
   142:   send_to_char(ch, ""Copying %s: source: #%d, dest: #%d.\r\n"", oasis_copy_info[i].text, src_vnum, dst_vnum);"
"src\oasis_copy.c","248","free_room_exit","line","MUTATING_REVIEW","OLC/object/flag mutation","   246:     }
   247:     CREATE(d->olc, struct oasis_olc_data, 1);
   248:     OLC_ZNUM(d) = zone;
   249:     OLC_NUM(d) = rvnum;
   250:     CREATE(OLC_ROOM(d), struct room_data, 1);
   251: "
"src\oasis_copy.c","249","free_room_exit","line","MUTATING_REVIEW","OLC/object/flag mutation","   247:     CREATE(d->olc, struct oasis_olc_data, 1);
   248:     OLC_ZNUM(d) = zone;
   249:     OLC_NUM(d) = rvnum;
   250:     CREATE(OLC_ROOM(d), struct room_data, 1);
   251: 
   252: "
"src\oasis_copy.c","255","free_room_exit","line","MUTATING_REVIEW","OLC/object/flag mutation","   253:     /* Copy the room's name. */
   254:     if (*new_room_name)
   255:      OLC_ROOM(d)->name = strdup(new_room_name);
   256:     else
   257:      OLC_ROOM(d)->name = strdup(""An unfinished room"");
   258: "
"src\oasis_copy.c","257","free_room_exit","line","MUTATING_REVIEW","OLC/object/flag mutation","   255:      OLC_ROOM(d)->name = strdup(new_room_name);
   256:     else
   257:      OLC_ROOM(d)->name = strdup(""An unfinished room"");
   258: 
   259:     /* Copy the room's description.*/
   260:     OLC_ROOM(d)->description = strdup(""You are in an unfinished room.\r\n"");"
"src\oasis_copy.c","260","free_room_exit","line","MUTATING_REVIEW","OLC/object/flag mutation","   258: 
   259:     /* Copy the room's description.*/
   260:     OLC_ROOM(d)->description = strdup(""You are in an unfinished room.\r\n"");
   261:     OLC_ROOM(d)->zone = OLC_ZNUM(d);
   262:     OLC_ROOM(d)->number = NOWHERE;
   263: "
"src\oasis_copy.c","261","free_room_exit","line","MUTATING_REVIEW","OLC/object/flag mutation","   259:     /* Copy the room's description.*/
   260:     OLC_ROOM(d)->description = strdup(""You are in an unfinished room.\r\n"");
   261:     OLC_ROOM(d)->zone = OLC_ZNUM(d);
   262:     OLC_ROOM(d)->number = NOWHERE;
   263: 
   264:     /* Save the new room to memory. redit_save_internally handles adding the "
"src\oasis_copy.c","262","free_room_exit","line","MUTATING_REVIEW","OLC/object/flag mutation","   260:     OLC_ROOM(d)->description = strdup(""You are in an unfinished room.\r\n"");
   261:     OLC_ROOM(d)->zone = OLC_ZNUM(d);
   262:     OLC_ROOM(d)->number = NOWHERE;
   263: 
   264:     /* Save the new room to memory. redit_save_internally handles adding the 
   265:      * room in the right place, etc. */"
"src\oasis_copy.c","267","free_room_exit","line","MUTATING_REVIEW","OLC/object/flag mutation","   265:      * room in the right place, etc. */
   266:     redit_save_internally(d);
   267:     OLC_VAL(d) = 0;
   268: 
   269:     send_to_char(ch, ""New room (%d) created.\r\n"", rvnum);
   270:     cleanup_olc(d, CLEANUP_ALL);"
"src\oasis_copy.c","434","buildwalk","line","MUTATING_REVIEW","OLC/object/flag mutation","   432:       }
   433:       CREATE(d->olc, struct oasis_olc_data, 1);
   434:       OLC_ZNUM(d) = world[IN_ROOM(ch)].zone;
   435:       OLC_NUM(d) = vnum;
   436:       CREATE(OLC_ROOM(d), struct room_data, 1);
   437: "
"src\oasis_copy.c","435","buildwalk","line","MUTATING_REVIEW","OLC/object/flag mutation","   433:       CREATE(d->olc, struct oasis_olc_data, 1);
   434:       OLC_ZNUM(d) = world[IN_ROOM(ch)].zone;
   435:       OLC_NUM(d) = vnum;
   436:       CREATE(OLC_ROOM(d), struct room_data, 1);
   437: 
   438:       OLC_ROOM(d)->name = strdup(""New BuildWalk Room"");"
"src\oasis_copy.c","438","buildwalk","line","MUTATING_REVIEW","OLC/object/flag mutation","   436:       CREATE(OLC_ROOM(d), struct room_data, 1);
   437: 
   438:       OLC_ROOM(d)->name = strdup(""New BuildWalk Room"");
   439: 
   440:       sprintf(buf, ""This unfinished room was created by %s.\r\n"", GET_NAME(ch));
   441:       OLC_ROOM(d)->description = strdup(buf);"
"src\oasis_copy.c","441","buildwalk","line","MUTATING_REVIEW","OLC/object/flag mutation","   439: 
   440:       sprintf(buf, ""This unfinished room was created by %s.\r\n"", GET_NAME(ch));
   441:       OLC_ROOM(d)->description = strdup(buf);
   442:       OLC_ROOM(d)->zone = OLC_ZNUM(d);
   443:       OLC_ROOM(d)->number = NOWHERE;
   444: 	  OLC_ROOM(d)->sector_type = GET_BUILDWALK_SECTOR(ch);"
"src\oasis_copy.c","442","buildwalk","line","MUTATING_REVIEW","OLC/object/flag mutation","   440:       sprintf(buf, ""This unfinished room was created by %s.\r\n"", GET_NAME(ch));
   441:       OLC_ROOM(d)->description = strdup(buf);
   442:       OLC_ROOM(d)->zone = OLC_ZNUM(d);
   443:       OLC_ROOM(d)->number = NOWHERE;
   444: 	  OLC_ROOM(d)->sector_type = GET_BUILDWALK_SECTOR(ch);
   445: 	  "
"src\oasis_copy.c","443","buildwalk","line","MUTATING_REVIEW","OLC/object/flag mutation","   441:       OLC_ROOM(d)->description = strdup(buf);
   442:       OLC_ROOM(d)->zone = OLC_ZNUM(d);
   443:       OLC_ROOM(d)->number = NOWHERE;
   444: 	  OLC_ROOM(d)->sector_type = GET_BUILDWALK_SECTOR(ch);
   445: 	  
   446:       /* Save the new room to memory. redit_save_internally handles adding the "
"src\oasis_copy.c","444","buildwalk","line","MUTATING_REVIEW","OLC/object/flag mutation","   442:       OLC_ROOM(d)->zone = OLC_ZNUM(d);
   443:       OLC_ROOM(d)->number = NOWHERE;
   444: 	  OLC_ROOM(d)->sector_type = GET_BUILDWALK_SECTOR(ch);
   445: 	  
   446:       /* Save the new room to memory. redit_save_internally handles adding the 
   447:        * room in the right place, etc. */"
"src\oasis_copy.c","449","buildwalk","line","MUTATING_REVIEW","OLC/object/flag mutation","   447:        * room in the right place, etc. */
   448:       redit_save_internally(d);
   449:       OLC_VAL(d) = 0;
   450: 
   451:       /* Link rooms */
   452:       rnum = real_room(vnum);"
"src\oedit.c","93","oedit_type_supports_regen_mult","line","MUTATING_REVIEW","OLC/object/flag mutation","    91:       zone_rnum zlok;
    92: 
    93:       if ((zlok = real_zone(GET_OLC_ZONE(ch))) == NOWHERE)
    94:         number = NOWHERE;
    95:       else
    96:         number = genolc_zone_bottom(zlok);"
"src\oedit.c","117","oedit_type_supports_regen_mult","line","MUTATING_REVIEW","OLC/object/flag mutation","   115:   for (d = descriptor_list; d; d = d->next) {
   116:     if (STATE(d) == CON_OEDIT) {
   117:       if (d->olc && OLC_NUM(d) == number) {
   118:         send_to_char(ch, ""That object is currently being edited by %s.\r\n"",
   119:           PERS(d->character, ch));
   120:         return;"
"src\oedit.c","138","oedit_type_supports_regen_mult","line","MUTATING_REVIEW","OLC/object/flag mutation","   136: 
   137:   /* Find the zone. */
   138:   OLC_ZNUM(d) = save ? real_zone(number) : real_zone_by_thing(number);
   139:   if (OLC_ZNUM(d) == NOWHERE) {
   140:     send_to_char(ch, ""Sorry, there is no zone for that number!\r\n"");
   141: "
"src\oedit.c","139","oedit_type_supports_regen_mult","line","MUTATING_REVIEW","OLC/object/flag mutation","   137:   /* Find the zone. */
   138:   OLC_ZNUM(d) = save ? real_zone(number) : real_zone_by_thing(number);
   139:   if (OLC_ZNUM(d) == NOWHERE) {
   140:     send_to_char(ch, ""Sorry, there is no zone for that number!\r\n"");
   141: 
   142:     /* Free the descriptor's OLC structure. */"
"src\oedit.c","174","oedit_type_supports_regen_mult","line","MUTATING_REVIEW","OLC/object/flag mutation","   172:   }
   173: 
   174:   OLC_NUM(d) = number;
   175: 
   176:   /* If a new object, setup new, otherwise setup the existing object. */
   177:   if ((real_num = real_object(number)) != NOTHING)"
"src\oedit.c","187","oedit_type_supports_regen_mult","line","MUTATING_REVIEW","OLC/object/flag mutation","   185:   /* Send the OLC message to the players in the same room as the builder. */
   186:   act(""$n starts using OLC."", TRUE, d->character, 0, 0, TO_ROOM);
   187:   SET_BIT_AR(PLR_FLAGS(ch), PLR_WRITING);
   188: 
   189:   /* Log the OLC message. */
   190:   mudlog(CMP, MAX(LVL_IMMORT, GET_INVIS_LEV(ch)), TRUE, ""OLC: %s starts editing zone %d allowed zone %d"","
"src\oedit.c","199","oedit_setup_new","line","MUTATING_REVIEW","OLC/object/flag mutation","   197: 
   198:   clear_object(OLC_OBJ(d));
   199:   OLC_OBJ(d)->name = strdup(""unfinished object"");
   200:   OLC_OBJ(d)->description = strdup(""An unfinished object is lying here."");
   201:   OLC_OBJ(d)->short_description = strdup(""an unfinished object"");
   202:   SET_BIT_AR(GET_OBJ_WEAR(OLC_OBJ(d)), ITEM_WEAR_TAKE);"
"src\oedit.c","200","oedit_setup_new","line","MUTATING_REVIEW","OLC/object/flag mutation","   198:   clear_object(OLC_OBJ(d));
   199:   OLC_OBJ(d)->name = strdup(""unfinished object"");
   200:   OLC_OBJ(d)->description = strdup(""An unfinished object is lying here."");
   201:   OLC_OBJ(d)->short_description = strdup(""an unfinished object"");
   202:   SET_BIT_AR(GET_OBJ_WEAR(OLC_OBJ(d)), ITEM_WEAR_TAKE);
   203:   OLC_VAL(d) = 0;"
"src\oedit.c","201","oedit_setup_new","line","MUTATING_REVIEW","OLC/object/flag mutation","   199:   OLC_OBJ(d)->name = strdup(""unfinished object"");
   200:   OLC_OBJ(d)->description = strdup(""An unfinished object is lying here."");
   201:   OLC_OBJ(d)->short_description = strdup(""an unfinished object"");
   202:   SET_BIT_AR(GET_OBJ_WEAR(OLC_OBJ(d)), ITEM_WEAR_TAKE);
   203:   OLC_VAL(d) = 0;
   204:   OLC_ITEM_TYPE(d) = OBJ_TRIGGER;"
"src\oedit.c","202","oedit_setup_new","line","MUTATING_REVIEW","OLC/object/flag mutation","   200:   OLC_OBJ(d)->description = strdup(""An unfinished object is lying here."");
   201:   OLC_OBJ(d)->short_description = strdup(""an unfinished object"");
   202:   SET_BIT_AR(GET_OBJ_WEAR(OLC_OBJ(d)), ITEM_WEAR_TAKE);
   203:   OLC_VAL(d) = 0;
   204:   OLC_ITEM_TYPE(d) = OBJ_TRIGGER;
   205: "
"src\oedit.c","203","oedit_setup_new","line","MUTATING_REVIEW","OLC/object/flag mutation","   201:   OLC_OBJ(d)->short_description = strdup(""an unfinished object"");
   202:   SET_BIT_AR(GET_OBJ_WEAR(OLC_OBJ(d)), ITEM_WEAR_TAKE);
   203:   OLC_VAL(d) = 0;
   204:   OLC_ITEM_TYPE(d) = OBJ_TRIGGER;
   205: 
   206:   SCRIPT(OLC_OBJ(d)) = NULL;"
"src\oedit.c","204","oedit_setup_new","line","MUTATING_REVIEW","OLC/object/flag mutation","   202:   SET_BIT_AR(GET_OBJ_WEAR(OLC_OBJ(d)), ITEM_WEAR_TAKE);
   203:   OLC_VAL(d) = 0;
   204:   OLC_ITEM_TYPE(d) = OBJ_TRIGGER;
   205: 
   206:   SCRIPT(OLC_OBJ(d)) = NULL;
   207:   OLC_OBJ(d)->proto_script = OLC_SCRIPT(d) = NULL;"
"src\oedit.c","219","oedit_setup_existing","line","MUTATING_REVIEW","OLC/object/flag mutation","   217: 
   218:   /* Attach new object to player's descriptor. */
   219:   OLC_OBJ(d) = obj;
   220:   OLC_VAL(d) = 0;
   221:   OLC_ITEM_TYPE(d) = OBJ_TRIGGER;
   222:   dg_olc_script_copy(d);"
"src\oedit.c","220","oedit_setup_existing","line","MUTATING_REVIEW","OLC/object/flag mutation","   218:   /* Attach new object to player's descriptor. */
   219:   OLC_OBJ(d) = obj;
   220:   OLC_VAL(d) = 0;
   221:   OLC_ITEM_TYPE(d) = OBJ_TRIGGER;
   222:   dg_olc_script_copy(d);
   223:   /* The edited obj must not have a script. It will be assigned to the updated"
"src\oedit.c","221","oedit_setup_existing","line","MUTATING_REVIEW","OLC/object/flag mutation","   219:   OLC_OBJ(d) = obj;
   220:   OLC_VAL(d) = 0;
   221:   OLC_ITEM_TYPE(d) = OBJ_TRIGGER;
   222:   dg_olc_script_copy(d);
   223:   /* The edited obj must not have a script. It will be assigned to the updated
   224:    * obj later, after editing. */"
"src\oedit.c","236","oedit_save_internally","line","MUTATING_REVIEW","OLC/object/flag mutation","   234:   struct obj_data *obj;
   235: 
   236:   i = (real_object(OLC_NUM(d)) == NOTHING);
   237: 
   238:   if ((robj_num = add_object(OLC_OBJ(d), OLC_NUM(d))) == NOTHING) {
   239:     log(""oedit_save_internally: add_object failed."");"
"src\oedit.c","238","oedit_save_internally","line","MUTATING_REVIEW","OLC/object/flag mutation","   236:   i = (real_object(OLC_NUM(d)) == NOTHING);
   237: 
   238:   if ((robj_num = add_object(OLC_OBJ(d), OLC_NUM(d))) == NOTHING) {
   239:     log(""oedit_save_internally: add_object failed."");
   240:     return;
   241:   }"
"src\oedit.c","272","oedit_save_internally","line","MUTATING_REVIEW","OLC/object/flag mutation","   270:   for (dsc = descriptor_list; dsc; dsc = dsc->next)
   271:     if (STATE(dsc) == CON_SEDIT)
   272:       for (i = 0; S_PRODUCT(OLC_SHOP(dsc), i) != NOTHING; i++)
   273: 	if (S_PRODUCT(OLC_SHOP(dsc), i) >= robj_num)
   274: 	  S_PRODUCT(OLC_SHOP(dsc), i)++;
   275: "
"src\oedit.c","273","oedit_save_internally","line","MUTATING_REVIEW","OLC/object/flag mutation","   271:     if (STATE(dsc) == CON_SEDIT)
   272:       for (i = 0; S_PRODUCT(OLC_SHOP(dsc), i) != NOTHING; i++)
   273: 	if (S_PRODUCT(OLC_SHOP(dsc), i) >= robj_num)
   274: 	  S_PRODUCT(OLC_SHOP(dsc), i)++;
   275: 
   276: "
"src\oedit.c","280","oedit_save_internally","line","MUTATING_REVIEW","OLC/object/flag mutation","   278:   for (dsc = descriptor_list; dsc; dsc = dsc->next)
   279:     if (STATE(dsc) == CON_ZEDIT)
   280:       for (i = 0; OLC_ZONE(dsc)->cmd[i].command != 'S'; i++)
   281:         switch (OLC_ZONE(dsc)->cmd[i].command) {
   282:           case 'P':
   283:             OLC_ZONE(dsc)->cmd[i].arg3 += (OLC_ZONE(dsc)->cmd[i].arg3 >= robj_num);"
"src\oedit.c","282","oedit_save_internally","case 'P'","MUTATING_REVIEW","OLC/object/flag mutation","          case 'P':
            OLC_ZONE(dsc)->cmd[i].arg3 += (OLC_ZONE(dsc)->cmd[i].arg3 >= robj_num);
            /* Fall through. */"
"src\oedit.c","283","oedit_save_internally","line","MUTATING_REVIEW","OLC/object/flag mutation","   281:         switch (OLC_ZONE(dsc)->cmd[i].command) {
   282:           case 'P':
   283:             OLC_ZONE(dsc)->cmd[i].arg3 += (OLC_ZONE(dsc)->cmd[i].arg3 >= robj_num);
   284:             /* Fall through. */
   285:           case 'E':
   286:           case 'G':"
"src\oedit.c","287","oedit_save_internally","case 'O'","MUTATING_REVIEW","OLC/object/flag mutation","          case 'O':
            OLC_ZONE(dsc)->cmd[i].arg1 += (OLC_ZONE(dsc)->cmd[i].arg1 >= robj_num);
            break;"
"src\oedit.c","288","oedit_save_internally","line","MUTATING_REVIEW","OLC/object/flag mutation","   286:           case 'G':
   287:           case 'O':
   288:             OLC_ZONE(dsc)->cmd[i].arg1 += (OLC_ZONE(dsc)->cmd[i].arg1 >= robj_num);
   289:             break;
   290:           case 'R':
   291:             OLC_ZONE(dsc)->cmd[i].arg2 += (OLC_ZONE(dsc)->cmd[i].arg2 >= robj_num);"
"src\oedit.c","290","oedit_save_internally","case 'R'","MUTATING_REVIEW","OLC/object/flag mutation","          case 'R':
            OLC_ZONE(dsc)->cmd[i].arg2 += (OLC_ZONE(dsc)->cmd[i].arg2 >= robj_num);
            break;"
"src\oedit.c","291","oedit_save_internally","line","MUTATING_REVIEW","OLC/object/flag mutation","   289:             break;
   290:           case 'R':
   291:             OLC_ZONE(dsc)->cmd[i].arg2 += (OLC_ZONE(dsc)->cmd[i].arg2 >= robj_num);
   292:             break;
   293:           default:
   294:           break;"
"src\oedit.c","340","oedit_disp_extradesc_menu","line","MUTATING_REVIEW","OLC/object/flag mutation","   338: 	  grn, nrm, yel, (extra_desc->description && *extra_desc->description) ? extra_desc->description : ""<NONE>"",
   339: 	  grn, nrm, !extra_desc->next ? ""Not set."" : ""Set."", grn, nrm);
   340:   OLC_MODE(d) = OEDIT_EXTRADESC_MENU;
   341: }
   342: 
   343: /* Ask for *which* apply to edit. */"
"src\oedit.c","362","oedit_disp_prompt_apply_menu","line","MUTATING_REVIEW","OLC/object/flag mutation","   360:   }
   361:   write_to_output(d, ""\r\nEnter affection to modify (0 to quit) : "");
   362:   OLC_MODE(d) = OEDIT_PROMPT_APPLY;
   363: }
   364: 
   365: /* Ask for liquid type. */"
"src\oedit.c","372","oedit_liquid_type","line","MUTATING_REVIEW","OLC/object/flag mutation","   370:   column_list(d->character, 0, drinks, NUM_LIQ_TYPES, TRUE);
   371:   write_to_output(d, ""\r\n%sEnter drink type : "", nrm);
   372:   OLC_MODE(d) = OEDIT_VALUE_3;
   373: }
   374: 
   375: /* The actual apply to set. */"
"src\oedit.c","382","oedit_disp_apply_menu","line","MUTATING_REVIEW","OLC/object/flag mutation","   380:   column_list(d->character, 0, apply_types, NUM_APPLIES, TRUE);
   381:   write_to_output(d, ""\r\nEnter apply type (0 is no apply) : "");
   382:   OLC_MODE(d) = OEDIT_APPLY;
   383: }
   384: 
   385: /* Weapon type. */"
"src\oedit.c","419","oedit_disp_val1_menu","line","MUTATING_REVIEW","OLC/object/flag mutation","   417: static void oedit_disp_val1_menu(struct descriptor_data *d)
   418: {
   419:   OLC_MODE(d) = OEDIT_VALUE_1;
   420:   switch (GET_OBJ_TYPE(OLC_OBJ(d))) {
   421:   case ITEM_LIGHT:
   422:     /* values 0 and 1 are unused.. jump to 2 */"
"src\oedit.c","475","oedit_disp_val2_menu","line","MUTATING_REVIEW","OLC/object/flag mutation","   473: static void oedit_disp_val2_menu(struct descriptor_data *d)
   474: {
   475:   OLC_MODE(d) = OEDIT_VALUE_2;
   476:   switch (GET_OBJ_TYPE(OLC_OBJ(d))) {
   477:   case ITEM_SCROLL:
   478:   case ITEM_POTION:"
"src\oedit.c","502","oedit_disp_val2_menu","case default","MUTATING_REVIEW","OLC/object/flag mutation","  default:
    oedit_disp_menu(d);
  }
}

/* Object value #3 */
static void oedit_disp_val3_menu(struct descriptor_data *d)
{
  OLC_MODE(d) = OEDIT_VALUE_3;
  switch (GET_OBJ_TYPE(OLC_OBJ(d))) {"
"src\oedit.c","510","oedit_disp_val3_menu","line","MUTATING_REVIEW","OLC/object/flag mutation","   508: static void oedit_disp_val3_menu(struct descriptor_data *d)
   509: {
   510:   OLC_MODE(d) = OEDIT_VALUE_3;
   511:   switch (GET_OBJ_TYPE(OLC_OBJ(d))) {
   512:   case ITEM_LIGHT:
   513:     write_to_output(d, ""Number of hours (0 = burnt, -1 is infinite) : "");"
"src\oedit.c","536","oedit_disp_val3_menu","case default","MUTATING_REVIEW","OLC/object/flag mutation","  default:
    oedit_disp_menu(d);
  }
}

/* Object value #4 */
static void oedit_disp_val4_menu(struct descriptor_data *d)
{
  OLC_MODE(d) = OEDIT_VALUE_4;
  switch (GET_OBJ_TYPE(OLC_OBJ(d))) {"
"src\oedit.c","544","oedit_disp_val4_menu","line","MUTATING_REVIEW","OLC/object/flag mutation","   542: static void oedit_disp_val4_menu(struct descriptor_data *d)
   543: {
   544:   OLC_MODE(d) = OEDIT_VALUE_4;
   545:   switch (GET_OBJ_TYPE(OLC_OBJ(d))) {
   546:   case ITEM_SCROLL:
   547:   case ITEM_POTION:"
"src\oedit.c","759","oedit_disp_menu","line","MUTATING_REVIEW","OLC/object/flag mutation","   757:           grn, nrm
   758:   );
   759:   OLC_MODE(d) = OEDIT_MAIN_MENU;
   760: }
   761: 
   762: /* main loop (of sorts).. basically interpreter throws all input to here. */"
"src\oedit.c","789","oedit_parse","case 'N'","MUTATING_REVIEW","OLC/object/flag mutation","    case 'N':
      /* If not saving, we must free the script_proto list. */
      OLC_OBJ(d)->proto_script = OLC_SCRIPT(d);
      free_proto_script(OLC_OBJ(d), OBJ_TRIGGER);
      cleanup_olc(d, CLEANUP_ALL);
      return;"
"src\oedit.c","791","oedit_parse","line","MUTATING_REVIEW","OLC/object/flag mutation","   789:     case 'N':
   790:       /* If not saving, we must free the script_proto list. */
   791:       OLC_OBJ(d)->proto_script = OLC_SCRIPT(d);
   792:       free_proto_script(OLC_OBJ(d), OBJ_TRIGGER);
   793:       cleanup_olc(d, CLEANUP_ALL);
   794:       return;"
"src\oedit.c","809","oedit_parse","case 'Q'","MUTATING_REVIEW","OLC/object/flag mutation","    case 'Q':
      if (OLC_VAL(d)) {	/* Something has been modified. */
	write_to_output(d, ""Do you wish to save your changes? : "");
	OLC_MODE(d) = OEDIT_CONFIRM_SAVESTRING;
      } else
	cleanup_olc(d, CLEANUP_ALL);
      return;"
"src\oedit.c","812","oedit_parse","line","MUTATING_REVIEW","OLC/object/flag mutation","   810:       if (OLC_VAL(d)) {	/* Something has been modified. */
   811: 	write_to_output(d, ""Do you wish to save your changes? : "");
   812: 	OLC_MODE(d) = OEDIT_CONFIRM_SAVESTRING;
   813:       } else
   814: 	cleanup_olc(d, CLEANUP_ALL);
   815:       return;"
"src\oedit.c","816","oedit_parse","case '1'","MUTATING_REVIEW","OLC/object/flag mutation","    case '1':
      write_to_output(d, ""Enter keywords : "");
      OLC_MODE(d) = OEDIT_KEYWORD;
      break;"
"src\oedit.c","818","oedit_parse","line","MUTATING_REVIEW","OLC/object/flag mutation","   816:     case '1':
   817:       write_to_output(d, ""Enter keywords : "");
   818:       OLC_MODE(d) = OEDIT_KEYWORD;
   819:       break;
   820:     case '2':
   821:       write_to_output(d, ""Enter short desc : "");"
"src\oedit.c","820","oedit_parse","case '2'","MUTATING_REVIEW","OLC/object/flag mutation","    case '2':
      write_to_output(d, ""Enter short desc : "");
      OLC_MODE(d) = OEDIT_SHORTDESC;
      break;"
"src\oedit.c","822","oedit_parse","line","MUTATING_REVIEW","OLC/object/flag mutation","   820:     case '2':
   821:       write_to_output(d, ""Enter short desc : "");
   822:       OLC_MODE(d) = OEDIT_SHORTDESC;
   823:       break;
   824:     case '3':
   825:       write_to_output(d, ""Enter long desc :-\r\n| "");"
"src\oedit.c","824","oedit_parse","case '3'","MUTATING_REVIEW","OLC/object/flag mutation","    case '3':
      write_to_output(d, ""Enter long desc :-\r\n| "");
      OLC_MODE(d) = OEDIT_LONGDESC;
      break;"
"src\oedit.c","826","oedit_parse","line","MUTATING_REVIEW","OLC/object/flag mutation","   824:     case '3':
   825:       write_to_output(d, ""Enter long desc :-\r\n| "");
   826:       OLC_MODE(d) = OEDIT_LONGDESC;
   827:       break;
   828:     case '4':
   829:       OLC_MODE(d) = OEDIT_ACTDESC;"
"src\oedit.c","828","oedit_parse","case '4'","MUTATING_REVIEW","OLC/object/flag mutation | multiline editor entry","    case '4':
      OLC_MODE(d) = OEDIT_ACTDESC;
      send_editor_help(d);
      write_to_output(d, ""Enter action description:\r\n\r\n"");
      if (OLC_OBJ(d)->action_description) {
	write_to_output(d, ""%s"", OLC_OBJ(d)->action_description);
	oldtext = strdup(OLC_OBJ(d)->action_description);
      }
      string_write(d, &OLC_OBJ(d)->action_description, MAX_MESSAGE_LENGTH, 0, oldtext);
      OLC_VAL(d) = 1;
      break;"
"src\oedit.c","829","oedit_parse","line","MUTATING_REVIEW","OLC/object/flag mutation","   827:       break;
   828:     case '4':
   829:       OLC_MODE(d) = OEDIT_ACTDESC;
   830:       send_editor_help(d);
   831:       write_to_output(d, ""Enter action description:\r\n\r\n"");
   832:       if (OLC_OBJ(d)->action_description) {"
"src\oedit.c","837","oedit_parse","line","MUTATING_REVIEW","OLC/object/flag mutation","   835:       }
   836:       string_write(d, &OLC_OBJ(d)->action_description, MAX_MESSAGE_LENGTH, 0, oldtext);
   837:       OLC_VAL(d) = 1;
   838:       break;
   839:     case '5':
   840:       oedit_disp_type_menu(d);"
"src\oedit.c","839","oedit_parse","case '5'","MUTATING_REVIEW","OLC/object/flag mutation","    case '5':
      oedit_disp_type_menu(d);
      OLC_MODE(d) = OEDIT_TYPE;
      break;"
"src\oedit.c","841","oedit_parse","line","MUTATING_REVIEW","OLC/object/flag mutation","   839:     case '5':
   840:       oedit_disp_type_menu(d);
   841:       OLC_MODE(d) = OEDIT_TYPE;
   842:       break;
   843:     case '6':
   844:       oedit_disp_extra_menu(d);"
"src\oedit.c","843","oedit_parse","case '6'","MUTATING_REVIEW","OLC/object/flag mutation","    case '6':
      oedit_disp_extra_menu(d);
      OLC_MODE(d) = OEDIT_EXTRAS;
      break;"
"src\oedit.c","845","oedit_parse","line","MUTATING_REVIEW","OLC/object/flag mutation","   843:     case '6':
   844:       oedit_disp_extra_menu(d);
   845:       OLC_MODE(d) = OEDIT_EXTRAS;
   846:       break;
   847:     case '7':
   848:       oedit_disp_wear_menu(d);"
"src\oedit.c","847","oedit_parse","case '7'","MUTATING_REVIEW","OLC/object/flag mutation","    case '7':
      oedit_disp_wear_menu(d);
      OLC_MODE(d) = OEDIT_WEAR;
      break;"
"src\oedit.c","849","oedit_parse","line","MUTATING_REVIEW","OLC/object/flag mutation","   847:     case '7':
   848:       oedit_disp_wear_menu(d);
   849:       OLC_MODE(d) = OEDIT_WEAR;
   850:       break;
   851:     case '8':
   852:       write_to_output(d, ""Enter weight : "");"
"src\oedit.c","851","oedit_parse","case '8'","MUTATING_REVIEW","OLC/object/flag mutation","    case '8':
      write_to_output(d, ""Enter weight : "");
      OLC_MODE(d) = OEDIT_WEIGHT;
      break;"
"src\oedit.c","853","oedit_parse","line","MUTATING_REVIEW","OLC/object/flag mutation","   851:     case '8':
   852:       write_to_output(d, ""Enter weight : "");
   853:       OLC_MODE(d) = OEDIT_WEIGHT;
   854:       break;
   855:     case '9':
   856:       write_to_output(d, ""Enter cost : "");"
"src\oedit.c","855","oedit_parse","case '9'","MUTATING_REVIEW","OLC/object/flag mutation","    case '9':
      write_to_output(d, ""Enter cost : "");
      OLC_MODE(d) = OEDIT_COST;
      break;"
"src\oedit.c","857","oedit_parse","line","MUTATING_REVIEW","OLC/object/flag mutation","   855:     case '9':
   856:       write_to_output(d, ""Enter cost : "");
   857:       OLC_MODE(d) = OEDIT_COST;
   858:       break;
   859:     case 'a':
   860:     case 'A':"
"src\oedit.c","860","oedit_parse","case 'A'","MUTATING_REVIEW","OLC/object/flag mutation","    case 'A':
      write_to_output(d, ""Enter cost per day (legacy/unused) : "");
      OLC_MODE(d) = OEDIT_COSTPERDAY;
      break;"
"src\oedit.c","862","oedit_parse","line","MUTATING_REVIEW","OLC/object/flag mutation","   860:     case 'A':
   861:       write_to_output(d, ""Enter cost per day (legacy/unused) : "");
   862:       OLC_MODE(d) = OEDIT_COSTPERDAY;
   863:       break;
   864:     case 'b':
   865:     case 'B':"
"src\oedit.c","865","oedit_parse","case 'B'","MUTATING_REVIEW","OLC/object/flag mutation","    case 'B':
      write_to_output(d, ""Enter timer : "");
      OLC_MODE(d) = OEDIT_TIMER;
      break;"
"src\oedit.c","867","oedit_parse","line","MUTATING_REVIEW","OLC/object/flag mutation","   865:     case 'B':
   866:       write_to_output(d, ""Enter timer : "");
   867:       OLC_MODE(d) = OEDIT_TIMER;
   868:       break;
   869:     case 'r':
   870:     case 'R':"
"src\oedit.c","870","oedit_parse","case 'R'","MUTATING_REVIEW","OLC/object/flag mutation","    case 'R':
      if (!oedit_type_supports_regen_mult(GET_OBJ_TYPE(OLC_OBJ(d)))) {
        write_to_output(d, ""This object type does not support a regen multiplier.\r\n"");
        oedit_disp_menu(d);
      } else {
        write_to_output(d, ""Enter regen multiplier (0/1 for normal) : "");
        OLC_MODE(d) = OEDIT_REGEN_MULT;
      }
      break;"
"src\oedit.c","876","oedit_parse","line","MUTATING_REVIEW","OLC/object/flag mutation","   874:       } else {
   875:         write_to_output(d, ""Enter regen multiplier (0/1 for normal) : "");
   876:         OLC_MODE(d) = OEDIT_REGEN_MULT;
   877:       }
   878:       break;
   879:     case 'c':"
"src\oedit.c","880","oedit_parse","case 'C'","MUTATING_REVIEW","OLC/object/flag mutation","    case 'C':
      /* Clear any old values */
      GET_OBJ_VAL(OLC_OBJ(d), 0) = 0;
      GET_OBJ_VAL(OLC_OBJ(d), 1) = 0;
      GET_OBJ_VAL(OLC_OBJ(d), 2) = 0;
      GET_OBJ_VAL(OLC_OBJ(d), 3) = 0;
      OLC_VAL(d) = 1;
      oedit_disp_val1_menu(d);
      break;"
"src\oedit.c","882","oedit_parse","line","MUTATING_REVIEW","OLC/object/flag mutation","   880:     case 'C':
   881:       /* Clear any old values */
   882:       GET_OBJ_VAL(OLC_OBJ(d), 0) = 0;
   883:       GET_OBJ_VAL(OLC_OBJ(d), 1) = 0;
   884:       GET_OBJ_VAL(OLC_OBJ(d), 2) = 0;
   885:       GET_OBJ_VAL(OLC_OBJ(d), 3) = 0;"
"src\oedit.c","883","oedit_parse","line","MUTATING_REVIEW","OLC/object/flag mutation","   881:       /* Clear any old values */
   882:       GET_OBJ_VAL(OLC_OBJ(d), 0) = 0;
   883:       GET_OBJ_VAL(OLC_OBJ(d), 1) = 0;
   884:       GET_OBJ_VAL(OLC_OBJ(d), 2) = 0;
   885:       GET_OBJ_VAL(OLC_OBJ(d), 3) = 0;
   886:       OLC_VAL(d) = 1;"
"src\oedit.c","884","oedit_parse","line","MUTATING_REVIEW","OLC/object/flag mutation","   882:       GET_OBJ_VAL(OLC_OBJ(d), 0) = 0;
   883:       GET_OBJ_VAL(OLC_OBJ(d), 1) = 0;
   884:       GET_OBJ_VAL(OLC_OBJ(d), 2) = 0;
   885:       GET_OBJ_VAL(OLC_OBJ(d), 3) = 0;
   886:       OLC_VAL(d) = 1;
   887:       oedit_disp_val1_menu(d);"
"src\oedit.c","885","oedit_parse","line","MUTATING_REVIEW","OLC/object/flag mutation","   883:       GET_OBJ_VAL(OLC_OBJ(d), 1) = 0;
   884:       GET_OBJ_VAL(OLC_OBJ(d), 2) = 0;
   885:       GET_OBJ_VAL(OLC_OBJ(d), 3) = 0;
   886:       OLC_VAL(d) = 1;
   887:       oedit_disp_val1_menu(d);
   888:       break;"
"src\oedit.c","886","oedit_parse","line","MUTATING_REVIEW","OLC/object/flag mutation","   884:       GET_OBJ_VAL(OLC_OBJ(d), 2) = 0;
   885:       GET_OBJ_VAL(OLC_OBJ(d), 3) = 0;
   886:       OLC_VAL(d) = 1;
   887:       oedit_disp_val1_menu(d);
   888:       break;
   889:     case 'd':"
"src\oedit.c","900","oedit_parse","line","MUTATING_REVIEW","OLC/object/flag mutation","   898: 	OLC_OBJ(d)->ex_description->next = NULL;
   899:       }
   900:       OLC_DESC(d) = OLC_OBJ(d)->ex_description;
   901:       oedit_disp_extradesc_menu(d);
   902:       break;
   903:     case 'm':"
"src\oedit.c","904","oedit_parse","case 'M'","MUTATING_REVIEW","OLC/object/flag mutation","    case 'M':
      write_to_output(d, ""Enter new minimum level: "");
      OLC_MODE(d) = OEDIT_LEVEL;
      break;"
"src\oedit.c","906","oedit_parse","line","MUTATING_REVIEW","OLC/object/flag mutation","   904:     case 'M':
   905:       write_to_output(d, ""Enter new minimum level: "");
   906:       OLC_MODE(d) = OEDIT_LEVEL;
   907:       break;
   908:     case 'p':
   909:     case 'P':"
"src\oedit.c","909","oedit_parse","case 'P'","MUTATING_REVIEW","OLC/object/flag mutation","    case 'P':
      oedit_disp_perm_menu(d);
      OLC_MODE(d) = OEDIT_PERM;
      break;"
"src\oedit.c","911","oedit_parse","line","MUTATING_REVIEW","OLC/object/flag mutation","   909:     case 'P':
   910:       oedit_disp_perm_menu(d);
   911:       OLC_MODE(d) = OEDIT_PERM;
   912:       break;
   913:     case 's':
   914:     case 'S':"
"src\oedit.c","914","oedit_parse","case 'S'","MUTATING_REVIEW","OLC/object/flag mutation","    case 'S':
      OLC_SCRIPT_EDIT_MODE(d) = SCRIPT_MAIN_MENU;
      dg_script_menu(d);
      return;"
"src\oedit.c","915","oedit_parse","line","MUTATING_REVIEW","OLC/object/flag mutation","   913:     case 's':
   914:     case 'S':
   915:       OLC_SCRIPT_EDIT_MODE(d) = SCRIPT_MAIN_MENU;
   916:       dg_script_menu(d);
   917:       return;
   918:     case 'y':"
"src\oedit.c","919","oedit_parse","case 'Y'","MUTATING_REVIEW","OLC/object/flag mutation","    case 'Y':
      builder_refs_display(d, BREF_OBJECT, OLC_NUM(d), ""Object"");
      OLC_MODE(d) = OEDIT_REFERENCES;
      return;"
"src\oedit.c","921","oedit_parse","line","MUTATING_REVIEW","OLC/object/flag mutation","   919:     case 'Y':
   920:       builder_refs_display(d, BREF_OBJECT, OLC_NUM(d), ""Object"");
   921:       OLC_MODE(d) = OEDIT_REFERENCES;
   922:       return;
   923:     case 'w':
   924:     case 'W':"
"src\oedit.c","924","oedit_parse","case 'W'","MUTATING_REVIEW","OLC/object/flag mutation","    case 'W':
      write_to_output(d, ""Copy what object? "");
      OLC_MODE(d) = OEDIT_COPY;
      break;"
"src\oedit.c","926","oedit_parse","line","MUTATING_REVIEW","OLC/object/flag mutation","   924:     case 'W':
   925:       write_to_output(d, ""Copy what object? "");
   926:       OLC_MODE(d) = OEDIT_COPY;
   927:       break;
   928:     case 'x':
   929:     case 'X':"
"src\oedit.c","929","oedit_parse","case 'X'","MUTATING_REVIEW","OLC/object/flag mutation","    case 'X':
      write_to_output(d, ""Are you sure you want to delete this object? "");
      OLC_MODE(d) = OEDIT_DELETE;
      break;"
"src\oedit.c","931","oedit_parse","line","MUTATING_REVIEW","OLC/object/flag mutation","   929:     case 'X':
   930:       write_to_output(d, ""Are you sure you want to delete this object? "");
   931:       OLC_MODE(d) = OEDIT_DELETE;
   932:       break;
   933:     default:
   934:       oedit_disp_menu(d);"
"src\oedit.c","949","oedit_parse","line","MUTATING_REVIEW","OLC/object/flag mutation","   947:     if (OLC_OBJ(d)->name)
   948:       free(OLC_OBJ(d)->name);
   949:     OLC_OBJ(d)->name = str_udup(arg);
   950:     break;
   951: 
   952:   case OEDIT_SHORTDESC:"
"src\oedit.c","957","oedit_parse","line","MUTATING_REVIEW","OLC/object/flag mutation","   955:     if (OLC_OBJ(d)->short_description)
   956:       free(OLC_OBJ(d)->short_description);
   957:     OLC_OBJ(d)->short_description = str_udup(arg);
   958:     break;
   959: 
   960:   case OEDIT_LONGDESC:"
"src\oedit.c","965","oedit_parse","line","MUTATING_REVIEW","OLC/object/flag mutation","   963:     if (OLC_OBJ(d)->description)
   964:       free(OLC_OBJ(d)->description);
   965:     OLC_OBJ(d)->description = str_udup(arg);
   966:     break;
   967: 
   968:   case OEDIT_TYPE:"
"src\oedit.c","974","oedit_parse","line","MUTATING_REVIEW","OLC/object/flag mutation","   972:       return;
   973:     } else
   974:       GET_OBJ_TYPE(OLC_OBJ(d)) = number;
   975:     /* what's the boundschecking worth if we don't do this ? -- Welcor */
   976:     GET_OBJ_VAL(OLC_OBJ(d), 0) = GET_OBJ_VAL(OLC_OBJ(d), 1) =
   977:     GET_OBJ_VAL(OLC_OBJ(d), 2) = GET_OBJ_VAL(OLC_OBJ(d), 3) = 0;"
"src\oedit.c","976","oedit_parse","line","MUTATING_REVIEW","OLC/object/flag mutation","   974:       GET_OBJ_TYPE(OLC_OBJ(d)) = number;
   975:     /* what's the boundschecking worth if we don't do this ? -- Welcor */
   976:     GET_OBJ_VAL(OLC_OBJ(d), 0) = GET_OBJ_VAL(OLC_OBJ(d), 1) =
   977:     GET_OBJ_VAL(OLC_OBJ(d), 2) = GET_OBJ_VAL(OLC_OBJ(d), 3) = 0;
   978:     break;
   979: "
"src\oedit.c","977","oedit_parse","line","MUTATING_REVIEW","OLC/object/flag mutation","   975:     /* what's the boundschecking worth if we don't do this ? -- Welcor */
   976:     GET_OBJ_VAL(OLC_OBJ(d), 0) = GET_OBJ_VAL(OLC_OBJ(d), 1) =
   977:     GET_OBJ_VAL(OLC_OBJ(d), 2) = GET_OBJ_VAL(OLC_OBJ(d), 3) = 0;
   978:     break;
   979: 
   980:   case OEDIT_EXTRAS:"
"src\oedit.c","988","oedit_parse","line","MUTATING_REVIEW","OLC/object/flag mutation","   986:       break;
   987:     else {
   988:       TOGGLE_BIT_AR(GET_OBJ_EXTRA(OLC_OBJ(d)), oedit_extra_flag_from_menu_choice(number));
   989:       oedit_disp_extra_menu(d);
   990:       return;
   991:     }"
"src\oedit.c","1007","oedit_parse","line","MUTATING_REVIEW","OLC/object/flag mutation","  1005:           write_to_output(d, ""TWO-HANDED cleared: OFFHAND weapons must be one-handed.\r\n"");
  1006:         }
  1007:         TOGGLE_BIT_AR(GET_OBJ_EXTRA(OLC_OBJ(d)), ITEM_OFFHAND);
  1008:       } else if (number == NUM_ITEM_WEARS + 2) {
  1009:         if (!OBJ_FLAGGED(OLC_OBJ(d), ITEM_TWO_HANDER) && OBJ_FLAGGED(OLC_OBJ(d), ITEM_OFFHAND)) {
  1010:           REMOVE_BIT_AR(GET_OBJ_EXTRA(OLC_OBJ(d)), ITEM_OFFHAND);"
"src\oedit.c","1013","oedit_parse","line","MUTATING_REVIEW","OLC/object/flag mutation","  1011:           write_to_output(d, ""OFFHAND cleared: TWO-HANDED weapons require both hands.\r\n"");
  1012:         }
  1013:         TOGGLE_BIT_AR(GET_OBJ_EXTRA(OLC_OBJ(d)), ITEM_TWO_HANDER);
  1014:       }
  1015:       else
  1016:         TOGGLE_BIT_AR(GET_OBJ_WEAR(OLC_OBJ(d)), (number - 1));"
"src\oedit.c","1016","oedit_parse","line","MUTATING_REVIEW","OLC/object/flag mutation","  1014:       }
  1015:       else
  1016:         TOGGLE_BIT_AR(GET_OBJ_WEAR(OLC_OBJ(d)), (number - 1));
  1017:       oedit_disp_wear_menu(d);
  1018:       return;
  1019:     }"
"src\oedit.c","1021","oedit_parse","case OEDIT_WEIGHT","MUTATING_REVIEW","OLC/object/flag mutation","  case OEDIT_WEIGHT:
    GET_OBJ_WEIGHT(OLC_OBJ(d)) = LIMIT(atoi(arg), 0, MAX_OBJ_WEIGHT);
    break;"
"src\oedit.c","1022","oedit_parse","line","MUTATING_REVIEW","OLC/object/flag mutation","  1020: 
  1021:   case OEDIT_WEIGHT:
  1022:     GET_OBJ_WEIGHT(OLC_OBJ(d)) = LIMIT(atoi(arg), 0, MAX_OBJ_WEIGHT);
  1023:     break;
  1024: 
  1025:   case OEDIT_COST:"
"src\oedit.c","1025","oedit_parse","case OEDIT_COST","MUTATING_REVIEW","OLC/object/flag mutation","  case OEDIT_COST:
    GET_OBJ_COST(OLC_OBJ(d)) = LIMIT(atoi(arg), 0, MAX_OBJ_COST);
    break;"
"src\oedit.c","1026","oedit_parse","line","MUTATING_REVIEW","OLC/object/flag mutation","  1024: 
  1025:   case OEDIT_COST:
  1026:     GET_OBJ_COST(OLC_OBJ(d)) = LIMIT(atoi(arg), 0, MAX_OBJ_COST);
  1027:     break;
  1028: 
  1029:   case OEDIT_COSTPERDAY:"
"src\oedit.c","1029","oedit_parse","case OEDIT_COSTPERDAY","MUTATING_REVIEW","OLC/object/flag mutation","  case OEDIT_COSTPERDAY:
    GET_OBJ_RENT(OLC_OBJ(d)) = LIMIT(atoi(arg), 0, MAX_OBJ_RENT);
    break;"
"src\oedit.c","1030","oedit_parse","line","MUTATING_REVIEW","OLC/object/flag mutation","  1028: 
  1029:   case OEDIT_COSTPERDAY:
  1030:     GET_OBJ_RENT(OLC_OBJ(d)) = LIMIT(atoi(arg), 0, MAX_OBJ_RENT);
  1031:     break;
  1032: 
  1033:   case OEDIT_TIMER:"
"src\oedit.c","1033","oedit_parse","case OEDIT_TIMER","MUTATING_REVIEW","OLC/object/flag mutation","  case OEDIT_TIMER:
    GET_OBJ_TIMER(OLC_OBJ(d)) = LIMIT(atoi(arg), 0, MAX_OBJ_TIMER);
    break;"
"src\oedit.c","1034","oedit_parse","line","MUTATING_REVIEW","OLC/object/flag mutation","  1032: 
  1033:   case OEDIT_TIMER:
  1034:     GET_OBJ_TIMER(OLC_OBJ(d)) = LIMIT(atoi(arg), 0, MAX_OBJ_TIMER);
  1035:     break;
  1036: 
  1037:   case OEDIT_REGEN_MULT:"
"src\oedit.c","1037","oedit_parse","case OEDIT_REGEN_MULT","MUTATING_REVIEW","OLC/object/flag mutation","  case OEDIT_REGEN_MULT:
    GET_OBJ_VAL(OLC_OBJ(d), 0) = MAX(0, atoi(arg));
    break;"
"src\oedit.c","1038","oedit_parse","line","MUTATING_REVIEW","OLC/object/flag mutation","  1036: 
  1037:   case OEDIT_REGEN_MULT:
  1038:     GET_OBJ_VAL(OLC_OBJ(d), 0) = MAX(0, atoi(arg));
  1039:     break;
  1040: 
  1041:   case OEDIT_LEVEL:"
"src\oedit.c","1041","oedit_parse","case OEDIT_LEVEL","MUTATING_REVIEW","OLC/object/flag mutation","  case OEDIT_LEVEL:
    GET_OBJ_LEVEL(OLC_OBJ(d)) = LIMIT(atoi(arg), 0, LVL_IMPL);
    break;"
"src\oedit.c","1042","oedit_parse","line","MUTATING_REVIEW","OLC/object/flag mutation","  1040: 
  1041:   case OEDIT_LEVEL:
  1042:     GET_OBJ_LEVEL(OLC_OBJ(d)) = LIMIT(atoi(arg), 0, LVL_IMPL);
  1043:     break;
  1044: 
  1045:   case OEDIT_PERM:"
"src\oedit.c","1051","oedit_parse","line","MUTATING_REVIEW","OLC/object/flag mutation","  1049:       /* Setting AFF_CHARM on objects like this is dangerous. */
  1050:       if (number != AFF_CHARM) {
  1051:         TOGGLE_BIT_AR(GET_OBJ_AFFECT(OLC_OBJ(d)), number);
  1052:       }
  1053:     }
  1054:     oedit_disp_perm_menu(d);"
"src\oedit.c","1060","oedit_parse","case ITEM_FURNITURE","MUTATING_REVIEW","OLC/object/flag mutation","    case ITEM_FURNITURE:
      GET_OBJ_VAL(OLC_OBJ(d), 0) = MAX(number, 0);
      oedit_disp_val2_menu(d);
      return;"
"src\oedit.c","1061","oedit_parse","line","MUTATING_REVIEW","OLC/object/flag mutation","  1059:     switch (GET_OBJ_TYPE(OLC_OBJ(d))) {
  1060:     case ITEM_FURNITURE:
  1061:       GET_OBJ_VAL(OLC_OBJ(d), 0) = MAX(number, 0);
  1062:       oedit_disp_val2_menu(d);
  1063:       return;
  1064:     case ITEM_WEAPON:"
"src\oedit.c","1064","oedit_parse","case ITEM_WEAPON","MUTATING_REVIEW","OLC/object/flag mutation","    case ITEM_WEAPON:
      GET_OBJ_VAL(OLC_OBJ(d), 0) = MAX(atoi(arg), 0);
      break;"
"src\oedit.c","1065","oedit_parse","line","MUTATING_REVIEW","OLC/object/flag mutation","  1063:       return;
  1064:     case ITEM_WEAPON:
  1065:       GET_OBJ_VAL(OLC_OBJ(d), 0) = MAX(atoi(arg), 0);
  1066:       break;
  1067:     case ITEM_CONTAINER:
  1068:       GET_OBJ_VAL(OLC_OBJ(d), 0) = LIMIT(atoi(arg), -1, MAX_CONTAINER_SIZE);"
"src\oedit.c","1067","oedit_parse","case ITEM_CONTAINER","MUTATING_REVIEW","OLC/object/flag mutation","    case ITEM_CONTAINER:
      GET_OBJ_VAL(OLC_OBJ(d), 0) = LIMIT(atoi(arg), -1, MAX_CONTAINER_SIZE);
      break;"
"src\oedit.c","1068","oedit_parse","line","MUTATING_REVIEW","OLC/object/flag mutation","  1066:       break;
  1067:     case ITEM_CONTAINER:
  1068:       GET_OBJ_VAL(OLC_OBJ(d), 0) = LIMIT(atoi(arg), -1, MAX_CONTAINER_SIZE);
  1069:       break;
  1070:     default:
  1071:       GET_OBJ_VAL(OLC_OBJ(d), 0) = atoi(arg);"
"src\oedit.c","1070","oedit_parse","case default","MUTATING_REVIEW","OLC/object/flag mutation","    default:
      GET_OBJ_VAL(OLC_OBJ(d), 0) = atoi(arg);
    }
    /* proceed to menu 2 */
    oedit_disp_val2_menu(d);
    return;"
"src\oedit.c","1071","oedit_parse","line","MUTATING_REVIEW","OLC/object/flag mutation","  1069:       break;
  1070:     default:
  1071:       GET_OBJ_VAL(OLC_OBJ(d), 0) = atoi(arg);
  1072:     }
  1073:     /* proceed to menu 2 */
  1074:     oedit_disp_val2_menu(d);"
"src\oedit.c","1081","oedit_parse","case ITEM_POTION","MUTATING_REVIEW","OLC/object/flag mutation","    case ITEM_POTION:
      if (number == 0 || number == -1)
	GET_OBJ_VAL(OLC_OBJ(d), 1) = -1;
      else
	GET_OBJ_VAL(OLC_OBJ(d), 1) = LIMIT(number, 1, NUM_SPELLS);

      oedit_disp_val3_menu(d);
      break;"
"src\oedit.c","1083","oedit_parse","line","MUTATING_REVIEW","OLC/object/flag mutation","  1081:     case ITEM_POTION:
  1082:       if (number == 0 || number == -1)
  1083: 	GET_OBJ_VAL(OLC_OBJ(d), 1) = -1;
  1084:       else
  1085: 	GET_OBJ_VAL(OLC_OBJ(d), 1) = LIMIT(number, 1, NUM_SPELLS);
  1086: "
"src\oedit.c","1085","oedit_parse","line","MUTATING_REVIEW","OLC/object/flag mutation","  1083: 	GET_OBJ_VAL(OLC_OBJ(d), 1) = -1;
  1084:       else
  1085: 	GET_OBJ_VAL(OLC_OBJ(d), 1) = LIMIT(number, 1, NUM_SPELLS);
  1086: 
  1087:       oedit_disp_val3_menu(d);
  1088:       break;"
"src\oedit.c","1089","oedit_parse","case ITEM_CONTAINER","MUTATING_REVIEW","OLC/object/flag mutation","    case ITEM_CONTAINER:
      /* Needs some special handling since we are dealing with flag values here. */
      if (number < 0 || number > 4)
	oedit_disp_container_flags_menu(d);
      else if (number != 0) {
        TOGGLE_BIT(GET_OBJ_VAL(OLC_OBJ(d), 1), 1 << (number - 1));
        OLC_VAL(d) = 1;
	oedit_disp_val2_menu(d);
      } else
	oedit_disp_val3_menu(d);
      break;"
"src\oedit.c","1094","oedit_parse","line","MUTATING_REVIEW","OLC/object/flag mutation","  1092: 	oedit_disp_container_flags_menu(d);
  1093:       else if (number != 0) {
  1094:         TOGGLE_BIT(GET_OBJ_VAL(OLC_OBJ(d), 1), 1 << (number - 1));
  1095:         OLC_VAL(d) = 1;
  1096: 	oedit_disp_val2_menu(d);
  1097:       } else"
"src\oedit.c","1095","oedit_parse","line","MUTATING_REVIEW","OLC/object/flag mutation","  1093:       else if (number != 0) {
  1094:         TOGGLE_BIT(GET_OBJ_VAL(OLC_OBJ(d), 1), 1 << (number - 1));
  1095:         OLC_VAL(d) = 1;
  1096: 	oedit_disp_val2_menu(d);
  1097:       } else
  1098: 	oedit_disp_val3_menu(d);"
"src\oedit.c","1100","oedit_parse","case ITEM_WEAPON","MUTATING_REVIEW","OLC/object/flag mutation","    case ITEM_WEAPON:
      GET_OBJ_VAL(OLC_OBJ(d), 1) = LIMIT(number, 1, MAX_WEAPON_NDICE);
      oedit_disp_val3_menu(d);
      break;"
"src\oedit.c","1101","oedit_parse","line","MUTATING_REVIEW","OLC/object/flag mutation","  1099:       break;
  1100:     case ITEM_WEAPON:
  1101:       GET_OBJ_VAL(OLC_OBJ(d), 1) = LIMIT(number, 1, MAX_WEAPON_NDICE);
  1102:       oedit_disp_val3_menu(d);
  1103:       break;
  1104: "
"src\oedit.c","1105","oedit_parse","case ITEM_FURNITURE","MUTATING_REVIEW","OLC/object/flag mutation","    case ITEM_FURNITURE:
      GET_OBJ_VAL(OLC_OBJ(d), 1) = LIMIT(number, 0, MAX_PEOPLE);
      oedit_disp_val3_menu(d);
      break;"
"src\oedit.c","1106","oedit_parse","line","MUTATING_REVIEW","OLC/object/flag mutation","  1104: 
  1105:     case ITEM_FURNITURE:
  1106:       GET_OBJ_VAL(OLC_OBJ(d), 1) = LIMIT(number, 0, MAX_PEOPLE);
  1107:       oedit_disp_val3_menu(d);
  1108:       break;
  1109: "
"src\oedit.c","1110","oedit_parse","case default","MUTATING_REVIEW","OLC/object/flag mutation","    default:
      GET_OBJ_VAL(OLC_OBJ(d), 1) = number;
      oedit_disp_val3_menu(d);
    }
    return;"
"src\oedit.c","1111","oedit_parse","line","MUTATING_REVIEW","OLC/object/flag mutation","  1109: 
  1110:     default:
  1111:       GET_OBJ_VAL(OLC_OBJ(d), 1) = number;
  1112:       oedit_disp_val3_menu(d);
  1113:     }
  1114:     return;"
"src\oedit.c","1121","oedit_parse","case ITEM_POTION","MUTATING_REVIEW","OLC/object/flag mutation","    case ITEM_POTION:
      if (number == 0 || number == -1) {
	GET_OBJ_VAL(OLC_OBJ(d), 2) = -1;
	oedit_disp_val4_menu(d);
	return;"
"src\oedit.c","1123","oedit_parse","line","MUTATING_REVIEW","OLC/object/flag mutation","  1121:     case ITEM_POTION:
  1122:       if (number == 0 || number == -1) {
  1123: 	GET_OBJ_VAL(OLC_OBJ(d), 2) = -1;
  1124: 	oedit_disp_val4_menu(d);
  1125: 	return;
  1126:       }"
"src\oedit.c","1149","oedit_parse","case default","MUTATING_REVIEW","OLC/object/flag mutation","    default:
      min_val = -65000;
      max_val = 65000;
    }
    GET_OBJ_VAL(OLC_OBJ(d), 2) = LIMIT(number, min_val, max_val);
    oedit_disp_val4_menu(d);
    return;"
"src\oedit.c","1153","oedit_parse","line","MUTATING_REVIEW","OLC/object/flag mutation","  1151:       max_val = 65000;
  1152:     }
  1153:     GET_OBJ_VAL(OLC_OBJ(d), 2) = LIMIT(number, min_val, max_val);
  1154:     oedit_disp_val4_menu(d);
  1155:     return;
  1156: "
"src\oedit.c","1161","oedit_parse","case ITEM_POTION","MUTATING_REVIEW","OLC/object/flag mutation","    case ITEM_POTION:
      if (number == 0 || number == -1) {
	GET_OBJ_VAL(OLC_OBJ(d), 3) = -1;
        oedit_disp_menu(d);
	return;"
"src\oedit.c","1163","oedit_parse","line","MUTATING_REVIEW","OLC/object/flag mutation","  1161:     case ITEM_POTION:
  1162:       if (number == 0 || number == -1) {
  1163: 	GET_OBJ_VAL(OLC_OBJ(d), 3) = -1;
  1164:         oedit_disp_menu(d);
  1165: 	return;
  1166:       }"
"src\oedit.c","1184","oedit_parse","line","MUTATING_REVIEW","OLC/object/flag mutation","  1182:       break;
  1183:     }
  1184:     GET_OBJ_VAL(OLC_OBJ(d), 3) = LIMIT(number, min_val, max_val);
  1185:     break;
  1186: 
  1187:   case OEDIT_PROMPT_APPLY:"
"src\oedit.c","1194","oedit_parse","line","MUTATING_REVIEW","OLC/object/flag mutation","  1192:       return;
  1193:     }
  1194:     OLC_VAL(d) = number - 1;
  1195:     OLC_MODE(d) = OEDIT_APPLY;
  1196:     oedit_disp_apply_menu(d);
  1197:     return;"
"src\oedit.c","1195","oedit_parse","line","MUTATING_REVIEW","OLC/object/flag mutation","  1193:     }
  1194:     OLC_VAL(d) = number - 1;
  1195:     OLC_MODE(d) = OEDIT_APPLY;
  1196:     oedit_disp_apply_menu(d);
  1197:     return;
  1198: "
"src\oedit.c","1199","oedit_parse","case OEDIT_APPLY","MUTATING_REVIEW","OLC/object/flag mutation","  case OEDIT_APPLY:
    if (((number = atoi(arg)) == 0) || ((number = atoi(arg)) == 1)) {
      OLC_OBJ(d)->affected[OLC_VAL(d)].location = 0;
      OLC_OBJ(d)->affected[OLC_VAL(d)].modifier = 0;
      oedit_disp_prompt_apply_menu(d);
    } else if (number < 0 || number > NUM_APPLIES)
      oedit_disp_apply_menu(d);
    else {
      int counter;

      /* add in check here if already applied.. deny builders another */
      if (GET_LEVEL(d->character) < LVL_IMPL) {
        for (counter = 0; counter < MAX_OBJ_AFFECT; counter++) {
          if (OLC_OBJ(d)->affected[counter].location == number) {
            write_to_output(d, ""Object already has that apply."");
            return;"
"src\oedit.c","1201","oedit_parse","line","MUTATING_REVIEW","OLC/object/flag mutation","  1199:   case OEDIT_APPLY:
  1200:     if (((number = atoi(arg)) == 0) || ((number = atoi(arg)) == 1)) {
  1201:       OLC_OBJ(d)->affected[OLC_VAL(d)].location = 0;
  1202:       OLC_OBJ(d)->affected[OLC_VAL(d)].modifier = 0;
  1203:       oedit_disp_prompt_apply_menu(d);
  1204:     } else if (number < 0 || number > NUM_APPLIES)"
"src\oedit.c","1202","oedit_parse","line","MUTATING_REVIEW","OLC/object/flag mutation","  1200:     if (((number = atoi(arg)) == 0) || ((number = atoi(arg)) == 1)) {
  1201:       OLC_OBJ(d)->affected[OLC_VAL(d)].location = 0;
  1202:       OLC_OBJ(d)->affected[OLC_VAL(d)].modifier = 0;
  1203:       oedit_disp_prompt_apply_menu(d);
  1204:     } else if (number < 0 || number > NUM_APPLIES)
  1205:       oedit_disp_apply_menu(d);"
"src\oedit.c","1212","oedit_parse","line","MUTATING_REVIEW","OLC/object/flag mutation","  1210:       if (GET_LEVEL(d->character) < LVL_IMPL) {
  1211:         for (counter = 0; counter < MAX_OBJ_AFFECT; counter++) {
  1212:           if (OLC_OBJ(d)->affected[counter].location == number) {
  1213:             write_to_output(d, ""Object already has that apply."");
  1214:             return;
  1215:           }"
"src\oedit.c","1219","oedit_parse","line","MUTATING_REVIEW","OLC/object/flag mutation","  1217:       }
  1218: 
  1219:       OLC_OBJ(d)->affected[OLC_VAL(d)].location = number - 1;
  1220:       write_to_output(d, ""Modifier : "");
  1221:       OLC_MODE(d) = OEDIT_APPLYMOD;
  1222:     }"
"src\oedit.c","1221","oedit_parse","line","MUTATING_REVIEW","OLC/object/flag mutation","  1219:       OLC_OBJ(d)->affected[OLC_VAL(d)].location = number - 1;
  1220:       write_to_output(d, ""Modifier : "");
  1221:       OLC_MODE(d) = OEDIT_APPLYMOD;
  1222:     }
  1223:     return;
  1224: "
"src\oedit.c","1225","oedit_parse","case OEDIT_APPLYMOD","MUTATING_REVIEW","OLC/object/flag mutation","  case OEDIT_APPLYMOD:
    OLC_OBJ(d)->affected[OLC_VAL(d)].modifier = atoi(arg);
    oedit_disp_prompt_apply_menu(d);
    return;"
"src\oedit.c","1226","oedit_parse","line","MUTATING_REVIEW","OLC/object/flag mutation","  1224: 
  1225:   case OEDIT_APPLYMOD:
  1226:     OLC_OBJ(d)->affected[OLC_VAL(d)].modifier = atoi(arg);
  1227:     oedit_disp_prompt_apply_menu(d);
  1228:     return;
  1229: "
"src\oedit.c","1234","oedit_parse","line","MUTATING_REVIEW","OLC/object/flag mutation","  1232:       if (OLC_DESC(d)->keyword)
  1233:         free(OLC_DESC(d)->keyword);
  1234:       OLC_DESC(d)->keyword = str_udup(arg);
  1235:     }
  1236:     oedit_disp_extradesc_menu(d);
  1237:     return;"
"src\oedit.c","1253","oedit_parse","line","MUTATING_REVIEW","OLC/object/flag mutation","  1251: 	REMOVE_FROM_LIST(OLC_DESC(d), OLC_OBJ(d)->ex_description, next);
  1252: 	free(OLC_DESC(d));
  1253: 	OLC_DESC(d) = NULL;
  1254:       }
  1255:     break;
  1256: "
"src\oedit.c","1257","oedit_parse","case 1","MUTATING_REVIEW","OLC/object/flag mutation","    case 1:
      OLC_MODE(d) = OEDIT_EXTRADESC_KEY;
      write_to_output(d, ""Enter keywords, separated by spaces :-\r\n| "");
      return;"
"src\oedit.c","1258","oedit_parse","line","MUTATING_REVIEW","OLC/object/flag mutation","  1256: 
  1257:     case 1:
  1258:       OLC_MODE(d) = OEDIT_EXTRADESC_KEY;
  1259:       write_to_output(d, ""Enter keywords, separated by spaces :-\r\n| "");
  1260:       return;
  1261: "
"src\oedit.c","1262","oedit_parse","case 2","MUTATING_REVIEW","OLC/object/flag mutation | multiline editor entry","    case 2:
      OLC_MODE(d) = OEDIT_EXTRADESC_DESCRIPTION;
      send_editor_help(d);
      write_to_output(d, ""Enter the extra description:\r\n\r\n"");
      if (OLC_DESC(d)->description) {
	write_to_output(d, ""%s"", OLC_DESC(d)->description);
	oldtext = strdup(OLC_DESC(d)->description);
      }
      string_write(d, &OLC_DESC(d)->description, MAX_MESSAGE_LENGTH, 0, oldtext);
      OLC_VAL(d) = 1;
      return;"
"src\oedit.c","1263","oedit_parse","line","MUTATING_REVIEW","OLC/object/flag mutation","  1261: 
  1262:     case 2:
  1263:       OLC_MODE(d) = OEDIT_EXTRADESC_DESCRIPTION;
  1264:       send_editor_help(d);
  1265:       write_to_output(d, ""Enter the extra description:\r\n\r\n"");
  1266:       if (OLC_DESC(d)->description) {"
"src\oedit.c","1271","oedit_parse","line","MUTATING_REVIEW","OLC/object/flag mutation","  1269:       }
  1270:       string_write(d, &OLC_DESC(d)->description, MAX_MESSAGE_LENGTH, 0, oldtext);
  1271:       OLC_VAL(d) = 1;
  1272:       return;
  1273: 
  1274:     case 3:"
"src\oedit.c","1274","oedit_parse","case 3","MUTATING_REVIEW","OLC/object/flag mutation","    case 3:
      /* Only go to the next description if this one is finished. */
      if (OLC_DESC(d)->keyword && OLC_DESC(d)->description) {
	struct extra_descr_data *new_extra;

	if (OLC_DESC(d)->next)
	  OLC_DESC(d) = OLC_DESC(d)->next;
	else {	/* Make new extra description and attach at end. */
	  CREATE(new_extra, struct extra_descr_data, 1);
	  OLC_DESC(d)->next = new_extra;
	  OLC_DESC(d) = OLC_DESC(d)->next;
	}
      }
      /* No break - drop into default case. */"
"src\oedit.c","1280","oedit_parse","line","MUTATING_REVIEW","OLC/object/flag mutation","  1278: 
  1279: 	if (OLC_DESC(d)->next)
  1280: 	  OLC_DESC(d) = OLC_DESC(d)->next;
  1281: 	else {	/* Make new extra description and attach at end. */
  1282: 	  CREATE(new_extra, struct extra_descr_data, 1);
  1283: 	  OLC_DESC(d)->next = new_extra;"
"src\oedit.c","1283","oedit_parse","line","MUTATING_REVIEW","OLC/object/flag mutation","  1281: 	else {	/* Make new extra description and attach at end. */
  1282: 	  CREATE(new_extra, struct extra_descr_data, 1);
  1283: 	  OLC_DESC(d)->next = new_extra;
  1284: 	  OLC_DESC(d) = OLC_DESC(d)->next;
  1285: 	}
  1286:       }"
"src\oedit.c","1284","oedit_parse","line","MUTATING_REVIEW","OLC/object/flag mutation","  1282: 	  CREATE(new_extra, struct extra_descr_data, 1);
  1283: 	  OLC_DESC(d)->next = new_extra;
  1284: 	  OLC_DESC(d) = OLC_DESC(d)->next;
  1285: 	}
  1286:       }
  1287:       /* No break - drop into default case. */"
"src\oedit.c","1311","oedit_parse","line","MUTATING_REVIEW","OLC/object/flag mutation","  1309:     } else if (*arg == 'n' || *arg == 'N') {
  1310:       oedit_disp_menu(d);
  1311:       OLC_MODE(d) = OEDIT_MAIN_MENU;
  1312:     } else
  1313:       write_to_output(d, ""Please answer 'Y' or 'N': "");
  1314:     return;"
"src\oedit.c","1322","oedit_parse","line","MUTATING_REVIEW","OLC/object/flag mutation","  1320: 
  1321:   /* If we get here, we have changed something. */
  1322:   OLC_VAL(d) = 1;
  1323:   oedit_disp_menu(d);
  1324: }
  1325: "
"src\players.c","446","load_char","line","MUTATING_REVIEW","OLC/object/flag mutation","   444:     GET_MAX_MOVE(ch) = PFDEF_MAXMOVE;
   445:     GET_BASE_MAX_MOVE(ch) = PFDEF_MAXMOVE;
   446:     GET_OLC_ZONE(ch) = PFDEF_OLC;
   447:     GET_PAGE_LENGTH(ch) = PFDEF_PAGELENGTH;
   448:     GET_SCREEN_WIDTH(ch) = PFDEF_SCREENWIDTH;
   449:     GET_ALIASES(ch) = NULL;"
"src\players.c","694","load_char","case 'O'","MUTATING_REVIEW","OLC/object/flag mutation","      case 'O':
       if (!strcmp(tag, ""Olc ""))  GET_OLC_ZONE(ch) = atoi(line);
  break;"
"src\players.c","695","load_char","line","MUTATING_REVIEW","OLC/object/flag mutation","   693: 
   694:       case 'O':
   695:        if (!strcmp(tag, ""Olc ""))  GET_OLC_ZONE(ch) = atoi(line);
   696:   break;
   697: 
   698:       case 'P':"
"src\players.c","1103","save_char","line","MUTATING_REVIEW","OLC/object/flag mutation","  1101:   if (GET_SPELL_CRIT_MULT(ch))             fprintf(fl, ""SCmt: %d\n"", GET_SPELL_CRIT_MULT(ch));
  1102:   if (GET_HEAL_CRIT_MULT(ch))              fprintf(fl, ""HCmt: %d\n"", GET_HEAL_CRIT_MULT(ch));
  1103:   if (GET_OLC_ZONE(ch)     != PFDEF_OLC)        fprintf(fl, ""Olc : %d\n"", GET_OLC_ZONE(ch));
  1104:   if (GET_PAGE_LENGTH(ch)  != PFDEF_PAGELENGTH) fprintf(fl, ""Page: %d\n"", GET_PAGE_LENGTH(ch));
  1105:   if (GET_SCREEN_WIDTH(ch) != PFDEF_SCREENWIDTH) fprintf(fl, ""ScrW: %d\n"", GET_SCREEN_WIDTH(ch));
  1106:   if (GET_QUESTPOINTS(ch)  != PFDEF_QUESTPOINTS) fprintf(fl, ""Qstp: %d\n"", GET_QUESTPOINTS(ch));"
"src\players.c","1240","save_char","line","MUTATING_REVIEW","OLC/object/flag mutation","  1238:   i = player_table[id].flags;
  1239:   if (PLR_FLAGGED(ch, PLR_DELETED))
  1240:     SET_BIT(player_table[id].flags, PINDEX_DELETED);
  1241:   else
  1242:     REMOVE_BIT(player_table[id].flags, PINDEX_DELETED);
  1243:   if (PLR_FLAGGED(ch, PLR_NODELETE))"
"src\players.c","1244","save_char","line","MUTATING_REVIEW","OLC/object/flag mutation","  1242:     REMOVE_BIT(player_table[id].flags, PINDEX_DELETED);
  1243:   if (PLR_FLAGGED(ch, PLR_NODELETE))
  1244:     SET_BIT(player_table[id].flags, PINDEX_NODELETE);
  1245:   else
  1246:     REMOVE_BIT(player_table[id].flags, PINDEX_NODELETE);
  1247: "
"src\players.c","1249","save_char","line","MUTATING_REVIEW","OLC/object/flag mutation","  1247: 
  1248:   if (PLR_FLAGGED(ch, PLR_FROZEN) || PLR_FLAGGED(ch, PLR_NOWIZLIST))
  1249:     SET_BIT(player_table[id].flags, PINDEX_NOWIZLIST);
  1250:   else
  1251:     REMOVE_BIT(player_table[id].flags, PINDEX_NOWIZLIST);
  1252: "
"src\players.c","1370","load_affects","line","MUTATING_REVIEW","OLC/object/flag mutation","  1368:       } else if (n_vars == 5) {       /* Old 32-bit conversion version */
  1369:         if (num5 > 0 && num5 < NUM_AFF_FLAGS)  /* Ignore invalid values */
  1370:           SET_BIT_AR(af.bitvector, num5);
  1371:       } else {
  1372:         log(""SYSERR: Invalid affects in pfile (%s), expecting 5 or 8 values"", GET_NAME(ch));
  1373:       }"
"src\prefedit.c","55","prefedit_setup","line","MUTATING_REVIEW","OLC/object/flag mutation","    53: 
    54:   /*. Attach toggles copy to editors descriptor .*/
    55:   OLC_PREFS(d) = toggles;
    56:   OLC_VAL(d) = 0;
    57:   prefedit_disp_main_menu(d);
    58: }"
"src\prefedit.c","56","prefedit_setup","line","MUTATING_REVIEW","OLC/object/flag mutation","    54:   /*. Attach toggles copy to editors descriptor .*/
    55:   OLC_PREFS(d) = toggles;
    56:   OLC_VAL(d) = 0;
    57:   prefedit_disp_main_menu(d);
    58: }
    59: "
"src\prefedit.c","180","prefedit_disp_main_menu","line","MUTATING_REVIEW","OLC/object/flag mutation","   178:   /* Bottom of the menu */
   179: 
   180:   OLC_MODE(d) = PREFEDIT_MAIN_MENU;
   181: }
   182: 
   183: static void prefedit_disp_toggles_menu(struct descriptor_data *d)"
"src\prefedit.c","290","prefedit_disp_toggles_menu","line","MUTATING_REVIEW","OLC/object/flag mutation","   288:              CBYEL(d->character, C_NRM), CCNRM(d->character, C_NRM) );
   289: 
   290:   OLC_MODE(d) = PREFEDIT_TOGGLE_MENU;
   291: }
   292: 
   293: static void prefedit_disp_color_menu(struct descriptor_data *d)"
"src\prefedit.c","307","prefedit_disp_color_menu","line","MUTATING_REVIEW","OLC/object/flag mutation","   305: 
   306:   send_to_char(d->character, ""Enter Choice :"");
   307:   OLC_MODE(d) = PREFEDIT_COLOR;
   308: }
   309: 
   310: static void prefedit_disp_syslog_menu(struct descriptor_data *d)"
"src\prefedit.c","324","prefedit_disp_syslog_menu","line","MUTATING_REVIEW","OLC/object/flag mutation","   322: 
   323:   send_to_char(d->character, ""Enter Choice :"");
   324:   OLC_MODE(d) = PREFEDIT_SYSLOG;
   325: }
   326: 
   327: void prefedit_parse(struct descriptor_data * d, char *arg)"
"src\prefedit.c","357","prefedit_parse","case 'Q'","MUTATING_REVIEW","OLC/object/flag mutation","    case 'Q':
      if (OLC_VAL(d))
      { /*. Something has been modified .*/
        send_to_char(d->character, ""Do you wish to save these toggle settings? : "");
        OLC_MODE(d) = PREFEDIT_CONFIRM_SAVE;
      } else
        cleanup_olc(d, CLEANUP_ALL);
      return;"
"src\prefedit.c","361","prefedit_parse","line","MUTATING_REVIEW","OLC/object/flag mutation","   359:       { /*. Something has been modified .*/
   360:         send_to_char(d->character, ""Do you wish to save these toggle settings? : "");
   361:         OLC_MODE(d) = PREFEDIT_CONFIRM_SAVE;
   362:       } else
   363:         cleanup_olc(d, CLEANUP_ALL);
   364:       return;"
"src\prefedit.c","372","prefedit_parse","case 'L'","MUTATING_REVIEW","OLC/object/flag mutation","    case 'L':
      send_to_char(d->character, ""Enter number of lines per page (10-60): "");
      OLC_MODE(d) = PREFEDIT_PAGELENGTH;
      return;"
"src\prefedit.c","374","prefedit_parse","line","MUTATING_REVIEW","OLC/object/flag mutation","   372:     case 'L':
   373:       send_to_char(d->character, ""Enter number of lines per page (10-60): "");
   374:       OLC_MODE(d) = PREFEDIT_PAGELENGTH;
   375:       return;
   376: 
   377:     case 's':"
"src\prefedit.c","378","prefedit_parse","case 'S'","MUTATING_REVIEW","OLC/object/flag mutation","    case 'S':
      send_to_char(d->character, ""Enter number of columns per page (40-120): "");
      OLC_MODE(d) = PREFEDIT_SCREENWIDTH;
      return;"
"src\prefedit.c","380","prefedit_parse","line","MUTATING_REVIEW","OLC/object/flag mutation","   378:     case 'S':
   379:       send_to_char(d->character, ""Enter number of columns per page (40-120): "");
   380:       OLC_MODE(d) = PREFEDIT_SCREENWIDTH;
   381:       return;
   382: 
   383:     case 'w':"
"src\prefedit.c","384","prefedit_parse","case 'W'","MUTATING_REVIEW","OLC/object/flag mutation","    case 'W':
      send_to_char(d->character, ""Enter HP at which to flee (0-%d): "", MIN(GET_MAX_HIT(d->character)/2, 500));
      OLC_MODE(d) = PREFEDIT_WIMPY;
      return;"
"src\prefedit.c","386","prefedit_parse","line","MUTATING_REVIEW","OLC/object/flag mutation","   384:     case 'W':
   385:       send_to_char(d->character, ""Enter HP at which to flee (0-%d): "", MIN(GET_MAX_HIT(d->character)/2, 500));
   386:       OLC_MODE(d) = PREFEDIT_WIMPY;
   387:       return;
   388: 
   389:     case 't':"
"src\prefedit.c","413","prefedit_parse","case '2'","MUTATING_REVIEW","OLC/object/flag mutation","    case '2':
      if (GET_LEVEL(PREFEDIT_GET_CHAR) < LVL_IMMORT)
      {
        send_to_char(d->character, ""%sInvalid choice!%s\r\n"", CBRED(d->character, C_NRM), CCNRM(d->character, C_NRM));
        prefedit_disp_main_menu(d);
      }
      else
      {
        TOGGLE_BIT_AR(PREFEDIT_GET_FLAGS, PRF_SHOWVNUMS);
      }
      break;"
"src\prefedit.c","421","prefedit_parse","line","MUTATING_REVIEW","OLC/object/flag mutation","   419:       else
   420:       {
   421:         TOGGLE_BIT_AR(PREFEDIT_GET_FLAGS, PRF_SHOWVNUMS);
   422:       }
   423:       break;
   424: "
"src\prefedit.c","425","prefedit_parse","case '3'","MUTATING_REVIEW","OLC/object/flag mutation","    case '3':
      if (GET_LEVEL(PREFEDIT_GET_CHAR) < LVL_IMMORT)
      {
        send_to_char(d->character, ""%sInvalid choice!%s\r\n"", CBRED(d->character, C_NRM), CCNRM(d->character, C_NRM));
        prefedit_disp_main_menu(d);
      }
      else
      {
        TOGGLE_BIT_AR(PREFEDIT_GET_FLAGS, PRF_NOHASSLE);
      }
      break;"
"src\prefedit.c","433","prefedit_parse","line","MUTATING_REVIEW","OLC/object/flag mutation","   431:       else
   432:       {
   433:         TOGGLE_BIT_AR(PREFEDIT_GET_FLAGS, PRF_NOHASSLE);
   434:       }
   435:       break;
   436: "
"src\prefedit.c","437","prefedit_parse","case '4'","MUTATING_REVIEW","OLC/object/flag mutation","    case '4':
      if (GET_LEVEL(PREFEDIT_GET_CHAR) < LVL_IMMORT)
      {
        send_to_char(d->character, ""%sInvalid choice!%s\r\n"", CBRED(d->character, C_NRM), CCNRM(d->character, C_NRM));
        prefedit_disp_main_menu(d);
      }
      else
      {
        TOGGLE_BIT_AR(PREFEDIT_GET_FLAGS, PRF_CLS);
      }
      break;"
"src\prefedit.c","445","prefedit_parse","line","MUTATING_REVIEW","OLC/object/flag mutation","   443:       else
   444:       {
   445:         TOGGLE_BIT_AR(PREFEDIT_GET_FLAGS, PRF_CLS);
   446:       }
   447:       break;
   448: "
"src\prefedit.c","449","prefedit_parse","case '5'","MUTATING_REVIEW","OLC/object/flag mutation","    case '5':
      if (GET_LEVEL(PREFEDIT_GET_CHAR) < LVL_IMMORT)
      {
        send_to_char(d->character, ""%sInvalid choice!%s\r\n"", CBRED(d->character, C_NRM), CCNRM(d->character, C_NRM));
        prefedit_disp_main_menu(d);
      }
      else
      {
        TOGGLE_BIT_AR(PREFEDIT_GET_FLAGS, PRF_NOWIZ);
      }
      break;"
"src\prefedit.c","457","prefedit_parse","line","MUTATING_REVIEW","OLC/object/flag mutation","   455:       else
   456:       {
   457:         TOGGLE_BIT_AR(PREFEDIT_GET_FLAGS, PRF_NOWIZ);
   458:       }
   459:       break;
   460: "
"src\prefedit.c","461","prefedit_parse","case '6'","MUTATING_REVIEW","OLC/object/flag mutation","    case '6':
      if (GET_LEVEL(PREFEDIT_GET_CHAR) < LVL_IMMORT)
      {
        send_to_char(d->character, ""%sInvalid choice!%s\r\n"", CBRED(d->character, C_NRM), CCNRM(d->character, C_NRM));
        prefedit_disp_main_menu(d);
      }
      else
      {
        TOGGLE_BIT_AR(PREFEDIT_GET_FLAGS, PRF_HOLYLIGHT);
      }
      break;"
"src\prefedit.c","469","prefedit_parse","line","MUTATING_REVIEW","OLC/object/flag mutation","   467:       else
   468:       {
   469:         TOGGLE_BIT_AR(PREFEDIT_GET_FLAGS, PRF_HOLYLIGHT);
   470:       }
   471:       break;
   472: "
"src\prefedit.c","473","prefedit_parse","case '7'","MUTATING_REVIEW","OLC/object/flag mutation","  case '7':
    if (GET_LEVEL(PREFEDIT_GET_CHAR) < LVL_IMMORT)
    {
      send_to_char(d->character, ""%sInvalid choice!%s\r\n"", CBRED(d->character, C_NRM), CCNRM(d->character, C_NRM));
      prefedit_disp_main_menu(d);
    }
    else
    {
      TOGGLE_BIT_AR(PREFEDIT_GET_FLAGS, PRF_VERBOSE);
    }
    break;"
"src\prefedit.c","481","prefedit_parse","line","MUTATING_REVIEW","OLC/object/flag mutation","   479:     else
   480:     {
   481:       TOGGLE_BIT_AR(PREFEDIT_GET_FLAGS, PRF_VERBOSE);
   482:     }
   483:     break;
   484: "
"src\prefedit.c","485","prefedit_parse","case '8'","MUTATING_REVIEW","OLC/object/flag mutation","  case '8':
      if (GET_LEVEL(PREFEDIT_GET_CHAR) < LVL_IMPL)
      {
        send_to_char(d->character, ""%sInvalid choice!%s\r\n"", CBRED(d->character, C_NRM), CCNRM(d->character, C_NRM));
        prefedit_disp_main_menu(d);
      }
      else
      {
        TOGGLE_BIT_AR(PREFEDIT_GET_FLAGS, PRF_ZONERESETS);
      }
      break;"
"src\prefedit.c","493","prefedit_parse","line","MUTATING_REVIEW","OLC/object/flag mutation","   491:       else
   492:       {
   493:         TOGGLE_BIT_AR(PREFEDIT_GET_FLAGS, PRF_ZONERESETS);
   494:       }
   495:       break;
   496: "
"src\prefedit.c","504","prefedit_parse","case PREFEDIT_PAGELENGTH","MUTATING_REVIEW","OLC/object/flag mutation","  case PREFEDIT_PAGELENGTH:
    number = atoi(arg);
    OLC_PREFS(d)->page_length = MAX(10, MIN(number, 60));
    break;"
"src\prefedit.c","506","prefedit_parse","line","MUTATING_REVIEW","OLC/object/flag mutation","   504:   case PREFEDIT_PAGELENGTH:
   505:     number = atoi(arg);
   506:     OLC_PREFS(d)->page_length = MAX(10, MIN(number, 60));
   507:     break;
   508: 
   509:   case PREFEDIT_SCREENWIDTH:"
"src\prefedit.c","509","prefedit_parse","case PREFEDIT_SCREENWIDTH","MUTATING_REVIEW","OLC/object/flag mutation","  case PREFEDIT_SCREENWIDTH:
    number = atoi(arg);
    OLC_PREFS(d)->screen_width = MAX(40, MIN(number, 120));
    break;"
"src\prefedit.c","511","prefedit_parse","line","MUTATING_REVIEW","OLC/object/flag mutation","   509:   case PREFEDIT_SCREENWIDTH:
   510:     number = atoi(arg);
   511:     OLC_PREFS(d)->screen_width = MAX(40, MIN(number, 120));
   512:     break;
   513: 
   514:   case PREFEDIT_WIMPY:"
"src\prefedit.c","514","prefedit_parse","case PREFEDIT_WIMPY","MUTATING_REVIEW","OLC/object/flag mutation","  case PREFEDIT_WIMPY:
    number = atoi(arg);
    OLC_PREFS(d)->wimp_level = MAX(0, MIN(number, 500));
    break;"
"src\prefedit.c","516","prefedit_parse","line","MUTATING_REVIEW","OLC/object/flag mutation","   514:   case PREFEDIT_WIMPY:
   515:     number = atoi(arg);
   516:     OLC_PREFS(d)->wimp_level = MAX(0, MIN(number, 500));
   517:     break;
   518: 
   519:   case PREFEDIT_COLOR:"
"src\prefedit.c","528","prefedit_parse","line","MUTATING_REVIEW","OLC/object/flag mutation","   526:     REMOVE_BIT_AR(PREFEDIT_GET_FLAGS, PRF_COLOR_1);
   527:     REMOVE_BIT_AR(PREFEDIT_GET_FLAGS, PRF_COLOR_2);
   528:     if (number % 2)   SET_BIT_AR(PREFEDIT_GET_FLAGS, PRF_COLOR_1);
   529:     if (number >= 2)  SET_BIT_AR(PREFEDIT_GET_FLAGS, PRF_COLOR_2);
   530: 
   531:     break;"
"src\prefedit.c","529","prefedit_parse","line","MUTATING_REVIEW","OLC/object/flag mutation","   527:     REMOVE_BIT_AR(PREFEDIT_GET_FLAGS, PRF_COLOR_2);
   528:     if (number % 2)   SET_BIT_AR(PREFEDIT_GET_FLAGS, PRF_COLOR_1);
   529:     if (number >= 2)  SET_BIT_AR(PREFEDIT_GET_FLAGS, PRF_COLOR_2);
   530: 
   531:     break;
   532: "
"src\prefedit.c","541","prefedit_parse","case '1'","MUTATING_REVIEW","OLC/object/flag mutation","      case '1':
        TOGGLE_BIT_AR(PREFEDIT_GET_FLAGS, PRF_AUTOEXIT);
        break;"
"src\prefedit.c","542","prefedit_parse","line","MUTATING_REVIEW","OLC/object/flag mutation","   540: 
   541:       case '1':
   542:         TOGGLE_BIT_AR(PREFEDIT_GET_FLAGS, PRF_AUTOEXIT);
   543:         break;
   544: 
   545:       case '2':"
"src\prefedit.c","545","prefedit_parse","case '2'","MUTATING_REVIEW","OLC/object/flag mutation","      case '2':
        TOGGLE_BIT_AR(PREFEDIT_GET_FLAGS, PRF_AUTOLOOT);
        break;"
"src\prefedit.c","546","prefedit_parse","line","MUTATING_REVIEW","OLC/object/flag mutation","   544: 
   545:       case '2':
   546:         TOGGLE_BIT_AR(PREFEDIT_GET_FLAGS, PRF_AUTOLOOT);
   547:         break;
   548: 
   549:       case '3':"
"src\prefedit.c","549","prefedit_parse","case '3'","MUTATING_REVIEW","OLC/object/flag mutation","      case '3':
        TOGGLE_BIT_AR(PREFEDIT_GET_FLAGS, PRF_AUTOGOLD);
        break;"
"src\prefedit.c","550","prefedit_parse","line","MUTATING_REVIEW","OLC/object/flag mutation","   548: 
   549:       case '3':
   550:         TOGGLE_BIT_AR(PREFEDIT_GET_FLAGS, PRF_AUTOGOLD);
   551:         break;
   552: 
   553:       case '4':"
"src\prefedit.c","553","prefedit_parse","case '4'","MUTATING_REVIEW","OLC/object/flag mutation","      case '4':
        TOGGLE_BIT_AR(PREFEDIT_GET_FLAGS, PRF_AUTOSAC);
        break;"
"src\prefedit.c","554","prefedit_parse","line","MUTATING_REVIEW","OLC/object/flag mutation","   552: 
   553:       case '4':
   554:         TOGGLE_BIT_AR(PREFEDIT_GET_FLAGS, PRF_AUTOSAC);
   555:         break;
   556: 
   557:       case '5':"
"src\prefedit.c","557","prefedit_parse","case '5'","MUTATING_REVIEW","OLC/object/flag mutation","      case '5':
        TOGGLE_BIT_AR(PREFEDIT_GET_FLAGS, PRF_AUTOASSIST);
        break;"
"src\prefedit.c","558","prefedit_parse","line","MUTATING_REVIEW","OLC/object/flag mutation","   556: 
   557:       case '5':
   558:         TOGGLE_BIT_AR(PREFEDIT_GET_FLAGS, PRF_AUTOASSIST);
   559:         break;
   560: 
   561:       case '6':"
"src\prefedit.c","561","prefedit_parse","case '6'","MUTATING_REVIEW","OLC/object/flag mutation","      case '6':
        TOGGLE_BIT_AR(PREFEDIT_GET_FLAGS, PRF_AUTOSPLIT);
        break;"
"src\prefedit.c","562","prefedit_parse","line","MUTATING_REVIEW","OLC/object/flag mutation","   560: 
   561:       case '6':
   562:         TOGGLE_BIT_AR(PREFEDIT_GET_FLAGS, PRF_AUTOSPLIT);
   563:         break;
   564: 
   565:       case '7':"
"src\prefedit.c","565","prefedit_parse","case '7'","MUTATING_REVIEW","OLC/object/flag mutation","      case '7':
        TOGGLE_BIT_AR(PREFEDIT_GET_FLAGS, PRF_AUTOMAP);
        break;"
"src\prefedit.c","566","prefedit_parse","line","MUTATING_REVIEW","OLC/object/flag mutation","   564: 
   565:       case '7':
   566:         TOGGLE_BIT_AR(PREFEDIT_GET_FLAGS, PRF_AUTOMAP);
   567:         break;
   568: 
   569:       case '8':"
"src\prefedit.c","569","prefedit_parse","case '8'","MUTATING_REVIEW","OLC/object/flag mutation","      case '8':
        TOGGLE_BIT_AR(PREFEDIT_GET_FLAGS, PRF_AUTOKEY);
        break;"
"src\prefedit.c","570","prefedit_parse","line","MUTATING_REVIEW","OLC/object/flag mutation","   568: 
   569:       case '8':
   570:         TOGGLE_BIT_AR(PREFEDIT_GET_FLAGS, PRF_AUTOKEY);
   571:         break;
   572: 
   573:       case '9':"
"src\prefedit.c","573","prefedit_parse","case '9'","MUTATING_REVIEW","OLC/object/flag mutation","      case '9':
        TOGGLE_BIT_AR(PREFEDIT_GET_FLAGS, PRF_AUTODOOR);
        break;"
"src\prefedit.c","574","prefedit_parse","line","MUTATING_REVIEW","OLC/object/flag mutation","   572: 
   573:       case '9':
   574:         TOGGLE_BIT_AR(PREFEDIT_GET_FLAGS, PRF_AUTODOOR);
   575:         break;
   576: 
   577:       case 'a':"
"src\prefedit.c","578","prefedit_parse","case 'A'","MUTATING_REVIEW","OLC/object/flag mutation","      case 'A':
        TOGGLE_BIT_AR(PREFEDIT_GET_FLAGS, PRF_NOGOSS);
        break;"
"src\prefedit.c","579","prefedit_parse","line","MUTATING_REVIEW","OLC/object/flag mutation","   577:       case 'a':
   578:       case 'A':
   579:         TOGGLE_BIT_AR(PREFEDIT_GET_FLAGS, PRF_NOGOSS);
   580:         break;
   581: 
   582:       case 'b':"
"src\prefedit.c","583","prefedit_parse","case 'B'","MUTATING_REVIEW","OLC/object/flag mutation","      case 'B':
        TOGGLE_BIT_AR(PREFEDIT_GET_FLAGS, PRF_NOSHOUT);
        break;"
"src\prefedit.c","584","prefedit_parse","line","MUTATING_REVIEW","OLC/object/flag mutation","   582:       case 'b':
   583:       case 'B':
   584:         TOGGLE_BIT_AR(PREFEDIT_GET_FLAGS, PRF_NOSHOUT);
   585:         break;
   586: 
   587:       case 'c':"
"src\prefedit.c","588","prefedit_parse","case 'C'","MUTATING_REVIEW","OLC/object/flag mutation","      case 'C':
        TOGGLE_BIT_AR(PREFEDIT_GET_FLAGS, PRF_NOTELL);
        break;"
"src\prefedit.c","589","prefedit_parse","line","MUTATING_REVIEW","OLC/object/flag mutation","   587:       case 'c':
   588:       case 'C':
   589:         TOGGLE_BIT_AR(PREFEDIT_GET_FLAGS, PRF_NOTELL);
   590:         break;
   591: 
   592:       case 'd':"
"src\prefedit.c","593","prefedit_parse","case 'D'","MUTATING_REVIEW","OLC/object/flag mutation","      case 'D':
        TOGGLE_BIT_AR(PREFEDIT_GET_FLAGS, PRF_NOAUCT);
        break;"
"src\prefedit.c","594","prefedit_parse","line","MUTATING_REVIEW","OLC/object/flag mutation","   592:       case 'd':
   593:       case 'D':
   594:         TOGGLE_BIT_AR(PREFEDIT_GET_FLAGS, PRF_NOAUCT);
   595:         break;
   596: 
   597:       case 'e':"
"src\prefedit.c","598","prefedit_parse","case 'E'","MUTATING_REVIEW","OLC/object/flag mutation","      case 'E':
        TOGGLE_BIT_AR(PREFEDIT_GET_FLAGS, PRF_NOGRATZ);
        break;"
"src\prefedit.c","599","prefedit_parse","line","MUTATING_REVIEW","OLC/object/flag mutation","   597:       case 'e':
   598:       case 'E':
   599:         TOGGLE_BIT_AR(PREFEDIT_GET_FLAGS, PRF_NOGRATZ);
   600:         break;
   601: 
   602:       case 'f':"
"src\prefedit.c","603","prefedit_parse","case 'F'","MUTATING_REVIEW","OLC/object/flag mutation","      case 'F':
        TOGGLE_BIT_AR(PREFEDIT_GET_FLAGS, PRF_SUMMONABLE);
        break;"
"src\prefedit.c","604","prefedit_parse","line","MUTATING_REVIEW","OLC/object/flag mutation","   602:       case 'f':
   603:       case 'F':
   604:         TOGGLE_BIT_AR(PREFEDIT_GET_FLAGS, PRF_SUMMONABLE);
   605:         break;
   606: 
   607:       case 'g':"
"src\prefedit.c","608","prefedit_parse","case 'G'","MUTATING_REVIEW","OLC/object/flag mutation","      case 'G':
        TOGGLE_BIT_AR(PREFEDIT_GET_FLAGS, PRF_NOREPEAT);
        break;"
"src\prefedit.c","609","prefedit_parse","line","MUTATING_REVIEW","OLC/object/flag mutation","   607:       case 'g':
   608:       case 'G':
   609:         TOGGLE_BIT_AR(PREFEDIT_GET_FLAGS, PRF_NOREPEAT);
   610:         break;
   611: 
   612:       case 'h':"
"src\prefedit.c","613","prefedit_parse","case 'H'","MUTATING_REVIEW","OLC/object/flag mutation","      case 'H':
        TOGGLE_BIT_AR(PREFEDIT_GET_FLAGS, PRF_BRIEF);
        break;"
"src\prefedit.c","614","prefedit_parse","line","MUTATING_REVIEW","OLC/object/flag mutation","   612:       case 'h':
   613:       case 'H':
   614:         TOGGLE_BIT_AR(PREFEDIT_GET_FLAGS, PRF_BRIEF);
   615:         break;
   616: 
   617:       case 'i':"
"src\prefedit.c","618","prefedit_parse","case 'I'","MUTATING_REVIEW","OLC/object/flag mutation","      case 'I':
        TOGGLE_BIT_AR(PREFEDIT_GET_FLAGS, PRF_COMPACT);
        break;"
"src\prefedit.c","619","prefedit_parse","line","MUTATING_REVIEW","OLC/object/flag mutation","   617:       case 'i':
   618:       case 'I':
   619:         TOGGLE_BIT_AR(PREFEDIT_GET_FLAGS, PRF_COMPACT);
   620:         break;
   621:         
   622:       case 'j':"
"src\prefedit.c","666","prefedit_parse","line","MUTATING_REVIEW","OLC/object/flag mutation","   664:     }
   665:     /* Set the 'value has changed' flag thing */
   666:     OLC_VAL(d) = 1;
   667:     prefedit_disp_toggles_menu(d);
   668: 
   669:     return;"
"src\prefedit.c","679","prefedit_parse","line","MUTATING_REVIEW","OLC/object/flag mutation","   677:     }
   678: 
   679:     if ((number % 2) == 1) SET_BIT_AR(PREFEDIT_GET_FLAGS, PRF_LOG1);
   680:     else                   REMOVE_BIT_AR(PREFEDIT_GET_FLAGS, PRF_LOG1);
   681: 
   682:     if (number >= 2) SET_BIT_AR(PREFEDIT_GET_FLAGS, PRF_LOG2);"
"src\prefedit.c","682","prefedit_parse","line","MUTATING_REVIEW","OLC/object/flag mutation","   680:     else                   REMOVE_BIT_AR(PREFEDIT_GET_FLAGS, PRF_LOG1);
   681: 
   682:     if (number >= 2) SET_BIT_AR(PREFEDIT_GET_FLAGS, PRF_LOG2);
   683:     else             REMOVE_BIT_AR(PREFEDIT_GET_FLAGS, PRF_LOG2);
   684: 
   685:     break;"
"src\prefedit.c","693","prefedit_parse","line","MUTATING_REVIEW","OLC/object/flag mutation","   691:   }
   692:   /*. If we get this far, something has be changed .*/
   693:   OLC_VAL(d) = 1;
   694:   prefedit_disp_main_menu(d);
   695: }
   696: "
"src\prefedit.c","718","prefedit_Restore_Defaults","line","MUTATING_REVIEW","OLC/object/flag mutation","   716:   /* PRF_AUTOEXIT   - On */
   717:   if (!PREFEDIT_FLAGGED(PRF_AUTOEXIT))
   718:      SET_BIT_AR(PREFEDIT_GET_FLAGS, PRF_AUTOEXIT);
   719: 
   720:   /* PRF_NOHASSLE   - On for Imms */
   721:   if (!PREFEDIT_FLAGGED(PRF_NOHASSLE) && GET_LEVEL(PREFEDIT_GET_CHAR) > LVL_IMMORT)"
"src\prefedit.c","722","prefedit_Restore_Defaults","line","MUTATING_REVIEW","OLC/object/flag mutation","   720:   /* PRF_NOHASSLE   - On for Imms */
   721:   if (!PREFEDIT_FLAGGED(PRF_NOHASSLE) && GET_LEVEL(PREFEDIT_GET_CHAR) > LVL_IMMORT)
   722:      SET_BIT_AR(PREFEDIT_GET_FLAGS, PRF_NOHASSLE);
   723:   else
   724:      REMOVE_BIT_AR(PREFEDIT_GET_FLAGS, PRF_NOHASSLE);
   725: "
"src\prefedit.c","740","prefedit_Restore_Defaults","line","MUTATING_REVIEW","OLC/object/flag mutation","   738:   /* PRF_HOLYLIGHT  - On for Imms */
   739:   if (!PREFEDIT_FLAGGED(PRF_HOLYLIGHT) && GET_LEVEL(PREFEDIT_GET_CHAR) > LVL_IMMORT)
   740:      SET_BIT_AR(PREFEDIT_GET_FLAGS, PRF_HOLYLIGHT);
   741:   else
   742:      REMOVE_BIT_AR(PREFEDIT_GET_FLAGS, PRF_HOLYLIGHT);
   743: "
"src\prefedit.c","746","prefedit_Restore_Defaults","line","MUTATING_REVIEW","OLC/object/flag mutation","   744:   /* PRF_COLOR      - On (Complete) */
   745:   if (!PREFEDIT_FLAGGED(PRF_COLOR_1))
   746:      SET_BIT_AR(PREFEDIT_GET_FLAGS, PRF_COLOR_1);
   747:   if (!PREFEDIT_FLAGGED(PRF_COLOR_2))
   748:      SET_BIT_AR(PREFEDIT_GET_FLAGS, PRF_COLOR_2);
   749: "
"src\prefedit.c","748","prefedit_Restore_Defaults","line","MUTATING_REVIEW","OLC/object/flag mutation","   746:      SET_BIT_AR(PREFEDIT_GET_FLAGS, PRF_COLOR_1);
   747:   if (!PREFEDIT_FLAGGED(PRF_COLOR_2))
   748:      SET_BIT_AR(PREFEDIT_GET_FLAGS, PRF_COLOR_2);
   749: 
   750:   /* PRF_NOWIZ      - Off */
   751:   if (PREFEDIT_FLAGGED(PRF_NOWIZ))"
"src\prefedit.c","776","prefedit_Restore_Defaults","line","MUTATING_REVIEW","OLC/object/flag mutation","   774:   /* PRF_SHOWVNUMS  - On for Imms */
   775:   if (!PREFEDIT_FLAGGED(PRF_SHOWVNUMS) && GET_LEVEL(PREFEDIT_GET_CHAR) > LVL_IMMORT)
   776:      SET_BIT_AR(PREFEDIT_GET_FLAGS, PRF_SHOWVNUMS);
   777:   else
   778:      REMOVE_BIT_AR(PREFEDIT_GET_FLAGS, PRF_SHOWVNUMS);
   779: "
"src\prefedit.c","790","prefedit_Restore_Defaults","line","MUTATING_REVIEW","OLC/object/flag mutation","   788:   /* PRF_AUTOLOOT   - On */
   789:   if (!PREFEDIT_FLAGGED(PRF_AUTOLOOT))
   790:      SET_BIT_AR(PREFEDIT_GET_FLAGS, PRF_AUTOLOOT);
   791: 
   792:   /* PRF_AUTOGOLD   - On */
   793:   if (!PREFEDIT_FLAGGED(PRF_AUTOGOLD))"
"src\prefedit.c","794","prefedit_Restore_Defaults","line","MUTATING_REVIEW","OLC/object/flag mutation","   792:   /* PRF_AUTOGOLD   - On */
   793:   if (!PREFEDIT_FLAGGED(PRF_AUTOGOLD))
   794:      SET_BIT_AR(PREFEDIT_GET_FLAGS, PRF_AUTOGOLD);
   795: 
   796:   /* PRF_AUTOSPLIT  - Off */
   797:   if (PREFEDIT_FLAGGED(PRF_AUTOSPLIT))"
"src\prefedit.c","810","prefedit_Restore_Defaults","line","MUTATING_REVIEW","OLC/object/flag mutation","   808:   /* PRF_AUTOMAP    - On */
   809:   if (PREFEDIT_FLAGGED(PRF_AUTOMAP))
   810:      SET_BIT_AR(PREFEDIT_GET_FLAGS, PRF_AUTOMAP);
   811: 
   812:   /* PRF_AUTOKEY    - On */
   813:   if (PREFEDIT_FLAGGED(PRF_AUTOKEY))"
"src\prefedit.c","814","prefedit_Restore_Defaults","line","MUTATING_REVIEW","OLC/object/flag mutation","   812:   /* PRF_AUTOKEY    - On */
   813:   if (PREFEDIT_FLAGGED(PRF_AUTOKEY))
   814:      SET_BIT_AR(PREFEDIT_GET_FLAGS, PRF_AUTOKEY);
   815: 
   816:   /* PRF_AUTODOOR   - On */
   817:   if (PREFEDIT_FLAGGED(PRF_AUTODOOR))"
"src\prefedit.c","818","prefedit_Restore_Defaults","line","MUTATING_REVIEW","OLC/object/flag mutation","   816:   /* PRF_AUTODOOR   - On */
   817:   if (PREFEDIT_FLAGGED(PRF_AUTODOOR))
   818:      SET_BIT_AR(PREFEDIT_GET_FLAGS, PRF_AUTODOOR);
   819: 
   820:   /* PRF_VERBOSE    - On */
   821:   if (PREFEDIT_FLAGGED(PRF_VERBOSE))"
"src\prefedit.c","822","prefedit_Restore_Defaults","line","MUTATING_REVIEW","OLC/object/flag mutation","   820:   /* PRF_VERBOSE    - On */
   821:   if (PREFEDIT_FLAGGED(PRF_VERBOSE))
   822:     SET_BIT_AR(PREFEDIT_GET_FLAGS, PRF_VERBOSE);
   823: 
   824:   /* Other (non-toggle) options */
   825:   PREFEDIT_GET_WIMP_LEV   = 0;   /* Wimpy off by default */"
"src\prefedit.c","875","prefedit_Restore_Defaults","line","MUTATING_REVIEW","OLC/object/flag mutation","   873:   for (d = descriptor_list; d; d = d->next) {
   874:     if (STATE(d) == CON_PREFEDIT) {
   875:       if (d->olc && OLC_PREFS(d)->ch == vict) {
   876:         if (ch == vict)
   877:           send_to_char(ch, ""Your preferences are currently being edited by %s.\r\n"", PERS(d->character, ch));
   878:         else"
"src\prefedit.c","901","prefedit_Restore_Defaults","line","MUTATING_REVIEW","OLC/object/flag mutation","   899:   CREATE(d->olc, struct oasis_olc_data, 1);
   900: 
   901:   OLC_NUM(d) = 0;
   902: 
   903:   /****************************************************************************/
   904:   /** If this is a new quest, setup a new quest, otherwise setup the       **/"
"src\prefedit.c","915","prefedit_Restore_Defaults","line","MUTATING_REVIEW","OLC/object/flag mutation","   913:   /****************************************************************************/
   914:   act(""$n starts editing toggles."", TRUE, d->character, 0, 0, TO_ROOM);
   915:   SET_BIT_AR(PLR_FLAGS(ch), PLR_WRITING);
   916: 
   917:   /****************************************************************************/
   918:   /** Log the OLC message.                                                   **/"
"src\qedit.c","82","qedit_save_to_disk","line","MUTATING_REVIEW","OLC/object/flag mutation","    80:       zone_rnum zlok;
    81: 
    82:       if ((zlok = real_zone(GET_OLC_ZONE(ch))) == NOWHERE)
    83:         number = NOWHERE;
    84:       else
    85:         number = genolc_zone_bottom(zlok);"
"src\qedit.c","110","qedit_save_to_disk","line","MUTATING_REVIEW","OLC/object/flag mutation","   108:   for (d = descriptor_list; d; d = d->next) {
   109:     if (STATE(d) == CON_QEDIT) {
   110:       if (d->olc && OLC_NUM(d) == number) {
   111:         send_to_char(ch, ""That quest is currently being edited by %s.\r\n"",
   112:           PERS(d->character, ch));
   113:         return;"
"src\qedit.c","137","qedit_save_to_disk","line","MUTATING_REVIEW","OLC/object/flag mutation","   135:   /** Find the zone.                                                         **/
   136:   /****************************************************************************/
   137:   if ((OLC_ZNUM(d) = real_zone_by_thing(number)) == NOWHERE) {
   138:     send_to_char(ch, ""Sorry, there is no zone for that number!\r\n"");
   139:     free(d->olc);
   140:     d->olc = NULL;"
"src\qedit.c","178","qedit_save_to_disk","line","MUTATING_REVIEW","OLC/object/flag mutation","   176:   }
   177: 
   178:   OLC_NUM(d) = number;
   179: 
   180:   if ((real_num = real_quest(number)) != NOTHING)
   181:     qedit_setup_existing(d, real_num);"
"src\qedit.c","188","qedit_save_to_disk","line","MUTATING_REVIEW","OLC/object/flag mutation","   186: 
   187:   act(""$n starts using OLC."", TRUE, d->character, 0, 0, TO_ROOM);
   188:   SET_BIT_AR(PLR_FLAGS(ch), PLR_WRITING);
   189: 
   190:   mudlog(BRF, MAX(LVL_IMMORT, GET_INVIS_LEV(ch)), TRUE,
   191:          ""OLC: %s starts editing zone %d allowed zone %d"","
"src\qedit.c","227","qedit_setup_new","line","MUTATING_REVIEW","OLC/object/flag mutation","   225:   quest->func       = NULL;           /* Secondary qm spec proc */
   226:   /* Set the descriptor OLC structure to point to this quest    */
   227:   OLC_QUEST(d) = quest;
   228:   /* Show the main quest edit menu                              */
   229:   qedit_disp_menu(d);
   230: }"
"src\qedit.c","351","qedit_disp_menu","line","MUTATING_REVIEW","OLC/object/flag mutation","   349:     quest->prev_quest == NOTHING ? -1 : quest->prev_quest,
   350:     real_quest(quest->prev_quest) == NOTHING ? """" : QST_DESC(real_quest(quest->prev_quest)));
   351:   OLC_MODE(d) = QEDIT_MAIN_MENU;
   352: }
   353: /* For quest type.  */
   354: static void qedit_disp_type_menu(struct descriptor_data *d)"
"src\qedit.c","359","qedit_disp_type_menu","line","MUTATING_REVIEW","OLC/object/flag mutation","   357:   column_list(d->character, 0, quest_types, NUM_AQ_TYPES, TRUE);
   358:   write_to_output(d, ""\r\nEnter Quest type : "");
   359:   OLC_MODE(d) = QEDIT_TYPES;
   360: }
   361: /* For quest flags.  */
   362: static void qedit_disp_flag_menu(struct descriptor_data *d)"
"src\qedit.c","372","qedit_disp_flag_menu","line","MUTATING_REVIEW","OLC/object/flag mutation","   370:   write_to_output(d, ""\r\nQuest flags: \tc%s\tn\r\n""
   371:           ""Enter quest flags, 0 to quit : "", bits);
   372:   OLC_MODE(d) = QEDIT_FLAGS;
   373: }
   374: /**************************************************************************
   375:   The GARGANTUAN event handler"
"src\qedit.c","439","qedit_parse","case 'Q'","MUTATING_REVIEW","OLC/object/flag mutation"," case 'Q':
   if (OLC_VAL(d)) {   /*. Anything been changed? . */
            write_to_output(d,
              ""Do you wish to save the changes to the Quest? (y/n) : "");
            OLC_MODE(d) = QEDIT_CONFIRM_SAVESTRING;
          } else
            cleanup_olc(d, CLEANUP_ALL);
          return;"
"src\qedit.c","443","qedit_parse","line","MUTATING_REVIEW","OLC/object/flag mutation","   441:             write_to_output(d,
   442:               ""Do you wish to save the changes to the Quest? (y/n) : "");
   443:             OLC_MODE(d) = QEDIT_CONFIRM_SAVESTRING;
   444:           } else
   445:             cleanup_olc(d, CLEANUP_ALL);
   446:           return;"
"src\qedit.c","448","qedit_parse","case 'X'","MUTATING_REVIEW","OLC/object/flag mutation"," case 'X':
          OLC_MODE(d) = QEDIT_CONFIRM_DELETE;
   write_to_output(d, ""Do you wish to delete the Quest? (y/n) : "");
   break;"
"src\qedit.c","449","qedit_parse","line","MUTATING_REVIEW","OLC/object/flag mutation","   447:  case 'x':
   448:  case 'X':
   449:           OLC_MODE(d) = QEDIT_CONFIRM_DELETE;
   450:    write_to_output(d, ""Do you wish to delete the Quest? (y/n) : "");
   451:    break;
   452:  case '1':"
"src\qedit.c","452","qedit_parse","case '1'","MUTATING_REVIEW","OLC/object/flag mutation"," case '1':
   OLC_MODE(d) = QEDIT_NAME;
   write_to_output(d, ""Enter the quest name : "");
   break;"
"src\qedit.c","453","qedit_parse","line","MUTATING_REVIEW","OLC/object/flag mutation","   451:    break;
   452:  case '1':
   453:    OLC_MODE(d) = QEDIT_NAME;
   454:    write_to_output(d, ""Enter the quest name : "");
   455:    break;
   456:         case '2':"
"src\qedit.c","456","qedit_parse","case '2'","MUTATING_REVIEW","OLC/object/flag mutation","        case '2':
   OLC_MODE(d) = QEDIT_DESC;
   write_to_output(d, ""Enter the quest description :-\r\n] "");
   break;"
"src\qedit.c","457","qedit_parse","line","MUTATING_REVIEW","OLC/object/flag mutation","   455:    break;
   456:         case '2':
   457:    OLC_MODE(d) = QEDIT_DESC;
   458:    write_to_output(d, ""Enter the quest description :-\r\n] "");
   459:    break;
   460:         case '3':"
"src\qedit.c","460","qedit_parse","case '3'","MUTATING_REVIEW","OLC/object/flag mutation | multiline editor entry","        case '3':
          OLC_MODE(d) = QEDIT_INFO;
          clear_screen(d);
          send_editor_help(d);
          write_to_output(d, ""Enter quest acceptance message:\r\n\r\n"");

          if (OLC_QUEST(d)->info) {
            write_to_output(d, ""%s"", OLC_QUEST(d)->info);
            oldtext = strdup(OLC_QUEST(d)->info);
          }
          string_write(d, &OLC_QUEST(d)->info, MAX_QUEST_MSG, 0, oldtext);
          OLC_VAL(d) = 1;
          break;"
"src\qedit.c","461","qedit_parse","line","MUTATING_REVIEW","OLC/object/flag mutation","   459:    break;
   460:         case '3':
   461:           OLC_MODE(d) = QEDIT_INFO;
   462:           clear_screen(d);
   463:           send_editor_help(d);
   464:           write_to_output(d, ""Enter quest acceptance message:\r\n\r\n"");"
"src\qedit.c","471","qedit_parse","line","MUTATING_REVIEW","OLC/object/flag mutation","   469:           }
   470:           string_write(d, &OLC_QUEST(d)->info, MAX_QUEST_MSG, 0, oldtext);
   471:           OLC_VAL(d) = 1;
   472:           break;
   473:         case '4':
   474:           OLC_MODE(d) = QEDIT_COMPLETE;"
"src\qedit.c","473","qedit_parse","case '4'","MUTATING_REVIEW","OLC/object/flag mutation | multiline editor entry","        case '4':
          OLC_MODE(d) = QEDIT_COMPLETE;
          clear_screen(d);
          send_editor_help(d);
          write_to_output(d, ""Enter quest completion message:\r\n\r\n"");

          if (OLC_QUEST(d)->done) {
            write_to_output(d, ""%s"", OLC_QUEST(d)->done);
            oldtext = strdup(OLC_QUEST(d)->done);
          }
          string_write(d, &OLC_QUEST(d)->done, MAX_QUEST_MSG, 0, oldtext);
          OLC_VAL(d) = 1;
          break;"
"src\qedit.c","474","qedit_parse","line","MUTATING_REVIEW","OLC/object/flag mutation","   472:           break;
   473:         case '4':
   474:           OLC_MODE(d) = QEDIT_COMPLETE;
   475:           clear_screen(d);
   476:           send_editor_help(d);
   477:           write_to_output(d, ""Enter quest completion message:\r\n\r\n"");"
"src\qedit.c","484","qedit_parse","line","MUTATING_REVIEW","OLC/object/flag mutation","   482:           }
   483:           string_write(d, &OLC_QUEST(d)->done, MAX_QUEST_MSG, 0, oldtext);
   484:           OLC_VAL(d) = 1;
   485:           break;
   486:         case '5':
   487:           OLC_MODE(d) = QEDIT_ABANDON;"
"src\qedit.c","486","qedit_parse","case '5'","MUTATING_REVIEW","OLC/object/flag mutation | multiline editor entry","        case '5':
          OLC_MODE(d) = QEDIT_ABANDON;
          clear_screen(d);
          send_editor_help(d);
          write_to_output(d, ""Enter quest quit message:\r\n\r\n"");

          if (OLC_QUEST(d)->quit) {
            write_to_output(d, ""%s"", OLC_QUEST(d)->quit);
            oldtext = strdup(OLC_QUEST(d)->quit);
          }
          string_write(d, &OLC_QUEST(d)->quit, MAX_QUEST_MSG, 0, oldtext);
          OLC_VAL(d) = 1;
          break;"
"src\qedit.c","487","qedit_parse","line","MUTATING_REVIEW","OLC/object/flag mutation","   485:           break;
   486:         case '5':
   487:           OLC_MODE(d) = QEDIT_ABANDON;
   488:           clear_screen(d);
   489:           send_editor_help(d);
   490:           write_to_output(d, ""Enter quest quit message:\r\n\r\n"");"
"src\qedit.c","497","qedit_parse","line","MUTATING_REVIEW","OLC/object/flag mutation","   495:           }
   496:           string_write(d, &OLC_QUEST(d)->quit, MAX_QUEST_MSG, 0, oldtext);
   497:           OLC_VAL(d) = 1;
   498:           break;
   499:         case '6':
   500:           OLC_MODE(d) = QEDIT_FLAGS;"
"src\qedit.c","499","qedit_parse","case '6'","MUTATING_REVIEW","OLC/object/flag mutation","        case '6':
          OLC_MODE(d) = QEDIT_FLAGS;
          qedit_disp_flag_menu(d);
          break;"
"src\qedit.c","500","qedit_parse","line","MUTATING_REVIEW","OLC/object/flag mutation","   498:           break;
   499:         case '6':
   500:           OLC_MODE(d) = QEDIT_FLAGS;
   501:           qedit_disp_flag_menu(d);
   502:           break;
   503:         case '7':"
"src\qedit.c","503","qedit_parse","case '7'","MUTATING_REVIEW","OLC/object/flag mutation","        case '7':
          OLC_MODE(d) = QEDIT_TYPES;
          qedit_disp_type_menu(d);
          break;"
"src\qedit.c","504","qedit_parse","line","MUTATING_REVIEW","OLC/object/flag mutation","   502:           break;
   503:         case '7':
   504:           OLC_MODE(d) = QEDIT_TYPES;
   505:           qedit_disp_type_menu(d);
   506:           break;
   507:         case '8':"
"src\qedit.c","507","qedit_parse","case '8'","MUTATING_REVIEW","OLC/object/flag mutation","        case '8':
          OLC_MODE(d) = QEDIT_QUESTMASTER;
          write_to_output(d, ""Enter vnum of quest master : "");
          break;"
"src\qedit.c","508","qedit_parse","line","MUTATING_REVIEW","OLC/object/flag mutation","   506:           break;
   507:         case '8':
   508:           OLC_MODE(d) = QEDIT_QUESTMASTER;
   509:           write_to_output(d, ""Enter vnum of quest master : "");
   510:           break;
   511:         case '9':"
"src\qedit.c","511","qedit_parse","case '9'","MUTATING_REVIEW","OLC/object/flag mutation","        case '9':
          OLC_MODE(d) = QEDIT_TARGET;
          write_to_output(d, ""Enter target vnum : "");
          break;"
"src\qedit.c","512","qedit_parse","line","MUTATING_REVIEW","OLC/object/flag mutation","   510:           break;
   511:         case '9':
   512:           OLC_MODE(d) = QEDIT_TARGET;
   513:           write_to_output(d, ""Enter target vnum : "");
   514:           break;
   515:  case 'a':"
"src\qedit.c","516","qedit_parse","case 'A'","MUTATING_REVIEW","OLC/object/flag mutation"," case 'A':
   OLC_MODE(d) = QEDIT_QUANTITY;
   write_to_output(d, ""Enter quantity of target : "");
   break;"
"src\qedit.c","517","qedit_parse","line","MUTATING_REVIEW","OLC/object/flag mutation","   515:  case 'a':
   516:  case 'A':
   517:    OLC_MODE(d) = QEDIT_QUANTITY;
   518:    write_to_output(d, ""Enter quantity of target : "");
   519:    break;
   520:         case 'b':"
"src\qedit.c","521","qedit_parse","case 'B'","MUTATING_REVIEW","OLC/object/flag mutation","        case 'B':
   OLC_MODE(d) = QEDIT_POINTSCOMP;
          write_to_output(d, ""Enter points for completing the quest : "" );
          break;"
"src\qedit.c","522","qedit_parse","line","MUTATING_REVIEW","OLC/object/flag mutation","   520:         case 'b':
   521:         case 'B':
   522:    OLC_MODE(d) = QEDIT_POINTSCOMP;
   523:           write_to_output(d, ""Enter points for completing the quest : "" );
   524:           break;
   525:  case 'c':"
"src\qedit.c","526","qedit_parse","case 'C'","MUTATING_REVIEW","OLC/object/flag mutation","        case 'C':
   OLC_MODE(d) = QEDIT_POINTSQUIT;
          write_to_output(d, ""Enter points for quitting the quest : "" );
          break;"
"src\qedit.c","527","qedit_parse","line","MUTATING_REVIEW","OLC/object/flag mutation","   525:  case 'c':
   526:         case 'C':
   527:    OLC_MODE(d) = QEDIT_POINTSQUIT;
   528:           write_to_output(d, ""Enter points for quitting the quest : "" );
   529:           break;
   530:  case 'd':"
"src\qedit.c","531","qedit_parse","case 'D'","MUTATING_REVIEW","OLC/object/flag mutation","        case 'D':
   OLC_MODE(d) = QEDIT_LEVELMIN;
          write_to_output(d, ""Enter minimum level to accept the quest : "" );
          break;"
"src\qedit.c","532","qedit_parse","line","MUTATING_REVIEW","OLC/object/flag mutation","   530:  case 'd':
   531:         case 'D':
   532:    OLC_MODE(d) = QEDIT_LEVELMIN;
   533:           write_to_output(d, ""Enter minimum level to accept the quest : "" );
   534:           break;
   535:  case 'e':"
"src\qedit.c","536","qedit_parse","case 'E'","MUTATING_REVIEW","OLC/object/flag mutation","        case 'E':
   OLC_MODE(d) = QEDIT_LEVELMAX;
          write_to_output(d, ""Enter maximum level to accept the quest : "" );
          break;"
"src\qedit.c","537","qedit_parse","line","MUTATING_REVIEW","OLC/object/flag mutation","   535:  case 'e':
   536:         case 'E':
   537:    OLC_MODE(d) = QEDIT_LEVELMAX;
   538:           write_to_output(d, ""Enter maximum level to accept the quest : "" );
   539:           break;
   540:  case 'f':"
"src\qedit.c","541","qedit_parse","case 'F'","MUTATING_REVIEW","OLC/object/flag mutation"," case 'F':
   OLC_MODE(d) = QEDIT_PREREQ;
   write_to_output(d, ""Enter a prerequisite object vnum (-1 for none) : "");
   break;"
"src\qedit.c","542","qedit_parse","line","MUTATING_REVIEW","OLC/object/flag mutation","   540:  case 'f':
   541:  case 'F':
   542:    OLC_MODE(d) = QEDIT_PREREQ;
   543:    write_to_output(d, ""Enter a prerequisite object vnum (-1 for none) : "");
   544:    break;
   545:  case 'g':"
"src\qedit.c","546","qedit_parse","case 'G'","MUTATING_REVIEW","OLC/object/flag mutation"," case 'G':
   OLC_MODE(d) = QEDIT_GOLD;
   write_to_output(d, ""Enter the number of gold coins (0 for none) : "");
   break;"
"src\qedit.c","547","qedit_parse","line","MUTATING_REVIEW","OLC/object/flag mutation","   545:  case 'g':
   546:  case 'G':
   547:    OLC_MODE(d) = QEDIT_GOLD;
   548:    write_to_output(d, ""Enter the number of gold coins (0 for none) : "");
   549:    break;
   550:  case 't':"
"src\qedit.c","551","qedit_parse","case 'T'","MUTATING_REVIEW","OLC/object/flag mutation"," case 'T':
   OLC_MODE(d) = QEDIT_EXP;
   write_to_output(d, ""Enter a number of experience points (0 for none) : "");
   break;"
"src\qedit.c","552","qedit_parse","line","MUTATING_REVIEW","OLC/object/flag mutation","   550:  case 't':
   551:  case 'T':
   552:    OLC_MODE(d) = QEDIT_EXP;
   553:    write_to_output(d, ""Enter a number of experience points (0 for none) : "");
   554:    break;
   555:  case 'o':"
"src\qedit.c","556","qedit_parse","case 'O'","MUTATING_REVIEW","OLC/object/flag mutation"," case 'O':
   OLC_MODE(d) = QEDIT_OBJ;
   write_to_output(d, ""Enter the prize object vnum (-1 for none) : "");
   break;"
"src\qedit.c","557","qedit_parse","line","MUTATING_REVIEW","OLC/object/flag mutation","   555:  case 'o':
   556:  case 'O':
   557:    OLC_MODE(d) = QEDIT_OBJ;
   558:    write_to_output(d, ""Enter the prize object vnum (-1 for none) : "");
   559:    break;
   560:  case 'l':"
"src\qedit.c","561","qedit_parse","case 'L'","MUTATING_REVIEW","OLC/object/flag mutation","        case 'L':
   OLC_MODE(d) = QEDIT_TIMELIMIT;
          write_to_output(d, ""Enter time limit to complete (-1 for none) : "" );
          break;"
"src\qedit.c","562","qedit_parse","line","MUTATING_REVIEW","OLC/object/flag mutation","   560:  case 'l':
   561:         case 'L':
   562:    OLC_MODE(d) = QEDIT_TIMELIMIT;
   563:           write_to_output(d, ""Enter time limit to complete (-1 for none) : "" );
   564:           break;
   565:  case 'n':"
"src\qedit.c","566","qedit_parse","case 'N'","MUTATING_REVIEW","OLC/object/flag mutation"," case 'N':
          OLC_MODE(d) = QEDIT_NEXTQUEST;
          write_to_output(d, ""Enter vnum of next quest (-1 for none) : "");
          break;"
"src\qedit.c","567","qedit_parse","line","MUTATING_REVIEW","OLC/object/flag mutation","   565:  case 'n':
   566:  case 'N':
   567:           OLC_MODE(d) = QEDIT_NEXTQUEST;
   568:           write_to_output(d, ""Enter vnum of next quest (-1 for none) : "");
   569:           break;
   570:    case 'p':"
"src\qedit.c","571","qedit_parse","case 'P'","MUTATING_REVIEW","OLC/object/flag mutation"," case 'P':
          OLC_MODE(d) = QEDIT_PREVQUEST;
          write_to_output(d, ""Enter vnum of previous quest (-1 for none) : "");
          break;"
"src\qedit.c","572","qedit_parse","line","MUTATING_REVIEW","OLC/object/flag mutation","   570:    case 'p':
   571:  case 'P':
   572:           OLC_MODE(d) = QEDIT_PREVQUEST;
   573:           write_to_output(d, ""Enter vnum of previous quest (-1 for none) : "");
   574:           break;
   575:         default:"
"src\qedit.c","588","qedit_parse","line","MUTATING_REVIEW","OLC/object/flag mutation","   586:         free(OLC_QUEST(d)->name);
   587:       arg[MAX_QUEST_NAME - 1] = '\0';
   588:       OLC_QUEST(d)->name = str_udup(arg);
   589:       break;
   590:     case QEDIT_DESC:
   591:       if (!genolc_checkstring(d, arg))"
"src\qedit.c","596","qedit_parse","line","MUTATING_REVIEW","OLC/object/flag mutation","   594:         free(OLC_QUEST(d)->desc);
   595:       arg[MAX_QUEST_DESC - 1] = '\0';
   596:       OLC_QUEST(d)->desc = str_udup(arg);
   597:       break;
   598:     case QEDIT_QUESTMASTER:
   599:       if (number != -1)"
"src\qedit.c","604","qedit_parse","line","MUTATING_REVIEW","OLC/object/flag mutation","   602:           return;
   603:         }
   604:       OLC_QUEST(d)->qm = number;
   605:       break;
   606:     case QEDIT_TYPES:
   607:       number--;"
"src\qedit.c","613","qedit_parse","line","MUTATING_REVIEW","OLC/object/flag mutation","   611:         return;
   612:       }
   613:       OLC_QUEST(d)->type = number;
   614:       if (number == AQ_OBJ_RETURN) {
   615:         OLC_MODE(d) = QEDIT_RETURNMOB;
   616:         write_to_output(d, ""Enter mob vnum to return object to : "");"
"src\qedit.c","615","qedit_parse","line","MUTATING_REVIEW","OLC/object/flag mutation","   613:       OLC_QUEST(d)->type = number;
   614:       if (number == AQ_OBJ_RETURN) {
   615:         OLC_MODE(d) = QEDIT_RETURNMOB;
   616:         write_to_output(d, ""Enter mob vnum to return object to : "");
   617:         return;
   618:       }"
"src\qedit.c","627","qedit_parse","line","MUTATING_REVIEW","OLC/object/flag mutation","   625:         break;
   626:       else {
   627:         TOGGLE_BIT(OLC_QUEST(d)->flags, number );
   628:         qedit_disp_flag_menu(d);
   629:       }
   630:       return;"
"src\qedit.c","631","qedit_parse","case QEDIT_QUANTITY","MUTATING_REVIEW","OLC/object/flag mutation","    case QEDIT_QUANTITY:
      OLC_QUEST(d)->value[6] = LIMIT(number, 1, 50);
      break;"
"src\qedit.c","632","qedit_parse","line","MUTATING_REVIEW","OLC/object/flag mutation","   630:       return;
   631:     case QEDIT_QUANTITY:
   632:       OLC_QUEST(d)->value[6] = LIMIT(number, 1, 50);
   633:       break;
   634:     case QEDIT_POINTSCOMP:
   635:       OLC_QUEST(d)->value[0] = LIMIT(number, 0, 999999);"
"src\qedit.c","634","qedit_parse","case QEDIT_POINTSCOMP","MUTATING_REVIEW","OLC/object/flag mutation","    case QEDIT_POINTSCOMP:
      OLC_QUEST(d)->value[0] = LIMIT(number, 0, 999999);
      break;"
"src\qedit.c","635","qedit_parse","line","MUTATING_REVIEW","OLC/object/flag mutation","   633:       break;
   634:     case QEDIT_POINTSCOMP:
   635:       OLC_QUEST(d)->value[0] = LIMIT(number, 0, 999999);
   636:       break;
   637:     case QEDIT_POINTSQUIT:
   638:       OLC_QUEST(d)->value[1] = LIMIT(number, 0, 999999);"
"src\qedit.c","637","qedit_parse","case QEDIT_POINTSQUIT","MUTATING_REVIEW","OLC/object/flag mutation","    case QEDIT_POINTSQUIT:
      OLC_QUEST(d)->value[1] = LIMIT(number, 0, 999999);
      break;"
"src\qedit.c","638","qedit_parse","line","MUTATING_REVIEW","OLC/object/flag mutation","   636:       break;
   637:     case QEDIT_POINTSQUIT:
   638:       OLC_QUEST(d)->value[1] = LIMIT(number, 0, 999999);
   639:       break;
   640:     case QEDIT_PREREQ:
   641:       if ((number = atoi(arg)) != -1)"
"src\qedit.c","646","qedit_parse","line","MUTATING_REVIEW","OLC/object/flag mutation","   644:           return;
   645:         }
   646:       OLC_QUEST(d)->prereq = number;
   647:       break;
   648:     case QEDIT_LEVELMIN:
   649:       if (number < 0 || number > LVL_IMPL) {"
"src\qedit.c","658","qedit_parse","line","MUTATING_REVIEW","OLC/object/flag mutation","   656:         return;
   657:       } else {
   658:         OLC_QUEST(d)->value[2] = number;
   659:         break;
   660:       }
   661:     case QEDIT_LEVELMAX:"
"src\qedit.c","671","qedit_parse","line","MUTATING_REVIEW","OLC/object/flag mutation","   669:         return;
   670:       } else {
   671:         OLC_QUEST(d)->value[3] = number;
   672:         break;
   673:       }
   674:     case QEDIT_TIMELIMIT:"
"src\qedit.c","674","qedit_parse","case QEDIT_TIMELIMIT","MUTATING_REVIEW","OLC/object/flag mutation","    case QEDIT_TIMELIMIT:
      OLC_QUEST(d)->value[4] = LIMIT(number, -1, 100);
      break;"
"src\qedit.c","675","qedit_parse","line","MUTATING_REVIEW","OLC/object/flag mutation","   673:       }
   674:     case QEDIT_TIMELIMIT:
   675:       OLC_QUEST(d)->value[4] = LIMIT(number, -1, 100);
   676:       break;
   677:     case QEDIT_RETURNMOB:
   678:       if ((number = atoi(arg)) != -1)"
"src\qedit.c","683","qedit_parse","line","MUTATING_REVIEW","OLC/object/flag mutation","   681:           return;
   682:         }
   683:       OLC_QUEST(d)->value[5] = number;
   684:       break;
   685:     case QEDIT_TARGET:
   686:       OLC_QUEST(d)->target = number;"
"src\qedit.c","685","qedit_parse","case QEDIT_TARGET","MUTATING_REVIEW","OLC/object/flag mutation","    case QEDIT_TARGET:
      OLC_QUEST(d)->target = number;
      break;"
"src\qedit.c","686","qedit_parse","line","MUTATING_REVIEW","OLC/object/flag mutation","   684:       break;
   685:     case QEDIT_TARGET:
   686:       OLC_QUEST(d)->target = number;
   687:       break;
   688:     case QEDIT_NEXTQUEST:
   689:       if ((number = atoi(arg)) != -1) {"
"src\qedit.c","695","qedit_parse","line","MUTATING_REVIEW","OLC/object/flag mutation","   693:         }
   694:       }
   695:       OLC_QUEST(d)->next_quest = (number == -1 ? NOTHING : atoi(arg));
   696:       break;
   697:     case QEDIT_PREVQUEST:
   698:       if ((number = atoi(arg)) != -1) {"
"src\qedit.c","704","qedit_parse","line","MUTATING_REVIEW","OLC/object/flag mutation","   702:         }
   703:       }
   704:       OLC_QUEST(d)->prev_quest = (number == -1 ? NOTHING : atoi(arg));
   705:       break;
   706:     case QEDIT_GOLD:
   707:       OLC_QUEST(d)->gold_reward = LIMIT(number, 0, 99999);"
"src\qedit.c","706","qedit_parse","case QEDIT_GOLD","MUTATING_REVIEW","OLC/object/flag mutation","    case QEDIT_GOLD:
      OLC_QUEST(d)->gold_reward = LIMIT(number, 0, 99999);
      break;"
"src\qedit.c","707","qedit_parse","line","MUTATING_REVIEW","OLC/object/flag mutation","   705:       break;
   706:     case QEDIT_GOLD:
   707:       OLC_QUEST(d)->gold_reward = LIMIT(number, 0, 99999);
   708:       break;
   709:     case QEDIT_EXP:
   710:       OLC_QUEST(d)->exp_reward = LIMIT(number, 0, 99999);"
"src\qedit.c","709","qedit_parse","case QEDIT_EXP","MUTATING_REVIEW","OLC/object/flag mutation","    case QEDIT_EXP:
      OLC_QUEST(d)->exp_reward = LIMIT(number, 0, 99999);
      break;"
"src\qedit.c","710","qedit_parse","line","MUTATING_REVIEW","OLC/object/flag mutation","   708:       break;
   709:     case QEDIT_EXP:
   710:       OLC_QUEST(d)->exp_reward = LIMIT(number, 0, 99999);
   711:       break;
   712:     case QEDIT_OBJ:
   713:       if ((number = atoi(arg)) != -1)"
"src\qedit.c","718","qedit_parse","line","MUTATING_REVIEW","OLC/object/flag mutation","   716:           return;
   717:         }
   718:       OLC_QUEST(d)->obj_reward = number;
   719:       break;
   720:     default:
   721:       /*. We should never get here . */"
"src\qedit.c","733","qedit_parse","line","MUTATING_REVIEW","OLC/object/flag mutation","   731:   return to main menu.  Use OLC_VAL as a 'has changed' flag . */
   732: 
   733:   OLC_VAL(d) = 1;
   734:   qedit_disp_menu(d);
   735: }
   736: "
"src\quest.c","1029","set_quest","line","MUTATING_REVIEW","OLC/object/flag mutation","  1027:   GET_QUEST_TIME(ch) = QST_TIME(rnum);
  1028:   GET_QUEST_COUNTER(ch) = QST_QUANTITY(rnum);
  1029:   SET_BIT_AR(PRF_FLAGS(ch), PRF_QUEST);
  1030:   return;
  1031: }
  1032: "
"src\redit.c","70","","line","MUTATING_REVIEW","OLC/object/flag mutation","    68:     if (is_number(buf2))
    69:       number = atoi(buf2);
    70:     else if (GET_OLC_ZONE(ch) != NOWHERE) {
    71:       zone_rnum zlok;
    72: 
    73:       if ((zlok = real_zone(GET_OLC_ZONE(ch))) == NOWHERE)"
"src\redit.c","73","","line","MUTATING_REVIEW","OLC/object/flag mutation","    71:       zone_rnum zlok;
    72: 
    73:       if ((zlok = real_zone(GET_OLC_ZONE(ch))) == NOWHERE)
    74:         number = NOWHERE;
    75:       else
    76:         number = genolc_zone_bottom(zlok);"
"src\redit.c","97","","line","MUTATING_REVIEW","OLC/object/flag mutation","    95:   for (d = descriptor_list; d; d = d->next) {
    96:     if (STATE(d) == CON_REDIT) {
    97:       if (d->olc && OLC_NUM(d) == number) {
    98:         send_to_char(ch, ""That room is currently being edited by %s.\r\n"",
    99:           PERS(d->character, ch));
   100:         return;"
"src\redit.c","118","","line","MUTATING_REVIEW","OLC/object/flag mutation","   116: 
   117:   /* Find the zone. */
   118:   OLC_ZNUM(d) = save ? real_zone(number) : real_zone_by_thing(number);
   119:   if (OLC_ZNUM(d) == NOWHERE) {
   120:     send_to_char(ch, ""Sorry, there is no zone for that number!\r\n"");
   121:     free(d->olc);"
"src\redit.c","119","","line","MUTATING_REVIEW","OLC/object/flag mutation","   117:   /* Find the zone. */
   118:   OLC_ZNUM(d) = save ? real_zone(number) : real_zone_by_thing(number);
   119:   if (OLC_ZNUM(d) == NOWHERE) {
   120:     send_to_char(ch, ""Sorry, there is no zone for that number!\r\n"");
   121:     free(d->olc);
   122:     d->olc = NULL;"
"src\redit.c","148","","line","MUTATING_REVIEW","OLC/object/flag mutation","   146:   }
   147: 
   148:   OLC_NUM(d) = number;
   149: 
   150:   if ((real_num = real_room(number)) != NOWHERE)
   151:     redit_setup_existing(d, real_num);"
"src\redit.c","158","","line","MUTATING_REVIEW","OLC/object/flag mutation","   156:   STATE(d) = CON_REDIT;
   157:   act(""$n starts using OLC."", TRUE, d->character, 0, 0, TO_ROOM);
   158:   SET_BIT_AR(PLR_FLAGS(ch), PLR_WRITING);
   159: 
   160:   mudlog(CMP, MAX(LVL_IMMORT, GET_INVIS_LEV(ch)), TRUE, ""OLC: %s starts editing zone %d allowed zone %d"",
   161:     GET_NAME(ch), zone_table[OLC_ZNUM(d)].number, GET_OLC_ZONE(ch));"
"src\redit.c","168","redit_setup_new","line","MUTATING_REVIEW","OLC/object/flag mutation","   166:   CREATE(OLC_ROOM(d), struct room_data, 1);
   167: 
   168:   OLC_ROOM(d)->name = strdup(""An unfinished room"");
   169:   OLC_ROOM(d)->description = strdup(""You are in an unfinished room.\r\n"");
   170:   OLC_ROOM(d)->number = NOWHERE;
   171:   OLC_ITEM_TYPE(d) = WLD_TRIGGER;"
"src\redit.c","169","redit_setup_new","line","MUTATING_REVIEW","OLC/object/flag mutation","   167: 
   168:   OLC_ROOM(d)->name = strdup(""An unfinished room"");
   169:   OLC_ROOM(d)->description = strdup(""You are in an unfinished room.\r\n"");
   170:   OLC_ROOM(d)->number = NOWHERE;
   171:   OLC_ITEM_TYPE(d) = WLD_TRIGGER;
   172:   OLC_ROOM(d)->proto_script = OLC_SCRIPT(d) = NULL;"
"src\redit.c","170","redit_setup_new","line","MUTATING_REVIEW","OLC/object/flag mutation","   168:   OLC_ROOM(d)->name = strdup(""An unfinished room"");
   169:   OLC_ROOM(d)->description = strdup(""You are in an unfinished room.\r\n"");
   170:   OLC_ROOM(d)->number = NOWHERE;
   171:   OLC_ITEM_TYPE(d) = WLD_TRIGGER;
   172:   OLC_ROOM(d)->proto_script = OLC_SCRIPT(d) = NULL;
   173: "
"src\redit.c","171","redit_setup_new","line","MUTATING_REVIEW","OLC/object/flag mutation","   169:   OLC_ROOM(d)->description = strdup(""You are in an unfinished room.\r\n"");
   170:   OLC_ROOM(d)->number = NOWHERE;
   171:   OLC_ITEM_TYPE(d) = WLD_TRIGGER;
   172:   OLC_ROOM(d)->proto_script = OLC_SCRIPT(d) = NULL;
   173: 
   174:   OLC_VAL(d) = 0;"
"src\redit.c","172","redit_setup_new","line","MUTATING_REVIEW","OLC/object/flag mutation","   170:   OLC_ROOM(d)->number = NOWHERE;
   171:   OLC_ITEM_TYPE(d) = WLD_TRIGGER;
   172:   OLC_ROOM(d)->proto_script = OLC_SCRIPT(d) = NULL;
   173: 
   174:   OLC_VAL(d) = 0;
   175: }"
"src\redit.c","174","redit_setup_new","line","MUTATING_REVIEW","OLC/object/flag mutation","   172:   OLC_ROOM(d)->proto_script = OLC_SCRIPT(d) = NULL;
   173: 
   174:   OLC_VAL(d) = 0;
   175: }
   176: 
   177: void redit_setup_existing(struct descriptor_data *d, int real_num)"
"src\redit.c","234","redit_setup_existing","line","MUTATING_REVIEW","OLC/object/flag mutation","   232: 
   233:   /* Attach copy of room to player's descriptor. */
   234:   OLC_ROOM(d) = room;
   235:   OLC_VAL(d) = 0;
   236:   OLC_ITEM_TYPE(d) = WLD_TRIGGER;
   237: "
"src\redit.c","235","redit_setup_existing","line","MUTATING_REVIEW","OLC/object/flag mutation","   233:   /* Attach copy of room to player's descriptor. */
   234:   OLC_ROOM(d) = room;
   235:   OLC_VAL(d) = 0;
   236:   OLC_ITEM_TYPE(d) = WLD_TRIGGER;
   237: 
   238:   dg_olc_script_copy(d);"
"src\redit.c","236","redit_setup_existing","line","MUTATING_REVIEW","OLC/object/flag mutation","   234:   OLC_ROOM(d) = room;
   235:   OLC_VAL(d) = 0;
   236:   OLC_ITEM_TYPE(d) = WLD_TRIGGER;
   237: 
   238:   dg_olc_script_copy(d);
   239:   room->proto_script = NULL;"
"src\redit.c","249","redit_save_internally","line","MUTATING_REVIEW","OLC/object/flag mutation","   247:   struct descriptor_data *dsc;
   248: 
   249:   if (OLC_ROOM(d)->number == NOWHERE)
   250:     new_room = TRUE;
   251: 
   252:   OLC_ROOM(d)->number = OLC_NUM(d); "
"src\redit.c","252","redit_save_internally","line","MUTATING_REVIEW","OLC/object/flag mutation","   250:     new_room = TRUE;
   251: 
   252:   OLC_ROOM(d)->number = OLC_NUM(d); 
   253:   /* FIXME: Why is this not set elsewhere? */
   254:   OLC_ROOM(d)->zone = OLC_ZNUM(d);
   255: "
"src\redit.c","254","redit_save_internally","line","MUTATING_REVIEW","OLC/object/flag mutation","   252:   OLC_ROOM(d)->number = OLC_NUM(d); 
   253:   /* FIXME: Why is this not set elsewhere? */
   254:   OLC_ROOM(d)->zone = OLC_ZNUM(d);
   255: 
   256:   if ((room_num = add_room(OLC_ROOM(d))) == NOWHERE) {
   257:     write_to_output(d, ""Something went wrong...\r\n"");"
"src\redit.c","256","redit_save_internally","line","MUTATING_REVIEW","OLC/object/flag mutation","   254:   OLC_ROOM(d)->zone = OLC_ZNUM(d);
   255: 
   256:   if ((room_num = add_room(OLC_ROOM(d))) == NOWHERE) {
   257:     write_to_output(d, ""Something went wrong...\r\n"");
   258:     log(""SYSERR: redit_save_internally: Something failed! (%d)"", room_num);
   259:     return;"
"src\redit.c","281","redit_save_internally","line","MUTATING_REVIEW","OLC/object/flag mutation","   279: 
   280:     if (STATE(dsc) == CON_ZEDIT) {
   281:       for (j = 0; OLC_ZONE(dsc)->cmd[j].command != 'S'; j++)
   282:         switch (OLC_ZONE(dsc)->cmd[j].command) {
   283:           case 'O':
   284:           case 'M':"
"src\redit.c","286","redit_save_internally","case 'V'","MUTATING_REVIEW","OLC/object/flag mutation","          case 'V':
            OLC_ZONE(dsc)->cmd[j].arg3 += (OLC_ZONE(dsc)->cmd[j].arg3 >= room_num);
            break;"
"src\redit.c","287","redit_save_internally","line","MUTATING_REVIEW","OLC/object/flag mutation","   285:           case 'T':
   286:           case 'V':
   287:             OLC_ZONE(dsc)->cmd[j].arg3 += (OLC_ZONE(dsc)->cmd[j].arg3 >= room_num);
   288:             break;
   289:           case 'D':
   290:             OLC_ZONE(dsc)->cmd[j].arg2 += (OLC_ZONE(dsc)->cmd[j].arg2 >= room_num);"
"src\redit.c","289","redit_save_internally","case 'D'","MUTATING_REVIEW","OLC/object/flag mutation","          case 'D':
            OLC_ZONE(dsc)->cmd[j].arg2 += (OLC_ZONE(dsc)->cmd[j].arg2 >= room_num);
            /* Fall through */"
"src\redit.c","290","redit_save_internally","line","MUTATING_REVIEW","OLC/object/flag mutation","   288:             break;
   289:           case 'D':
   290:             OLC_ZONE(dsc)->cmd[j].arg2 += (OLC_ZONE(dsc)->cmd[j].arg2 >= room_num);
   291:             /* Fall through */
   292:           case 'R':
   293:             OLC_ZONE(dsc)->cmd[j].arg1 += (OLC_ZONE(dsc)->cmd[j].arg1 >= room_num);"
"src\redit.c","292","redit_save_internally","case 'R'","MUTATING_REVIEW","OLC/object/flag mutation","          case 'R':
            OLC_ZONE(dsc)->cmd[j].arg1 += (OLC_ZONE(dsc)->cmd[j].arg1 >= room_num);
            break;"
"src\redit.c","293","redit_save_internally","line","MUTATING_REVIEW","OLC/object/flag mutation","   291:             /* Fall through */
   292:           case 'R':
   293:             OLC_ZONE(dsc)->cmd[j].arg1 += (OLC_ZONE(dsc)->cmd[j].arg1 >= room_num);
   294:             break;
   295:           }
   296:     } else if (STATE(dsc) == CON_REDIT) {"
"src\redit.c","299","redit_save_internally","line","MUTATING_REVIEW","OLC/object/flag mutation","   297:       for (j = 0; j < DIR_COUNT; j++)
   298:         if (OLC_ROOM(dsc)->dir_option[j])
   299:           if (OLC_ROOM(dsc)->dir_option[j]->to_room >= room_num)
   300:             OLC_ROOM(dsc)->dir_option[j]->to_room++;
   301:     }
   302:   }"
"src\redit.c","311","redit_save_resets","line","MUTATING_REVIEW","OLC/object/flag mutation","   309: 
   310:   free(zone_table[OLC_ZNUM(d)].cmd);
   311:   zone_table[OLC_ZNUM(d)].cmd = OLC_ZONE(d)->cmd;
   312:   OLC_ZONE(d)->cmd = NULL;
   313:   OLC_ZONE(d)->age = 0;
   314: "
"src\redit.c","312","redit_save_resets","line","MUTATING_REVIEW","OLC/object/flag mutation","   310:   free(zone_table[OLC_ZNUM(d)].cmd);
   311:   zone_table[OLC_ZNUM(d)].cmd = OLC_ZONE(d)->cmd;
   312:   OLC_ZONE(d)->cmd = NULL;
   313:   OLC_ZONE(d)->age = 0;
   314: 
   315:   add_to_save_list(zone_table[OLC_ZNUM(d)].number, SL_ZON);"
"src\redit.c","313","redit_save_resets","line","MUTATING_REVIEW","OLC/object/flag mutation","   311:   zone_table[OLC_ZNUM(d)].cmd = OLC_ZONE(d)->cmd;
   312:   OLC_ZONE(d)->cmd = NULL;
   313:   OLC_ZONE(d)->age = 0;
   314: 
   315:   add_to_save_list(zone_table[OLC_ZNUM(d)].number, SL_ZON);
   316: }"
"src\redit.c","355","redit_disp_extradesc_menu","line","MUTATING_REVIEW","OLC/object/flag mutation","   353:   write_to_output(d, !extra_desc->next ? ""Not Set.\r\n"" : ""Set.\r\n"");
   354:   write_to_output(d, ""Enter choice (0 to quit) : "");
   355:   OLC_MODE(d) = REDIT_EXTRADESC_MENU;
   356: }
   357: 
   358: /* For exits. */"
"src\redit.c","363","redit_disp_exit_menu","line","MUTATING_REVIEW","OLC/object/flag mutation","   361:   char door_buf[24];
   362:   /* if exit doesn't exist, alloc/create it */
   363:   if (OLC_EXIT(d) == NULL) {
   364:     CREATE(OLC_EXIT(d), struct room_direction_data, 1);
   365:     OLC_EXIT(d)->to_room = NOWHERE;
   366:   }"
"src\redit.c","365","redit_disp_exit_menu","line","MUTATING_REVIEW","OLC/object/flag mutation","   363:   if (OLC_EXIT(d) == NULL) {
   364:     CREATE(OLC_EXIT(d), struct room_direction_data, 1);
   365:     OLC_EXIT(d)->to_room = NOWHERE;
   366:   }
   367:   
   368:   /* Weird door handling! */"
"src\redit.c","392","redit_disp_exit_menu","line","MUTATING_REVIEW","OLC/object/flag mutation","   390: 	  ""Enter choice, 0 to quit : "",
   391: 
   392: 	  grn, nrm, cyn, OLC_EXIT(d)->to_room != NOWHERE ? world[OLC_EXIT(d)->to_room].number : -1,
   393: 	  grn, nrm, yel, OLC_EXIT(d)->general_description ? OLC_EXIT(d)->general_description : ""<NONE>"",
   394: 	  grn, nrm, yel, OLC_EXIT(d)->keyword ? OLC_EXIT(d)->keyword : ""<NONE>"",
   395: 	  grn, nrm, cyn, OLC_EXIT(d)->key != NOTHING ? OLC_EXIT(d)->key : -1,"
"src\redit.c","395","redit_disp_exit_menu","line","MUTATING_REVIEW","OLC/object/flag mutation","   393: 	  grn, nrm, yel, OLC_EXIT(d)->general_description ? OLC_EXIT(d)->general_description : ""<NONE>"",
   394: 	  grn, nrm, yel, OLC_EXIT(d)->keyword ? OLC_EXIT(d)->keyword : ""<NONE>"",
   395: 	  grn, nrm, cyn, OLC_EXIT(d)->key != NOTHING ? OLC_EXIT(d)->key : -1,
   396: 	  grn, nrm, cyn, door_buf, grn, nrm
   397: 	  );
   398: "
"src\redit.c","399","redit_disp_exit_menu","line","MUTATING_REVIEW","OLC/object/flag mutation","   397: 	  );
   398: 
   399:   OLC_MODE(d) = REDIT_EXIT_MENU;
   400: }
   401: 
   402: /* For exit flags. */"
"src\redit.c","426","redit_disp_flag_menu","line","MUTATING_REVIEW","OLC/object/flag mutation","   424:   write_to_output(d, ""\r\nRoom flags: %s%s%s\r\n""
   425: 	  ""Enter room flags, 0 to quit : "", cyn, bits, nrm);
   426:   OLC_MODE(d) = REDIT_FLAGS;
   427: }
   428: 
   429: /* For sector type. */"
"src\redit.c","435","redit_disp_sector_menu","line","MUTATING_REVIEW","OLC/object/flag mutation","   433:   column_list(d->character, 0, sector_types, NUM_ROOM_SECTORS, TRUE);
   434:   write_to_output(d, ""\r\nEnter sector type : "");
   435:   OLC_MODE(d) = REDIT_SECTOR;
   436: }
   437: 
   438: /* The main menu. */"
"src\redit.c","541","redit_disp_menu","line","MUTATING_REVIEW","OLC/object/flag mutation","   539:       );
   540: 
   541:   OLC_MODE(d) = REDIT_MAIN_MENU;
   542: }
   543: 
   544: static int redit_cmd_room(const struct reset_com *cmd)"
"src\redit.c","575","redit_setup_reset_editor","line","MUTATING_REVIEW","OLC/object/flag mutation","   573: 
   574:   zone->age = 0;
   575:   OLC_ZONE(d) = zone;
   576: }
   577: 
   578: static int redit_collect_room_resets(struct descriptor_data *d, int **entries, int **chain_ends, int **roots)"
"src\redit.c","639","redit_find_room_insert_pos","line","MUTATING_REVIEW","OLC/object/flag mutation","   637: 
   638:   room_num = real_room(OLC_NUM(d));
   639:   for (i = 0; OLC_ZONE(d)->cmd[i].command != 'S'; i++) {
   640:     cmd_room = redit_cmd_room(&OLC_ZONE(d)->cmd[i]);
   641:     if (cmd_room != NOWHERE && cmd_room > room_num)
   642:       return i;"
"src\redit.c","760","redit_disp_resets_menu","line","MUTATING_REVIEW","OLC/object/flag mutation","   758:     ""Q) Quit\r\n""
   759:     ""Enter choice: "");
   760:   OLC_MODE(d) = REDIT_RESETS_MENU;
   761: 
   762:   if (entries) free(entries);
   763:   if (chain_ends) free(chain_ends);"
"src\redit.c","794","redit_parse","case 'N'","MUTATING_REVIEW","OLC/object/flag mutation","    case 'N':
      /* If not saving, we must free the script_proto list. We do so by 
       * assigning it to the edited room and letting free_room in 
       * cleanup_olc handle it. */
      OLC_ROOM(d)->proto_script = OLC_SCRIPT(d);
      cleanup_olc(d, CLEANUP_ALL);
      break;"
"src\redit.c","798","redit_parse","line","MUTATING_REVIEW","OLC/object/flag mutation","   796:        * assigning it to the edited room and letting free_room in 
   797:        * cleanup_olc handle it. */
   798:       OLC_ROOM(d)->proto_script = OLC_SCRIPT(d);
   799:       cleanup_olc(d, CLEANUP_ALL);
   800:       break;
   801:     default:"
"src\redit.c","810","redit_parse","case 'Q'","MUTATING_REVIEW","OLC/object/flag mutation","    case 'Q':
      if (OLC_VAL(d)) { /* Something has been modified. */
        write_to_output(d, ""Do you wish to save your changes? : "");
        OLC_MODE(d) = REDIT_CONFIRM_SAVESTRING;
      } else
        cleanup_olc(d, CLEANUP_ALL);
      return;"
"src\redit.c","813","redit_parse","line","MUTATING_REVIEW","OLC/object/flag mutation","   811:       if (OLC_VAL(d)) { /* Something has been modified. */
   812:         write_to_output(d, ""Do you wish to save your changes? : "");
   813:         OLC_MODE(d) = REDIT_CONFIRM_SAVESTRING;
   814:       } else
   815:         cleanup_olc(d, CLEANUP_ALL);
   816:       return;"
"src\redit.c","817","redit_parse","case '1'","MUTATING_REVIEW","OLC/object/flag mutation","    case '1':
      write_to_output(d, ""Enter room name:-\r\n] "");
      OLC_MODE(d) = REDIT_NAME;
      break;"
"src\redit.c","819","redit_parse","line","MUTATING_REVIEW","OLC/object/flag mutation","   817:     case '1':
   818:       write_to_output(d, ""Enter room name:-\r\n] "");
   819:       OLC_MODE(d) = REDIT_NAME;
   820:       break;
   821:     case '2':
   822:       OLC_MODE(d) = REDIT_DESC;"
"src\redit.c","821","redit_parse","case '2'","MUTATING_REVIEW","OLC/object/flag mutation | multiline editor entry","    case '2':
      OLC_MODE(d) = REDIT_DESC;
      clear_screen(d);
      send_editor_help(d);
      write_to_output(d, ""Enter room description:\r\n\r\n"");

      if (OLC_ROOM(d)->description) {
	write_to_output(d, ""%s"", OLC_ROOM(d)->description);
	oldtext = strdup(OLC_ROOM(d)->description);
      }
      string_write(d, &OLC_ROOM(d)->description, MAX_ROOM_DESC, 0, oldtext);
      OLC_VAL(d) = 1;
      break;"
"src\redit.c","822","redit_parse","line","MUTATING_REVIEW","OLC/object/flag mutation","   820:       break;
   821:     case '2':
   822:       OLC_MODE(d) = REDIT_DESC;
   823:       clear_screen(d);
   824:       send_editor_help(d);
   825:       write_to_output(d, ""Enter room description:\r\n\r\n"");"
"src\redit.c","832","redit_parse","line","MUTATING_REVIEW","OLC/object/flag mutation","   830:       }
   831:       string_write(d, &OLC_ROOM(d)->description, MAX_ROOM_DESC, 0, oldtext);
   832:       OLC_VAL(d) = 1;
   833:       break;
   834:     case '3':
   835:       redit_disp_flag_menu(d);"
"src\redit.c","840","redit_parse","case '5'","MUTATING_REVIEW","OLC/object/flag mutation","    case '5':
      OLC_VAL(d) = NORTH;
      redit_disp_exit_menu(d);
      break;"
"src\redit.c","841","redit_parse","line","MUTATING_REVIEW","OLC/object/flag mutation","   839:       break;
   840:     case '5':
   841:       OLC_VAL(d) = NORTH;
   842:       redit_disp_exit_menu(d);
   843:       break;
   844:     case '6':"
"src\redit.c","844","redit_parse","case '6'","MUTATING_REVIEW","OLC/object/flag mutation","    case '6':
      OLC_VAL(d) = EAST;
      redit_disp_exit_menu(d);
      break;"
"src\redit.c","845","redit_parse","line","MUTATING_REVIEW","OLC/object/flag mutation","   843:       break;
   844:     case '6':
   845:       OLC_VAL(d) = EAST;
   846:       redit_disp_exit_menu(d);
   847:       break;
   848:     case '7':"
"src\redit.c","848","redit_parse","case '7'","MUTATING_REVIEW","OLC/object/flag mutation","    case '7':
      OLC_VAL(d) = SOUTH;
      redit_disp_exit_menu(d);
      break;"
"src\redit.c","849","redit_parse","line","MUTATING_REVIEW","OLC/object/flag mutation","   847:       break;
   848:     case '7':
   849:       OLC_VAL(d) = SOUTH;
   850:       redit_disp_exit_menu(d);
   851:       break;
   852:     case '8':"
"src\redit.c","852","redit_parse","case '8'","MUTATING_REVIEW","OLC/object/flag mutation","    case '8':
      OLC_VAL(d) = WEST;
      redit_disp_exit_menu(d);
      break;"
"src\redit.c","853","redit_parse","line","MUTATING_REVIEW","OLC/object/flag mutation","   851:       break;
   852:     case '8':
   853:       OLC_VAL(d) = WEST;
   854:       redit_disp_exit_menu(d);
   855:       break;
   856:     case '9':"
"src\redit.c","856","redit_parse","case '9'","MUTATING_REVIEW","OLC/object/flag mutation","    case '9':
      OLC_VAL(d) = UP;
      redit_disp_exit_menu(d);
      break;"
"src\redit.c","857","redit_parse","line","MUTATING_REVIEW","OLC/object/flag mutation","   855:       break;
   856:     case '9':
   857:       OLC_VAL(d) = UP;
   858:       redit_disp_exit_menu(d);
   859:       break;
   860:     case 'a':"
"src\redit.c","861","redit_parse","case 'A'","MUTATING_REVIEW","OLC/object/flag mutation","    case 'A':
      OLC_VAL(d) = DOWN;
      redit_disp_exit_menu(d);
      break;"
"src\redit.c","862","redit_parse","line","MUTATING_REVIEW","OLC/object/flag mutation","   860:     case 'a':
   861:     case 'A':
   862:       OLC_VAL(d) = DOWN;
   863:       redit_disp_exit_menu(d);
   864:       break;
   865:     case 'b':"
"src\redit.c","866","redit_parse","case 'B'","MUTATING_REVIEW","OLC/object/flag mutation","    case 'B':
      if (!CONFIG_DIAGONAL_DIRS) {
        write_to_output(d, ""Invalid choice!"");
        redit_disp_menu(d);
      } else {
        OLC_VAL(d) = NORTHWEST;
        redit_disp_exit_menu(d);
      }
      break;"
"src\redit.c","871","redit_parse","line","MUTATING_REVIEW","OLC/object/flag mutation","   869:         redit_disp_menu(d);
   870:       } else {
   871:         OLC_VAL(d) = NORTHWEST;
   872:         redit_disp_exit_menu(d);
   873:       }
   874:       break;"
"src\redit.c","876","redit_parse","case 'C'","MUTATING_REVIEW","OLC/object/flag mutation","    case 'C':
      if (!CONFIG_DIAGONAL_DIRS) {
        write_to_output(d, ""Invalid choice!"");
        redit_disp_menu(d);
      } else {
        OLC_VAL(d) = NORTHEAST;
        redit_disp_exit_menu(d);
      }
      break;"
"src\redit.c","881","redit_parse","line","MUTATING_REVIEW","OLC/object/flag mutation","   879:         redit_disp_menu(d);
   880:       } else {
   881:         OLC_VAL(d) = NORTHEAST;
   882:         redit_disp_exit_menu(d);
   883:       }
   884:       break;"
"src\redit.c","886","redit_parse","case 'D'","MUTATING_REVIEW","OLC/object/flag mutation","    case 'D':
      if (!CONFIG_DIAGONAL_DIRS) {
        write_to_output(d, ""Invalid choice!"");
        redit_disp_menu(d);
      } else {
        OLC_VAL(d) = SOUTHEAST;
        redit_disp_exit_menu(d);
      }
      break;"
"src\redit.c","891","redit_parse","line","MUTATING_REVIEW","OLC/object/flag mutation","   889:         redit_disp_menu(d);
   890:       } else {
   891:         OLC_VAL(d) = SOUTHEAST;
   892:         redit_disp_exit_menu(d);
   893:       }
   894:       break;"
"src\redit.c","896","redit_parse","case 'E'","MUTATING_REVIEW","OLC/object/flag mutation","    case 'E':
      if (!CONFIG_DIAGONAL_DIRS) {
        write_to_output(d, ""Invalid choice!"");
        redit_disp_menu(d);
      } else {
        OLC_VAL(d) = SOUTHWEST;
        redit_disp_exit_menu(d);
      }
      break;"
"src\redit.c","901","redit_parse","line","MUTATING_REVIEW","OLC/object/flag mutation","   899:         redit_disp_menu(d);
   900:       } else {
   901:         OLC_VAL(d) = SOUTHWEST;
   902:         redit_disp_exit_menu(d);
   903:       }
   904:       break;"
"src\redit.c","906","redit_parse","case 'F'","MUTATING_REVIEW","OLC/object/flag mutation","    case 'F':
      /* If the extra description doesn't exist. */
      if (!OLC_ROOM(d)->ex_description)
	CREATE(OLC_ROOM(d)->ex_description, struct extra_descr_data, 1);
      OLC_DESC(d) = OLC_ROOM(d)->ex_description;
      redit_disp_extradesc_menu(d);
      break;"
"src\redit.c","910","redit_parse","line","MUTATING_REVIEW","OLC/object/flag mutation","   908:       if (!OLC_ROOM(d)->ex_description)
   909: 	CREATE(OLC_ROOM(d)->ex_description, struct extra_descr_data, 1);
   910:       OLC_DESC(d) = OLC_ROOM(d)->ex_description;
   911:       redit_disp_extradesc_menu(d);
   912:       break;
   913:     case 'y':"
"src\redit.c","914","redit_parse","case 'Y'","MUTATING_REVIEW","OLC/object/flag mutation","    case 'Y':
      builder_refs_display(d, BREF_ROOM, OLC_NUM(d), ""Room"");
      OLC_MODE(d) = REDIT_REFERENCES;
      return;"
"src\redit.c","916","redit_parse","line","MUTATING_REVIEW","OLC/object/flag mutation","   914:     case 'Y':
   915:       builder_refs_display(d, BREF_ROOM, OLC_NUM(d), ""Room"");
   916:       OLC_MODE(d) = REDIT_REFERENCES;
   917:       return;
   918:     case 'w':
   919:     case 'W':"
"src\redit.c","919","redit_parse","case 'W'","MUTATING_REVIEW","OLC/object/flag mutation","    case 'W':
      write_to_output(d, ""Copy what room? "");
      OLC_MODE(d) = REDIT_COPY;
      break;"
"src\redit.c","921","redit_parse","line","MUTATING_REVIEW","OLC/object/flag mutation","   919:     case 'W':
   920:       write_to_output(d, ""Copy what room? "");
   921:       OLC_MODE(d) = REDIT_COPY;
   922:       break;
   923:     case 'r':
   924:     case 'R':"
"src\redit.c","928","redit_parse","case 'X'","MUTATING_REVIEW","OLC/object/flag mutation","    case 'X':
      /* Delete the room, prompt first. */
      write_to_output(d, ""Are you sure you want to delete this room? "");
      OLC_MODE(d) = REDIT_DELETE;
      break;"
"src\redit.c","931","redit_parse","line","MUTATING_REVIEW","OLC/object/flag mutation","   929:       /* Delete the room, prompt first. */
   930:       write_to_output(d, ""Are you sure you want to delete this room? "");
   931:       OLC_MODE(d) = REDIT_DELETE;
   932:       break;
   933: 
   934:     case 's':"
"src\redit.c","935","redit_parse","case 'S'","MUTATING_REVIEW","OLC/object/flag mutation","    case 'S':
      OLC_SCRIPT_EDIT_MODE(d) = SCRIPT_MAIN_MENU;
      dg_script_menu(d);
      return;"
"src\redit.c","936","redit_parse","line","MUTATING_REVIEW","OLC/object/flag mutation","   934:     case 's':
   935:     case 'S':
   936:       OLC_SCRIPT_EDIT_MODE(d) = SCRIPT_MAIN_MENU;
   937:       dg_script_menu(d);
   938:       return;
   939:     default:"
"src\redit.c","962","redit_parse","line","MUTATING_REVIEW","OLC/object/flag mutation","   960:       free(OLC_ROOM(d)->name);
   961:     arg[MAX_ROOM_NAME - 1] = '\0';
   962:     OLC_ROOM(d)->name = str_udup(arg);
   963:     break;
   964: 
   965:   case REDIT_DESC:"
"src\redit.c","980","redit_parse","line","MUTATING_REVIEW","OLC/object/flag mutation","   978:     else {
   979:       /* Toggle the bit. */
   980:       TOGGLE_BIT_AR(OLC_ROOM(d)->room_flags, number - 1);
   981:       redit_disp_flag_menu(d);
   982:     }
   983:     return;"
"src\redit.c","992","redit_parse","line","MUTATING_REVIEW","OLC/object/flag mutation","   990:       return;
   991:     }
   992:     OLC_ROOM(d)->sector_type = number;
   993:     break;
   994: 
   995:   case REDIT_EXIT_MENU:"
"src\redit.c","999","redit_parse","case '1'","MUTATING_REVIEW","OLC/object/flag mutation","    case '1':
      OLC_MODE(d) = REDIT_EXIT_NUMBER;
      write_to_output(d, ""Exit to room number : "");
      return;"
"src\redit.c","1000","redit_parse","line","MUTATING_REVIEW","OLC/object/flag mutation","   998:       break;
   999:     case '1':
  1000:       OLC_MODE(d) = REDIT_EXIT_NUMBER;
  1001:       write_to_output(d, ""Exit to room number : "");
  1002:       return;
  1003:     case '2':"
"src\redit.c","1003","redit_parse","case '2'","MUTATING_REVIEW","OLC/object/flag mutation | multiline editor entry","    case '2':
      OLC_MODE(d) = REDIT_EXIT_DESCRIPTION;
      send_editor_help(d);
      write_to_output(d, ""Enter exit description:\r\n\r\n"");
      if (OLC_EXIT(d)->general_description) {
	write_to_output(d, ""%s"", OLC_EXIT(d)->general_description);
	oldtext = strdup(OLC_EXIT(d)->general_description);
      }
      string_write(d, &OLC_EXIT(d)->general_description, MAX_EXIT_DESC, 0, oldtext);
      return;"
"src\redit.c","1004","redit_parse","line","MUTATING_REVIEW","OLC/object/flag mutation","  1002:       return;
  1003:     case '2':
  1004:       OLC_MODE(d) = REDIT_EXIT_DESCRIPTION;
  1005:       send_editor_help(d);
  1006:       write_to_output(d, ""Enter exit description:\r\n\r\n"");
  1007:       if (OLC_EXIT(d)->general_description) {"
"src\redit.c","1013","redit_parse","case '3'","MUTATING_REVIEW","OLC/object/flag mutation","    case '3':
      OLC_MODE(d) = REDIT_EXIT_KEYWORD;
      write_to_output(d, ""Enter keywords : "");
      return;"
"src\redit.c","1014","redit_parse","line","MUTATING_REVIEW","OLC/object/flag mutation","  1012:       return;
  1013:     case '3':
  1014:       OLC_MODE(d) = REDIT_EXIT_KEYWORD;
  1015:       write_to_output(d, ""Enter keywords : "");
  1016:       return;
  1017:     case '4':"
"src\redit.c","1017","redit_parse","case '4'","MUTATING_REVIEW","OLC/object/flag mutation","    case '4':
      OLC_MODE(d) = REDIT_EXIT_KEY;
      write_to_output(d, ""Enter key number : "");
      return;"
"src\redit.c","1018","redit_parse","line","MUTATING_REVIEW","OLC/object/flag mutation","  1016:       return;
  1017:     case '4':
  1018:       OLC_MODE(d) = REDIT_EXIT_KEY;
  1019:       write_to_output(d, ""Enter key number : "");
  1020:       return;
  1021:     case '5':"
"src\redit.c","1021","redit_parse","case '5'","MUTATING_REVIEW","OLC/object/flag mutation","    case '5':
      OLC_MODE(d) = REDIT_EXIT_DOORFLAGS;
      redit_disp_exit_flag_menu(d);
      return;"
"src\redit.c","1022","redit_parse","line","MUTATING_REVIEW","OLC/object/flag mutation","  1020:       return;
  1021:     case '5':
  1022:       OLC_MODE(d) = REDIT_EXIT_DOORFLAGS;
  1023:       redit_disp_exit_flag_menu(d);
  1024:       return;
  1025:     case '6':"
"src\redit.c","1035","redit_parse","line","MUTATING_REVIEW","OLC/object/flag mutation","  1033:       if (OLC_EXIT(d))
  1034: 	free(OLC_EXIT(d));
  1035:       OLC_EXIT(d) = NULL;
  1036:       break;
  1037:     default:
  1038:       write_to_output(d, ""Try again : "");"
"src\redit.c","1049","redit_parse","line","MUTATING_REVIEW","OLC/object/flag mutation","  1047: 	return;
  1048:       }
  1049:     OLC_EXIT(d)->to_room = number;
  1050:     redit_disp_exit_menu(d);
  1051:     return;
  1052: "
"src\redit.c","1062","redit_parse","line","MUTATING_REVIEW","OLC/object/flag mutation","  1060:     if (OLC_EXIT(d)->keyword)
  1061:       free(OLC_EXIT(d)->keyword);
  1062:     OLC_EXIT(d)->keyword = str_udup(arg);
  1063:     redit_disp_exit_menu(d);
  1064:     return;
  1065: "
"src\redit.c","1066","redit_parse","case REDIT_EXIT_KEY","MUTATING_REVIEW","OLC/object/flag mutation","  case REDIT_EXIT_KEY:
    number = atoi(arg);
    if (number < 0)
      OLC_EXIT(d)->key = NOTHING;
    else
      OLC_EXIT(d)->key = number;
    redit_disp_exit_menu(d);
    return;"
"src\redit.c","1069","redit_parse","line","MUTATING_REVIEW","OLC/object/flag mutation","  1067:     number = atoi(arg);
  1068:     if (number < 0)
  1069:       OLC_EXIT(d)->key = NOTHING;
  1070:     else
  1071:       OLC_EXIT(d)->key = number;
  1072:     redit_disp_exit_menu(d);"
"src\redit.c","1071","redit_parse","line","MUTATING_REVIEW","OLC/object/flag mutation","  1069:       OLC_EXIT(d)->key = NOTHING;
  1070:     else
  1071:       OLC_EXIT(d)->key = number;
  1072:     redit_disp_exit_menu(d);
  1073:     return;
  1074: "
"src\redit.c","1075","redit_parse","case REDIT_EXIT_DOORFLAGS","MUTATING_REVIEW","OLC/object/flag mutation","  case REDIT_EXIT_DOORFLAGS:
    number = atoi(arg);
    if (number < 0 || number > 4) {
      write_to_output(d, ""That's not a valid choice!\r\n"");
      redit_disp_exit_flag_menu(d);
    } else {
      /* Doors are a bit idiotic, don't you think? :) -- I agree. -gg */
      OLC_EXIT(d)->exit_info = (number == 0 ? 0 :
				(number == 1 ? EX_ISDOOR :
                (number == 2 ? EX_ISDOOR | EX_PICKPROOF :
                (number == 3 ? EX_ISDOOR | EX_HIDDEN :
                (number == 4 ? EX_ISDOOR | EX_PICKPROOF | EX_HIDDEN : 0)))));
      /* Jump back to the menu system. */
      redit_disp_exit_menu(d);
    }
    return;"
"src\redit.c","1082","redit_parse","line","MUTATING_REVIEW","OLC/object/flag mutation","  1080:     } else {
  1081:       /* Doors are a bit idiotic, don't you think? :) -- I agree. -gg */
  1082:       OLC_EXIT(d)->exit_info = (number == 0 ? 0 :
  1083: 				(number == 1 ? EX_ISDOOR :
  1084:                 (number == 2 ? EX_ISDOOR | EX_PICKPROOF :
  1085:                 (number == 3 ? EX_ISDOOR | EX_HIDDEN :"
"src\redit.c","1096","redit_parse","line","MUTATING_REVIEW","OLC/object/flag mutation","  1094:       if (OLC_DESC(d)->keyword)
  1095:         free(OLC_DESC(d)->keyword);
  1096:       OLC_DESC(d)->keyword = str_udup(arg);
  1097:     }
  1098:     redit_disp_extradesc_menu(d);
  1099:     return;"
"src\redit.c","1106","redit_parse","line","MUTATING_REVIEW","OLC/object/flag mutation","  1104:       /* If something got left out, delete the extra description when backing 
  1105:          out to the menu. */
  1106:       if (OLC_DESC(d)->keyword == NULL || OLC_DESC(d)->description == NULL) {
  1107: 	struct extra_descr_data *temp;
  1108: 	if (OLC_DESC(d)->keyword)
  1109: 	  free(OLC_DESC(d)->keyword);"
"src\redit.c","1118","redit_parse","case 1","MUTATING_REVIEW","OLC/object/flag mutation","    case 1:
      OLC_MODE(d) = REDIT_EXTRADESC_KEY;
      write_to_output(d, ""Enter keywords, separated by spaces : "");
      return;"
"src\redit.c","1119","redit_parse","line","MUTATING_REVIEW","OLC/object/flag mutation","  1117:       break;
  1118:     case 1:
  1119:       OLC_MODE(d) = REDIT_EXTRADESC_KEY;
  1120:       write_to_output(d, ""Enter keywords, separated by spaces : "");
  1121:       return;
  1122:     case 2:"
"src\redit.c","1122","redit_parse","case 2","MUTATING_REVIEW","OLC/object/flag mutation | multiline editor entry","    case 2:
      OLC_MODE(d) = REDIT_EXTRADESC_DESCRIPTION;
      send_editor_help(d);
      write_to_output(d, ""Enter extra description:\r\n\r\n"");
      if (OLC_DESC(d)->description) {
	write_to_output(d, ""%s"", OLC_DESC(d)->description);
	oldtext = strdup(OLC_DESC(d)->description);
      }
      string_write(d, &OLC_DESC(d)->description, MAX_MESSAGE_LENGTH, 0, oldtext);
      return;"
"src\redit.c","1123","redit_parse","line","MUTATING_REVIEW","OLC/object/flag mutation","  1121:       return;
  1122:     case 2:
  1123:       OLC_MODE(d) = REDIT_EXTRADESC_DESCRIPTION;
  1124:       send_editor_help(d);
  1125:       write_to_output(d, ""Enter extra description:\r\n\r\n"");
  1126:       if (OLC_DESC(d)->description) {"
"src\redit.c","1132","redit_parse","case 3","MUTATING_REVIEW","OLC/object/flag mutation","    case 3:
      if (OLC_DESC(d)->keyword == NULL || OLC_DESC(d)->description == NULL) {
	write_to_output(d, ""You can't edit the next extra description without completing this one.\r\n"");
	redit_disp_extradesc_menu(d);
      } else {
	struct extra_descr_data *new_extra;

	if (OLC_DESC(d)->next)
	  OLC_DESC(d) = OLC_DESC(d)->next;
	else {
	  /* Make new extra description and attach at end. */
	  CREATE(new_extra, struct extra_descr_data, 1);
	  OLC_DESC(d)->next = new_extra;
	  OLC_DESC(d) = new_extra;
	}
	redit_disp_extradesc_menu(d);
      }
      return;"
"src\redit.c","1133","redit_parse","line","MUTATING_REVIEW","OLC/object/flag mutation","  1131:       return;
  1132:     case 3:
  1133:       if (OLC_DESC(d)->keyword == NULL || OLC_DESC(d)->description == NULL) {
  1134: 	write_to_output(d, ""You can't edit the next extra description without completing this one.\r\n"");
  1135: 	redit_disp_extradesc_menu(d);
  1136:       } else {"
"src\redit.c","1140","redit_parse","line","MUTATING_REVIEW","OLC/object/flag mutation","  1138: 
  1139: 	if (OLC_DESC(d)->next)
  1140: 	  OLC_DESC(d) = OLC_DESC(d)->next;
  1141: 	else {
  1142: 	  /* Make new extra description and attach at end. */
  1143: 	  CREATE(new_extra, struct extra_descr_data, 1);"
"src\redit.c","1144","redit_parse","line","MUTATING_REVIEW","OLC/object/flag mutation","  1142: 	  /* Make new extra description and attach at end. */
  1143: 	  CREATE(new_extra, struct extra_descr_data, 1);
  1144: 	  OLC_DESC(d)->next = new_extra;
  1145: 	  OLC_DESC(d) = new_extra;
  1146: 	}
  1147: 	redit_disp_extradesc_menu(d);"
"src\redit.c","1145","redit_parse","line","MUTATING_REVIEW","OLC/object/flag mutation","  1143: 	  CREATE(new_extra, struct extra_descr_data, 1);
  1144: 	  OLC_DESC(d)->next = new_extra;
  1145: 	  OLC_DESC(d) = new_extra;
  1146: 	}
  1147: 	redit_disp_extradesc_menu(d);
  1148:       }"
"src\redit.c","1171","redit_parse","line","MUTATING_REVIEW","OLC/object/flag mutation","  1169:     } else if (*arg == 'n' || *arg == 'N') {
  1170:       redit_disp_menu(d);
  1171:       OLC_MODE(d) = REDIT_MAIN_MENU;
  1172:       return;
  1173:     } else
  1174:       write_to_output(d, ""Please answer 'Y' or 'N': "");"
"src\redit.c","1181","redit_parse","case 'A'","MUTATING_REVIEW","OLC/object/flag mutation","      case 'A':
        write_to_output(d, ""Enter mob vnum and max existing (1-%d, 0 to cancel): "", MAX_DUPLICATES);
        OLC_MODE(d) = REDIT_RESETS_ADD_MOB;
        return;"
"src\redit.c","1183","redit_parse","line","MUTATING_REVIEW","OLC/object/flag mutation","  1181:       case 'A':
  1182:         write_to_output(d, ""Enter mob vnum and max existing (1-%d, 0 to cancel): "", MAX_DUPLICATES);
  1183:         OLC_MODE(d) = REDIT_RESETS_ADD_MOB;
  1184:         return;
  1185:       case 'b':
  1186:       case 'B':"
"src\redit.c","1186","redit_parse","case 'B'","MUTATING_REVIEW","OLC/object/flag mutation","      case 'B':
        write_to_output(d, ""Enter object vnum and max existing (1-%d, 0 to cancel): "", MAX_DUPLICATES);
        OLC_MODE(d) = REDIT_RESETS_ADD_OBJ;
        return;"
"src\redit.c","1188","redit_parse","line","MUTATING_REVIEW","OLC/object/flag mutation","  1186:       case 'B':
  1187:         write_to_output(d, ""Enter object vnum and max existing (1-%d, 0 to cancel): "", MAX_DUPLICATES);
  1188:         OLC_MODE(d) = REDIT_RESETS_ADD_OBJ;
  1189:         return;
  1190:       case 'd':
  1191:       case 'D':"
"src\redit.c","1191","redit_parse","case 'D'","MUTATING_REVIEW","OLC/object/flag mutation","      case 'D':
        write_to_output(d, ""Delete which room reset number (0 to cancel)? "");
        OLC_MODE(d) = REDIT_RESETS_DELETE;
        return;"
"src\redit.c","1193","redit_parse","line","MUTATING_REVIEW","OLC/object/flag mutation","  1191:       case 'D':
  1192:         write_to_output(d, ""Delete which room reset number (0 to cancel)? "");
  1193:         OLC_MODE(d) = REDIT_RESETS_DELETE;
  1194:         return;
  1195:       case 'q':
  1196:       case 'Q':"
"src\redit.c","1252","redit_parse","line","MUTATING_REVIEW","OLC/object/flag mutation","  1250:     newcmd.arg3 = room_num;
  1251:     add_cmd_to_list(&OLC_ZONE(d)->cmd, &newcmd, redit_find_room_insert_pos(d));
  1252:     OLC_ZONE(d)->age = 1;
  1253:     OLC_VAL(d) = 1;
  1254:     redit_disp_resets_menu(d);
  1255:     return;"
"src\redit.c","1253","redit_parse","line","MUTATING_REVIEW","OLC/object/flag mutation","  1251:     add_cmd_to_list(&OLC_ZONE(d)->cmd, &newcmd, redit_find_room_insert_pos(d));
  1252:     OLC_ZONE(d)->age = 1;
  1253:     OLC_VAL(d) = 1;
  1254:     redit_disp_resets_menu(d);
  1255:     return;
  1256:   }"
"src\redit.c","1304","redit_parse","line","MUTATING_REVIEW","OLC/object/flag mutation","  1302:     newcmd.arg3 = room_num;
  1303:     add_cmd_to_list(&OLC_ZONE(d)->cmd, &newcmd, redit_find_room_insert_pos(d));
  1304:     OLC_ZONE(d)->age = 1;
  1305:     OLC_VAL(d) = 1;
  1306:     redit_disp_resets_menu(d);
  1307:     return;"
"src\redit.c","1305","redit_parse","line","MUTATING_REVIEW","OLC/object/flag mutation","  1303:     add_cmd_to_list(&OLC_ZONE(d)->cmd, &newcmd, redit_find_room_insert_pos(d));
  1304:     OLC_ZONE(d)->age = 1;
  1305:     OLC_VAL(d) = 1;
  1306:     redit_disp_resets_menu(d);
  1307:     return;
  1308:   }"
"src\redit.c","1350","redit_parse","line","MUTATING_REVIEW","OLC/object/flag mutation","  1348:       delete_zone_command(OLC_ZONE(d), zone_index);
  1349: 
  1350:     OLC_ZONE(d)->age = 1;
  1351:     OLC_VAL(d) = 1;
  1352:     redit_disp_resets_menu(d);
  1353:     free(entries);"
"src\redit.c","1351","redit_parse","line","MUTATING_REVIEW","OLC/object/flag mutation","  1349: 
  1350:     OLC_ZONE(d)->age = 1;
  1351:     OLC_VAL(d) = 1;
  1352:     redit_disp_resets_menu(d);
  1353:     free(entries);
  1354:     free(chain_ends);"
"src\redit.c","1365","redit_parse","line","MUTATING_REVIEW","OLC/object/flag mutation","  1363:   }
  1364:   /* If we get this far, something has been changed. */
  1365:   OLC_VAL(d) = 1;
  1366:   redit_disp_menu(d);
  1367: }
  1368: "
"src\sedit.c","38","sedit_save_internally","line","MUTATING_REVIEW","OLC/object/flag mutation","    36: void sedit_save_internally(struct descriptor_data *d)
    37: {
    38:   OLC_SHOP(d)->vnum = OLC_NUM(d);
    39:   add_shop(OLC_SHOP(d));
    40: }
    41: "
"src\sedit.c","79","sedit_save_to_disk","line","MUTATING_REVIEW","OLC/object/flag mutation","    77:       zone_rnum zlok;
    78: 
    79:       if ((zlok = real_zone(GET_OLC_ZONE(ch))) == NOWHERE)
    80:         number = NOWHERE;
    81:       else
    82:         number = genolc_zone_bottom(zlok);"
"src\sedit.c","103","sedit_save_to_disk","line","MUTATING_REVIEW","OLC/object/flag mutation","   101:   for (d = descriptor_list; d; d = d->next) {
   102:     if (STATE(d) == CON_SEDIT) {
   103:       if (d->olc && OLC_NUM(d) == number) {
   104:         send_to_char(ch, ""That shop is currently being edited by %s.\r\n"",
   105:           PERS(d->character, ch));
   106:         return;"
"src\sedit.c","124","sedit_save_to_disk","line","MUTATING_REVIEW","OLC/object/flag mutation","   122: 
   123:   /* Find the zone. */
   124:   OLC_ZNUM(d) = save ? real_zone(number) : real_zone_by_thing(number);
   125:   if (OLC_ZNUM(d) == NOWHERE) {
   126:     send_to_char(ch, ""Sorry, there is no zone for that number!\r\n"");
   127:     free(d->olc);"
"src\sedit.c","125","sedit_save_to_disk","line","MUTATING_REVIEW","OLC/object/flag mutation","   123:   /* Find the zone. */
   124:   OLC_ZNUM(d) = save ? real_zone(number) : real_zone_by_thing(number);
   125:   if (OLC_ZNUM(d) == NOWHERE) {
   126:     send_to_char(ch, ""Sorry, there is no zone for that number!\r\n"");
   127:     free(d->olc);
   128:     d->olc = NULL;"
"src\sedit.c","157","sedit_save_to_disk","line","MUTATING_REVIEW","OLC/object/flag mutation","   155:   }
   156: 
   157:   OLC_NUM(d) = number;
   158: 
   159:   if ((real_num = real_shop(number)) != NOTHING)
   160:     sedit_setup_existing(d, real_num);"
"src\sedit.c","168","sedit_save_to_disk","line","MUTATING_REVIEW","OLC/object/flag mutation","   166: 
   167:   act(""$n starts using OLC."", TRUE, d->character, 0, 0, TO_ROOM);
   168:   SET_BIT_AR(PLR_FLAGS(ch), PLR_WRITING);
   169: 
   170:   mudlog(CMP, MAX(LVL_IMMORT, GET_INVIS_LEV(ch)), TRUE, ""OLC: %s starts editing zone %d allowed zone %d"",
   171:     GET_NAME(ch), zone_table[OLC_ZNUM(d)].number, GET_OLC_ZONE(ch));"
"src\sedit.c","207","sedit_setup_new","line","MUTATING_REVIEW","OLC/object/flag mutation","   205: 
   206:    /* Presto! A shop. */
   207:   OLC_SHOP(d) = shop;
   208: }
   209: 
   210: void sedit_setup_existing(struct descriptor_data *d, int rshop_num)"
"src\sedit.c","241","sedit_products_menu","line","MUTATING_REVIEW","OLC/object/flag mutation","   239: 	  ""Enter choice : "", grn, nrm, grn, nrm, grn, nrm);
   240: 
   241:   OLC_MODE(d) = SEDIT_PRODUCTS_MENU;
   242: }
   243: 
   244: static void sedit_compact_rooms_menu(struct descriptor_data *d)"
"src\sedit.c","267","sedit_compact_rooms_menu","line","MUTATING_REVIEW","OLC/object/flag mutation","   265: 	  ""Enter choice : "", grn, nrm, grn, nrm, grn, nrm, grn, nrm);
   266: 
   267:   OLC_MODE(d) = SEDIT_ROOMS_MENU;
   268: }
   269: 
   270: static void sedit_rooms_menu(struct descriptor_data *d)"
"src\sedit.c","298","sedit_rooms_menu","line","MUTATING_REVIEW","OLC/object/flag mutation","   296: 	  ""Enter choice : "", grn, nrm, grn, nrm, grn, nrm, grn, nrm);
   297: 
   298:   OLC_MODE(d) = SEDIT_ROOMS_MENU;
   299: }
   300: 
   301: static void sedit_namelist_menu(struct descriptor_data *d)"
"src\sedit.c","322","sedit_namelist_menu","line","MUTATING_REVIEW","OLC/object/flag mutation","   320: 	  ""Enter choice : "", grn, nrm, grn, nrm, grn, nrm);
   321: 
   322:   OLC_MODE(d) = SEDIT_NAMELIST_MENU;
   323: }
   324: 
   325: static void sedit_shop_flags_menu(struct descriptor_data *d)"
"src\sedit.c","339","sedit_shop_flags_menu","line","MUTATING_REVIEW","OLC/object/flag mutation","   337:   write_to_output(d, ""\r\nCurrent Shop Flags : %s%s%s\r\nEnter choice : "",
   338: 		cyn, bits, nrm);
   339:   OLC_MODE(d) = SEDIT_SHOP_FLAGS;
   340: }
   341: 
   342: static void sedit_no_trade_menu(struct descriptor_data *d)"
"src\sedit.c","356","sedit_no_trade_menu","line","MUTATING_REVIEW","OLC/object/flag mutation","   354:   write_to_output(d, ""\r\nCurrently won't trade with: %s%s%s\r\n""
   355: 	  ""Enter choice : "", cyn, bits, nrm);
   356:   OLC_MODE(d) = SEDIT_NOTRADE;
   357: }
   358: 
   359: static void sedit_types_menu(struct descriptor_data *d)"
"src\sedit.c","371","sedit_types_menu","line","MUTATING_REVIEW","OLC/object/flag mutation","   369:   }
   370:   write_to_output(d, ""%sEnter choice : "", nrm);
   371:   OLC_MODE(d) = SEDIT_TYPE_MENU;
   372: }
   373: 
   374: /* Display main menu. */"
"src\sedit.c","430","sedit_disp_menu","line","MUTATING_REVIEW","OLC/object/flag mutation","   428:   );
   429: 
   430:   OLC_MODE(d) = SEDIT_MAIN_MENU;
   431: }
   432: 
   433: /* The GARGANTUAN event handler */"
"src\sedit.c","474","sedit_parse","case 'W'","MUTATING_REVIEW","OLC/object/flag mutation","    case 'W':
      write_to_output(d, ""Copy what shop? "");
      OLC_MODE(d) = SEDIT_COPY;
      return;"
"src\sedit.c","476","sedit_parse","line","MUTATING_REVIEW","OLC/object/flag mutation","   474:     case 'W':
   475:       write_to_output(d, ""Copy what shop? "");
   476:       OLC_MODE(d) = SEDIT_COPY;
   477:       return;
   478:     case 'q':
   479:     case 'Q':"
"src\sedit.c","479","sedit_parse","case 'Q'","MUTATING_REVIEW","OLC/object/flag mutation","    case 'Q':
      if (OLC_VAL(d)) {		/* Anything been changed? */
	write_to_output(d, ""Do you wish to save your changes? : "");
	OLC_MODE(d) = SEDIT_CONFIRM_SAVESTRING;
      } else
	cleanup_olc(d, CLEANUP_ALL);
      return;"
"src\sedit.c","482","sedit_parse","line","MUTATING_REVIEW","OLC/object/flag mutation","   480:       if (OLC_VAL(d)) {		/* Anything been changed? */
   481: 	write_to_output(d, ""Do you wish to save your changes? : "");
   482: 	OLC_MODE(d) = SEDIT_CONFIRM_SAVESTRING;
   483:       } else
   484: 	cleanup_olc(d, CLEANUP_ALL);
   485:       return;"
"src\sedit.c","486","sedit_parse","case '0'","MUTATING_REVIEW","OLC/object/flag mutation","    case '0':
      OLC_MODE(d) = SEDIT_KEEPER;
      write_to_output(d, ""Enter vnum number of shop keeper : "");
      return;"
"src\sedit.c","487","sedit_parse","line","MUTATING_REVIEW","OLC/object/flag mutation","   485:       return;
   486:     case '0':
   487:       OLC_MODE(d) = SEDIT_KEEPER;
   488:       write_to_output(d, ""Enter vnum number of shop keeper : "");
   489:       return;
   490:     case '1':"
"src\sedit.c","490","sedit_parse","case '1'","MUTATING_REVIEW","OLC/object/flag mutation","    case '1':
      OLC_MODE(d) = SEDIT_OPEN1;
      i++;
      break;"
"src\sedit.c","491","sedit_parse","line","MUTATING_REVIEW","OLC/object/flag mutation","   489:       return;
   490:     case '1':
   491:       OLC_MODE(d) = SEDIT_OPEN1;
   492:       i++;
   493:       break;
   494:     case '2':"
"src\sedit.c","494","sedit_parse","case '2'","MUTATING_REVIEW","OLC/object/flag mutation","    case '2':
      OLC_MODE(d) = SEDIT_CLOSE1;
      i++;
      break;"
"src\sedit.c","495","sedit_parse","line","MUTATING_REVIEW","OLC/object/flag mutation","   493:       break;
   494:     case '2':
   495:       OLC_MODE(d) = SEDIT_CLOSE1;
   496:       i++;
   497:       break;
   498:     case '3':"
"src\sedit.c","498","sedit_parse","case '3'","MUTATING_REVIEW","OLC/object/flag mutation","    case '3':
      OLC_MODE(d) = SEDIT_OPEN2;
      i++;
      break;"
"src\sedit.c","499","sedit_parse","line","MUTATING_REVIEW","OLC/object/flag mutation","   497:       break;
   498:     case '3':
   499:       OLC_MODE(d) = SEDIT_OPEN2;
   500:       i++;
   501:       break;
   502:     case '4':"
"src\sedit.c","502","sedit_parse","case '4'","MUTATING_REVIEW","OLC/object/flag mutation","    case '4':
      OLC_MODE(d) = SEDIT_CLOSE2;
      i++;
      break;"
"src\sedit.c","503","sedit_parse","line","MUTATING_REVIEW","OLC/object/flag mutation","   501:       break;
   502:     case '4':
   503:       OLC_MODE(d) = SEDIT_CLOSE2;
   504:       i++;
   505:       break;
   506:     case '5':"
"src\sedit.c","506","sedit_parse","case '5'","MUTATING_REVIEW","OLC/object/flag mutation","    case '5':
      OLC_MODE(d) = SEDIT_BUY_PROFIT;
      i++;
      break;"
"src\sedit.c","507","sedit_parse","line","MUTATING_REVIEW","OLC/object/flag mutation","   505:       break;
   506:     case '5':
   507:       OLC_MODE(d) = SEDIT_BUY_PROFIT;
   508:       i++;
   509:       break;
   510:     case '6':"
"src\sedit.c","510","sedit_parse","case '6'","MUTATING_REVIEW","OLC/object/flag mutation","    case '6':
      OLC_MODE(d) = SEDIT_SELL_PROFIT;
      i++;
      break;"
"src\sedit.c","511","sedit_parse","line","MUTATING_REVIEW","OLC/object/flag mutation","   509:       break;
   510:     case '6':
   511:       OLC_MODE(d) = SEDIT_SELL_PROFIT;
   512:       i++;
   513:       break;
   514:     case '7':"
"src\sedit.c","514","sedit_parse","case '7'","MUTATING_REVIEW","OLC/object/flag mutation","    case '7':
      OLC_MODE(d) = SEDIT_NOITEM1;
      i--;
      break;"
"src\sedit.c","515","sedit_parse","line","MUTATING_REVIEW","OLC/object/flag mutation","   513:       break;
   514:     case '7':
   515:       OLC_MODE(d) = SEDIT_NOITEM1;
   516:       i--;
   517:       break;
   518:     case '8':"
"src\sedit.c","518","sedit_parse","case '8'","MUTATING_REVIEW","OLC/object/flag mutation","    case '8':
      OLC_MODE(d) = SEDIT_NOITEM2;
      i--;
      break;"
"src\sedit.c","519","sedit_parse","line","MUTATING_REVIEW","OLC/object/flag mutation","   517:       break;
   518:     case '8':
   519:       OLC_MODE(d) = SEDIT_NOITEM2;
   520:       i--;
   521:       break;
   522:     case '9':"
"src\sedit.c","522","sedit_parse","case '9'","MUTATING_REVIEW","OLC/object/flag mutation","    case '9':
      OLC_MODE(d) = SEDIT_NOCASH1;
      i--;
      break;"
"src\sedit.c","523","sedit_parse","line","MUTATING_REVIEW","OLC/object/flag mutation","   521:       break;
   522:     case '9':
   523:       OLC_MODE(d) = SEDIT_NOCASH1;
   524:       i--;
   525:       break;
   526:     case 'a':"
"src\sedit.c","527","sedit_parse","case 'A'","MUTATING_REVIEW","OLC/object/flag mutation","    case 'A':
      OLC_MODE(d) = SEDIT_NOCASH2;
      i--;
      break;"
"src\sedit.c","528","sedit_parse","line","MUTATING_REVIEW","OLC/object/flag mutation","   526:     case 'a':
   527:     case 'A':
   528:       OLC_MODE(d) = SEDIT_NOCASH2;
   529:       i--;
   530:       break;
   531:     case 'b':"
"src\sedit.c","532","sedit_parse","case 'B'","MUTATING_REVIEW","OLC/object/flag mutation","    case 'B':
      OLC_MODE(d) = SEDIT_NOBUY;
      i--;
      break;"
"src\sedit.c","533","sedit_parse","line","MUTATING_REVIEW","OLC/object/flag mutation","   531:     case 'b':
   532:     case 'B':
   533:       OLC_MODE(d) = SEDIT_NOBUY;
   534:       i--;
   535:       break;
   536:     case 'c':"
"src\sedit.c","537","sedit_parse","case 'C'","MUTATING_REVIEW","OLC/object/flag mutation","    case 'C':
      OLC_MODE(d) = SEDIT_BUY;
      i--;
      break;"
"src\sedit.c","538","sedit_parse","line","MUTATING_REVIEW","OLC/object/flag mutation","   536:     case 'c':
   537:     case 'C':
   538:       OLC_MODE(d) = SEDIT_BUY;
   539:       i--;
   540:       break;
   541:     case 'd':"
"src\sedit.c","542","sedit_parse","case 'D'","MUTATING_REVIEW","OLC/object/flag mutation","    case 'D':
      OLC_MODE(d) = SEDIT_SELL;
      i--;
      break;"
"src\sedit.c","543","sedit_parse","line","MUTATING_REVIEW","OLC/object/flag mutation","   541:     case 'd':
   542:     case 'D':
   543:       OLC_MODE(d) = SEDIT_SELL;
   544:       i--;
   545:       break;
   546:     case 'e':"
"src\sedit.c","588","sedit_parse","case 'D'","MUTATING_REVIEW","OLC/object/flag mutation","    case 'D':
      write_to_output(d, ""\r\nDelete which entry? : "");
      OLC_MODE(d) = SEDIT_DELETE_TYPE;
      return;"
"src\sedit.c","590","sedit_parse","line","MUTATING_REVIEW","OLC/object/flag mutation","   588:     case 'D':
   589:       write_to_output(d, ""\r\nDelete which entry? : "");
   590:       OLC_MODE(d) = SEDIT_DELETE_TYPE;
   591:       return;
   592:     case 'q':
   593:     case 'Q':"
"src\sedit.c","601","sedit_parse","case 'A'","MUTATING_REVIEW","OLC/object/flag mutation","    case 'A':
      write_to_output(d, ""\r\nEnter new product vnum number : "");
      OLC_MODE(d) = SEDIT_NEW_PRODUCT;
      return;"
"src\sedit.c","603","sedit_parse","line","MUTATING_REVIEW","OLC/object/flag mutation","   601:     case 'A':
   602:       write_to_output(d, ""\r\nEnter new product vnum number : "");
   603:       OLC_MODE(d) = SEDIT_NEW_PRODUCT;
   604:       return;
   605:     case 'd':
   606:     case 'D':"
"src\sedit.c","606","sedit_parse","case 'D'","MUTATING_REVIEW","OLC/object/flag mutation","    case 'D':
      write_to_output(d, ""\r\nDelete which product? : "");
      OLC_MODE(d) = SEDIT_DELETE_PRODUCT;
      return;"
"src\sedit.c","608","sedit_parse","line","MUTATING_REVIEW","OLC/object/flag mutation","   606:     case 'D':
   607:       write_to_output(d, ""\r\nDelete which product? : "");
   608:       OLC_MODE(d) = SEDIT_DELETE_PRODUCT;
   609:       return;
   610:     case 'q':
   611:     case 'Q':"
"src\sedit.c","619","sedit_parse","case 'A'","MUTATING_REVIEW","OLC/object/flag mutation","    case 'A':
      write_to_output(d, ""\r\nEnter new room vnum number : "");
      OLC_MODE(d) = SEDIT_NEW_ROOM;
      return;"
"src\sedit.c","621","sedit_parse","line","MUTATING_REVIEW","OLC/object/flag mutation","   619:     case 'A':
   620:       write_to_output(d, ""\r\nEnter new room vnum number : "");
   621:       OLC_MODE(d) = SEDIT_NEW_ROOM;
   622:       return;
   623:     case 'c':
   624:     case 'C':"
"src\sedit.c","632","sedit_parse","case 'D'","MUTATING_REVIEW","OLC/object/flag mutation","    case 'D':
      write_to_output(d, ""\r\nDelete which room? : "");
      OLC_MODE(d) = SEDIT_DELETE_ROOM;
      return;"
"src\sedit.c","634","sedit_parse","line","MUTATING_REVIEW","OLC/object/flag mutation","   632:     case 'D':
   633:       write_to_output(d, ""\r\nDelete which room? : "");
   634:       OLC_MODE(d) = SEDIT_DELETE_ROOM;
   635:       return;
   636:     case 'q':
   637:     case 'Q':"
"src\sedit.c","689","sedit_parse","line","MUTATING_REVIEW","OLC/object/flag mutation","   687: 	return;
   688:       }
   689:     S_KEEPER(OLC_SHOP(d)) = i;
   690:     if (i == -1)
   691:       break;
   692:     /* Fiddle with special procs. */"
"src\sedit.c","693","sedit_parse","line","MUTATING_REVIEW","OLC/object/flag mutation","   691:       break;
   692:     /* Fiddle with special procs. */
   693:     S_FUNC(OLC_SHOP(d)) = mob_index[i].func != shop_keeper ? mob_index[i].func : NULL;
   694:     mob_index[i].func = shop_keeper;
   695:     break;
   696:   case SEDIT_OPEN1:"
"src\sedit.c","696","sedit_parse","case SEDIT_OPEN1","MUTATING_REVIEW","OLC/object/flag mutation","  case SEDIT_OPEN1:
    S_OPEN1(OLC_SHOP(d)) = LIMIT(atoi(arg), 0, 28);
    break;"
"src\sedit.c","697","sedit_parse","line","MUTATING_REVIEW","OLC/object/flag mutation","   695:     break;
   696:   case SEDIT_OPEN1:
   697:     S_OPEN1(OLC_SHOP(d)) = LIMIT(atoi(arg), 0, 28);
   698:     break;
   699:   case SEDIT_OPEN2:
   700:     S_OPEN2(OLC_SHOP(d)) = LIMIT(atoi(arg), 0, 28);"
"src\sedit.c","699","sedit_parse","case SEDIT_OPEN2","MUTATING_REVIEW","OLC/object/flag mutation","  case SEDIT_OPEN2:
    S_OPEN2(OLC_SHOP(d)) = LIMIT(atoi(arg), 0, 28);
    break;"
"src\sedit.c","700","sedit_parse","line","MUTATING_REVIEW","OLC/object/flag mutation","   698:     break;
   699:   case SEDIT_OPEN2:
   700:     S_OPEN2(OLC_SHOP(d)) = LIMIT(atoi(arg), 0, 28);
   701:     break;
   702:   case SEDIT_CLOSE1:
   703:     S_CLOSE1(OLC_SHOP(d)) = LIMIT(atoi(arg), 0, 28);"
"src\sedit.c","702","sedit_parse","case SEDIT_CLOSE1","MUTATING_REVIEW","OLC/object/flag mutation","  case SEDIT_CLOSE1:
    S_CLOSE1(OLC_SHOP(d)) = LIMIT(atoi(arg), 0, 28);
    break;"
"src\sedit.c","703","sedit_parse","line","MUTATING_REVIEW","OLC/object/flag mutation","   701:     break;
   702:   case SEDIT_CLOSE1:
   703:     S_CLOSE1(OLC_SHOP(d)) = LIMIT(atoi(arg), 0, 28);
   704:     break;
   705:   case SEDIT_CLOSE2:
   706:     S_CLOSE2(OLC_SHOP(d)) = LIMIT(atoi(arg), 0, 28);"
"src\sedit.c","705","sedit_parse","case SEDIT_CLOSE2","MUTATING_REVIEW","OLC/object/flag mutation","  case SEDIT_CLOSE2:
    S_CLOSE2(OLC_SHOP(d)) = LIMIT(atoi(arg), 0, 28);
    break;"
"src\sedit.c","706","sedit_parse","line","MUTATING_REVIEW","OLC/object/flag mutation","   704:     break;
   705:   case SEDIT_CLOSE2:
   706:     S_CLOSE2(OLC_SHOP(d)) = LIMIT(atoi(arg), 0, 28);
   707:     break;
   708:   case SEDIT_BUY_PROFIT:
   709:     sscanf(arg, ""%f"", &S_BUYPROFIT(OLC_SHOP(d)));"
"src\sedit.c","714","sedit_parse","case SEDIT_TYPE_MENU","MUTATING_REVIEW","OLC/object/flag mutation","  case SEDIT_TYPE_MENU:
    OLC_VAL(d) = LIMIT(atoi(arg), 0, NUM_ITEM_TYPES - 1);
    write_to_output(d, ""Enter namelist (return for none) :-\r\n] "");
    OLC_MODE(d) = SEDIT_NAMELIST;
    return;"
"src\sedit.c","715","sedit_parse","line","MUTATING_REVIEW","OLC/object/flag mutation","   713:     break;
   714:   case SEDIT_TYPE_MENU:
   715:     OLC_VAL(d) = LIMIT(atoi(arg), 0, NUM_ITEM_TYPES - 1);
   716:     write_to_output(d, ""Enter namelist (return for none) :-\r\n] "");
   717:     OLC_MODE(d) = SEDIT_NAMELIST;
   718:     return;"
"src\sedit.c","717","sedit_parse","line","MUTATING_REVIEW","OLC/object/flag mutation","   715:     OLC_VAL(d) = LIMIT(atoi(arg), 0, NUM_ITEM_TYPES - 1);
   716:     write_to_output(d, ""Enter namelist (return for none) :-\r\n] "");
   717:     OLC_MODE(d) = SEDIT_NAMELIST;
   718:     return;
   719:   case SEDIT_DELETE_TYPE:
   720:     remove_shop_from_type_list(&(S_NAMELISTS(OLC_SHOP(d))), atoi(arg));"
"src\sedit.c","751","sedit_parse","case SEDIT_SHOP_FLAGS","MUTATING_REVIEW","OLC/object/flag mutation","  case SEDIT_SHOP_FLAGS:
    if ((i = LIMIT(atoi(arg), 0, NUM_SHOP_FLAGS)) > 0) {
      TOGGLE_BIT(S_BITVECTOR(OLC_SHOP(d)), 1 << (i - 1));
      sedit_shop_flags_menu(d);
      return;"
"src\sedit.c","753","sedit_parse","line","MUTATING_REVIEW","OLC/object/flag mutation","   751:   case SEDIT_SHOP_FLAGS:
   752:     if ((i = LIMIT(atoi(arg), 0, NUM_SHOP_FLAGS)) > 0) {
   753:       TOGGLE_BIT(S_BITVECTOR(OLC_SHOP(d)), 1 << (i - 1));
   754:       sedit_shop_flags_menu(d);
   755:       return;
   756:     }"
"src\sedit.c","758","sedit_parse","case SEDIT_NOTRADE","MUTATING_REVIEW","OLC/object/flag mutation","  case SEDIT_NOTRADE:
    if ((i = LIMIT(atoi(arg), 0, NUM_TRADERS)) > 0) {
      TOGGLE_BIT(S_NOTRADE(OLC_SHOP(d)), 1 << (i - 1));
      sedit_no_trade_menu(d);
      return;"
"src\sedit.c","760","sedit_parse","line","MUTATING_REVIEW","OLC/object/flag mutation","   758:   case SEDIT_NOTRADE:
   759:     if ((i = LIMIT(atoi(arg), 0, NUM_TRADERS)) > 0) {
   760:       TOGGLE_BIT(S_NOTRADE(OLC_SHOP(d)), 1 << (i - 1));
   761:       sedit_no_trade_menu(d);
   762:       return;
   763:     }"
"src\sedit.c","782","sedit_parse","line","MUTATING_REVIEW","OLC/object/flag mutation","   780: /* If we get here, we have probably changed something, and now want to return 
   781:    to main menu.  Use OLC_VAL as a 'has changed' flag. */
   782:   OLC_VAL(d) = 1;
   783:   sedit_disp_menu(d);
   784: }"
"src\tedit.c","143","tedit_string_cleanup","line","MUTATING_REVIEW","OLC/object/flag mutation","   141:   }
   142: 
   143:   OLC_STORAGE(ch->desc) = strdup(fields[l].filename);
   144:   string_write(ch->desc, (char **)fields[l].buffer, fields[l].size, 0, backstr);
   145: 
   146:   act(""$n begins editing a scroll."", TRUE, ch, 0, 0, TO_ROOM);"
"src\tedit.c","147","tedit_string_cleanup","line","MUTATING_REVIEW","OLC/object/flag mutation","   145: 
   146:   act(""$n begins editing a scroll."", TRUE, ch, 0, 0, TO_ROOM);
   147:   SET_BIT_AR(PLR_FLAGS(ch), PLR_WRITING);
   148:   STATE(ch->desc) = CON_TEDIT;
   149: }"
"src\utils.h","360","","line","MUTATING_REVIEW","OLC/object/flag mutation","   358: #define IS_SET_AR(var, bit)       ((var)[Q_FIELD(bit)] & Q_BIT(bit))
   359: /** Set a specific bit in the bitarray represented by var to 1. */
   360: #define SET_BIT_AR(var, bit)      ((var)[Q_FIELD(bit)] |= Q_BIT(bit))
   361: /** Unset a specific bit in the bitarray represented by var to 0. */
   362: #define REMOVE_BIT_AR(var, bit)   ((var)[Q_FIELD(bit)] &= ~Q_BIT(bit))
   363: /** If bit is on in bitarray var, turn it off; if it is off, turn it on. */"
"src\utils.h","364","","line","MUTATING_REVIEW","OLC/object/flag mutation","   362: #define REMOVE_BIT_AR(var, bit)   ((var)[Q_FIELD(bit)] &= ~Q_BIT(bit))
   363: /** If bit is on in bitarray var, turn it off; if it is off, turn it on. */
   364: #define TOGGLE_BIT_AR(var, bit)   ((var)[Q_FIELD(bit)] = (var)[Q_FIELD(bit)] ^ Q_BIT(bit))
   365: 
   366: /* Older, stock tbaMUD bit settings. */
   367: /** 1 if bit is set in flag, 0 if it is not set. */"
"src\utils.h","370","","line","MUTATING_REVIEW","OLC/object/flag mutation","   368: #define IS_SET(flag,bit)  ((flag) & (bit))
   369: /** Set a specific bit in var to 1. */
   370: #define SET_BIT(var,bit)  ((var) |= (bit))
   371: /** Set a specific bit bit in var to 0. */
   372: #define REMOVE_BIT(var,bit)  ((var) &= ~(bit))
   373: /** If bit in var is off, turn it on; if it is on, turn it off. */"
"src\utils.h","374","","line","MUTATING_REVIEW","OLC/object/flag mutation","   372: #define REMOVE_BIT(var,bit)  ((var) &= ~(bit))
   373: /** If bit in var is off, turn it on; if it is on, turn it off. */
   374: #define TOGGLE_BIT(var,bit) ((var) ^= (bit))
   375: 
   376: /* Accessing player specific data structures on a mobile is a very bad thing
   377:  * to do.  Consider that changing these variables for a single mob will change"
"src\utils.h","454","","line","MUTATING_REVIEW","OLC/object/flag mutation","   452: 
   453: /** Toggle flag in ch PLR_FLAGS' turns on if off, or off if on. */
   454: #define PLR_TOG_CHK(ch,flag) ((TOGGLE_BIT_AR(PLR_FLAGS(ch), (flag))) & Q_BIT(flag))
   455: /** Toggle flag in ch PRF_FLAGS; turns on if off, or off if on. */
   456: #define PRF_TOG_CHK(ch,flag) ((TOGGLE_BIT_AR(PRF_FLAGS(ch), (flag))) & Q_BIT(flag))
   457: "
"src\utils.h","456","","line","MUTATING_REVIEW","OLC/object/flag mutation","   454: #define PLR_TOG_CHK(ch,flag) ((TOGGLE_BIT_AR(PLR_FLAGS(ch), (flag))) & Q_BIT(flag))
   455: /** Toggle flag in ch PRF_FLAGS; turns on if off, or off if on. */
   456: #define PRF_TOG_CHK(ch,flag) ((TOGGLE_BIT_AR(PRF_FLAGS(ch), (flag))) & Q_BIT(flag))
   457: 
   458: /** Checks to see if a PC or NPC is dead. */
   459: #define DEAD(ch) (PLR_FLAGGED((ch), PLR_NOTDEADYET) || MOB_FLAGGED((ch), MOB_NOTDEADYET))"
"src\zedit.c","72","","line","MUTATING_REVIEW","OLC/object/flag mutation","    70:         zone_rnum zlok;
    71: 
    72:         if ((zlok = real_zone(GET_OLC_ZONE(ch))) == NOWHERE)
    73:           number = NOWHERE;
    74:         else
    75:           number = genolc_zone_bottom(zlok);"
"src\zedit.c","148","","line","MUTATING_REVIEW","OLC/object/flag mutation","   146:   for (d = descriptor_list; d; d = d->next) {
   147:     if (STATE(d) == CON_ZEDIT) {
   148:       if (d->olc && OLC_NUM(d) == number) {
   149:         send_to_char(ch, ""That zone is currently being edited by %s.\r\n"",
   150:           PERS(d->character, ch));
   151:         return;"
"src\zedit.c","170","","line","MUTATING_REVIEW","OLC/object/flag mutation","   168:   /* Find the zone. */
   169:   if (save)
   170:     OLC_ZNUM(d) = real_zone(number);
   171:   else if (!str_cmp(""room"", buf1))
   172:     OLC_ZNUM(d) = real_zone_by_thing(number);
   173:   else if (*buf1)"
"src\zedit.c","172","","line","MUTATING_REVIEW","OLC/object/flag mutation","   170:     OLC_ZNUM(d) = real_zone(number);
   171:   else if (!str_cmp(""room"", buf1))
   172:     OLC_ZNUM(d) = real_zone_by_thing(number);
   173:   else if (*buf1)
   174:     OLC_ZNUM(d) = real_zone(zone_vnum);
   175:   else"
"src\zedit.c","174","","line","MUTATING_REVIEW","OLC/object/flag mutation","   172:     OLC_ZNUM(d) = real_zone_by_thing(number);
   173:   else if (*buf1)
   174:     OLC_ZNUM(d) = real_zone(zone_vnum);
   175:   else
   176:     OLC_ZNUM(d) = real_zone_by_thing(number);
   177:   if (OLC_ZNUM(d) == NOWHERE) {"
"src\zedit.c","176","","line","MUTATING_REVIEW","OLC/object/flag mutation","   174:     OLC_ZNUM(d) = real_zone(zone_vnum);
   175:   else
   176:     OLC_ZNUM(d) = real_zone_by_thing(number);
   177:   if (OLC_ZNUM(d) == NOWHERE) {
   178:     send_to_char(ch, ""Sorry, there is no zone for that number!\r\n"");
   179: "
"src\zedit.c","177","","line","MUTATING_REVIEW","OLC/object/flag mutation","   175:   else
   176:     OLC_ZNUM(d) = real_zone_by_thing(number);
   177:   if (OLC_ZNUM(d) == NOWHERE) {
   178:     send_to_char(ch, ""Sorry, there is no zone for that number!\r\n"");
   179: 
   180:     /* Free the descriptor's OLC structure. */"
"src\zedit.c","212","","line","MUTATING_REVIEW","OLC/object/flag mutation","   210:   }
   211: 
   212:   OLC_NUM(d) = number;
   213: 
   214:   if ((real_num = real_room(number)) == NOWHERE) {
   215:     write_to_output(d, ""That room does not exist.\r\n"");"
"src\zedit.c","227","","line","MUTATING_REVIEW","OLC/object/flag mutation","   225: 
   226:   act(""$n starts using OLC."", TRUE, d->character, 0, 0, TO_ROOM);
   227:   SET_BIT_AR(PLR_FLAGS(ch), PLR_WRITING);
   228: 
   229:   mudlog(CMP, MAX(LVL_IMMORT, GET_INVIS_LEV(ch)), TRUE, ""OLC: %s starts editing zone %d allowed zone %d"",
   230:     GET_NAME(ch), zone_table[OLC_ZNUM(d)].number, GET_OLC_ZONE(ch));"
"src\zedit.c","264","zedit_setup","line","MUTATING_REVIEW","OLC/object/flag mutation","   262: 
   263:   /* Add all entries in zone_table that relate to this room. */
   264:   while (ZCMD(OLC_ZNUM(d), subcmd).command != 'S') {
   265:     switch (ZCMD(OLC_ZNUM(d), subcmd).command) {
   266:     case 'M':
   267:     case 'O':"
"src\zedit.c","286","zedit_setup","line","MUTATING_REVIEW","OLC/object/flag mutation","   284:   }
   285: 
   286:   OLC_ZONE(d) = zone;
   287:   /*
   288:    * Display main menu.
   289:    */"
"src\zedit.c","307","zedit_new_zone","case CON_REDIT","MUTATING_REVIEW","OLC/object/flag mutation","      case CON_REDIT:
        OLC_ROOM(dsc)->zone += (OLC_ZNUM(dsc) >= result);
        /* Fall through. */"
"src\zedit.c","308","zedit_new_zone","line","MUTATING_REVIEW","OLC/object/flag mutation","   306:     switch (STATE(dsc)) {
   307:       case CON_REDIT:
   308:         OLC_ROOM(dsc)->zone += (OLC_ZNUM(dsc) >= result);
   309:         /* Fall through. */
   310:       case CON_ZEDIT:
   311:       case CON_MEDIT:"
"src\zedit.c","315","zedit_new_zone","case CON_QEDIT","MUTATING_REVIEW","OLC/object/flag mutation","      case CON_QEDIT:
        OLC_ZNUM(dsc) += (OLC_ZNUM(dsc) >= result);
        break;"
"src\zedit.c","316","zedit_new_zone","line","MUTATING_REVIEW","OLC/object/flag mutation","   314:       case CON_TRIGEDIT:
   315:       case CON_QEDIT:
   316:         OLC_ZNUM(dsc) += (OLC_ZNUM(dsc) >= result);
   317:         break;
   318:       default:
   319:         break;"
"src\zedit.c","388","zedit_save_internally","line","MUTATING_REVIEW","OLC/object/flag mutation","   386:     free(zone_table[OLC_ZNUM(d)].builders);
   387: 
   388:     zone_table[OLC_ZNUM(d)].name = strdup(OLC_ZONE(d)->name);
   389:     zone_table[OLC_ZNUM(d)].builders = strdup(OLC_ZONE(d)->builders);
   390:     zone_table[OLC_ZNUM(d)].bot = OLC_ZONE(d)->bot;
   391:     zone_table[OLC_ZNUM(d)].top = OLC_ZONE(d)->top;"
"src\zedit.c","389","zedit_save_internally","line","MUTATING_REVIEW","OLC/object/flag mutation","   387: 
   388:     zone_table[OLC_ZNUM(d)].name = strdup(OLC_ZONE(d)->name);
   389:     zone_table[OLC_ZNUM(d)].builders = strdup(OLC_ZONE(d)->builders);
   390:     zone_table[OLC_ZNUM(d)].bot = OLC_ZONE(d)->bot;
   391:     zone_table[OLC_ZNUM(d)].top = OLC_ZONE(d)->top;
   392:     zone_table[OLC_ZNUM(d)].reset_mode = OLC_ZONE(d)->reset_mode;"
"src\zedit.c","390","zedit_save_internally","line","MUTATING_REVIEW","OLC/object/flag mutation","   388:     zone_table[OLC_ZNUM(d)].name = strdup(OLC_ZONE(d)->name);
   389:     zone_table[OLC_ZNUM(d)].builders = strdup(OLC_ZONE(d)->builders);
   390:     zone_table[OLC_ZNUM(d)].bot = OLC_ZONE(d)->bot;
   391:     zone_table[OLC_ZNUM(d)].top = OLC_ZONE(d)->top;
   392:     zone_table[OLC_ZNUM(d)].reset_mode = OLC_ZONE(d)->reset_mode;
   393:     zone_table[OLC_ZNUM(d)].lifespan = OLC_ZONE(d)->lifespan;"
"src\zedit.c","391","zedit_save_internally","line","MUTATING_REVIEW","OLC/object/flag mutation","   389:     zone_table[OLC_ZNUM(d)].builders = strdup(OLC_ZONE(d)->builders);
   390:     zone_table[OLC_ZNUM(d)].bot = OLC_ZONE(d)->bot;
   391:     zone_table[OLC_ZNUM(d)].top = OLC_ZONE(d)->top;
   392:     zone_table[OLC_ZNUM(d)].reset_mode = OLC_ZONE(d)->reset_mode;
   393:     zone_table[OLC_ZNUM(d)].lifespan = OLC_ZONE(d)->lifespan;
   394:     zone_table[OLC_ZNUM(d)].min_level = OLC_ZONE(d)->min_level;"
"src\zedit.c","392","zedit_save_internally","line","MUTATING_REVIEW","OLC/object/flag mutation","   390:     zone_table[OLC_ZNUM(d)].bot = OLC_ZONE(d)->bot;
   391:     zone_table[OLC_ZNUM(d)].top = OLC_ZONE(d)->top;
   392:     zone_table[OLC_ZNUM(d)].reset_mode = OLC_ZONE(d)->reset_mode;
   393:     zone_table[OLC_ZNUM(d)].lifespan = OLC_ZONE(d)->lifespan;
   394:     zone_table[OLC_ZNUM(d)].min_level = OLC_ZONE(d)->min_level;
   395:     zone_table[OLC_ZNUM(d)].max_level = OLC_ZONE(d)->max_level;"
"src\zedit.c","393","zedit_save_internally","line","MUTATING_REVIEW","OLC/object/flag mutation","   391:     zone_table[OLC_ZNUM(d)].top = OLC_ZONE(d)->top;
   392:     zone_table[OLC_ZNUM(d)].reset_mode = OLC_ZONE(d)->reset_mode;
   393:     zone_table[OLC_ZNUM(d)].lifespan = OLC_ZONE(d)->lifespan;
   394:     zone_table[OLC_ZNUM(d)].min_level = OLC_ZONE(d)->min_level;
   395:     zone_table[OLC_ZNUM(d)].max_level = OLC_ZONE(d)->max_level;
   396:     for (i=0; i<ZN_ARRAY_MAX; i++)"
"src\zedit.c","394","zedit_save_internally","line","MUTATING_REVIEW","OLC/object/flag mutation","   392:     zone_table[OLC_ZNUM(d)].reset_mode = OLC_ZONE(d)->reset_mode;
   393:     zone_table[OLC_ZNUM(d)].lifespan = OLC_ZONE(d)->lifespan;
   394:     zone_table[OLC_ZNUM(d)].min_level = OLC_ZONE(d)->min_level;
   395:     zone_table[OLC_ZNUM(d)].max_level = OLC_ZONE(d)->max_level;
   396:     for (i=0; i<ZN_ARRAY_MAX; i++)
   397:       zone_table[OLC_ZNUM(d)].zone_flags[(i)] = OLC_ZONE(d)->zone_flags[(i)];"
"src\zedit.c","395","zedit_save_internally","line","MUTATING_REVIEW","OLC/object/flag mutation","   393:     zone_table[OLC_ZNUM(d)].lifespan = OLC_ZONE(d)->lifespan;
   394:     zone_table[OLC_ZNUM(d)].min_level = OLC_ZONE(d)->min_level;
   395:     zone_table[OLC_ZNUM(d)].max_level = OLC_ZONE(d)->max_level;
   396:     for (i=0; i<ZN_ARRAY_MAX; i++)
   397:       zone_table[OLC_ZNUM(d)].zone_flags[(i)] = OLC_ZONE(d)->zone_flags[(i)];
   398:   }"
"src\zedit.c","397","zedit_save_internally","line","MUTATING_REVIEW","OLC/object/flag mutation","   395:     zone_table[OLC_ZNUM(d)].max_level = OLC_ZONE(d)->max_level;
   396:     for (i=0; i<ZN_ARRAY_MAX; i++)
   397:       zone_table[OLC_ZNUM(d)].zone_flags[(i)] = OLC_ZONE(d)->zone_flags[(i)];
   398:   }
   399:   add_to_save_list(zone_table[OLC_ZNUM(d)].number, SL_ZON);
   400: }"
"src\zedit.c","414","start_change_command","line","MUTATING_REVIEW","OLC/object/flag mutation","   412: 
   413:   /* Ok, let's get editing. */
   414:   OLC_VAL(d) = pos;
   415:   return 1;
   416: }
   417: "
"src\zedit.c","429","zedit_disp_flag_menu","line","MUTATING_REVIEW","OLC/object/flag mutation","   427:   write_to_output(d, ""\r\nZone flags: \tc%s\tn\r\n""
   428:          ""Enter Zone flags, 0 to quit : "", bits);
   429:   OLC_MODE(d) = ZEDIT_ZONE_FLAGS;
   430: }
   431: 
   432: /*------------------------------------------------------------------*/"
"src\zedit.c","436","zedit_get_levels","line","MUTATING_REVIEW","OLC/object/flag mutation","   434: {
   435:   /* Create a string for the recommended levels for this zone. */
   436:   if ((OLC_ZONE(d)->min_level == -1) && (OLC_ZONE(d)->max_level == -1)) {
   437:     sprintf(buf, ""<Not Set!>"");
   438:     return FALSE;
   439:   }"
"src\zedit.c","441","zedit_get_levels","line","MUTATING_REVIEW","OLC/object/flag mutation","   439:   }
   440: 
   441:   if (OLC_ZONE(d)->min_level == -1) {
   442:     sprintf(buf, ""Up to level %d"", OLC_ZONE(d)->max_level);
   443:     return TRUE;
   444:   }"
"src\zedit.c","446","zedit_get_levels","line","MUTATING_REVIEW","OLC/object/flag mutation","   444:   }
   445: 
   446:   if (OLC_ZONE(d)->max_level == -1) {
   447:     sprintf(buf, ""Above level %d"", OLC_ZONE(d)->min_level);
   448:     return TRUE;
   449:   }"
"src\zedit.c","491","zedit_disp_menu","line","MUTATING_REVIEW","OLC/object/flag mutation","   489: 	  grn, nrm, yel, OLC_ZONE(d)->top,
   490: 	  grn, nrm, yel,
   491: 	  OLC_ZONE(d)->reset_mode ? ((OLC_ZONE(d)->reset_mode == 1) ? ""Reset when no players are in zone."" : ""Normal reset."") : ""Never reset"",
   492: 	  grn, nrm, cyn, buf1,
   493: 	  grn, nrm, levels_set ? cyn : yel, lev_string,
   494: 	  nrm"
"src\zedit.c","594","zedit_disp_menu","line","MUTATING_REVIEW","OLC/object/flag mutation","   592: 	  );
   593: 
   594:   OLC_MODE(d) = ZEDIT_MAIN_MENU;
   595: }
   596: 
   597: /* Print the command type menu and setup response catch. */"
"src\zedit.c","614","zedit_disp_comtype","line","MUTATING_REVIEW","OLC/object/flag mutation","   612: 	grn, nrm, grn, nrm, grn, nrm, grn, nrm
   613: 	);
   614:   OLC_MODE(d) = ZEDIT_COMMAND_TYPE;
   615: }
   616: 
   617: /* Print the appropriate message for the command type for arg1 and set"
"src\zedit.c","624","zedit_disp_arg1","case 'M'","MUTATING_REVIEW","OLC/object/flag mutation","  case 'M':
    write_to_output(d, ""Input mob's vnum : "");
    OLC_MODE(d) = ZEDIT_ARG1;
    break;"
"src\zedit.c","626","zedit_disp_arg1","line","MUTATING_REVIEW","OLC/object/flag mutation","   624:   case 'M':
   625:     write_to_output(d, ""Input mob's vnum : "");
   626:     OLC_MODE(d) = ZEDIT_ARG1;
   627:     break;
   628:   case 'O':
   629:   case 'E':"
"src\zedit.c","631","zedit_disp_arg1","case 'G'","MUTATING_REVIEW","OLC/object/flag mutation","  case 'G':
    write_to_output(d, ""Input object vnum : "");
    OLC_MODE(d) = ZEDIT_ARG1;
    break;"
"src\zedit.c","633","zedit_disp_arg1","line","MUTATING_REVIEW","OLC/object/flag mutation","   631:   case 'G':
   632:     write_to_output(d, ""Input object vnum : "");
   633:     OLC_MODE(d) = ZEDIT_ARG1;
   634:     break;
   635:   case 'D':
   636:   case 'R':"
"src\zedit.c","636","zedit_disp_arg1","case 'R'","MUTATING_REVIEW","OLC/object/flag mutation","  case 'R':
    /* Arg1 for these is the room number, skip to arg2 */
    OLC_CMD(d).arg1 = real_room(OLC_NUM(d));
    zedit_disp_arg2(d);
    break;"
"src\zedit.c","638","zedit_disp_arg1","line","MUTATING_REVIEW","OLC/object/flag mutation","   636:   case 'R':
   637:     /* Arg1 for these is the room number, skip to arg2 */
   638:     OLC_CMD(d).arg1 = real_room(OLC_NUM(d));
   639:     zedit_disp_arg2(d);
   640:     break;
   641:   case 'T':"
"src\zedit.c","642","zedit_disp_arg1","case 'V'","MUTATING_REVIEW","OLC/object/flag mutation","  case 'V':
    write_to_output(d, ""Input trigger type (0:mob, 1:obj, 2:room) :"");
    OLC_MODE(d) = ZEDIT_ARG1;
    break;"
"src\zedit.c","644","zedit_disp_arg1","line","MUTATING_REVIEW","OLC/object/flag mutation","   642:   case 'V':
   643:     write_to_output(d, ""Input trigger type (0:mob, 1:obj, 2:room) :"");
   644:     OLC_MODE(d) = ZEDIT_ARG1;
   645:     break;
   646:   default:
   647:     /* We should never get here. */"
"src\zedit.c","693","zedit_disp_arg2","line","MUTATING_REVIEW","OLC/object/flag mutation","   691:     return;
   692:   }
   693:   OLC_MODE(d) = ZEDIT_ARG2;
   694: }
   695: 
   696: /* Print the appropriate message for the command type for arg3 and set"
"src\zedit.c","730","zedit_disp_arg3","line","MUTATING_REVIEW","OLC/object/flag mutation","   728:     return;
   729:   }
   730:   OLC_MODE(d) = ZEDIT_ARG3;
   731: }
   732: 
   733: /*-------------------------------------------------------------------*/"
"src\zedit.c","755","zedit_disp_levels","line","MUTATING_REVIEW","OLC/object/flag mutation","   753: 	""Enter choice (0 to quit): "", levels_set ? ""\tc"" : ""\ty"", lev_string, ""\tn""
   754: 	);
   755:   OLC_MODE(d) = ZEDIT_LEVELS;
   756: }
   757: 
   758: /* The event handler */"
"src\zedit.c","793","zedit_parse","case 'Q'","MUTATING_REVIEW","OLC/object/flag mutation","    case 'Q':
      if (OLC_ZONE(d)->age || OLC_ZONE(d)->number) {
	write_to_output(d, ""Do you wish to save your changes? : "");
	OLC_MODE(d) = ZEDIT_CONFIRM_SAVESTRING;
      } else {
	write_to_output(d, ""No changes made.\r\n"");
	cleanup_olc(d, CLEANUP_ALL);
      }
      break;"
"src\zedit.c","796","zedit_parse","line","MUTATING_REVIEW","OLC/object/flag mutation","   794:       if (OLC_ZONE(d)->age || OLC_ZONE(d)->number) {
   795: 	write_to_output(d, ""Do you wish to save your changes? : "");
   796: 	OLC_MODE(d) = ZEDIT_CONFIRM_SAVESTRING;
   797:       } else {
   798: 	write_to_output(d, ""No changes made.\r\n"");
   799: 	cleanup_olc(d, CLEANUP_ALL);"
"src\zedit.c","803","zedit_parse","case 'N'","MUTATING_REVIEW","OLC/object/flag mutation","    case 'N':
      /* New entry. */
      if (OLC_ZONE(d)->cmd[0].command == 'S') {
        /* first command */
        if (new_command(OLC_ZONE(d), 0) && start_change_command(d, 0)) {
	  zedit_disp_comtype(d);
	  OLC_ZONE(d)->age = 1;
          break;"
"src\zedit.c","805","zedit_parse","line","MUTATING_REVIEW","OLC/object/flag mutation","   803:     case 'N':
   804:       /* New entry. */
   805:       if (OLC_ZONE(d)->cmd[0].command == 'S') {
   806:         /* first command */
   807:         if (new_command(OLC_ZONE(d), 0) && start_change_command(d, 0)) {
   808: 	  zedit_disp_comtype(d);"
"src\zedit.c","809","zedit_parse","line","MUTATING_REVIEW","OLC/object/flag mutation","   807:         if (new_command(OLC_ZONE(d), 0) && start_change_command(d, 0)) {
   808: 	  zedit_disp_comtype(d);
   809: 	  OLC_ZONE(d)->age = 1;
   810:           break;
   811: 	}
   812:       }"
"src\zedit.c","814","zedit_parse","line","MUTATING_REVIEW","OLC/object/flag mutation","   812:       }
   813:       write_to_output(d, ""What number in the list should the new command be? : "");
   814:       OLC_MODE(d) = ZEDIT_NEW_ENTRY;
   815:       break;
   816:     case 'y':
   817:     case 'Y':"
"src\zedit.c","817","zedit_parse","case 'Y'","MUTATING_REVIEW","OLC/object/flag mutation","    case 'Y':
      builder_refs_display(d, BREF_ZONE, zone_table[OLC_ZNUM(d)].number, ""Zone"");
      OLC_MODE(d) = ZEDIT_REFERENCES;
      break;"
"src\zedit.c","819","zedit_parse","line","MUTATING_REVIEW","OLC/object/flag mutation","   817:     case 'Y':
   818:       builder_refs_display(d, BREF_ZONE, zone_table[OLC_ZNUM(d)].number, ""Zone"");
   819:       OLC_MODE(d) = ZEDIT_REFERENCES;
   820:       break;
   821:     case 'e':
   822:     case 'E':"
"src\zedit.c","822","zedit_parse","case 'E'","MUTATING_REVIEW","OLC/object/flag mutation","    case 'E':
      /* Change an entry. */
      write_to_output(d, ""Which command do you wish to change? : "");
      OLC_MODE(d) = ZEDIT_CHANGE_ENTRY;
      break;"
"src\zedit.c","825","zedit_parse","line","MUTATING_REVIEW","OLC/object/flag mutation","   823:       /* Change an entry. */
   824:       write_to_output(d, ""Which command do you wish to change? : "");
   825:       OLC_MODE(d) = ZEDIT_CHANGE_ENTRY;
   826:       break;
   827:     case 'd':
   828:     case 'D':"
"src\zedit.c","828","zedit_parse","case 'D'","MUTATING_REVIEW","OLC/object/flag mutation","    case 'D':
      /* Delete an entry. */
      write_to_output(d, ""Which command do you wish to delete? : "");
      OLC_MODE(d) = ZEDIT_DELETE_ENTRY;
      break;"
"src\zedit.c","831","zedit_parse","line","MUTATING_REVIEW","OLC/object/flag mutation","   829:       /* Delete an entry. */
   830:       write_to_output(d, ""Which command do you wish to delete? : "");
   831:       OLC_MODE(d) = ZEDIT_DELETE_ENTRY;
   832:       break;
   833:     case 'z':
   834:     case 'Z':"
"src\zedit.c","834","zedit_parse","case 'Z'","MUTATING_REVIEW","OLC/object/flag mutation","    case 'Z':
      /* Edit zone name. */
      write_to_output(d, ""Enter new zone name : "");
      OLC_MODE(d) = ZEDIT_ZONE_NAME;
      break;"
"src\zedit.c","837","zedit_parse","line","MUTATING_REVIEW","OLC/object/flag mutation","   835:       /* Edit zone name. */
   836:       write_to_output(d, ""Enter new zone name : "");
   837:       OLC_MODE(d) = ZEDIT_ZONE_NAME;
   838:       break;
   839:     case '1':
   840:       /* Edit zone builders. */"
"src\zedit.c","839","zedit_parse","case '1'","MUTATING_REVIEW","OLC/object/flag mutation","    case '1':
      /* Edit zone builders. */
      write_to_output(d, ""Enter new builders list : "");
      OLC_MODE(d) = ZEDIT_ZONE_BUILDERS;
      break;"
"src\zedit.c","842","zedit_parse","line","MUTATING_REVIEW","OLC/object/flag mutation","   840:       /* Edit zone builders. */
   841:       write_to_output(d, ""Enter new builders list : "");
   842:       OLC_MODE(d) = ZEDIT_ZONE_BUILDERS;
   843:       break;
   844:     case 'b':
   845:     case 'B':"
"src\zedit.c","845","zedit_parse","case 'B'","MUTATING_REVIEW","OLC/object/flag mutation","    case 'B':
      /* Edit bottom of zone. */
      if (GET_LEVEL(d->character) < LVL_IMPL)
	zedit_disp_menu(d);
      else {
	write_to_output(d, ""Enter new bottom of zone : "");
	OLC_MODE(d) = ZEDIT_ZONE_BOT;
      }
      break;"
"src\zedit.c","851","zedit_parse","line","MUTATING_REVIEW","OLC/object/flag mutation","   849:       else {
   850: 	write_to_output(d, ""Enter new bottom of zone : "");
   851: 	OLC_MODE(d) = ZEDIT_ZONE_BOT;
   852:       }
   853:       break;
   854:     case 't':"
"src\zedit.c","855","zedit_parse","case 'T'","MUTATING_REVIEW","OLC/object/flag mutation","    case 'T':
      /* Edit top of zone. */
      if (GET_LEVEL(d->character) < LVL_IMPL)
	zedit_disp_menu(d);
      else {
	write_to_output(d, ""Enter new top of zone : "");
	OLC_MODE(d) = ZEDIT_ZONE_TOP;
      }
      break;"
"src\zedit.c","861","zedit_parse","line","MUTATING_REVIEW","OLC/object/flag mutation","   859:       else {
   860: 	write_to_output(d, ""Enter new top of zone : "");
   861: 	OLC_MODE(d) = ZEDIT_ZONE_TOP;
   862:       }
   863:       break;
   864:     case 'l':"
"src\zedit.c","865","zedit_parse","case 'L'","MUTATING_REVIEW","OLC/object/flag mutation","    case 'L':
      /* Edit zone lifespan. */
      write_to_output(d, ""Enter new zone lifespan : "");
      OLC_MODE(d) = ZEDIT_ZONE_LIFE;
      break;"
"src\zedit.c","868","zedit_parse","line","MUTATING_REVIEW","OLC/object/flag mutation","   866:       /* Edit zone lifespan. */
   867:       write_to_output(d, ""Enter new zone lifespan : "");
   868:       OLC_MODE(d) = ZEDIT_ZONE_LIFE;
   869:       break;
   870:     case 'r':
   871:     case 'R':"
"src\zedit.c","871","zedit_parse","case 'R'","MUTATING_REVIEW","OLC/object/flag mutation","    case 'R':
      /* Edit zone reset mode. */
      write_to_output(d, ""\r\n""
		""0) Never reset\r\n""
		""1) Reset only when no players in zone\r\n""
		""2) Normal reset\r\n""
		""Enter new zone reset type : "");
      OLC_MODE(d) = ZEDIT_ZONE_RESET;
      break;"
"src\zedit.c","878","zedit_parse","line","MUTATING_REVIEW","OLC/object/flag mutation","   876: 		""2) Normal reset\r\n""
   877: 		""Enter new zone reset type : "");
   878:       OLC_MODE(d) = ZEDIT_ZONE_RESET;
   879:       break;
   880:     case 'f':
   881:     case 'F':"
"src\zedit.c","900","zedit_parse","case ZEDIT_LEVELS","MUTATING_REVIEW","OLC/object/flag mutation","  case ZEDIT_LEVELS:
    switch (*arg) {
    case '1': write_to_output(d, ""Enter the min level for this zone (0-%d, -1 = none): "", (LVL_IMMORT-1));
              OLC_MODE(d) = ZEDIT_LEV_MIN;
              break;"
"src\zedit.c","903","zedit_parse","line","MUTATING_REVIEW","OLC/object/flag mutation","   901:     switch (*arg) {
   902:     case '1': write_to_output(d, ""Enter the min level for this zone (0-%d, -1 = none): "", (LVL_IMMORT-1));
   903:               OLC_MODE(d) = ZEDIT_LEV_MIN;
   904:               break;
   905: 
   906:     case '2': write_to_output(d, ""Enter the max level for this zone (0-%d, -1 = none): "", (LVL_IMMORT-1));"
"src\zedit.c","907","zedit_parse","line","MUTATING_REVIEW","OLC/object/flag mutation","   905: 
   906:     case '2': write_to_output(d, ""Enter the max level for this zone (0-%d, -1 = none): "", (LVL_IMMORT-1));
   907:               OLC_MODE(d) = ZEDIT_LEV_MAX;
   908:               break;
   909: 
   910:     case '3': OLC_ZONE(d)->min_level = -1;"
"src\zedit.c","910","zedit_parse","line","MUTATING_REVIEW","OLC/object/flag mutation","   908:               break;
   909: 
   910:     case '3': OLC_ZONE(d)->min_level = -1;
   911:               OLC_ZONE(d)->max_level = -1;
   912:               OLC_ZONE(d)->number = 1;
   913:               zedit_disp_menu(d);"
"src\zedit.c","911","zedit_parse","line","MUTATING_REVIEW","OLC/object/flag mutation","   909: 
   910:     case '3': OLC_ZONE(d)->min_level = -1;
   911:               OLC_ZONE(d)->max_level = -1;
   912:               OLC_ZONE(d)->number = 1;
   913:               zedit_disp_menu(d);
   914:               break;"
"src\zedit.c","912","zedit_parse","line","MUTATING_REVIEW","OLC/object/flag mutation","   910:     case '3': OLC_ZONE(d)->min_level = -1;
   911:               OLC_ZONE(d)->max_level = -1;
   912:               OLC_ZONE(d)->number = 1;
   913:               zedit_disp_menu(d);
   914:               break;
   915: "
"src\zedit.c","926","zedit_parse","case ZEDIT_LEV_MIN","MUTATING_REVIEW","OLC/object/flag mutation","  case ZEDIT_LEV_MIN:
    pos = atoi(arg);
    OLC_ZONE(d)->min_level = MIN(MAX(pos,-1), 100);
    OLC_ZONE(d)->number = 1;
    zedit_disp_levels(d);
    break;"
"src\zedit.c","928","zedit_parse","line","MUTATING_REVIEW","OLC/object/flag mutation","   926:   case ZEDIT_LEV_MIN:
   927:     pos = atoi(arg);
   928:     OLC_ZONE(d)->min_level = MIN(MAX(pos,-1), 100);
   929:     OLC_ZONE(d)->number = 1;
   930:     zedit_disp_levels(d);
   931:     break;"
"src\zedit.c","929","zedit_parse","line","MUTATING_REVIEW","OLC/object/flag mutation","   927:     pos = atoi(arg);
   928:     OLC_ZONE(d)->min_level = MIN(MAX(pos,-1), 100);
   929:     OLC_ZONE(d)->number = 1;
   930:     zedit_disp_levels(d);
   931:     break;
   932: "
"src\zedit.c","934","zedit_parse","case ZEDIT_LEV_MAX","MUTATING_REVIEW","OLC/object/flag mutation","  case ZEDIT_LEV_MAX:
    pos = atoi(arg);
    OLC_ZONE(d)->max_level = MIN(MAX(pos,-1), 100);
    OLC_ZONE(d)->number = 1;
    zedit_disp_levels(d);
    break;"
"src\zedit.c","936","zedit_parse","line","MUTATING_REVIEW","OLC/object/flag mutation","   934:   case ZEDIT_LEV_MAX:
   935:     pos = atoi(arg);
   936:     OLC_ZONE(d)->max_level = MIN(MAX(pos,-1), 100);
   937:     OLC_ZONE(d)->number = 1;
   938:     zedit_disp_levels(d);
   939:     break;"
"src\zedit.c","937","zedit_parse","line","MUTATING_REVIEW","OLC/object/flag mutation","   935:     pos = atoi(arg);
   936:     OLC_ZONE(d)->max_level = MIN(MAX(pos,-1), 100);
   937:     OLC_ZONE(d)->number = 1;
   938:     zedit_disp_levels(d);
   939:     break;
   940: "
"src\zedit.c","942","zedit_parse","case ZEDIT_NEW_ENTRY","MUTATING_REVIEW","OLC/object/flag mutation","  case ZEDIT_NEW_ENTRY:
    /* Get the line number and insert the new line. */
    pos = atoi(arg);
    if (isdigit(*arg) && new_command(OLC_ZONE(d), pos)) {
      if (start_change_command(d, pos)) {
	zedit_disp_comtype(d);
	OLC_ZONE(d)->age = 1;
      }
    } else
      zedit_disp_menu(d);
    break;"
"src\zedit.c","948","zedit_parse","line","MUTATING_REVIEW","OLC/object/flag mutation","   946:       if (start_change_command(d, pos)) {
   947: 	zedit_disp_comtype(d);
   948: 	OLC_ZONE(d)->age = 1;
   949:       }
   950:     } else
   951:       zedit_disp_menu(d);"
"src\zedit.c","960","zedit_parse","line","MUTATING_REVIEW","OLC/object/flag mutation","   958:     if (isdigit(*arg)) {
   959:       delete_zone_command(OLC_ZONE(d), pos);
   960:       OLC_ZONE(d)->age = 1;
   961:     }
   962:     zedit_disp_menu(d);
   963:     break;"
"src\zedit.c","966","zedit_parse","case ZEDIT_CHANGE_ENTRY","MUTATING_REVIEW","OLC/object/flag mutation","  case ZEDIT_CHANGE_ENTRY:
    /* Parse the input for which line to edit, and goto next quiz. Abort edit,
       and return to main menu idea from Mark Garringer zizazat@hotmail.com */
    if (toupper(*arg) == 'A') {
      if (OLC_CMD(d).command == 'N') {
        OLC_CMD(d).command = '*';
      }
      zedit_disp_menu(d);
      break;"
"src\zedit.c","970","zedit_parse","line","MUTATING_REVIEW","OLC/object/flag mutation","   968:        and return to main menu idea from Mark Garringer zizazat@hotmail.com */
   969:     if (toupper(*arg) == 'A') {
   970:       if (OLC_CMD(d).command == 'N') {
   971:         OLC_CMD(d).command = '*';
   972:       }
   973:       zedit_disp_menu(d);"
"src\zedit.c","971","zedit_parse","line","MUTATING_REVIEW","OLC/object/flag mutation","   969:     if (toupper(*arg) == 'A') {
   970:       if (OLC_CMD(d).command == 'N') {
   971:         OLC_CMD(d).command = '*';
   972:       }
   973:       zedit_disp_menu(d);
   974:       break;"
"src\zedit.c","980","zedit_parse","line","MUTATING_REVIEW","OLC/object/flag mutation","   978:     if (isdigit(*arg) && start_change_command(d, pos)) {
   979:       zedit_disp_comtype(d);
   980:       OLC_ZONE(d)->age = 1;
   981:     } else
   982:       zedit_disp_menu(d);
   983:     break;"
"src\zedit.c","986","zedit_parse","case ZEDIT_COMMAND_TYPE","MUTATING_REVIEW","OLC/object/flag mutation","  case ZEDIT_COMMAND_TYPE:
    /* Parse the input for which type of command this is, and goto next quiz. */
    OLC_CMD(d).command = toupper(*arg);
    if (!OLC_CMD(d).command || (strchr(""MOPEDGRTV"", OLC_CMD(d).command) == NULL)) {
      write_to_output(d, ""Invalid choice, try again : "");
    } else {
      if (OLC_VAL(d)) {	/* If there was a previous command. */
        if (OLC_CMD(d).command == 'T' || OLC_CMD(d).command == 'V') {
          OLC_CMD(d).if_flag = 1;
          zedit_disp_arg1(d);
        } else {
	  write_to_output(d, ""Is this command dependent on the success of the previous one? (y/n)\r\n"");
	  OLC_MODE(d) = ZEDIT_IF_FLAG;
        }
      } else {	/* 'if-flag' not appropriate. */
	OLC_CMD(d).if_flag = 0;
	zedit_disp_arg1(d);
      }
    }
    break;"
"src\zedit.c","988","zedit_parse","line","MUTATING_REVIEW","OLC/object/flag mutation","   986:   case ZEDIT_COMMAND_TYPE:
   987:     /* Parse the input for which type of command this is, and goto next quiz. */
   988:     OLC_CMD(d).command = toupper(*arg);
   989:     if (!OLC_CMD(d).command || (strchr(""MOPEDGRTV"", OLC_CMD(d).command) == NULL)) {
   990:       write_to_output(d, ""Invalid choice, try again : "");
   991:     } else {"
"src\zedit.c","989","zedit_parse","line","MUTATING_REVIEW","OLC/object/flag mutation","   987:     /* Parse the input for which type of command this is, and goto next quiz. */
   988:     OLC_CMD(d).command = toupper(*arg);
   989:     if (!OLC_CMD(d).command || (strchr(""MOPEDGRTV"", OLC_CMD(d).command) == NULL)) {
   990:       write_to_output(d, ""Invalid choice, try again : "");
   991:     } else {
   992:       if (OLC_VAL(d)) {	/* If there was a previous command. */"
"src\zedit.c","993","zedit_parse","line","MUTATING_REVIEW","OLC/object/flag mutation","   991:     } else {
   992:       if (OLC_VAL(d)) {	/* If there was a previous command. */
   993:         if (OLC_CMD(d).command == 'T' || OLC_CMD(d).command == 'V') {
   994:           OLC_CMD(d).if_flag = 1;
   995:           zedit_disp_arg1(d);
   996:         } else {"
"src\zedit.c","994","zedit_parse","line","MUTATING_REVIEW","OLC/object/flag mutation","   992:       if (OLC_VAL(d)) {	/* If there was a previous command. */
   993:         if (OLC_CMD(d).command == 'T' || OLC_CMD(d).command == 'V') {
   994:           OLC_CMD(d).if_flag = 1;
   995:           zedit_disp_arg1(d);
   996:         } else {
   997: 	  write_to_output(d, ""Is this command dependent on the success of the previous one? (y/n)\r\n"");"
"src\zedit.c","998","zedit_parse","line","MUTATING_REVIEW","OLC/object/flag mutation","   996:         } else {
   997: 	  write_to_output(d, ""Is this command dependent on the success of the previous one? (y/n)\r\n"");
   998: 	  OLC_MODE(d) = ZEDIT_IF_FLAG;
   999:         }
  1000:       } else {	/* 'if-flag' not appropriate. */
  1001: 	OLC_CMD(d).if_flag = 0;"
"src\zedit.c","1001","zedit_parse","line","MUTATING_REVIEW","OLC/object/flag mutation","   999:         }
  1000:       } else {	/* 'if-flag' not appropriate. */
  1001: 	OLC_CMD(d).if_flag = 0;
  1002: 	zedit_disp_arg1(d);
  1003:       }
  1004:     }"
"src\zedit.c","1012","zedit_parse","case 'Y'","MUTATING_REVIEW","OLC/object/flag mutation","    case 'Y':
      OLC_CMD(d).if_flag = 1;
      break;"
"src\zedit.c","1013","zedit_parse","line","MUTATING_REVIEW","OLC/object/flag mutation","  1011:     case 'y':
  1012:     case 'Y':
  1013:       OLC_CMD(d).if_flag = 1;
  1014:       break;
  1015:     case 'n':
  1016:     case 'N':"
"src\zedit.c","1016","zedit_parse","case 'N'","MUTATING_REVIEW","OLC/object/flag mutation","    case 'N':
      OLC_CMD(d).if_flag = 0;
      break;"
"src\zedit.c","1017","zedit_parse","line","MUTATING_REVIEW","OLC/object/flag mutation","  1015:     case 'n':
  1016:     case 'N':
  1017:       OLC_CMD(d).if_flag = 0;
  1018:       break;
  1019:     default:
  1020:       write_to_output(d, ""Try again : "");"
"src\zedit.c","1034","zedit_parse","case 'M'","MUTATING_REVIEW","OLC/object/flag mutation","    case 'M':
      if ((pos = real_mobile(atoi(arg))) != NOBODY) {
	OLC_CMD(d).arg1 = pos;
	zedit_disp_arg2(d);
      } else
	write_to_output(d, ""That mobile does not exist, try again : "");
      break;"
"src\zedit.c","1036","zedit_parse","line","MUTATING_REVIEW","OLC/object/flag mutation","  1034:     case 'M':
  1035:       if ((pos = real_mobile(atoi(arg))) != NOBODY) {
  1036: 	OLC_CMD(d).arg1 = pos;
  1037: 	zedit_disp_arg2(d);
  1038:       } else
  1039: 	write_to_output(d, ""That mobile does not exist, try again : "");"
"src\zedit.c","1044","zedit_parse","case 'G'","MUTATING_REVIEW","OLC/object/flag mutation","    case 'G':
      if ((pos = real_object(atoi(arg))) != NOTHING) {
	OLC_CMD(d).arg1 = pos;
	zedit_disp_arg2(d);
      } else
	write_to_output(d, ""That object does not exist, try again : "");
      break;"
"src\zedit.c","1046","zedit_parse","line","MUTATING_REVIEW","OLC/object/flag mutation","  1044:     case 'G':
  1045:       if ((pos = real_object(atoi(arg))) != NOTHING) {
  1046: 	OLC_CMD(d).arg1 = pos;
  1047: 	zedit_disp_arg2(d);
  1048:       } else
  1049: 	write_to_output(d, ""That object does not exist, try again : "");"
"src\zedit.c","1052","zedit_parse","case 'V'","MUTATING_REVIEW","OLC/object/flag mutation","    case 'V':
      if (atoi(arg)<MOB_TRIGGER || atoi(arg)>WLD_TRIGGER)
        write_to_output(d, ""Invalid input."");
      else {
       OLC_CMD(d).arg1 = atoi(arg);
        zedit_disp_arg2(d);
      }
      break;"
"src\zedit.c","1056","zedit_parse","line","MUTATING_REVIEW","OLC/object/flag mutation","  1054:         write_to_output(d, ""Invalid input."");
  1055:       else {
  1056:        OLC_CMD(d).arg1 = atoi(arg);
  1057:         zedit_disp_arg2(d);
  1058:       }
  1059:       break;"
"src\zedit.c","1080","zedit_parse","case 'O'","MUTATING_REVIEW","OLC/object/flag mutation","    case 'O':
      OLC_CMD(d).arg2 = MIN(MAX_DUPLICATES, atoi(arg));
      OLC_CMD(d).arg3 = real_room(OLC_NUM(d));
      zedit_disp_menu(d);
      break;"
"src\zedit.c","1081","zedit_parse","line","MUTATING_REVIEW","OLC/object/flag mutation","  1079:     case 'M':
  1080:     case 'O':
  1081:       OLC_CMD(d).arg2 = MIN(MAX_DUPLICATES, atoi(arg));
  1082:       OLC_CMD(d).arg3 = real_room(OLC_NUM(d));
  1083:       zedit_disp_menu(d);
  1084:       break;"
"src\zedit.c","1082","zedit_parse","line","MUTATING_REVIEW","OLC/object/flag mutation","  1080:     case 'O':
  1081:       OLC_CMD(d).arg2 = MIN(MAX_DUPLICATES, atoi(arg));
  1082:       OLC_CMD(d).arg3 = real_room(OLC_NUM(d));
  1083:       zedit_disp_menu(d);
  1084:       break;
  1085:     case 'G':"
"src\zedit.c","1085","zedit_parse","case 'G'","MUTATING_REVIEW","OLC/object/flag mutation","    case 'G':
      OLC_CMD(d).arg2 = MIN(MAX_DUPLICATES, atoi(arg));
      zedit_disp_menu(d);
      break;"
"src\zedit.c","1086","zedit_parse","line","MUTATING_REVIEW","OLC/object/flag mutation","  1084:       break;
  1085:     case 'G':
  1086:       OLC_CMD(d).arg2 = MIN(MAX_DUPLICATES, atoi(arg));
  1087:       zedit_disp_menu(d);
  1088:       break;
  1089:     case 'P':"
"src\zedit.c","1090","zedit_parse","case 'E'","MUTATING_REVIEW","OLC/object/flag mutation","    case 'E':
      OLC_CMD(d).arg2 = MIN(MAX_DUPLICATES, atoi(arg));
      zedit_disp_arg3(d);
      break;"
"src\zedit.c","1091","zedit_parse","line","MUTATING_REVIEW","OLC/object/flag mutation","  1089:     case 'P':
  1090:     case 'E':
  1091:       OLC_CMD(d).arg2 = MIN(MAX_DUPLICATES, atoi(arg));
  1092:       zedit_disp_arg3(d);
  1093:       break;
  1094:     case 'V':"
"src\zedit.c","1094","zedit_parse","case 'V'","MUTATING_REVIEW","OLC/object/flag mutation","    case 'V':
      OLC_CMD(d).arg2 = atoi(arg); /* context */
      OLC_CMD(d).arg3 = real_room(OLC_NUM(d));
      write_to_output(d, ""Enter the global name : "");
      OLC_MODE(d) = ZEDIT_SARG1;
      break;"
"src\zedit.c","1095","zedit_parse","line","MUTATING_REVIEW","OLC/object/flag mutation","  1093:       break;
  1094:     case 'V':
  1095:       OLC_CMD(d).arg2 = atoi(arg); /* context */
  1096:       OLC_CMD(d).arg3 = real_room(OLC_NUM(d));
  1097:       write_to_output(d, ""Enter the global name : "");
  1098:       OLC_MODE(d) = ZEDIT_SARG1;"
"src\zedit.c","1096","zedit_parse","line","MUTATING_REVIEW","OLC/object/flag mutation","  1094:     case 'V':
  1095:       OLC_CMD(d).arg2 = atoi(arg); /* context */
  1096:       OLC_CMD(d).arg3 = real_room(OLC_NUM(d));
  1097:       write_to_output(d, ""Enter the global name : "");
  1098:       OLC_MODE(d) = ZEDIT_SARG1;
  1099:       break;"
"src\zedit.c","1098","zedit_parse","line","MUTATING_REVIEW","OLC/object/flag mutation","  1096:       OLC_CMD(d).arg3 = real_room(OLC_NUM(d));
  1097:       write_to_output(d, ""Enter the global name : "");
  1098:       OLC_MODE(d) = ZEDIT_SARG1;
  1099:       break;
  1100:     case 'T':
  1101:       if (real_trigger(atoi(arg)) != NOTHING) {"
"src\zedit.c","1100","zedit_parse","case 'T'","MUTATING_REVIEW","OLC/object/flag mutation","    case 'T':
      if (real_trigger(atoi(arg)) != NOTHING) {
        OLC_CMD(d).arg2 = real_trigger(atoi(arg)); /* trigger */
        OLC_CMD(d).arg3 = real_room(OLC_NUM(d));
        zedit_disp_menu(d);
      } else
        write_to_output(d, ""That trigger does not exist, try again : "");
      break;"
"src\zedit.c","1102","zedit_parse","line","MUTATING_REVIEW","OLC/object/flag mutation","  1100:     case 'T':
  1101:       if (real_trigger(atoi(arg)) != NOTHING) {
  1102:         OLC_CMD(d).arg2 = real_trigger(atoi(arg)); /* trigger */
  1103:         OLC_CMD(d).arg3 = real_room(OLC_NUM(d));
  1104:         zedit_disp_menu(d);
  1105:       } else"
"src\zedit.c","1103","zedit_parse","line","MUTATING_REVIEW","OLC/object/flag mutation","  1101:       if (real_trigger(atoi(arg)) != NOTHING) {
  1102:         OLC_CMD(d).arg2 = real_trigger(atoi(arg)); /* trigger */
  1103:         OLC_CMD(d).arg3 = real_room(OLC_NUM(d));
  1104:         zedit_disp_menu(d);
  1105:       } else
  1106:         write_to_output(d, ""That trigger does not exist, try again : "");"
"src\zedit.c","1108","zedit_parse","case 'D'","MUTATING_REVIEW","OLC/object/flag mutation","    case 'D':
      pos = atoi(arg);
      /* Count directions. */
      if (pos < 0 || pos > DIR_COUNT)
	write_to_output(d, ""Try again : "");
      else {
	OLC_CMD(d).arg2 = pos;
	zedit_disp_arg3(d);
      }
      break;"
"src\zedit.c","1114","zedit_parse","line","MUTATING_REVIEW","OLC/object/flag mutation","  1112: 	write_to_output(d, ""Try again : "");
  1113:       else {
  1114: 	OLC_CMD(d).arg2 = pos;
  1115: 	zedit_disp_arg3(d);
  1116:       }
  1117:       break;"
"src\zedit.c","1118","zedit_parse","case 'R'","MUTATING_REVIEW","OLC/object/flag mutation","    case 'R':
      if ((pos = real_object(atoi(arg))) != NOTHING) {
	OLC_CMD(d).arg2 = pos;
	zedit_disp_menu(d);
      } else
	write_to_output(d, ""That object does not exist, try again : "");
      break;"
"src\zedit.c","1120","zedit_parse","line","MUTATING_REVIEW","OLC/object/flag mutation","  1118:     case 'R':
  1119:       if ((pos = real_object(atoi(arg))) != NOTHING) {
  1120: 	OLC_CMD(d).arg2 = pos;
  1121: 	zedit_disp_menu(d);
  1122:       } else
  1123: 	write_to_output(d, ""That object does not exist, try again : "");"
"src\zedit.c","1142","zedit_parse","case 'E'","MUTATING_REVIEW","OLC/object/flag mutation","    case 'E':
      pos = atoi(arg) - 1;
      /* Count number of wear positions. */
      if (pos < 0 || pos >= NUM_WEARS)
	write_to_output(d, ""Try again : "");
      else {
	OLC_CMD(d).arg3 = pos;
	zedit_disp_menu(d);
      }
      break;"
"src\zedit.c","1148","zedit_parse","line","MUTATING_REVIEW","OLC/object/flag mutation","  1146: 	write_to_output(d, ""Try again : "");
  1147:       else {
  1148: 	OLC_CMD(d).arg3 = pos;
  1149: 	zedit_disp_menu(d);
  1150:       }
  1151:       break;"
"src\zedit.c","1152","zedit_parse","case 'P'","MUTATING_REVIEW","OLC/object/flag mutation","    case 'P':
      if ((pos = real_object(atoi(arg))) != NOTHING) {
	OLC_CMD(d).arg3 = pos;
	zedit_disp_menu(d);
      } else
	write_to_output(d, ""That object does not exist, try again : "");
      break;"
"src\zedit.c","1154","zedit_parse","line","MUTATING_REVIEW","OLC/object/flag mutation","  1152:     case 'P':
  1153:       if ((pos = real_object(atoi(arg))) != NOTHING) {
  1154: 	OLC_CMD(d).arg3 = pos;
  1155: 	zedit_disp_menu(d);
  1156:       } else
  1157: 	write_to_output(d, ""That object does not exist, try again : "");"
"src\zedit.c","1159","zedit_parse","case 'D'","MUTATING_REVIEW","OLC/object/flag mutation","    case 'D':
      pos = atoi(arg);
      if (pos < 0 || pos > 2)
	write_to_output(d, ""Try again : "");
      else {
	OLC_CMD(d).arg3 = pos;
	zedit_disp_menu(d);
      }
      break;"
"src\zedit.c","1164","zedit_parse","line","MUTATING_REVIEW","OLC/object/flag mutation","  1162: 	write_to_output(d, ""Try again : "");
  1163:       else {
  1164: 	OLC_CMD(d).arg3 = pos;
  1165: 	zedit_disp_menu(d);
  1166:       }
  1167:       break;"
"src\zedit.c","1184","zedit_parse","case ZEDIT_SARG1","MUTATING_REVIEW","OLC/object/flag mutation","  case ZEDIT_SARG1:
    if (strlen(arg)) {
      OLC_CMD(d).sarg1 = strdup(arg);
      OLC_MODE(d) = ZEDIT_SARG2;
      write_to_output(d, ""Enter the global value : "");
    } else
      write_to_output(d, ""Must have some name to assign : "");
    break;"
"src\zedit.c","1186","zedit_parse","line","MUTATING_REVIEW","OLC/object/flag mutation","  1184:   case ZEDIT_SARG1:
  1185:     if (strlen(arg)) {
  1186:       OLC_CMD(d).sarg1 = strdup(arg);
  1187:       OLC_MODE(d) = ZEDIT_SARG2;
  1188:       write_to_output(d, ""Enter the global value : "");
  1189:     } else"
"src\zedit.c","1187","zedit_parse","line","MUTATING_REVIEW","OLC/object/flag mutation","  1185:     if (strlen(arg)) {
  1186:       OLC_CMD(d).sarg1 = strdup(arg);
  1187:       OLC_MODE(d) = ZEDIT_SARG2;
  1188:       write_to_output(d, ""Enter the global value : "");
  1189:     } else
  1190:       write_to_output(d, ""Must have some name to assign : "");"
"src\zedit.c","1194","zedit_parse","case ZEDIT_SARG2","MUTATING_REVIEW","OLC/object/flag mutation","  case ZEDIT_SARG2:
    if (strlen(arg)) {
      OLC_CMD(d).sarg2 = strdup(arg);
      zedit_disp_menu(d);
    } else
      write_to_output(d, ""Must have some value to set it to :"");
    break;"
"src\zedit.c","1196","zedit_parse","line","MUTATING_REVIEW","OLC/object/flag mutation","  1194:   case ZEDIT_SARG2:
  1195:     if (strlen(arg)) {
  1196:       OLC_CMD(d).sarg2 = strdup(arg);
  1197:       zedit_disp_menu(d);
  1198:     } else
  1199:       write_to_output(d, ""Must have some value to set it to :"");"
"src\zedit.c","1210","zedit_parse","line","MUTATING_REVIEW","OLC/object/flag mutation","  1208:       else
  1209:         log(""SYSERR: OLC: ZEDIT_ZONE_NAME: no name to free!"");
  1210:       OLC_ZONE(d)->name = strdup(arg);
  1211:       OLC_ZONE(d)->number = 1;
  1212:     }
  1213:     zedit_disp_menu(d);"
"src\zedit.c","1211","zedit_parse","line","MUTATING_REVIEW","OLC/object/flag mutation","  1209:         log(""SYSERR: OLC: ZEDIT_ZONE_NAME: no name to free!"");
  1210:       OLC_ZONE(d)->name = strdup(arg);
  1211:       OLC_ZONE(d)->number = 1;
  1212:     }
  1213:     zedit_disp_menu(d);
  1214:     break;"
"src\zedit.c","1224","zedit_parse","line","MUTATING_REVIEW","OLC/object/flag mutation","  1222:       else
  1223:         log(""SYSERR: OLC: ZEDIT_ZONE_BUILDERS: no builders list to free!"");
  1224:       OLC_ZONE(d)->builders = strdup(arg);
  1225:       OLC_ZONE(d)->number = 1;
  1226:     }
  1227:     zedit_disp_menu(d);"
"src\zedit.c","1225","zedit_parse","line","MUTATING_REVIEW","OLC/object/flag mutation","  1223:         log(""SYSERR: OLC: ZEDIT_ZONE_BUILDERS: no builders list to free!"");
  1224:       OLC_ZONE(d)->builders = strdup(arg);
  1225:       OLC_ZONE(d)->number = 1;
  1226:     }
  1227:     zedit_disp_menu(d);
  1228:     break;"
"src\zedit.c","1231","zedit_parse","case ZEDIT_ZONE_RESET","MUTATING_REVIEW","OLC/object/flag mutation","  case ZEDIT_ZONE_RESET:
    /* Parse and add new reset_mode and return to main menu. */
    pos = atoi(arg);
    if (!isdigit(*arg) || pos < 0 || pos > 2)
      write_to_output(d, ""Try again (0-2) : "");
    else {
      OLC_ZONE(d)->reset_mode = pos;
      OLC_ZONE(d)->number = 1;
      zedit_disp_menu(d);
    }
    break;"
"src\zedit.c","1237","zedit_parse","line","MUTATING_REVIEW","OLC/object/flag mutation","  1235:       write_to_output(d, ""Try again (0-2) : "");
  1236:     else {
  1237:       OLC_ZONE(d)->reset_mode = pos;
  1238:       OLC_ZONE(d)->number = 1;
  1239:       zedit_disp_menu(d);
  1240:     }"
"src\zedit.c","1238","zedit_parse","line","MUTATING_REVIEW","OLC/object/flag mutation","  1236:     else {
  1237:       OLC_ZONE(d)->reset_mode = pos;
  1238:       OLC_ZONE(d)->number = 1;
  1239:       zedit_disp_menu(d);
  1240:     }
  1241:     break;"
"src\zedit.c","1244","zedit_parse","case ZEDIT_ZONE_LIFE","MUTATING_REVIEW","OLC/object/flag mutation","  case ZEDIT_ZONE_LIFE:
    /* Parse and add new lifespan and return to main menu. */
    pos = atoi(arg);
    if (!isdigit(*arg) || pos < 0 || pos > 240)
      write_to_output(d, ""Try again (0-240) : "");
    else {
      OLC_ZONE(d)->lifespan = pos;
      OLC_ZONE(d)->number = 1;
      zedit_disp_menu(d);
    }
    break;"
"src\zedit.c","1250","zedit_parse","line","MUTATING_REVIEW","OLC/object/flag mutation","  1248:       write_to_output(d, ""Try again (0-240) : "");
  1249:     else {
  1250:       OLC_ZONE(d)->lifespan = pos;
  1251:       OLC_ZONE(d)->number = 1;
  1252:       zedit_disp_menu(d);
  1253:     }"
"src\zedit.c","1251","zedit_parse","line","MUTATING_REVIEW","OLC/object/flag mutation","  1249:     else {
  1250:       OLC_ZONE(d)->lifespan = pos;
  1251:       OLC_ZONE(d)->number = 1;
  1252:       zedit_disp_menu(d);
  1253:     }
  1254:     break;"
"src\zedit.c","1276","zedit_parse","line","MUTATING_REVIEW","OLC/object/flag mutation","  1274:        * Toggle the bit.
  1275:        */
  1276:       TOGGLE_BIT_AR(OLC_ZONE(d)->zone_flags, number - 1);
  1277:       OLC_ZONE(d)->number = 1;
  1278:       zedit_disp_flag_menu(d);
  1279:     }"
"src\zedit.c","1277","zedit_parse","line","MUTATING_REVIEW","OLC/object/flag mutation","  1275:        */
  1276:       TOGGLE_BIT_AR(OLC_ZONE(d)->zone_flags, number - 1);
  1277:       OLC_ZONE(d)->number = 1;
  1278:       zedit_disp_flag_menu(d);
  1279:     }
  1280:     return;"
"src\zedit.c","1283","zedit_parse","case ZEDIT_ZONE_BOT","MUTATING_REVIEW","OLC/object/flag mutation","  case ZEDIT_ZONE_BOT:
    /* Parse and add new bottom room in zone and return to main menu. */
    if (OLC_ZNUM(d) == 0)
      OLC_ZONE(d)->bot = LIMIT(atoi(arg), 0, OLC_ZONE(d)->top);
    else
      OLC_ZONE(d)->bot = LIMIT(atoi(arg), zone_table[OLC_ZNUM(d) - 1].top + 1, OLC_ZONE(d)->top);
    OLC_ZONE(d)->number = 1;
    zedit_disp_menu(d);
    break;"
"src\zedit.c","1285","zedit_parse","line","MUTATING_REVIEW","OLC/object/flag mutation","  1283:   case ZEDIT_ZONE_BOT:
  1284:     /* Parse and add new bottom room in zone and return to main menu. */
  1285:     if (OLC_ZNUM(d) == 0)
  1286:       OLC_ZONE(d)->bot = LIMIT(atoi(arg), 0, OLC_ZONE(d)->top);
  1287:     else
  1288:       OLC_ZONE(d)->bot = LIMIT(atoi(arg), zone_table[OLC_ZNUM(d) - 1].top + 1, OLC_ZONE(d)->top);"
"src\zedit.c","1286","zedit_parse","line","MUTATING_REVIEW","OLC/object/flag mutation","  1284:     /* Parse and add new bottom room in zone and return to main menu. */
  1285:     if (OLC_ZNUM(d) == 0)
  1286:       OLC_ZONE(d)->bot = LIMIT(atoi(arg), 0, OLC_ZONE(d)->top);
  1287:     else
  1288:       OLC_ZONE(d)->bot = LIMIT(atoi(arg), zone_table[OLC_ZNUM(d) - 1].top + 1, OLC_ZONE(d)->top);
  1289:     OLC_ZONE(d)->number = 1;"
"src\zedit.c","1288","zedit_parse","line","MUTATING_REVIEW","OLC/object/flag mutation","  1286:       OLC_ZONE(d)->bot = LIMIT(atoi(arg), 0, OLC_ZONE(d)->top);
  1287:     else
  1288:       OLC_ZONE(d)->bot = LIMIT(atoi(arg), zone_table[OLC_ZNUM(d) - 1].top + 1, OLC_ZONE(d)->top);
  1289:     OLC_ZONE(d)->number = 1;
  1290:     zedit_disp_menu(d);
  1291:     break;"
"src\zedit.c","1289","zedit_parse","line","MUTATING_REVIEW","OLC/object/flag mutation","  1287:     else
  1288:       OLC_ZONE(d)->bot = LIMIT(atoi(arg), zone_table[OLC_ZNUM(d) - 1].top + 1, OLC_ZONE(d)->top);
  1289:     OLC_ZONE(d)->number = 1;
  1290:     zedit_disp_menu(d);
  1291:     break;
  1292: "
"src\zedit.c","1294","zedit_parse","case ZEDIT_ZONE_TOP","MUTATING_REVIEW","OLC/object/flag mutation","  case ZEDIT_ZONE_TOP:
    /* Parse and add new top room in zone and return to main menu. */
    if (OLC_ZNUM(d) == top_of_zone_table)
      OLC_ZONE(d)->top = LIMIT(atoi(arg), genolc_zonep_bottom(OLC_ZONE(d)), 32000);
    else
      OLC_ZONE(d)->top = LIMIT(atoi(arg), genolc_zonep_bottom(OLC_ZONE(d)), genolc_zone_bottom(OLC_ZNUM(d) + 1) - 1);
    OLC_ZONE(d)->number = 1;
    zedit_disp_menu(d);
    break;"
"src\zedit.c","1296","zedit_parse","line","MUTATING_REVIEW","OLC/object/flag mutation","  1294:   case ZEDIT_ZONE_TOP:
  1295:     /* Parse and add new top room in zone and return to main menu. */
  1296:     if (OLC_ZNUM(d) == top_of_zone_table)
  1297:       OLC_ZONE(d)->top = LIMIT(atoi(arg), genolc_zonep_bottom(OLC_ZONE(d)), 32000);
  1298:     else
  1299:       OLC_ZONE(d)->top = LIMIT(atoi(arg), genolc_zonep_bottom(OLC_ZONE(d)), genolc_zone_bottom(OLC_ZNUM(d) + 1) - 1);"
"src\zedit.c","1297","zedit_parse","line","MUTATING_REVIEW","OLC/object/flag mutation","  1295:     /* Parse and add new top room in zone and return to main menu. */
  1296:     if (OLC_ZNUM(d) == top_of_zone_table)
  1297:       OLC_ZONE(d)->top = LIMIT(atoi(arg), genolc_zonep_bottom(OLC_ZONE(d)), 32000);
  1298:     else
  1299:       OLC_ZONE(d)->top = LIMIT(atoi(arg), genolc_zonep_bottom(OLC_ZONE(d)), genolc_zone_bottom(OLC_ZNUM(d) + 1) - 1);
  1300:     OLC_ZONE(d)->number = 1;"
"src\zedit.c","1299","zedit_parse","line","MUTATING_REVIEW","OLC/object/flag mutation","  1297:       OLC_ZONE(d)->top = LIMIT(atoi(arg), genolc_zonep_bottom(OLC_ZONE(d)), 32000);
  1298:     else
  1299:       OLC_ZONE(d)->top = LIMIT(atoi(arg), genolc_zonep_bottom(OLC_ZONE(d)), genolc_zone_bottom(OLC_ZNUM(d) + 1) - 1);
  1300:     OLC_ZONE(d)->number = 1;
  1301:     zedit_disp_menu(d);
  1302:     break;"
"src\zedit.c","1300","zedit_parse","line","MUTATING_REVIEW","OLC/object/flag mutation","  1298:     else
  1299:       OLC_ZONE(d)->top = LIMIT(atoi(arg), genolc_zonep_bottom(OLC_ZONE(d)), genolc_zone_bottom(OLC_ZNUM(d) + 1) - 1);
  1300:     OLC_ZONE(d)->number = 1;
  1301:     zedit_disp_menu(d);
  1302:     break;
  1303: "
"src\aedit.c","331","aedit_parse","case 'y': case 'Y'","SAVE_PATH","disk/save operation","       case 'y': case 'Y':
         aedit_save_internally(d);
         mudlog (CMP, MAX(LVL_GOD, GET_INVIS_LEV(d->character)), TRUE, ""OLC: %s edits action %s"",
                 GET_NAME(d->character), OLC_ACTION(d)->command);

         /* do not free the strings.. just the structure */
         cleanup_olc(d, CLEANUP_STRUCTS);
         write_to_output(d, ""Action saved to disk.\r\n"");
         break;"
"src\cedit.c","816","cedit_parse","case 'Y'","SAVE_PATH","disk/save operation","        case 'Y':
          cedit_save_internally(d);
          mudlog(CMP, MAX(LVL_BUILDER, GET_INVIS_LEV(d->character)), TRUE,
                 ""OLC: %s modifies the game configuration."", GET_NAME(d->character));
          cleanup_olc(d, CLEANUP_CONFIG);
	  if (CONFIG_AUTO_SAVE) {
	    cedit_save_to_disk();
	    write_to_output(d, ""Game configuration saved to disk.\r\n"");
	  } else
            write_to_output(d, ""Game configuration saved to memory.\r\n"");
          return;"
"src\hedit.c","275","hedit_parse","case 'Y'","SAVE_PATH","disk/save operation","    case 'Y':
      snprintf(buf, sizeof(buf), ""OLC: %s edits help for %s."", GET_NAME(d->character),
               OLC_HELP(d)->keywords);
      mudlog(TRUE, MAX(LVL_BUILDER, GET_INVIS_LEV(d->character)), CMP, ""%s"", buf);
      write_to_output(d, ""Help saved to disk.\r\n"");
      hedit_save_internally(d);

      /* Do not free strings, just the help structure. */
      cleanup_olc(d, CLEANUP_STRUCTS);
      break;"
"src\medit.c","943","medit_parse","case 'Y'","SAVE_PATH","disk/save operation","    case 'Y':
      /* Save the mob in memory and to disk. */
      medit_save_internally(d);
      mudlog(CMP, MAX(LVL_BUILDER, GET_INVIS_LEV(d->character)), TRUE, ""OLC: %s edits mob %d"", GET_NAME(d->character), OLC_NUM(d));
      if (CONFIG_OLC_SAVE) {
        medit_save_to_disk(zone_table[real_zone_by_thing(OLC_NUM(d))].number);
        write_to_output(d, ""Mobile saved to disk.\r\n"");
      } else
        write_to_output(d, ""Mobile saved to memory.\r\n"");
      cleanup_olc(d, CLEANUP_ALL);
      return;"
"src\oedit.c","777","oedit_parse","case 'Y'","SAVE_PATH","disk/save operation","    case 'Y':
      oedit_save_internally(d);
      mudlog(CMP, MAX(LVL_BUILDER, GET_INVIS_LEV(d->character)), TRUE,
              ""OLC: %s edits obj %d"", GET_NAME(d->character), OLC_NUM(d));
      if (CONFIG_OLC_SAVE) {
        oedit_save_to_disk(real_zone_by_thing(OLC_NUM(d)));
        write_to_output(d, ""Object saved to disk.\r\n"");
      } else
        write_to_output(d, ""Object saved to memory.\r\n"");
      cleanup_olc(d, CLEANUP_ALL);
      return;"
"src\qedit.c","388","qedit_parse","case 'Y'","SAVE_PATH","disk/save operation","        case 'Y':
          send_to_char(d->character, ""Saving Quest to memory.\r\n"");
          qedit_save_internally(d);
          mudlog(CMP, MAX(LVL_BUILDER, GET_INVIS_LEV(d->character)), TRUE,
     ""OLC: %s edits quest %d"", GET_NAME(d->character), OLC_NUM(d));
          if (CONFIG_OLC_SAVE) {
            qedit_save_to_disk(real_zone_by_thing(OLC_NUM(d)));
            write_to_output(d, ""Quest %d saved to disk.\r\n"", OLC_NUM(d));
          } else
            write_to_output(d, ""Quest %d saved to memory.\r\n"", OLC_NUM(d));
          cleanup_olc(d, CLEANUP_STRUCTS);
   return;"
"src\redit.c","780","redit_parse","case 'Y'","SAVE_PATH","disk/save operation","    case 'Y':
      redit_save_resets(d);
      redit_save_internally(d);
      mudlog(CMP, MAX(LVL_BUILDER, GET_INVIS_LEV(d->character)), TRUE, ""OLC: %s edits room %d."", GET_NAME(d->character), OLC_NUM(d));
      if (CONFIG_OLC_SAVE) {
        redit_save_to_disk(real_zone_by_thing(OLC_NUM(d)));
        save_zone(OLC_ZNUM(d));
        write_to_output(d, ""Room saved to disk.\r\n"");
      } else
        write_to_output(d, ""Room saved to memory.\r\n"");
      /* Free everything. */
      cleanup_olc(d, CLEANUP_ALL);
      break;"
"src\sedit.c","448","sedit_parse","case 'Y'","SAVE_PATH","disk/save operation","    case 'Y':
      sedit_save_internally(d);
      mudlog(CMP, MAX(LVL_BUILDER, GET_INVIS_LEV(d->character)), TRUE,
             ""OLC: %s edits shop %d"", GET_NAME(d->character),
             OLC_NUM(d));
      if (CONFIG_OLC_SAVE) {
        sedit_save_to_disk(real_zone_by_thing(OLC_NUM(d)));
        write_to_output(d, ""Shop saved to disk.\r\n"");
      } else
        write_to_output(d, ""Shop saved to memory.\r\n"");

      cleanup_olc(d, CLEANUP_STRUCTS);
      return;"
