"File","Line","Function","Case","TargetModes","Strings","Risk","RiskReasons","Evidence"
"src\act.clan.c","404","clanedit_parse","CLANEDIT_SET_NAME","","Clan name cannot be empty. Enter new clan name:","READ_OR_UNKNOWN","","    case CLANEDIT_SET_NAME:
      if (!*arg) {
        write_to_output(d, ""Clan name cannot be empty. Enter new clan name: "");
        return;"
"src\act.clan.c","432","clanedit_parse","CLANEDIT_SET_DISPLAY_NAME","","Display name cannot be empty. Enter new display name:","READ_OR_UNKNOWN","","    case CLANEDIT_SET_DISPLAY_NAME:
      if (!*arg) {
        write_to_output(d, ""Display name cannot be empty. Enter new display name: "");
        return;"
"src\act.clan.c","464","clanedit_parse","CLANEDIT_SET_TAG","","Tag edit is not persisted yet. Use file edits for now.","READ_OR_UNKNOWN","","    case CLANEDIT_SET_TAG:
      write_to_output(d, ""\r\nTag edit is not persisted yet. Use file edits for now.\r\n"");
      d->clanedit_mode = CLANEDIT_MAIN;
      clanedit_menu(d);
      return;"
"src\act.clan.c","472","clanedit_parse","CLANEDIT_SET_PVP_TYPE","","","READ_OR_UNKNOWN","","    case CLANEDIT_SET_PVP_TYPE:
      if (!*arg) {
        clanedit_pvp_menu(d);
        return;"
"src\act.clan.c","492","clanedit_parse","CLANEDIT_CONFIRM_QUIT","","Save changes before exiting? (Y/N):","READ_OR_UNKNOWN","","case CLANEDIT_CONFIRM_QUIT:
      if (!*arg) {
        write_to_output(d, ""Save changes before exiting? (Y/N): "");
        return;"
"src\act.clan.c","499","clanedit_parse","'y'","","Clans saved. Exiting clan editor. | Could not save clans, exiting anyway.","READ_OR_UNKNOWN","","        case 'y':
          if (clan_save_all())
            write_to_output(d, ""Clans saved. Exiting clan editor.\r\n"");
          else
            write_to_output(d, ""Could not save clans, exiting anyway.\r\n"");
          break;"
"src\act.clan.c","506","clanedit_parse","'n'","","Exiting clan editor without saving.","READ_OR_UNKNOWN","","        case 'n':
          write_to_output(d, ""Exiting clan editor without saving.\r\n"");
          break;"
"src\act.clan.c","510","clanedit_parse","default","","Please enter Y or N:","READ_OR_UNKNOWN","","        default:
          write_to_output(d, ""Please enter Y or N: "");
          return;"
"src\act.clan.c","520","clanedit_parse","default","","","READ_OR_UNKNOWN","","    default:
      break;"
"src\act.clan.c","530","clanedit_parse","'1'","","Enter new clan name:","READ_OR_UNKNOWN","","    case '1':
      d->clanedit_mode = CLANEDIT_SET_NAME;
      write_to_output(d, ""Enter new clan name: "");
      return;"
"src\act.clan.c","534","clanedit_parse","'2'","","Enter new clan display name (colors allowed):","READ_OR_UNKNOWN","","    case '2':
      d->clanedit_mode = CLANEDIT_SET_DISPLAY_NAME;
      write_to_output(d, ""Enter new clan display name (colors allowed): "");
      return;"
"src\act.clan.c","538","clanedit_parse","'3'","","Enter new clan tag (shown in who):","READ_OR_UNKNOWN","","    case '3':
      d->clanedit_mode = CLANEDIT_SET_TAG;
      write_to_output(d, ""Enter new clan tag (shown in who): "");
      return;"
"src\act.clan.c","542","clanedit_parse","'4'","","","READ_OR_UNKNOWN","","    case '4':
      d->clanedit_mode = CLANEDIT_SET_PVP_TYPE;
      clanedit_pvp_menu(d);
      return;"
"src\act.clan.c","546","clanedit_parse","'q'","","Save changes before exiting? (Y/N):","READ_OR_UNKNOWN","","case 'q':
      d->clanedit_mode = CLANEDIT_CONFIRM_QUIT;
      write_to_output(d, ""Save changes before exiting? (Y/N): "");
      return;"
"src\act.clan.c","550","clanedit_parse","default","","Invalid choice.","READ_OR_UNKNOWN","","    default:
      write_to_output(d, ""Invalid choice.\r\n"");
      clanedit_menu(d);
      return;"
"src\act.comm.c","205","is_tell_ok","SCMD_WHISPER","","whisper to | whispers to | $n whispers something to $N.","READ_OR_UNKNOWN","","  case SCMD_WHISPER:
    action_sing = ""whisper to"";
    action_plur = ""whispers to"";
    action_others = ""$n whispers something to $N."";
    break;"
"src\act.comm.c","211","is_tell_ok","SCMD_ASK","","ask | asks | $n asks $N a question.","READ_OR_UNKNOWN","","  case SCMD_ASK:
    action_sing = ""ask"";
    action_plur = ""asks"";
    action_others = ""$n asks $N a question."";
    break;"
"src\act.comm.c","217","is_tell_ok","default","","oops | oopses | $n is tongue-tied trying to speak with $N.","READ_OR_UNKNOWN","","  default:
    action_sing = ""oops"";
    action_plur = ""oopses"";
    action_others = ""$n is tongue-tied trying to speak with $N."";
    break;"
"src\act.informative.c","237","show_obj_to_char","SHOW_OBJ_LONG","","","READ_OR_UNKNOWN","","  case SHOW_OBJ_LONG:
    /* Hide objects starting with . from non-holylighted people. - Elaseth */
    if (*obj->description == '.' && (IS_NPC(ch) || !PRF_FLAGGED(ch, PRF_HOLYLIGHT)))
      return;"
"src\act.informative.c","257","show_obj_to_char","SHOW_OBJ_SHORT","","%s[%d] | [T%d] | [TRIGS] | %s | %s%s","READ_OR_UNKNOWN","","  case SHOW_OBJ_SHORT:
    if (!IS_NPC(ch) && PRF_FLAGGED(ch, PRF_SHOWVNUMS)) {
      send_to_char(ch, ""%s[%d] "", CCYEL(ch, C_NRM), GET_OBJ_VNUM(obj));
      if (SCRIPT(obj)) {
        if (!TRIGGERS(SCRIPT(obj))->next)
          send_to_char(ch, ""[T%d] "", GET_TRIG_VNUM(TRIGGERS(SCRIPT(obj))));
        else
          send_to_char(ch, ""[TRIGS] "");
      }
      send_to_char(ch, ""%s"", CCNRM(ch, C_NRM));
    }
    if (!IS_NPC(ch) && (obj->carried_by == ch || obj->worn_by == ch))
      build_player_kept_marker(obj, ch, obj_tags, sizeof(obj_tags));
    else
      build_obj_aura_tags(obj, ch, obj_tags, sizeof(obj_tags), TRUE);
    send_to_char(ch, ""%s%s"", obj_tags, obj->short_description);
    break;"
"src\act.informative.c","275","show_obj_to_char","SHOW_OBJ_ACTION","","","READ_OR_UNKNOWN","","  case SHOW_OBJ_ACTION:
    switch (GET_OBJ_TYPE(obj)) {"
"src\act.informative.c","277","show_obj_to_char","ITEM_NOTE","","There is something written on it:\r\n\r\n%s | It's blank.","READ_OR_UNKNOWN","","    case ITEM_NOTE:
      if (obj->action_description) {
        char notebuf[MAX_NOTE_LENGTH + 64];

        snprintf(notebuf, sizeof(notebuf), ""There is something written on it:\r\n\r\n%s"", obj->action_description);
        page_string(ch->desc, notebuf, TRUE);
      } else
    send_to_char(ch, ""It's blank.\r\n"");
      return;"
"src\act.informative.c","287","show_obj_to_char","ITEM_DRINKCON","","It looks like a drink container.","READ_OR_UNKNOWN","","    case ITEM_DRINKCON:
      send_to_char(ch, ""It looks like a drink container."");
      break;"
"src\act.informative.c","291","show_obj_to_char","default","","You see nothing special..","READ_OR_UNKNOWN","","    default:
      send_to_char(ch, ""You see nothing special.."");
      break;"
"src\act.informative.c","297","show_obj_to_char","default","","SYSERR: Bad display mode (%d) in show_obj_to_char().","READ_OR_UNKNOWN","","  default:
    log(""SYSERR: Bad display mode (%d) in show_obj_to_char()."", mode);
    /*  SYSERR_DESC:  show_obj_to_char() has some predefined 'mode's (argument
     *  #3) to tell it what to display to the character when it is called.  If
     *  the mode is not one of these, it will output this error, and indicate
     *  what mode was passed to it.  To correct it, you will need to find the
     *  call with the incorrect mode and change it to an acceptable mode. */
    return;"
"src\act.informative.c","934","out_append","default","","","READ_OR_UNKNOWN","","    default:              return KNRM;
  }
}

static void append_colored_aura_tag(struct char_data *viewer, char *out, size_t outsz,
                                    int aura_flag, const char *label)
{
  char tagbuf[96];
  const char *clr = """";
  const char *reset = """";

  if (!out || !label)
    return;"
"src\act.informative.c","1308","look_in_obj","FIND_OBJ_INV","","(carried):","READ_OR_UNKNOWN","","        case FIND_OBJ_INV:
          send_to_char(ch, "" (carried): \r\n"");
          break;"
"src\act.informative.c","1311","look_in_obj","FIND_OBJ_ROOM","","(here):","READ_OR_UNKNOWN","","        case FIND_OBJ_ROOM:
          send_to_char(ch, "" (here): \r\n"");
          break;"
"src\act.informative.c","1314","look_in_obj","FIND_OBJ_EQUIP","","(used):","READ_OR_UNKNOWN","","        case FIND_OBJ_EQUIP:
          send_to_char(ch, "" (used): \r\n"");
          break;"
"src\act.informative.c","1659","parse_bounty_amount","default","","","READ_OR_UNKNOWN","","        default: return FALSE; /* Unknown suffix */
      }
    }

    if (token[0] == '\0')
      return FALSE;"
"src\act.informative.c","2067","parse_bounty_amount","POS_DEAD","","You are DEAD!","READ_OR_UNKNOWN","","    case POS_DEAD:
      status_text = ""You are DEAD!"";
      break;"
"src\act.informative.c","2070","parse_bounty_amount","POS_MORTALLYW","","Mortally wounded!","READ_OR_UNKNOWN","","    case POS_MORTALLYW:
      status_text = ""Mortally wounded!"";
      break;"
"src\act.informative.c","2073","parse_bounty_amount","POS_INCAP","","Incapacitated","READ_OR_UNKNOWN","","    case POS_INCAP:
      status_text = ""Incapacitated"";
      break;"
"src\act.informative.c","2076","parse_bounty_amount","POS_STUNNED","","Stunned","READ_OR_UNKNOWN","","    case POS_STUNNED:
      status_text = ""Stunned"";
      break;"
"src\act.informative.c","2079","parse_bounty_amount","POS_SLEEPING","","Sleeping","READ_OR_UNKNOWN","","    case POS_SLEEPING:
      status_text = ""Sleeping"";
      break;"
"src\act.informative.c","2082","parse_bounty_amount","POS_RESTING","","Resting","READ_OR_UNKNOWN","","    case POS_RESTING:
      status_text = ""Resting"";
      break;"
"src\act.informative.c","2085","parse_bounty_amount","POS_SITTING","","Sitting","READ_OR_UNKNOWN","","    case POS_SITTING:
      status_text = !SITTING(ch) ? ""Sitting"" : SITTING(ch)->short_description;
      break;"
"src\act.informative.c","2088","parse_bounty_amount","POS_FIGHTING","","thin air","READ_OR_UNKNOWN","","    case POS_FIGHTING:
      status_text = (FIGHTING(ch) ? PERS(FIGHTING(ch), ch) : ""thin air"");
      break;"
"src\act.informative.c","2091","parse_bounty_amount","POS_STANDING","","Standing","READ_OR_UNKNOWN","","    case POS_STANDING:
      status_text = ""Standing"";
      break;"
"src\act.informative.c","2094","parse_bounty_amount","default","","Floating","READ_OR_UNKNOWN","","    default:
      status_text = ""Floating"";
      break;"
"src\act.informative.c","2438","is_aff_debuff","APPLY_AC","","","READ_OR_UNKNOWN","","    case APPLY_AC:"
"src\act.informative.c","2439","is_aff_debuff","APPLY_EVASION","","","READ_OR_UNKNOWN","","    case APPLY_EVASION:
      return (af->modifier < 0);"
"src\act.informative.c","2441","is_aff_debuff","APPLY_SAVING_BREATH","","","READ_OR_UNKNOWN","","    case APPLY_SAVING_BREATH:"
"src\act.informative.c","2442","is_aff_debuff","APPLY_SAVING_SPELL","","","READ_OR_UNKNOWN","","    case APPLY_SAVING_SPELL:"
"src\act.informative.c","2443","is_aff_debuff","APPLY_SAVING_PARA","","","READ_OR_UNKNOWN","","    case APPLY_SAVING_PARA:"
"src\act.informative.c","2444","is_aff_debuff","APPLY_SAVING_ROD","","","READ_OR_UNKNOWN","","    case APPLY_SAVING_ROD:"
"src\act.informative.c","2445","is_aff_debuff","APPLY_SAVING_PETRI","","","READ_OR_UNKNOWN","","    case APPLY_SAVING_PETRI:
      return (af->modifier > 0);"
"src\act.informative.c","2510","aff_flags_has_meaningful_bits","APPLY_SAVING_BREATH","","","READ_OR_UNKNOWN","","    case APPLY_SAVING_BREATH:"
"src\act.informative.c","2511","aff_flags_has_meaningful_bits","APPLY_SAVING_SPELL","","","READ_OR_UNKNOWN","","    case APPLY_SAVING_SPELL:"
"src\act.informative.c","2512","aff_flags_has_meaningful_bits","APPLY_SAVING_PARA","","","READ_OR_UNKNOWN","","    case APPLY_SAVING_PARA:"
"src\act.informative.c","2513","aff_flags_has_meaningful_bits","APPLY_SAVING_ROD","","","READ_OR_UNKNOWN","","    case APPLY_SAVING_ROD:"
"src\act.informative.c","2514","aff_flags_has_meaningful_bits","APPLY_SAVING_PETRI","","improves | worsens","READ_OR_UNKNOWN","","    case APPLY_SAVING_PETRI:
      return (modifier < 0) ? ""improves"" : ""worsens"";"
"src\act.informative.c","2526","is_saving_apply","APPLY_SAVING_BREATH","","","READ_OR_UNKNOWN","","    case APPLY_SAVING_BREATH:"
"src\act.informative.c","2527","is_saving_apply","APPLY_SAVING_SPELL","","","READ_OR_UNKNOWN","","    case APPLY_SAVING_SPELL:"
"src\act.informative.c","2528","is_saving_apply","APPLY_SAVING_PARA","","","READ_OR_UNKNOWN","","    case APPLY_SAVING_PARA:"
"src\act.informative.c","2529","is_saving_apply","APPLY_SAVING_ROD","","","READ_OR_UNKNOWN","","    case APPLY_SAVING_ROD:"
"src\act.informative.c","2530","is_saving_apply","APPLY_SAVING_PETRI","","","READ_OR_UNKNOWN","","    case APPLY_SAVING_PETRI:
      return 1;"
"src\act.informative.c","2540","is_saving_apply","APPLY_SAVING_SPELL","","spell saves","READ_OR_UNKNOWN","","    case APPLY_SAVING_SPELL:
      return ""spell saves"";"
"src\act.informative.c","2542","is_saving_apply","APPLY_SAVING_BREATH","","breath saves","READ_OR_UNKNOWN","","    case APPLY_SAVING_BREATH:
      return ""breath saves"";"
"src\act.informative.c","2544","is_saving_apply","APPLY_SAVING_PARA","","paralysis saves","READ_OR_UNKNOWN","","    case APPLY_SAVING_PARA:
      return ""paralysis saves"";"
"src\act.informative.c","2546","is_saving_apply","APPLY_SAVING_ROD","","rod saves","READ_OR_UNKNOWN","","    case APPLY_SAVING_ROD:
      return ""rod saves"";"
"src\act.informative.c","2548","is_saving_apply","APPLY_SAVING_PETRI","","petrification saves","READ_OR_UNKNOWN","","    case APPLY_SAVING_PETRI:
      return ""petrification saves"";"
"src\act.informative.c","3253","thirst_is_actively_draining","1","","st","READ_OR_UNKNOWN","","    case 1:
      suf = ""st"";
      break;"
"src\act.informative.c","3256","thirst_is_actively_draining","2","","nd","READ_OR_UNKNOWN","","    case 2:
      suf = ""nd"";
      break;"
"src\act.informative.c","3259","thirst_is_actively_draining","3","","rd","READ_OR_UNKNOWN","","    case 3:
      suf = ""rd"";
      break;"
"src\act.informative.c","3750","search_help","'k'","","","READ_OR_UNKNOWN","","      case 'k':
        outlaws = 1;
        strcpy(buf, buf1);   /* strcpy: OK (sizeof: buf1 == buf) */
        break;"
"src\act.informative.c","3754","search_help","'z'","","","READ_OR_UNKNOWN","","      case 'z':
        localwho = 1;
        strcpy(buf, buf1);   /* strcpy: OK (sizeof: buf1 == buf) */
        break;"
"src\act.informative.c","3758","search_help","'s'","","","READ_OR_UNKNOWN","","      case 's':
        short_list = 1;
        strcpy(buf, buf1);   /* strcpy: OK (sizeof: buf1 == buf) */
        break;"
"src\act.informative.c","3762","search_help","'q'","","","READ_OR_UNKNOWN","","      case 'q':
        questwho = 1;
        strcpy(buf, buf1);   /* strcpy: OK (sizeof: buf1 == buf) */
        break;"
"src\act.informative.c","3766","search_help","'n'","","","READ_OR_UNKNOWN","","      case 'n':
        half_chop(buf1, name_search, buf);
        break;"
"src\act.informative.c","3769","search_help","'r'","","","READ_OR_UNKNOWN","","      case 'r':
        who_room = 1;
        strcpy(buf, buf1);   /* strcpy: OK (sizeof: buf1 == buf) */
        break;"
"src\act.informative.c","3773","search_help","'c'","","","READ_OR_UNKNOWN","","      case 'c':
        half_chop(buf1, arg, buf);
        showclass = find_class_bitvector(arg);
        break;"
"src\act.informative.c","3777","search_help","'l'","","","READ_OR_UNKNOWN","","      case 'l':
        showleader = 1;
        strcpy(buf, buf1);   /* strcpy: OK (sizeof: buf1 == buf) */
        break;"
"src\act.informative.c","3781","search_help","'g'","","","READ_OR_UNKNOWN","","      case 'g':
        showgroup = 1;
        strcpy(buf, buf1);   /* strcpy: OK (sizeof: buf1 == buf) */
        break;"
"src\act.informative.c","3785","search_help","default","","%s","READ_OR_UNKNOWN","","      default:
        send_to_char(ch, ""%s"", WHO_FORMAT);
        return;"
"src\act.informative.c","4033","search_help","'o'","","","READ_OR_UNKNOWN","","      case 'o':"
"src\act.informative.c","4034","search_help","'k'","","","READ_OR_UNKNOWN","","      case 'k':
    outlaws = 1;
    playing = 1;
    strcpy(buf, buf1);    /* strcpy: OK (sizeof: buf1 == buf) */
    break;"
"src\act.informative.c","4039","search_help","'p'","","","READ_OR_UNKNOWN","","      case 'p':
    playing = 1;
    strcpy(buf, buf1);    /* strcpy: OK (sizeof: buf1 == buf) */
    break;"
"src\act.informative.c","4043","search_help","'d'","","","READ_OR_UNKNOWN","","      case 'd':
    deadweight = 1;
    strcpy(buf, buf1);    /* strcpy: OK (sizeof: buf1 == buf) */
    break;"
"src\act.informative.c","4047","search_help","'l'","","%d-%d","READ_OR_UNKNOWN","","      case 'l':
    playing = 1;
    half_chop(buf1, arg, buf);
    sscanf(arg, ""%d-%d"", &low, &high);
    break;"
"src\act.informative.c","4052","search_help","'n'","","","READ_OR_UNKNOWN","","      case 'n':
    playing = 1;
    half_chop(buf1, name_search, buf);
    break;"
"src\act.informative.c","4056","search_help","'h'","","","READ_OR_UNKNOWN","","      case 'h':
    playing = 1;
    half_chop(buf1, host_search, buf);
    break;"
"src\act.informative.c","4060","search_help","'c'","","","READ_OR_UNKNOWN","","      case 'c':
    playing = 1;
    half_chop(buf1, arg, buf);
    showclass = find_class_bitvector(arg);
    break;"
"src\act.informative.c","4065","search_help","default","","%s","READ_OR_UNKNOWN","","      default:
    send_to_char(ch, ""%s"", USERS_FORMAT);
    return;"
"src\act.informative.c","4161","search_help","SCMD_CREDITS","","","READ_OR_UNKNOWN","","  case SCMD_CREDITS:
    page_string(ch->desc, credits, 0);
    break;"
"src\act.informative.c","4164","search_help","SCMD_NEWS","","","READ_OR_UNKNOWN","","  case SCMD_NEWS:
    GET_LAST_NEWS(ch) = time(0);
    page_string(ch->desc, news, 0);
    break;"
"src\act.informative.c","4168","search_help","SCMD_INFO","","","READ_OR_UNKNOWN","","  case SCMD_INFO:
    page_string(ch->desc, info, 0);
    break;"
"src\act.informative.c","4171","search_help","SCMD_WIZLIST","","","READ_OR_UNKNOWN","","  case SCMD_WIZLIST:
    page_string(ch->desc, wizlist, 0);
    break;"
"src\act.informative.c","4174","search_help","SCMD_IMMLIST","","","READ_OR_UNKNOWN","","  case SCMD_IMMLIST:
    page_string(ch->desc, immlist, 0);
    break;"
"src\act.informative.c","4177","search_help","SCMD_HANDBOOK","","","READ_OR_UNKNOWN","","  case SCMD_HANDBOOK:
    page_string(ch->desc, handbook, 0);
    break;"
"src\act.informative.c","4180","search_help","SCMD_POLICIES","","","READ_OR_UNKNOWN","","  case SCMD_POLICIES:
    page_string(ch->desc, policies, 0);
    break;"
"src\act.informative.c","4183","search_help","SCMD_MOTD","","","READ_OR_UNKNOWN","","  case SCMD_MOTD:
    GET_LAST_MOTD(ch) = time(0);
    page_string(ch->desc, motd, 0);
    break;"
"src\act.informative.c","4187","search_help","SCMD_IMOTD","","","READ_OR_UNKNOWN","","  case SCMD_IMOTD:
    page_string(ch->desc, imotd, 0);
    break;"
"src\act.informative.c","4190","search_help","SCMD_CLEAR","","\033[H\033[J","READ_OR_UNKNOWN","","  case SCMD_CLEAR:
    send_to_char(ch, ""\033[H\033[J"");
    break;"
"src\act.informative.c","4193","search_help","SCMD_VERSION","","%s","READ_OR_UNKNOWN","","  case SCMD_VERSION:
    send_to_char(ch, ""%s\r\n"", tbamud_version);
    break;"
"src\act.informative.c","4196","search_help","SCMD_WHOAMI","","%s","READ_OR_UNKNOWN","","  case SCMD_WHOAMI:
    send_to_char(ch, ""%s\r\n"", GET_NAME(ch));
    break;"
"src\act.informative.c","4199","search_help","default","","SYSERR: Unhandled case in do_gen_ps. (%d)","READ_OR_UNKNOWN","","  default:
    log(""SYSERR: Unhandled case in do_gen_ps. (%d)"", subcmd);
    /* SYSERR_DESC: General page string function for such things as 'credits',
     * 'news', 'wizlist', 'clear', 'version'.  This occurs when a call is made
     * to this routine that is not one of the predefined calls.  To correct it,
     * either a case needs to be added into the function to account for the
     * subcmd that is being passed to it, or the call to the function needs to
     * have the correct subcmd put into place. */
    return;"
"src\act.informative.c","4455","perform_immort_where","SEX_MALE","","","READ_OR_UNKNOWN","","    case SEX_MALE:"
"src\act.informative.c","4456","perform_immort_where","SEX_NEUTRAL","","%s","READ_OR_UNKNOWN","","    case SEX_NEUTRAL:
      nlen = snprintf(buf + len, sizeof(buf) - len, ""%s\r\n"", title_male(GET_CLASS(ch), i));
      break;"
"src\act.informative.c","4459","perform_immort_where","SEX_FEMALE","","%s","READ_OR_UNKNOWN","","    case SEX_FEMALE:
      nlen = snprintf(buf + len, sizeof(buf) - len, ""%s\r\n"", title_female(GET_CLASS(ch), i));
      break;"
"src\act.informative.c","4462","perform_immort_where","default","","Oh dear.  You seem to be sexless.","READ_OR_UNKNOWN","","    default:
      nlen = snprintf(buf + len, sizeof(buf) - len, ""Oh dear.  You seem to be sexless.\r\n"");
      break;"
"src\act.informative.c","4801","perform_immort_where","SCMD_COLOR","","Your current color level is %s.","READ_OR_UNKNOWN","","  case SCMD_COLOR:
    if (!*arg2) {
      send_to_char(ch, ""Your current color level is %s.\r\n"", types[COLOR_LEV(ch)]);
      return;"
"src\act.informative.c","4818","perform_immort_where","SCMD_SYSLOG","","Your syslog is currently %s.","READ_OR_UNKNOWN","","  case SCMD_SYSLOG:
    if (!*arg2) {
      send_to_char(ch, ""Your syslog is currently %s.\r\n"",
        types[(PRF_FLAGGED(ch, PRF_LOG1) ? 1 : 0) + (PRF_FLAGGED(ch, PRF_LOG2) ? 2 : 0)]);
      return;"
"src\act.informative.c","4835","perform_immort_where","SCMD_SLOWNS","","","READ_OR_UNKNOWN","","  case SCMD_SLOWNS:
    result = (CONFIG_NS_IS_SLOW = !CONFIG_NS_IS_SLOW);
    break;"
"src\act.informative.c","4838","perform_immort_where","SCMD_TRACK","","","READ_OR_UNKNOWN","","  case SCMD_TRACK:
    result = (CONFIG_TRACK_T_DOORS = !CONFIG_TRACK_T_DOORS);
    break;"
"src\act.informative.c","4841","perform_immort_where","SCMD_BUILDWALK","","Builders only, sorry.","READ_OR_UNKNOWN","","  case SCMD_BUILDWALK:
    if (GET_LEVEL(ch) < LVL_BUILDER) {
      send_to_char(ch, ""Builders only, sorry.\r\n"");
      return;"
"src\act.informative.c","4861","perform_immort_where","SCMD_AFK","","$n is now away from $s keyboard. | $n has returned to $s keyboard. | You have mail waiting.","READ_OR_UNKNOWN","","  case SCMD_AFK:
    if ((result = PRF_TOG_CHK(ch, PRF_AFK)))
      act(""$n is now away from $s keyboard."", TRUE, ch, 0, 0, TO_ROOM);
    else {
      act(""$n has returned to $s keyboard."", TRUE, ch, 0, 0, TO_ROOM);
      if (has_mail(GET_IDNUM(ch)))
        send_to_char(ch, ""You have mail waiting.\r\n"");
    }
    break;"
"src\act.informative.c","4870","perform_immort_where","SCMD_WIMPY","","Your current wimp level is %d hit points.","READ_OR_UNKNOWN","","  case SCMD_WIMPY:
    if (!*arg2) {
      if (GET_WIMP_LEV(ch)) {
        send_to_char(ch, ""Your current wimp level is %d hit points.\r\n"", GET_WIMP_LEV(ch));
        return;"
"src\act.informative.c","4899","perform_immort_where","SCMD_PAGELENGTH","","Your current page length is set to %d lines. | Okay, your page length is now set to %d lines. | Please specify a number of lines (5 - 255).","READ_OR_UNKNOWN","","  case SCMD_PAGELENGTH:
    if (!*arg2)
      send_to_char(ch, ""Your current page length is set to %d lines."", GET_PAGE_LENGTH(ch));
    else if (is_number(arg2)) {
      GET_PAGE_LENGTH(ch) = MIN(MAX(atoi(arg2), 5), 255);
      send_to_char(ch, ""Okay, your page length is now set to %d lines."", GET_PAGE_LENGTH(ch));
    } else
      send_to_char(ch, ""Please specify a number of lines (5 - 255)."");
    break;"
"src\act.informative.c","4908","perform_immort_where","SCMD_SCREENWIDTH","","Your current screen width is set to %d characters. | Okay, your screen width is now set to %d characters. | Please specify a number of characters (40 - 200).","READ_OR_UNKNOWN","","  case SCMD_SCREENWIDTH:
    if (!*arg2)
      send_to_char(ch, ""Your current screen width is set to %d characters."", GET_SCREEN_WIDTH(ch));
    else if (is_number(arg2)) {
      GET_SCREEN_WIDTH(ch) = MIN(MAX(atoi(arg2), 40), 200);
      send_to_char(ch, ""Okay, your screen width is now set to %d characters."", GET_SCREEN_WIDTH(ch));
    } else
      send_to_char(ch, ""Please specify a number of characters (40 - 200)."");
    break;"
"src\act.informative.c","4917","perform_immort_where","SCMD_AUTOMAP","","on | off | Value for %s must either be 'on' or 'off'.","DESTRUCTIVE_REVIEW","delete/purge/extract/remove/free operation | OLC/object/flag mutation","  case SCMD_AUTOMAP:
    if (can_see_map(ch)) {
      if (!*arg2) {
        TOGGLE_BIT_AR(PRF_FLAGS(ch), tog_messages[toggle].toggle);
        result = (PRF_FLAGGED(ch, tog_messages[toggle].toggle));
      } else if (!strcmp(arg2, ""on"")) {
        SET_BIT_AR(PRF_FLAGS(ch), tog_messages[toggle].toggle);
        result = 1;
      } else if (!strcmp(arg2, ""off"")) {
        REMOVE_BIT_AR(PRF_FLAGS(ch), tog_messages[toggle].toggle);
      } else {
        send_to_char(ch, ""Value for %s must either be 'on' or 'off'.\r\n"", tog_messages[toggle].command);
        return;"
"src\act.informative.c","4934","perform_immort_where","default","","on | off | Value for %s must either be 'on' or 'off'.","DESTRUCTIVE_REVIEW","delete/purge/extract/remove/free operation | OLC/object/flag mutation","  default:
    if (!*arg2) {
      TOGGLE_BIT_AR(PRF_FLAGS(ch), tog_messages[toggle].toggle);
      result = (PRF_FLAGGED(ch, tog_messages[toggle].toggle));
    } else if (!strcmp(arg2, ""on"")) {
      SET_BIT_AR(PRF_FLAGS(ch), tog_messages[toggle].toggle);
      result = 1;
    } else if (!strcmp(arg2, ""off"")) {
      REMOVE_BIT_AR(PRF_FLAGS(ch), tog_messages[toggle].toggle);
    } else {
      send_to_char(ch, ""Value for %s must either be 'on' or 'off'.\r\n"", tog_messages[toggle].command);
      return;"
"src\act.item.c","539","perform_drop_gold","SCMD_DROP","","","READ_OR_UNKNOWN","","  case SCMD_DROP:
    obj_to_room(obj, IN_ROOM(ch));
    return (0);"
"src\act.item.c","542","perform_drop_gold","SCMD_DONATE","","$p suddenly appears in a puff a smoke!","READ_OR_UNKNOWN","","  case SCMD_DONATE:
    obj_to_room(obj, RDR);
    act(""$p suddenly appears in a puff a smoke!"", FALSE, 0, obj, 0, TO_ROOM);
    return (0);"
"src\act.item.c","546","perform_drop_gold","SCMD_JUNK","","","DESTRUCTIVE_REVIEW","delete/purge/extract/remove/free operation","  case SCMD_JUNK:
    value = MAX(1, MIN(200, GET_OBJ_COST(obj) / 16));
    extract_obj(obj);
    return (value);"
"src\act.item.c","550","perform_drop_gold","default","","SYSERR: Incorrect argument %d passed to perform_drop.","READ_OR_UNKNOWN","","  default:
    log(""SYSERR: Incorrect argument %d passed to perform_drop."", mode);
    /* SYSERR_DESC: This error comes from perform_drop() and is output when
     * perform_drop() is called with an illegal 'mode' argument. */
    break;"
"src\act.item.c","624","perform_drop_currency","SCMD_JUNK","","junk","READ_OR_UNKNOWN","","  case SCMD_JUNK:
    sname = ""junk"";
    mode = SCMD_JUNK;
    break;"
"src\act.item.c","628","perform_drop_currency","SCMD_DONATE","","donate","READ_OR_UNKNOWN","","  case SCMD_DONATE:
    sname = ""donate"";
    mode = SCMD_DONATE;
    /* fail + double chance for room 1   */
    num_don_rooms = (CONFIG_DON_ROOM_1 != NOWHERE) * 2 +
                    (CONFIG_DON_ROOM_2 != NOWHERE)     +
                    (CONFIG_DON_ROOM_3 != NOWHERE)     + 1 ;
    switch (rand_number(0, num_don_rooms)) {"
"src\act.item.c","636","perform_drop_currency","0","","","READ_OR_UNKNOWN","","    case 0:
      mode = SCMD_JUNK;
      break;"
"src\act.item.c","639","perform_drop_currency","1","","","READ_OR_UNKNOWN","","    case 1:"
"src\act.item.c","640","perform_drop_currency","2","","","READ_OR_UNKNOWN","","    case 2:
      RDR = real_room(CONFIG_DON_ROOM_1);
      break;"
"src\act.item.c","652","perform_drop_currency","default","","drop","READ_OR_UNKNOWN","","  default:
    sname = ""drop"";
    break;"
"src\act.item.c","1022","name_to_drinkcon","SECT_WATER_SWIM","","","READ_OR_UNKNOWN","","      case SECT_WATER_SWIM:"
"src\act.item.c","1023","name_to_drinkcon","SECT_WATER_NOSWIM","","","READ_OR_UNKNOWN","","      case SECT_WATER_NOSWIM:"
"src\act.item.c","1024","name_to_drinkcon","SECT_UNDERWATER","","You don't feel thirsty any more.","READ_OR_UNKNOWN","","      case SECT_UNDERWATER:
        if (GET_COND(ch, THIRST) > 20) {
          send_to_char(ch, ""You don't feel thirsty any more.\r\n"");
          return;"
"src\act.item.c","1036","name_to_drinkcon","default","","Drink from what?","READ_OR_UNKNOWN","","      default:
    send_to_char(ch, ""Drink from what?\r\n"");
    return;"
"src\act.item.c","2051","GET_EQ","0","","You sacrifice %s to the Gods.\r\nYou receive one gold coin for your humility.","READ_OR_UNKNOWN","","    case 0:
      send_to_char(ch, ""You sacrifice %s to the Gods.\r\nYou receive one gold coin for your humility.\r\n"", GET_OBJ_SHORT(j));
      increase_gold(ch, 1);
    break;"
"src\act.item.c","2055","GET_EQ","1","","You sacrifice %s to the Gods.\r\nThe Gods ignore your sacrifice.","READ_OR_UNKNOWN","","    case 1:
      send_to_char(ch, ""You sacrifice %s to the Gods.\r\nThe Gods ignore your sacrifice.\r\n"", GET_OBJ_SHORT(j));
    break;"
"src\act.item.c","2058","GET_EQ","2","","You sacrifice %s to the Gods.\r\nThe gods give you %d experience points.","READ_OR_UNKNOWN","","    case 2:
      send_to_char(ch, ""You sacrifice %s to the Gods.\r\nThe gods give you %d experience points.\r\n"", GET_OBJ_SHORT(j), 1+2*GET_OBJ_LEVEL(j));
      gain_exp(ch, (1 + 2 * GET_OBJ_LEVEL(j))); break;"
"src\act.item.c","2061","GET_EQ","3","","You sacrifice %s to the Gods.\r\nYou receive %s%d%s experience points.","READ_OR_UNKNOWN","","    case 3:
      send_to_char(ch, ""You sacrifice %s to the Gods.\r\nYou receive %s%d%s experience points.\r\n"", GET_OBJ_SHORT(j),
                   CCYEL(ch, C_NRM), 1 + GET_OBJ_LEVEL(j), CCNRM(ch, C_NRM));
      gain_exp(ch, (1 + GET_OBJ_LEVEL(j))); break;"
"src\act.item.c","2065","GET_EQ","4","","Your sacrifice to the Gods is rewarded with %d gold coins.","READ_OR_UNKNOWN","","    case 4:
      send_to_char(ch, ""Your sacrifice to the Gods is rewarded with %d gold coins.\r\n"", 1+GET_OBJ_LEVEL(j));
      increase_gold(ch, (1+GET_OBJ_LEVEL(j)));
    break;"
"src\act.item.c","2069","GET_EQ","5","","Your sacrifice to the Gods is rewarded with %d gold coins","READ_OR_UNKNOWN","","    case 5:
      send_to_char(ch, ""Your sacrifice to the Gods is rewarded with %d gold coins\r\n"", (1+2*GET_OBJ_LEVEL(j)));
      increase_gold(ch, (1+2*GET_OBJ_LEVEL(j)));
    break;"
"src\act.item.c","2073","GET_EQ","default","","You sacrifice %s to the Gods.\r\nYou receive one gold coin for your humility.","READ_OR_UNKNOWN","","    default:
      send_to_char(ch, ""You sacrifice %s to the Gods.\r\nYou receive one gold coin for your humility.\r\n"",GET_OBJ_SHORT(j));
      increase_gold(ch, 1);
    break;"
"src\act.movement.c","1010","do_doorcmd","SCMD_OPEN","","%s","READ_OR_UNKNOWN","","  case SCMD_OPEN:
    OPEN_DOOR(IN_ROOM(ch), obj, door);
    if (back)
      OPEN_DOOR(other_room, obj, rev_dir[door]);
    send_to_char(ch, ""%s"", CONFIG_OK);
    break;"
"src\act.movement.c","1017","do_doorcmd","SCMD_CLOSE","","%s","READ_OR_UNKNOWN","","  case SCMD_CLOSE:
    CLOSE_DOOR(IN_ROOM(ch), obj, door);
    if (back)
      CLOSE_DOOR(other_room, obj, rev_dir[door]);
    send_to_char(ch, ""%s"", CONFIG_OK);
    break;"
"src\act.movement.c","1024","do_doorcmd","SCMD_LOCK","","*Click*","READ_OR_UNKNOWN","","  case SCMD_LOCK:
    LOCK_DOOR(IN_ROOM(ch), obj, door);
    if (back)
      LOCK_DOOR(other_room, obj, rev_dir[door]);
    send_to_char(ch, ""*Click*\r\n"");
    break;"
"src\act.movement.c","1031","do_doorcmd","SCMD_UNLOCK","","*Click*","READ_OR_UNKNOWN","","  case SCMD_UNLOCK:
    UNLOCK_DOOR(IN_ROOM(ch), obj, door);
    if (back)
      UNLOCK_DOOR(other_room, obj, rev_dir[door]);
    send_to_char(ch, ""*Click*\r\n"");
    break;"
"src\act.movement.c","1038","do_doorcmd","SCMD_PICK","","The lock quickly yields to your skills. | $n skillfully picks the lock on","READ_OR_UNKNOWN","","  case SCMD_PICK:
    TOGGLE_LOCK(IN_ROOM(ch), obj, door);
    if (back)
      TOGGLE_LOCK(other_room, obj, rev_dir[door]);
    send_to_char(ch, ""The lock quickly yields to your skills.\r\n"");
    len = strlcpy(buf, ""$n skillfully picks the lock on "", sizeof(buf));
    break;"
"src\act.movement.c","1234","ok_pick","POS_STANDING","","You are already standing.","READ_OR_UNKNOWN","","  case POS_STANDING:
    send_to_char(ch, ""You are already standing.\r\n"");
    break;"
"src\act.movement.c","1238","ok_pick","POS_SITTING","","You stand up. | $n clambers to $s feet.","READ_OR_UNKNOWN","","  case POS_SITTING:
    send_to_char(ch, ""You stand up.\r\n"");
    act(""$n clambers to $s feet."", TRUE, ch, 0, 0, TO_ROOM);
    /* Were they sitting in something? */
    char_from_furniture(ch);
    /* Will be sitting after a successful bash and may still be fighting. */
    GET_POS(ch) = FIGHTING(ch) ? POS_FIGHTING : POS_STANDING;
    /* Recompute after furniture state change so derived effects drop immediately. */
    affect_total(ch);
    break;"
"src\act.movement.c","1249","ok_pick","POS_RESTING","","You stop resting, and stand up. | $n stops resting, and clambers on $s feet.","READ_OR_UNKNOWN","","  case POS_RESTING:
    send_to_char(ch, ""You stop resting, and stand up.\r\n"");
    act(""$n stops resting, and clambers on $s feet."", TRUE, ch, 0, 0, TO_ROOM);
    /* Were they resting on furniture? */
    char_from_furniture(ch);
    GET_POS(ch) = POS_STANDING;
    /* Recompute after furniture state change so derived effects drop immediately. */
    affect_total(ch);
    break;"
"src\act.movement.c","1259","ok_pick","POS_SLEEPING","","You have to wake up first!","READ_OR_UNKNOWN","","  case POS_SLEEPING:
    send_to_char(ch, ""You have to wake up first!\r\n"");
    break;"
"src\act.movement.c","1263","ok_pick","POS_FIGHTING","","Do you not consider fighting as standing?","READ_OR_UNKNOWN","","  case POS_FIGHTING:
    send_to_char(ch, ""Do you not consider fighting as standing?\r\n"");
    break;"
"src\act.movement.c","1267","ok_pick","default","","You stop floating around, and put your feet on the ground. | $n stops floating around, and puts $s feet on the ground.","READ_OR_UNKNOWN","","  default:
    send_to_char(ch, ""You stop floating around, and put your feet on the ground.\r\n"");
    act(""$n stops floating around, and puts $s feet on the ground."",
        TRUE, ch, 0, 0, TO_ROOM);
    GET_POS(ch) = POS_STANDING;
    break;"
"src\act.movement.c","1289","ok_pick","POS_STANDING","","You sit down upon $p. | $n sits down upon $p. | You sit down. | $n sits down.","READ_OR_UNKNOWN","","  case POS_STANDING:
    if (state == 1 && furniture) {
      place_char_on_furniture(ch, furniture);
      act(""You sit down upon $p."", TRUE, ch, furniture, 0, TO_CHAR);
      act(""$n sits down upon $p."", TRUE, ch, furniture, 0, TO_ROOM);
      GET_POS(ch) = POS_SITTING;
    } else {
      send_to_char(ch, ""You sit down.\r\n"");
      act(""$n sits down."", FALSE, ch, 0, 0, TO_ROOM);
      GET_POS(ch) = POS_SITTING;
    }
    break;"
"src\act.movement.c","1301","ok_pick","POS_SITTING","","You move over and sit upon $p. | $n moves over and sits upon $p. | You're sitting already.","READ_OR_UNKNOWN","","  case POS_SITTING:
    if (state == 1 && furniture && SITTING(ch) != furniture) {
      place_char_on_furniture(ch, furniture);
      act(""You move over and sit upon $p."", TRUE, ch, furniture, 0, TO_CHAR);
      act(""$n moves over and sits upon $p."", TRUE, ch, furniture, 0, TO_ROOM);
    } else
      send_to_char(ch, ""You're sitting already.\r\n"");
    break;"
"src\act.movement.c","1309","ok_pick","POS_RESTING","","You stop resting, and sit up. | $n stops resting.","READ_OR_UNKNOWN","","  case POS_RESTING:
    if (state == 1 && furniture && SITTING(ch) != furniture)
      place_char_on_furniture(ch, furniture);

    send_to_char(ch, ""You stop resting, and sit up.\r\n"");
    act(""$n stops resting."", TRUE, ch, 0, 0, TO_ROOM);
    GET_POS(ch) = POS_SITTING;
    break;"
"src\act.movement.c","1317","ok_pick","POS_SLEEPING","","You have to wake up first.","READ_OR_UNKNOWN","","  case POS_SLEEPING:
    send_to_char(ch, ""You have to wake up first.\r\n"");
    break;"
"src\act.movement.c","1320","ok_pick","POS_FIGHTING","","Sit down while fighting? Are you MAD?","READ_OR_UNKNOWN","","  case POS_FIGHTING:
    send_to_char(ch, ""Sit down while fighting? Are you MAD?\r\n"");
    break;"
"src\act.movement.c","1323","ok_pick","default","","You stop floating around, and sit down. | $n stops floating around, and sits down.","READ_OR_UNKNOWN","","  default:
    send_to_char(ch, ""You stop floating around, and sit down.\r\n"");
    act(""$n stops floating around, and sits down."", TRUE, ch, 0, 0, TO_ROOM);
    GET_POS(ch) = POS_SITTING;
    break;"
"src\act.movement.c","1344","ok_pick","POS_STANDING","","You rest upon $p. | $n rests upon $p. | You sit down and rest your tired bones. | $n sits down and rests.","READ_OR_UNKNOWN","","  case POS_STANDING:
    if (state == 1 && furniture) {
      place_char_on_furniture(ch, furniture);
      act(""You rest upon $p."", TRUE, ch, furniture, 0, TO_CHAR);
      act(""$n rests upon $p."", TRUE, ch, furniture, 0, TO_ROOM);
    } else {
      send_to_char(ch, ""You sit down and rest your tired bones.\r\n"");
      act(""$n sits down and rests."", TRUE, ch, 0, 0, TO_ROOM);
    }
    GET_POS(ch) = POS_RESTING;
    break;"
"src\act.movement.c","1355","ok_pick","POS_SITTING","","You rest upon $p. | $n rests upon $p. | You rest your tired bones. | $n rests.","READ_OR_UNKNOWN","","  case POS_SITTING:
    if (state == 1 && furniture) {
      place_char_on_furniture(ch, furniture);
      act(""You rest upon $p."", TRUE, ch, furniture, 0, TO_CHAR);
      act(""$n rests upon $p."", TRUE, ch, furniture, 0, TO_ROOM);
    } else {
      send_to_char(ch, ""You rest your tired bones.\r\n"");
      act(""$n rests."", TRUE, ch, 0, 0, TO_ROOM);
    }
    GET_POS(ch) = POS_RESTING;
    break;"
"src\act.movement.c","1366","ok_pick","POS_RESTING","","You settle onto $p. | $n settles onto $p. | You are already resting.","READ_OR_UNKNOWN","","  case POS_RESTING:
    if (state == 1 && furniture && SITTING(ch) != furniture) {
      place_char_on_furniture(ch, furniture);
      act(""You settle onto $p."", TRUE, ch, furniture, 0, TO_CHAR);
      act(""$n settles onto $p."", TRUE, ch, furniture, 0, TO_ROOM);
    } else
      send_to_char(ch, ""You are already resting.\r\n"");
    break;"
"src\act.movement.c","1374","ok_pick","POS_SLEEPING","","You have to wake up first.","READ_OR_UNKNOWN","","  case POS_SLEEPING:
    send_to_char(ch, ""You have to wake up first.\r\n"");
    break;"
"src\act.movement.c","1377","ok_pick","POS_FIGHTING","","Rest while fighting?  Are you MAD?","READ_OR_UNKNOWN","","  case POS_FIGHTING:
    send_to_char(ch, ""Rest while fighting?  Are you MAD?\r\n"");
    break;"
"src\act.movement.c","1380","ok_pick","default","","You stop floating around, and stop to rest your tired bones. | $n stops floating around, and rests.","READ_OR_UNKNOWN","","  default:
    send_to_char(ch, ""You stop floating around, and stop to rest your tired bones.\r\n"");
    act(""$n stops floating around, and rests."", FALSE, ch, 0, 0, TO_ROOM);
    GET_POS(ch) = POS_RESTING;
    break;"
"src\act.movement.c","1401","ok_pick","POS_STANDING","","","READ_OR_UNKNOWN","","  case POS_STANDING:"
"src\act.movement.c","1402","ok_pick","POS_SITTING","","","READ_OR_UNKNOWN","","  case POS_SITTING:"
"src\act.movement.c","1403","ok_pick","POS_RESTING","","You lie down upon $p and fall asleep. | $n lies down upon $p and falls asleep. | You go to sleep. | $n lies down and falls asleep.","READ_OR_UNKNOWN","","  case POS_RESTING:
    if (state == 1 && furniture) {
      place_char_on_furniture(ch, furniture);
      act(""You lie down upon $p and fall asleep."", TRUE, ch, furniture, 0, TO_CHAR);
      act(""$n lies down upon $p and falls asleep."", TRUE, ch, furniture, 0, TO_ROOM);
    } else {
      send_to_char(ch, ""You go to sleep.\r\n"");
      act(""$n lies down and falls asleep."", TRUE, ch, 0, 0, TO_ROOM);
    }
    GET_POS(ch) = POS_SLEEPING;
    break;"
"src\act.movement.c","1414","ok_pick","POS_SLEEPING","","You are already sound asleep.","READ_OR_UNKNOWN","","  case POS_SLEEPING:
    send_to_char(ch, ""You are already sound asleep.\r\n"");
    break;"
"src\act.movement.c","1417","ok_pick","POS_FIGHTING","","Sleep while fighting?  Are you MAD?","READ_OR_UNKNOWN","","  case POS_FIGHTING:
    send_to_char(ch, ""Sleep while fighting?  Are you MAD?\r\n"");
    break;"
"src\act.movement.c","1420","ok_pick","default","","You stop floating around, and lie down to sleep. | $n stops floating around, and lie down to sleep.","READ_OR_UNKNOWN","","  default:
    send_to_char(ch, ""You stop floating around, and lie down to sleep.\r\n"");
    act(""$n stops floating around, and lie down to sleep."",
	TRUE, ch, 0, 0, TO_ROOM);
    GET_POS(ch) = POS_SLEEPING;
    break;"
"src\act.other.c","924","study_debug_imm","default","","unknown | You do not recognize that technique.","READ_OR_UNKNOWN","","    default: return ""unknown"";
  }
}

static int study_can_learn_ability(struct char_data *student, int id, char *why, size_t whylen)
{
  int required_level;
  int ability_archetype;

  if (!study_is_valid_ability_id(id)) {
    if (why && whylen)
      snprintf(why, whylen, ""You do not recognize that technique."");
    return FALSE;"
"src\act.other.c","977","study_extract_item_spells","ITEM_WAND","","","READ_OR_UNKNOWN","","    case ITEM_WAND:"
"src\act.other.c","978","study_extract_item_spells","ITEM_STAFF","","","READ_OR_UNKNOWN","","    case ITEM_STAFF:
      spell_slots[slot_count++] = GET_OBJ_VAL(obj, 3);
      break;"
"src\act.other.c","981","study_extract_item_spells","ITEM_SCROLL","","","READ_OR_UNKNOWN","","    case ITEM_SCROLL:"
"src\act.other.c","982","study_extract_item_spells","ITEM_POTION","","","READ_OR_UNKNOWN","","    case ITEM_POTION:
      spell_slots[slot_count++] = GET_OBJ_VAL(obj, 1);
      spell_slots[slot_count++] = GET_OBJ_VAL(obj, 2);
      spell_slots[slot_count++] = GET_OBJ_VAL(obj, 3);
      break;"
"src\act.other.c","987","study_extract_item_spells","default","","","READ_OR_UNKNOWN","","    default:
      return 0;"
"src\act.other.c","1407","study_apply_cooldown","STUDY_ITEM_INVALID_SOURCE","","","READ_OR_UNKNOWN","","      case STUDY_ITEM_INVALID_SOURCE:"
"src\act.other.c","1408","study_apply_cooldown","STUDY_ITEM_NO_VALID_SLOTS","","You study %s, but there is no technique within it for you to study.","READ_OR_UNKNOWN","","      case STUDY_ITEM_NO_VALID_SLOTS:
        send_to_char(ch, ""You study %s, but there is no technique within it for you to study.\r\n"",
                     study_obj->short_description);
        break;"
"src\act.other.c","1412","study_apply_cooldown","STUDY_ITEM_TARGET_NOT_PRESENT","","You study %s, but that item does not contain that technique.","READ_OR_UNKNOWN","","      case STUDY_ITEM_TARGET_NOT_PRESENT:
        send_to_char(ch, ""You study %s, but that item does not contain that technique.\r\n"",
                     study_obj->short_description);
        break;"
"src\act.other.c","1416","study_apply_cooldown","STUDY_ITEM_ALL_KNOWN","","You study %s, but you already know all of the knowledge bound within it.","READ_OR_UNKNOWN","","      case STUDY_ITEM_ALL_KNOWN:
        send_to_char(ch, ""You study %s, but you already know all of the knowledge bound within it.\r\n"",
                     study_obj->short_description);
        break;"
"src\act.other.c","1420","study_apply_cooldown","STUDY_ITEM_ALL_TOO_ADVANCED","","You study %s, but it is beyond your current ability to study.","READ_OR_UNKNOWN","","      case STUDY_ITEM_ALL_TOO_ADVANCED:
        send_to_char(ch, ""You study %s, but it is beyond your current ability to study.\r\n"",
                     study_obj->short_description);
        break;"
"src\act.other.c","1424","study_apply_cooldown","STUDY_ITEM_ALL_BLOCKED_PATH","","You study %s, but your current path rejects the knowledge bound within it.","READ_OR_UNKNOWN","","      case STUDY_ITEM_ALL_BLOCKED_PATH:
        send_to_char(ch, ""You study %s, but your current path rejects the knowledge bound within it.\r\n"",
                     study_obj->short_description);
        break;"
"src\act.other.c","1428","study_apply_cooldown","STUDY_ITEM_NO_STUDYABLE_SPELLS","","","READ_OR_UNKNOWN","","      case STUDY_ITEM_NO_STUDYABLE_SPELLS:"
"src\act.other.c","1429","study_apply_cooldown","default","","You study %s, but cannot yet make use of the knowledge bound within it.","READ_OR_UNKNOWN","","      default:
        send_to_char(ch, ""You study %s, but cannot yet make use of the knowledge bound within it.\r\n"",
                     study_obj->short_description);
        break;"
"src\act.other.c","2495","detach_charmed_follower","SCMD_RECITE","","","READ_OR_UNKNOWN","","    case SCMD_RECITE:"
"src\act.other.c","2496","detach_charmed_follower","SCMD_QUAFF","","You don't seem to have %s %s.","READ_OR_UNKNOWN","","    case SCMD_QUAFF:
      if (!(mag_item = get_obj_in_list_vis(ch, arg, NULL, ch->carrying))) {
	send_to_char(ch, ""You don't seem to have %s %s.\r\n"", AN(arg), arg);
	return;"
"src\act.other.c","2502","detach_charmed_follower","SCMD_USE","","You don't seem to be holding %s %s.","READ_OR_UNKNOWN","","    case SCMD_USE:
      send_to_char(ch, ""You don't seem to be holding %s %s.\r\n"", AN(arg), arg);
      return;"
"src\act.other.c","2505","detach_charmed_follower","default","","SYSERR: Unknown subcmd %d passed to do_use.","READ_OR_UNKNOWN","","    default:
      log(""SYSERR: Unknown subcmd %d passed to do_use."", subcmd);
      /* SYSERR_DESC: This is the same as the unhandled case in do_gen_ps(),
       * but in the function which handles 'quaff', 'recite', and 'use'. */
      return;"
"src\act.other.c","2513","detach_charmed_follower","SCMD_QUAFF","","You can only quaff potions.","READ_OR_UNKNOWN","","  case SCMD_QUAFF:
    if (GET_OBJ_TYPE(mag_item) != ITEM_POTION) {
      send_to_char(ch, ""You can only quaff potions.\r\n"");
      return;"
"src\act.other.c","2519","detach_charmed_follower","SCMD_RECITE","","You can only recite scrolls.","READ_OR_UNKNOWN","","  case SCMD_RECITE:
    if (GET_OBJ_TYPE(mag_item) != ITEM_SCROLL) {
      send_to_char(ch, ""You can only recite scrolls.\r\n"");
      return;"
"src\act.other.c","2525","detach_charmed_follower","SCMD_USE","","You can't seem to figure out how to use it.","READ_OR_UNKNOWN","","  case SCMD_USE:
    if ((GET_OBJ_TYPE(mag_item) != ITEM_WAND) &&
	(GET_OBJ_TYPE(mag_item) != ITEM_STAFF)) {
      send_to_char(ch, ""You can't seem to figure out how to use it.\r\n"");
      return;"
"src\act.other.c","2628","detach_charmed_follower","SCMD_NOSUMMON","","","READ_OR_UNKNOWN","","  case SCMD_NOSUMMON:
    result = PRF_TOG_CHK(ch, PRF_SUMMONABLE);
    break;"
"src\act.other.c","2631","detach_charmed_follower","SCMD_NOHASSLE","","","READ_OR_UNKNOWN","","  case SCMD_NOHASSLE:
    result = PRF_TOG_CHK(ch, PRF_NOHASSLE);
    break;"
"src\act.other.c","2634","detach_charmed_follower","SCMD_BRIEF","","","READ_OR_UNKNOWN","","  case SCMD_BRIEF:
    result = PRF_TOG_CHK(ch, PRF_BRIEF);
    break;"
"src\act.other.c","2637","detach_charmed_follower","SCMD_COMPACT","","","READ_OR_UNKNOWN","","  case SCMD_COMPACT:
    result = PRF_TOG_CHK(ch, PRF_COMPACT);
    break;"
"src\act.other.c","2640","detach_charmed_follower","SCMD_NOTELL","","","READ_OR_UNKNOWN","","  case SCMD_NOTELL:
    result = PRF_TOG_CHK(ch, PRF_NOTELL);
    break;"
"src\act.other.c","2643","detach_charmed_follower","SCMD_NOAUCTION","","","READ_OR_UNKNOWN","","  case SCMD_NOAUCTION:
    result = PRF_TOG_CHK(ch, PRF_NOAUCT);
    break;"
"src\act.other.c","2646","detach_charmed_follower","SCMD_NOSHOUT","","","READ_OR_UNKNOWN","","  case SCMD_NOSHOUT:
    result = PRF_TOG_CHK(ch, PRF_NOSHOUT);
    break;"
"src\act.other.c","2649","detach_charmed_follower","SCMD_NOGOSSIP","","","READ_OR_UNKNOWN","","  case SCMD_NOGOSSIP:
    result = PRF_TOG_CHK(ch, PRF_NOGOSS);
    break;"
"src\act.other.c","2652","detach_charmed_follower","SCMD_NOGRATZ","","","READ_OR_UNKNOWN","","  case SCMD_NOGRATZ:
    result = PRF_TOG_CHK(ch, PRF_NOGRATZ);
    break;"
"src\act.other.c","2655","detach_charmed_follower","SCMD_NOWIZ","","","READ_OR_UNKNOWN","","  case SCMD_NOWIZ:
    result = PRF_TOG_CHK(ch, PRF_NOWIZ);
    break;"
"src\act.other.c","2658","detach_charmed_follower","SCMD_QUEST","","","READ_OR_UNKNOWN","","  case SCMD_QUEST:
    result = PRF_TOG_CHK(ch, PRF_QUEST);
    break;"
"src\act.other.c","2661","detach_charmed_follower","SCMD_SHOWVNUMS","","","READ_OR_UNKNOWN","","  case SCMD_SHOWVNUMS:
    result = PRF_TOG_CHK(ch, PRF_SHOWVNUMS);
    break;"
"src\act.other.c","2664","detach_charmed_follower","SCMD_NOREPEAT","","","READ_OR_UNKNOWN","","  case SCMD_NOREPEAT:
    result = PRF_TOG_CHK(ch, PRF_NOREPEAT);
    break;"
"src\act.other.c","2667","detach_charmed_follower","SCMD_HOLYLIGHT","","","READ_OR_UNKNOWN","","  case SCMD_HOLYLIGHT:
    result = PRF_TOG_CHK(ch, PRF_HOLYLIGHT);
    break;"
"src\act.other.c","2670","detach_charmed_follower","SCMD_AUTOEXIT","","","READ_OR_UNKNOWN","","  case SCMD_AUTOEXIT:
    result = PRF_TOG_CHK(ch, PRF_AUTOEXIT);
    break;"
"src\act.other.c","2673","detach_charmed_follower","SCMD_CLS","","","READ_OR_UNKNOWN","","  case SCMD_CLS:
    result = PRF_TOG_CHK(ch, PRF_CLS);
    break;    "
"src\act.other.c","2676","detach_charmed_follower","SCMD_BUILDWALK","","Builders only, sorry.","READ_OR_UNKNOWN","","  case SCMD_BUILDWALK:
    if (GET_LEVEL(ch) < LVL_BUILDER) {
      send_to_char(ch, ""Builders only, sorry.\r\n"");
      return;"
"src\act.other.c","2698","detach_charmed_follower","SCMD_AFK","","$n has gone AFK. | $n has come back from AFK. | You have mail waiting.","READ_OR_UNKNOWN","","  case SCMD_AFK:
    result = PRF_TOG_CHK(ch, PRF_AFK);
    if (PRF_FLAGGED(ch, PRF_AFK))
      act(""$n has gone AFK."", TRUE, ch, 0, 0, TO_ROOM);
    else {
      act(""$n has come back from AFK."", TRUE, ch, 0, 0, TO_ROOM);
      if (has_mail(GET_IDNUM(ch)))
        send_to_char(ch, ""You have mail waiting.\r\n"");
    }
    break;"
"src\act.other.c","2708","detach_charmed_follower","SCMD_AUTOLOOT","","","READ_OR_UNKNOWN","","  case SCMD_AUTOLOOT:
    result = PRF_TOG_CHK(ch, PRF_AUTOLOOT);
    break;"
"src\act.other.c","2711","detach_charmed_follower","SCMD_AUTOGOLD","","","READ_OR_UNKNOWN","","  case SCMD_AUTOGOLD:
    result = PRF_TOG_CHK(ch, PRF_AUTOGOLD);
    break;"
"src\act.other.c","2714","detach_charmed_follower","SCMD_AUTOSPLIT","","","READ_OR_UNKNOWN","","  case SCMD_AUTOSPLIT:
    result = PRF_TOG_CHK(ch, PRF_AUTOSPLIT);
    break;"
"src\act.other.c","2717","detach_charmed_follower","SCMD_AUTOSAC","","","READ_OR_UNKNOWN","","  case SCMD_AUTOSAC:
    result = PRF_TOG_CHK(ch, PRF_AUTOSAC);
    break;"
"src\act.other.c","2720","detach_charmed_follower","SCMD_AUTOASSIST","","","READ_OR_UNKNOWN","","  case SCMD_AUTOASSIST:
    result = PRF_TOG_CHK(ch, PRF_AUTOASSIST);
    break;"
"src\act.other.c","2723","detach_charmed_follower","SCMD_AUTOMAP","","","READ_OR_UNKNOWN","","  case SCMD_AUTOMAP:
    result = PRF_TOG_CHK(ch, PRF_AUTOMAP);
    break;"
"src\act.other.c","2726","detach_charmed_follower","SCMD_AUTOKEY","","","READ_OR_UNKNOWN","","  case SCMD_AUTOKEY:
    result = PRF_TOG_CHK(ch, PRF_AUTOKEY);
    break;"
"src\act.other.c","2729","detach_charmed_follower","SCMD_AUTODOOR","","","READ_OR_UNKNOWN","","  case SCMD_AUTODOOR:
    result = PRF_TOG_CHK(ch, PRF_AUTODOOR);
    break;"
"src\act.other.c","2732","detach_charmed_follower","SCMD_ZONERESETS","","","READ_OR_UNKNOWN","","  case SCMD_ZONERESETS:
    result = PRF_TOG_CHK(ch, PRF_ZONERESETS);
    break;"
"src\act.other.c","2735","detach_charmed_follower","SCMD_SHORTFLAGS","","Shortflags %s. | enabled | disabled","READ_OR_UNKNOWN","","  case SCMD_SHORTFLAGS:
    result = PRF_TOG_CHK(ch, PRF_SHORTFLAGS);
    send_to_char(ch, ""Shortflags %s.\r\n"", result ? ""enabled"" : ""disabled"");
    return;"
"src\act.other.c","2739","detach_charmed_follower","default","","SYSERR: Unknown subcmd %d in do_gen_toggle.","READ_OR_UNKNOWN","","  default:
    log(""SYSERR: Unknown subcmd %d in do_gen_toggle."", subcmd);
    return;"
"src\act.wizard.c","559","list_zone_commands_room","'M'","","","READ_OR_UNKNOWN","","      case 'M':"
"src\act.wizard.c","560","list_zone_commands_room","'O'","","","READ_OR_UNKNOWN","","      case 'O':"
"src\act.wizard.c","561","list_zone_commands_room","'T'","","","READ_OR_UNKNOWN","","      case 'T':"
"src\act.wizard.c","562","list_zone_commands_room","'V'","","","READ_OR_UNKNOWN","","      case 'V':
        cmd_room = ZOCMD.arg3;
        break;"
"src\act.wizard.c","565","list_zone_commands_room","'D'","","","READ_OR_UNKNOWN","","      case 'D':"
"src\act.wizard.c","566","list_zone_commands_room","'R'","","","READ_OR_UNKNOWN","","      case 'R':
        cmd_room = ZOCMD.arg1;
        break;"
"src\act.wizard.c","569","list_zone_commands_room","default","","","READ_OR_UNKNOWN","","      default:
        break;"
"src\act.wizard.c","576","list_zone_commands_room","'M'","","%sLoad %s [%s%d%s], Max : %d | then","READ_OR_UNKNOWN","","        case 'M':
          send_to_char(ch, ""%sLoad %s [%s%d%s], Max : %d\r\n"",
                  ZOCMD.if_flag ? "" then "" : """",
                  mob_proto[ZOCMD.arg1].player.short_descr, cyn,
                  mob_index[ZOCMD.arg1].vnum, yel, ZOCMD.arg2
                  );
          break;"
"src\act.wizard.c","583","list_zone_commands_room","'G'","","%sGive it %s [%s%d%s], Max : %d | then","READ_OR_UNKNOWN","","        case 'G':
          send_to_char(ch, ""%sGive it %s [%s%d%s], Max : %d\r\n"",
    	      ZOCMD.if_flag ? "" then "" : """",
    	      obj_proto[ZOCMD.arg1].short_description,
    	      cyn, obj_index[ZOCMD.arg1].vnum, yel,
    	      ZOCMD.arg2
    	      );
          break;"
"src\act.wizard.c","591","list_zone_commands_room","'O'","","%sLoad %s [%s%d%s], Max : %d | then","READ_OR_UNKNOWN","","        case 'O':
          send_to_char(ch, ""%sLoad %s [%s%d%s], Max : %d\r\n"",
    	      ZOCMD.if_flag ? "" then "" : """",
    	      obj_proto[ZOCMD.arg1].short_description,
    	      cyn, obj_index[ZOCMD.arg1].vnum, yel,
    	      ZOCMD.arg2
    	      );
          break;"
"src\act.wizard.c","599","list_zone_commands_room","'E'","","%sEquip with %s [%s%d%s], %s, Max : %d | then","READ_OR_UNKNOWN","","        case 'E':
          send_to_char(ch, ""%sEquip with %s [%s%d%s], %s, Max : %d\r\n"",
    	      ZOCMD.if_flag ? "" then "" : """",
    	      obj_proto[ZOCMD.arg1].short_description,
    	      cyn, obj_index[ZOCMD.arg1].vnum, yel,
    	      equipment_types[ZOCMD.arg3],
    	      ZOCMD.arg2
    	      );
          break;"
"src\act.wizard.c","608","list_zone_commands_room","'P'","","%sPut %s [%s%d%s] in %s [%s%d%s], Max : %d | then","READ_OR_UNKNOWN","","        case 'P':
          send_to_char(ch, ""%sPut %s [%s%d%s] in %s [%s%d%s], Max : %d\r\n"",
    	      ZOCMD.if_flag ? "" then "" : """",
    	      obj_proto[ZOCMD.arg1].short_description,
    	      cyn, obj_index[ZOCMD.arg1].vnum, yel,
    	      obj_proto[ZOCMD.arg3].short_description,
    	      cyn, obj_index[ZOCMD.arg3].vnum, yel,
    	      ZOCMD.arg2
    	      );
          break;"
"src\act.wizard.c","618","list_zone_commands_room","'R'","","%sRemove %s [%s%d%s] from room. | then","READ_OR_UNKNOWN","","        case 'R':
          send_to_char(ch, ""%sRemove %s [%s%d%s] from room.\r\n"",
    	      ZOCMD.if_flag ? "" then "" : """",
    	      obj_proto[ZOCMD.arg2].short_description,
    	      cyn, obj_index[ZOCMD.arg2].vnum, yel
    	      );
          break;"
"src\act.wizard.c","625","list_zone_commands_room","'D'","","%sSet door %s as %s. | then | closed | locked | open","READ_OR_UNKNOWN","","        case 'D':
          send_to_char(ch, ""%sSet door %s as %s.\r\n"",
    	      ZOCMD.if_flag ? "" then "" : """",
    	      dirs[ZOCMD.arg2],
    	      ZOCMD.arg3 ? ((ZOCMD.arg3 == 1) ? ""closed"" : ""locked"") : ""open""
    	      );
          break;"
"src\act.wizard.c","632","list_zone_commands_room","'T'","","%sAttach trigger %s%s%s [%s%d%s] to %s | then | mobile | object | room | ????","READ_OR_UNKNOWN","","        case 'T':
          send_to_char(ch, ""%sAttach trigger %s%s%s [%s%d%s] to %s\r\n"",
            ZOCMD.if_flag ? "" then "" : """",
            cyn, trig_index[ZOCMD.arg2]->proto->name, yel,
            cyn, trig_index[ZOCMD.arg2]->vnum, yel,
            ((ZOCMD.arg1 == MOB_TRIGGER) ? ""mobile"" :
              ((ZOCMD.arg1 == OBJ_TRIGGER) ? ""object"" :
                ((ZOCMD.arg1 == WLD_TRIGGER)? ""room"" : ""????""))));
          break;"
"src\act.wizard.c","641","list_zone_commands_room","'V'","","%sAssign global %s:%d to %s = %s | then | mobile | object | room | ????","READ_OR_UNKNOWN","","        case 'V':
          send_to_char(ch, ""%sAssign global %s:%d to %s = %s\r\n"",
            ZOCMD.if_flag ? "" then "" : """",
            ZOCMD.sarg1, ZOCMD.arg2,
            ((ZOCMD.arg1 == MOB_TRIGGER) ? ""mobile"" :
              ((ZOCMD.arg1 == OBJ_TRIGGER) ? ""object"" :
                ((ZOCMD.arg1 == WLD_TRIGGER)? ""room"" : ""????""))),
            ZOCMD.sarg2);
          break;"
"src\act.wizard.c","650","list_zone_commands_room","default","","<Unknown Command>","READ_OR_UNKNOWN","","        default:
          send_to_char(ch, ""<Unknown Command>\r\n"");
          break;"
"src\act.wizard.c","806","do_stat_object","ITEM_LIGHT","","Hours left: Infinite | Hours left: [%d]","READ_OR_UNKNOWN","","  case ITEM_LIGHT:
    if (GET_OBJ_VAL(j, 2) == -1)
      send_to_char(ch, ""Hours left: Infinite\r\n"");
    else
      send_to_char(ch, ""Hours left: [%d]\r\n"", GET_OBJ_VAL(j, 2));
    break;"
"src\act.wizard.c","812","do_stat_object","ITEM_SCROLL","","","READ_OR_UNKNOWN","","  case ITEM_SCROLL:"
"src\act.wizard.c","813","do_stat_object","ITEM_POTION","","Spells: (Level %d) %s, %s, %s","READ_OR_UNKNOWN","","  case ITEM_POTION:
    send_to_char(ch, ""Spells: (Level %d) %s, %s, %s\r\n"", GET_OBJ_VAL(j, 0),
	    skill_name(GET_OBJ_VAL(j, 1)), skill_name(GET_OBJ_VAL(j, 2)),
	    skill_name(GET_OBJ_VAL(j, 3)));
    break;"
"src\act.wizard.c","818","do_stat_object","ITEM_WAND","","","READ_OR_UNKNOWN","","  case ITEM_WAND:"
"src\act.wizard.c","819","do_stat_object","ITEM_STAFF","","Spell: %s at level %d, %d (of %d) charges remaining","READ_OR_UNKNOWN","","  case ITEM_STAFF:
    send_to_char(ch, ""Spell: %s at level %d, %d (of %d) charges remaining\r\n"",
	    skill_name(GET_OBJ_VAL(j, 3)), GET_OBJ_VAL(j, 0),
	    GET_OBJ_VAL(j, 2), GET_OBJ_VAL(j, 1));
    break;"
"src\act.wizard.c","824","do_stat_object","ITEM_WEAPON","","Todam: %dd%d, Avg Damage: %.1f. Message type: %s","READ_OR_UNKNOWN","","  case ITEM_WEAPON:
    send_to_char(ch, ""Todam: %dd%d, Avg Damage: %.1f. Message type: %s\r\n"",
	    GET_OBJ_VAL(j, 1), GET_OBJ_VAL(j, 2), ((GET_OBJ_VAL(j, 2) + 1) / 2.0) * GET_OBJ_VAL(j, 1),  attack_hit_text[GET_OBJ_VAL(j, 3)].singular);
    break;"
"src\act.wizard.c","828","do_stat_object","ITEM_ARMOR","","Armor: [%d]","READ_OR_UNKNOWN","","  case ITEM_ARMOR:
    send_to_char(ch, ""Armor: [%d]\r\n"", GET_OBJ_VAL(j, 0));
    break;"
"src\act.wizard.c","831","do_stat_object","ITEM_CONTAINER","","Weight capacity: %d, Lock Type: %s, Key Num: %d, Corpse: %s","READ_OR_UNKNOWN","","  case ITEM_CONTAINER:
    sprintbit(GET_OBJ_VAL(j, 1), container_bits, buf, sizeof(buf));
    send_to_char(ch, ""Weight capacity: %d, Lock Type: %s, Key Num: %d, Corpse: %s\r\n"",
	    GET_OBJ_VAL(j, 0), buf, GET_OBJ_VAL(j, 2),
	    YESNO(GET_OBJ_VAL(j, 3)));
    break;"
"src\act.wizard.c","837","do_stat_object","ITEM_DRINKCON","","","READ_OR_UNKNOWN","","  case ITEM_DRINKCON:"
"src\act.wizard.c","838","do_stat_object","ITEM_FOUNTAIN","","none | Capacity: %d, Contains: %d, Poisoned: %s, Liquid: %s","READ_OR_UNKNOWN","","  case ITEM_FOUNTAIN:
    if (GET_OBJ_VAL(j, 1) <= 0)
      strlcpy(buf, ""none"", sizeof(buf));
    else
      sprinttype(GET_OBJ_VAL(j, 2), drinks, buf, sizeof(buf));

    send_to_char(ch, ""Capacity: %d, Contains: %d, Poisoned: %s, Liquid: %s\r\n"",
	    GET_OBJ_VAL(j, 0), GET_OBJ_VAL(j, 1), YESNO(GET_OBJ_VAL(j, 3)), buf);
    break;"
"src\act.wizard.c","847","do_stat_object","ITEM_NOTE","","Tongue: %d","READ_OR_UNKNOWN","","  case ITEM_NOTE:
    send_to_char(ch, ""Tongue: %d\r\n"", GET_OBJ_VAL(j, 0));
    break;"
"src\act.wizard.c","850","do_stat_object","ITEM_KEY","","","READ_OR_UNKNOWN","","  case ITEM_KEY: /* Nothing */
    break;"
"src\act.wizard.c","852","do_stat_object","ITEM_FOOD","","Hunger restore: %d, Thirst restore: %d, Sated duration: %d, Poisoned: %s","READ_OR_UNKNOWN","","  case ITEM_FOOD:
    send_to_char(ch, ""Hunger restore: %d, Thirst restore: %d, Sated duration: %d, Poisoned: %s\r\n"",
                 GET_OBJ_VAL(j, 0), GET_OBJ_VAL(j, 1), GET_OBJ_VAL(j, 2), YESNO(GET_OBJ_VAL(j, 3)));
    break;"
"src\act.wizard.c","856","do_stat_object","ITEM_MONEY","","Coins: %d","READ_OR_UNKNOWN","","  case ITEM_MONEY:
    send_to_char(ch, ""Coins: %d\r\n"", GET_OBJ_VAL(j, 0));
    break;"
"src\act.wizard.c","859","do_stat_object","ITEM_FURNITURE","","Can hold: [%d] Num. of People in: [%d] | Holding : | %s","READ_OR_UNKNOWN","","  case ITEM_FURNITURE:
    send_to_char(ch, ""Can hold: [%d] Num. of People in: [%d]\r\n"", GET_OBJ_VAL(j, 0), GET_OBJ_VAL(j, 1));
    send_to_char(ch, ""Holding : "");
    for (tempch = OBJ_SAT_IN_BY(j); tempch; tempch = NEXT_SITTING(tempch))
      send_to_char(ch, ""%s "", GET_NAME(tempch));
    send_to_char(ch, ""\r\n"");
    break;"
"src\act.wizard.c","866","do_stat_object","default","","Values 0-3: [%d] [%d] [%d] [%d]","READ_OR_UNKNOWN","","  default:
    send_to_char(ch, ""Values 0-3: [%d] [%d] [%d] [%d]\r\n"",
	    GET_OBJ_VAL(j, 0), GET_OBJ_VAL(j, 1),
	    GET_OBJ_VAL(j, 2), GET_OBJ_VAL(j, 3));
    break;"
"src\act.wizard.c","1532","do_cheat","default","","You do not have access to this command.","READ_OR_UNKNOWN","","    default:
      send_to_char(ch, ""You do not have access to this command.\r\n"");
  return;"
"src\act.wizard.c","1693","room_reset_cmd_room","'M'","","","READ_OR_UNKNOWN","","    case 'M':"
"src\act.wizard.c","1694","room_reset_cmd_room","'O'","","","READ_OR_UNKNOWN","","    case 'O':
      return cmd->arg3;"
"src\act.wizard.c","1696","room_reset_cmd_room","'T'","","","READ_OR_UNKNOWN","","    case 'T':"
"src\act.wizard.c","1697","room_reset_cmd_room","'V'","","","READ_OR_UNKNOWN","","    case 'V':
      return cmd->arg1 == WLD_TRIGGER ? cmd->arg3 : NOWHERE;"
"src\act.wizard.c","1699","room_reset_cmd_room","'D'","","","READ_OR_UNKNOWN","","    case 'D':"
"src\act.wizard.c","1700","room_reset_cmd_room","'R'","","","READ_OR_UNKNOWN","","    case 'R':
      return cmd->arg1;"
"src\act.wizard.c","1702","room_reset_cmd_room","default","","","READ_OR_UNKNOWN","","    default:
      return NOWHERE;"
"src\act.wizard.c","2330","show_room_resets","'m'","","There is no monster with that number.","READ_OR_UNKNOWN","","  case 'm':
    if ((r_num = real_mobile(atoi(buf2))) == NOBODY) {
      send_to_char(ch, ""There is no monster with that number.\r\n"");
      return;"
"src\act.wizard.c","2340","show_room_resets","'o'","","There is no object with that number.","READ_OR_UNKNOWN","","  case 'o':
    if ((r_num = real_object(atoi(buf2))) == NOTHING) {
      send_to_char(ch, ""There is no object with that number.\r\n"");
      return;"
"src\act.wizard.c","2349","show_room_resets","'r'","","room %d","READ_OR_UNKNOWN","","  case 'r':
    sprintf(buf2, ""room %d"", atoi(buf2));
    do_stat(ch, buf2, 0, 0);
    break;"
"src\act.wizard.c","2353","show_room_resets","'z'","","zone %d","READ_OR_UNKNOWN","","  case 'z':
    sprintf(buf2, ""zone %d"", atoi(buf2));
    do_stat(ch, buf2, 0, 0);
    break;"
"src\act.wizard.c","2357","show_room_resets","'t'","","%d","READ_OR_UNKNOWN","","  case 't':
    sprintf(buf2, ""%d"", atoi(buf2));
    do_tstat(ch, buf2, 0, 0);
    break;"
"src\act.wizard.c","2361","show_room_resets","'s'","","shops %d","READ_OR_UNKNOWN","","  case 's':
    sprintf(buf2, ""shops %d"", atoi(buf2));
    do_show(ch, buf2, 0, 0);
    break;"
"src\act.wizard.c","2365","show_room_resets","default","","Syntax: vstat { r | m | o | z | t | s } <number>","READ_OR_UNKNOWN","","  default:
    send_to_char(ch, ""Syntax: vstat { r | m | o | z | t | s } <number>\r\n"");
    break;"
"src\act.wizard.c","2732","perform_immort_invis","0","","The game is %s completely open.","READ_OR_UNKNOWN","","  case 0:
    send_to_char(ch, ""The game is %s completely open.\r\n"", when);
    break;"
"src\act.wizard.c","2735","perform_immort_invis","1","","The game is %s closed to new players.","READ_OR_UNKNOWN","","  case 1:
    send_to_char(ch, ""The game is %s closed to new players.\r\n"", when);
    break;"
"src\act.wizard.c","2738","perform_immort_invis","default","","Only level %d and above may enter the game %s.","READ_OR_UNKNOWN","","  default:
    send_to_char(ch, ""Only level %d and above may enter the game %s.\r\n"", circle_restrict, when);
    break;"
"src\act.wizard.c","3157","list_llog_entries","'*'","","","READ_OR_UNKNOWN","","  case '*':
    emote = TRUE;"
"src\act.wizard.c","3159","list_llog_entries","'#'","","You can't wizline above your own level.","READ_OR_UNKNOWN","","  case '#':
    one_argument(argument + 1, buf1);
    if (is_number(buf1)) {
      half_chop(argument+1, buf1, argument);
      level = MAX(atoi(buf1), LVL_IMMORT);
      if (level > GET_LEVEL(ch)) {
	send_to_char(ch, ""You can't wizline above your own level.\r\n"");
	return;"
"src\act.wizard.c","3172","list_llog_entries","'@'","","God channel status: | %-*s%s%s%s | (Writing) | (Writing mail) | (Offline)","READ_OR_UNKNOWN","","  case '@':
    send_to_char(ch, ""God channel status:\r\n"");
    for (d = descriptor_list; d; d = d->next) {
      if (STATE(d) != CON_PLAYING || GET_LEVEL(d->character) < LVL_IMMORT)
        continue;
      if (!CAN_SEE(ch, d->character))
        continue;

      send_to_char(ch, ""  %-*s%s%s%s\r\n"", MAX_NAME_LENGTH, GET_NAME(d->character),
		PLR_FLAGGED(d->character, PLR_WRITING) ? "" (Writing)"" : """",
		PLR_FLAGGED(d->character, PLR_MAILING) ? "" (Writing mail)"" : """",
		PRF_FLAGGED(d->character, PRF_NOWIZ) ? "" (Offline)"" : """");
    }
    return;"
"src\act.wizard.c","3187","list_llog_entries","'\\'","","","READ_OR_UNKNOWN","","  case '\\':
    ++argument;
    break;"
"src\act.wizard.c","3190","list_llog_entries","default","","","READ_OR_UNKNOWN","","  default:
    break;"
"src\act.wizard.c","3285","list_llog_entries","SCMD_REROLL","","Rerolled... | (GC) %s has rerolled %s. | New stats: Str %d/%d, Int %d, Wis %d, Dex %d, Con %d, Cha %d","READ_OR_UNKNOWN","","    case SCMD_REROLL:
      send_to_char(ch, ""Rerolled...\r\n"");
      roll_real_abils(vict);
      log(""(GC) %s has rerolled %s."", GET_NAME(ch), GET_NAME(vict));
      send_to_char(ch, ""New stats: Str %d/%d, Int %d, Wis %d, Dex %d, Con %d, Cha %d\r\n"",
	      GET_STR(vict), GET_ADD(vict), GET_INT(vict), GET_WIS(vict),
	      GET_DEX(vict), GET_CON(vict), GET_CHA(vict));
      break;"
"src\act.wizard.c","3293","list_llog_entries","SCMD_PARDON","","Your victim is not flagged.","READ_OR_UNKNOWN","","    case SCMD_PARDON:
      if (!PLR_FLAGGED(vict, PLR_THIEF) && !PLR_FLAGGED(vict, PLR_KILLER)) {
	send_to_char(ch, ""Your victim is not flagged.\r\n"");
	return;"
"src\act.wizard.c","3304","list_llog_entries","SCMD_NOTITLE","","(GC) Notitle %s for %s by %s.","READ_OR_UNKNOWN","","    case SCMD_NOTITLE:
      result = PLR_TOG_CHK(vict, PLR_NOTITLE);
      mudlog(NRM, MAX(LVL_GOD, GET_INVIS_LEV(ch)), TRUE, ""(GC) Notitle %s for %s by %s."",
		ONOFF(result), GET_NAME(vict), GET_NAME(ch));
      send_to_char(ch, ""(GC) Notitle %s for %s by %s.\r\n"", ONOFF(result), GET_NAME(vict), GET_NAME(ch));
      break;"
"src\act.wizard.c","3310","list_llog_entries","SCMD_MUTE","","(GC) Mute %s for %s by %s.","READ_OR_UNKNOWN","","    case SCMD_MUTE:
      result = PLR_TOG_CHK(vict, PLR_NOSHOUT);
      mudlog(BRF, MAX(LVL_GOD, GET_INVIS_LEV(ch)), TRUE, ""(GC) Mute %s for %s by %s."",
		ONOFF(result), GET_NAME(vict), GET_NAME(ch));
      send_to_char(ch, ""(GC) Mute %s for %s by %s.\r\n"", ONOFF(result), GET_NAME(vict), GET_NAME(ch));
      break;"
"src\act.wizard.c","3316","list_llog_entries","SCMD_FREEZE","","Oh, yeah, THAT'S real smart...","READ_OR_UNKNOWN","","    case SCMD_FREEZE:
      if (ch == vict) {
	send_to_char(ch, ""Oh, yeah, THAT'S real smart...\r\n"");
	return;"
"src\act.wizard.c","3332","list_llog_entries","SCMD_THAW","","Sorry, your victim is not morbidly encased in ice at the moment.","READ_OR_UNKNOWN","","    case SCMD_THAW:
      if (!PLR_FLAGGED(vict, PLR_FROZEN)) {
	send_to_char(ch, ""Sorry, your victim is not morbidly encased in ice at the moment.\r\n"");
	return;"
"src\act.wizard.c","3348","list_llog_entries","SCMD_UNAFFECT","","There is a brief flash of light!\r\nYou feel slightly different. | All spells removed. | Your victim does not have any affections!","READ_OR_UNKNOWN","","    case SCMD_UNAFFECT:
      if (vict->affected || has_any_affect_flags(vict)) {
	while (vict->affected)
	  affect_remove(vict, vict->affected);
    for(taeller=0; taeller < AF_ARRAY_MAX; taeller++)
      AFF_FLAGS(vict)[taeller] = 0;
    send_to_char(vict, ""There is a brief flash of light!\r\nYou feel slightly different.\r\n"");
	send_to_char(ch, ""All spells removed.\r\n"");
      } else {
	send_to_char(ch, ""Your victim does not have any affections!\r\n"");
	return;"
"src\act.wizard.c","3361","list_llog_entries","default","","SYSERR: Unknown subcmd %d passed to do_wizutil (%s)","READ_OR_UNKNOWN","","    default:
      log(""SYSERR: Unknown subcmd %d passed to do_wizutil (%s)"", subcmd, __FILE__);
      /*  SYSERR_DESC: This is the same as the unhandled case in do_gen_ps(),
       *  but this function handles 'reroll', 'pardon', 'freeze', etc. */
      break;"
"src\act.wizard.c","3500","print_zone_to_buf","1","","That is not a valid zone.","READ_OR_UNKNOWN","","  case 1:
    /* tightened up by JE 4/6/93 */
    if (self)
      print_zone_to_buf(buf, sizeof(buf), world[IN_ROOM(ch)].zone, 1);
    else if (*value && is_number(value)) {
      for (zvn = atoi(value), zrn = 0; zone_table[zrn].number != zvn && zrn <= top_of_zone_table; zrn++);
      if (zrn <= top_of_zone_table)
	print_zone_to_buf(buf, sizeof(buf), zrn, 1);
      else {
	send_to_char(ch, ""That is not a valid zone.\r\n"");
	return;"
"src\act.wizard.c","3580","print_zone_to_buf","3","","A name would help.","READ_OR_UNKNOWN","","  case 3:
    if (!*value) {
      send_to_char(ch, ""A name would help.\r\n"");
      return;"
"src\act.wizard.c","3589","print_zone_to_buf","4","","Current stats: | %5d players in game  %5d connected | %5d registered | %5d mobiles          %5d prototypes | %5d objects          %5d prototypes | %5d rooms            %5d zones | %5d triggers         %5d shops | %5d large bufs       %5d autoquests | %5d buf switches     %5d overflows | %5d lists","READ_OR_UNKNOWN","","  case 4:
    i = 0;
    j = 0;
    k = 0;
    con = 0;
    for (vict = character_list; vict; vict = vict->next) {
      if (IS_NPC(vict))
	j++;
      else if (CAN_SEE(ch, vict)) {
	i++;
	if (vict->desc)
	  con++;
      }
    }
    for (obj = object_list; obj; obj = obj->next)
      k++;
    send_to_char(ch,
	""Current stats:\r\n""
	""  %5d players in game  %5d connected\r\n""
	""  %5d registered\r\n""
	""  %5d mobiles          %5d prototypes\r\n""
	""  %5d objects          %5d prototypes\r\n""
	""  %5d rooms            %5d zones\r\n""
  ""  %5d triggers         %5d shops\r\n""
  ""  %5d large bufs       %5d autoquests\r\n""
	""  %5d buf switches     %5d overflows\r\n""
	""  %5d lists\r\n"",
	i, con,
	top_of_p_table + 1,
	j, top_of_mobt + 1,
	k, top_of_objt + 1,
	top_of_world + 1, top_of_zone_table + 1,
	top_of_trigt + 1, top_shop + 1,
	buf_largecount, total_quests,
	buf_switches, buf_overflows, global_lists->iSize
	);
    break;"
"src\act.wizard.c","3628","print_zone_to_buf","5","","Errant Rooms\r\n------------ | %2d: (void   ) [%5d] %-*s%s (%s)","READ_OR_UNKNOWN","","  case 5:
    len = strlcpy(buf, ""Errant Rooms\r\n------------\r\n"", sizeof(buf));
    for (i = 0, k = 0; i <= top_of_world; i++)
      for (j = 0; j < DIR_COUNT; j++) {
      	if (!W_EXIT(i,j))
      	  continue;
        if (W_EXIT(i,j)->to_room == 0) {
	    nlen = snprintf(buf + len, sizeof(buf) - len, ""%2d: (void   ) [%5d] %-*s%s (%s)\r\n"", ++k, GET_ROOM_VNUM(i), count_color_chars(world[i].name)+40, world[i].name, QNRM, dirs[j]);
            if (len + nlen >= sizeof(buf))
              break;"
"src\act.wizard.c","3651","print_zone_to_buf","6","","Death Traps\r\n----------- | %2d: [%5d] %s%s","READ_OR_UNKNOWN","","  case 6:
    len = strlcpy(buf, ""Death Traps\r\n-----------\r\n"", sizeof(buf));
    for (i = 0, j = 0; i <= top_of_world; i++)
      if (ROOM_FLAGGED(i, ROOM_DEATH)) {
        nlen = snprintf(buf + len, sizeof(buf) - len, ""%2d: [%5d] %s%s\r\n"", ++j, GET_ROOM_VNUM(i), world[i].name, QNRM);
        if (len + nlen >= sizeof(buf))
          break;"
"src\act.wizard.c","3664","print_zone_to_buf","7","","Godrooms\r\n-------------------------- | %2d: [%5d] %s%s","READ_OR_UNKNOWN","","  case 7:
    len = strlcpy(buf, ""Godrooms\r\n--------------------------\r\n"", sizeof(buf));
    for (i = 0, j = 0; i <= top_of_world; i++)
      if (ROOM_FLAGGED(i, ROOM_GODROOM)) {
        nlen = snprintf(buf + len, sizeof(buf) - len, ""%2d: [%5d] %s%s\r\n"", ++j, GET_ROOM_VNUM(i), world[i].name, QNRM);
        if (len + nlen >= sizeof(buf))
          break;"
"src\act.wizard.c","3677","print_zone_to_buf","8","","","READ_OR_UNKNOWN","","  case 8:
    show_shops(ch, value);
    break;"
"src\act.wizard.c","3682","print_zone_to_buf","9","","","READ_OR_UNKNOWN","","  case 9:
    hcontrol_list_houses(ch, value);
    break;"
"src\act.wizard.c","3687","print_zone_to_buf","10","","People currently snooping:\r\n-------------------------- | %-10s%s - snooped by %s%s. | No one is currently snooping.","READ_OR_UNKNOWN","","  case 10:
    i = 0;
    send_to_char(ch, ""People currently snooping:\r\n--------------------------\r\n"");
    for (d = descriptor_list; d; d = d->next) {
      if (d->snooping == NULL || d->character == NULL)
	continue;
      if (STATE(d) != CON_PLAYING || GET_LEVEL(ch) < GET_LEVEL(d->character))
	continue;
      if (!CAN_SEE(ch, d->character) || IN_ROOM(d->character) == NOWHERE)
	continue;
      i++;
      send_to_char(ch, ""%-10s%s - snooped by %s%s.\r\n"", GET_NAME(d->snooping->character), QNRM, GET_NAME(d->character), QNRM);
    }
    if (i == 0)
      send_to_char(ch, ""No one is currently snooping.\r\n"");
    break;"
"src\act.wizard.c","3705","print_zone_to_buf","11","","LvL - Mu Cl Th Wa\r\n---------------- | %-3d - %-2d %-2d %-2d %-2d","READ_OR_UNKNOWN","","  case 11:
    len = strlcpy(buf, ""LvL - Mu Cl Th Wa\r\n----------------\r\n"", sizeof(buf));

    for (j = 1; j < LVL_IMMORT; j++) {
      nlen = snprintf(buf + len, sizeof(buf) - len,  ""%-3d - %-2d %-2d %-2d %-2d\r\n"", j, 
				thaco(CLASS_MAGIC_USER, j),
				thaco(CLASS_CLERIC, j),
				thaco(CLASS_THIEF, j),
				thaco(CLASS_WARRIOR, j));
      if (len + nlen >= sizeof(buf))
        break;"
"src\act.wizard.c","3723","print_zone_to_buf","12","","LvL - Mu     Cl     Th     Wa\r\n-------------------------- | %-3d - %-6d %-6d %-6d %-6d","READ_OR_UNKNOWN","","  case 12:
    len = strlcpy(buf, ""LvL - Mu     Cl     Th     Wa\r\n--------------------------\r\n"", sizeof(buf));

    for (i = 1; i < LVL_IMMORT; i++) { 
      nlen = snprintf(buf + len, sizeof(buf) - len,  ""%-3d - %-6d %-6d %-6d %-6d\r\n"", i,  
				level_exp(CLASS_MAGIC_USER, i) - level_exp(CLASS_MAGIC_USER, i - 1),
				level_exp(CLASS_CLERIC, i) - level_exp(CLASS_CLERIC, i - 1),
				level_exp(CLASS_THIEF, i) - level_exp(CLASS_THIEF, i - 1),
				level_exp(CLASS_WARRIOR, i) - level_exp(CLASS_WARRIOR, i - 1));
      if (len + nlen >= sizeof(buf))
        break;"
"src\act.wizard.c","3740","print_zone_to_buf","13","","Colours\r\n-------------------------- | F%d%d%d | %s%s%s | n","READ_OR_UNKNOWN","","  case 13:
    len = strlcpy(buf, ""Colours\r\n--------------------------\r\n"", sizeof(buf));
    k = 0;
    for (r = 0; r < 6; r++)
      for (g = 0; g < 6; g++)
        for (b = 0; b < 6; b++) {
          sprintf(colour, ""F%d%d%d"", r, g, b);
          nlen = snprintf(buf + len, sizeof(buf) - len,  ""%s%s%s"", ColourRGB(ch->desc, colour), colour, ++k % 6 == 0 ? ""\tn\r\n"" : ""    "");
          if (len + nlen >= sizeof(buf))
            break;"
"src\act.wizard.c","3756","print_zone_to_buf","default","","Sorry, I don't understand that.","READ_OR_UNKNOWN","","  default:
    send_to_char(ch, ""Sorry, I don't understand that.\r\n"");
    break;"
"src\act.wizard.c","3889","perform_set","0","","","READ_OR_UNKNOWN","","    case 0: /* ac */
      vict->points.armor = RANGE(-100, 100);
      affect_total(vict);
      break;"
"src\act.wizard.c","3893","perform_set","1","","","READ_OR_UNKNOWN","","    case 1: /* afk */
      SET_OR_REMOVE(PRF_FLAGS(vict), PRF_AFK);
      break;"
"src\act.wizard.c","3896","perform_set","2","","Ages 2 to 200 accepted.","READ_OR_UNKNOWN","","    case 2: /* age */
      if (value < 2 || value > 200) {	/* Arbitrary limits. */
        send_to_char(ch, ""Ages 2 to 200 accepted.\r\n"");
        return (0);"
"src\act.wizard.c","3906","perform_set","3","","","READ_OR_UNKNOWN","","    case 3: /* align */
      GET_ALIGNMENT(vict) = RANGE(-1000, 1000);
      affect_total(vict);
      break;"
"src\act.wizard.c","3910","perform_set","4","","","READ_OR_UNKNOWN","","    case 4: /* bank */
      SET_BANK_GOLD(vict, RANGE(0, 100000000));
      break;"
"src\act.wizard.c","3913","perform_set","5","","","READ_OR_UNKNOWN","","    case 5: /* brief */
      SET_OR_REMOVE(PRF_FLAGS(vict), PRF_BRIEF);
      break;"
"src\act.wizard.c","3916","perform_set","6","","","READ_OR_UNKNOWN","","    case 6:  /* cha */
      value = MIN(MAX(value, BASE_STAT_MIN), BASE_STAT_CAP);
      vict->real_abils.cha = value;
      affect_total(vict);
      break;"
"src\act.wizard.c","3921","perform_set","7","","That is not a class.","READ_OR_UNKNOWN","","    case 7: /* class */
      if ((i = parse_class(*val_arg)) == CLASS_UNDEFINED) {
        send_to_char(ch, ""That is not a class.\r\n"");
        return (0);"
"src\act.wizard.c","3928","perform_set","8","","","READ_OR_UNKNOWN","","    case 8:  /* color */
      SET_OR_REMOVE(PRF_FLAGS(vict), (PRF_COLOR_1));
      SET_OR_REMOVE(PRF_FLAGS(vict), (PRF_COLOR_2));
      break;"
"src\act.wizard.c","3932","perform_set","9","","","READ_OR_UNKNOWN","","    case 9: /* con */
      value = MIN(MAX(value, BASE_STAT_MIN), BASE_STAT_CAP);
      vict->real_abils.con = value;
      affect_total(vict);
      break;"
"src\act.wizard.c","3937","perform_set","10","","","READ_OR_UNKNOWN","","    case 10:  /* damroll */
      vict->points.damroll = RANGE(-20, 20);
      affect_total(vict);
      break;"
"src\act.wizard.c","3941","perform_set","11","","","READ_OR_UNKNOWN","","    case 11: /* delete */
      SET_OR_REMOVE(PLR_FLAGS(vict), PLR_DELETED);
      break;"
"src\act.wizard.c","3944","perform_set","12","","","READ_OR_UNKNOWN","","    case 12: /* dex */
      value = MIN(MAX(value, BASE_STAT_MIN), BASE_STAT_CAP);
      vict->real_abils.dex = value;
      affect_total(vict);
      break;"
"src\act.wizard.c","3949","perform_set","13","","off | %s's drunkenness is now off. | %s's drunkenness set to %d. | Must be 'off' or a value from 0 to 24.","READ_OR_UNKNOWN","","    case 13: /* drunk */
      if (!str_cmp(val_arg, ""off"")) {
        GET_COND(vict, DRUNK) = -1;
        send_to_char(ch, ""%s's drunkenness is now off.\r\n"", GET_NAME(vict));
      } else if (is_number(val_arg)) {
        value = atoi(val_arg);
        RANGE(0, 24);
        GET_COND(vict, DRUNK) = value;
        send_to_char(ch, ""%s's drunkenness set to %d.\r\n"", GET_NAME(vict), value);
      } else {
        send_to_char(ch, ""Must be 'off' or a value from 0 to 24.\r\n"");
        return (0);"
"src\act.wizard.c","3963","perform_set","14","","","READ_OR_UNKNOWN","","    case 14: /* exp */
      vict->points.exp = RANGE(0, 50000000);
      break;"
"src\act.wizard.c","3966","perform_set","15","","Better not -- could be a long winter!","READ_OR_UNKNOWN","","    case 15: /* frozen */
      if (ch == vict && on) {
        send_to_char(ch, ""Better not -- could be a long winter!\r\n"");
        return (0);"
"src\act.wizard.c","3973","perform_set","16","","","READ_OR_UNKNOWN","","    case 16: /* gold */
        {
          long long ng = (long long)RANGE(0, 999999);
          long long after = ng;
          if (after < 0) after = 0;
          if (after > MAX_MONEY) after = MAX_MONEY;
          GET_MONEY(vict) = after;
        }
        break;"
"src\act.wizard.c","3982","perform_set","17","","","READ_OR_UNKNOWN","","    case 17: /* height */
      GET_HEIGHT(vict) = value;
      affect_total(vict);
      break;"
"src\act.wizard.c","3986","perform_set","18","","","READ_OR_UNKNOWN","","    case 18: /* hit */
      vict->points.hit = RANGE(-9, vict->points.max_hit);
      affect_total(vict);
      break;"
"src\act.wizard.c","3990","perform_set","19","","","READ_OR_UNKNOWN","","    case 19: /* hitroll */
      vict->points.hitroll = RANGE(-20, 20);
      affect_total(vict);
      break;"
"src\act.wizard.c","3994","perform_set","20","","off | %s's hunger is now off. | %s's hunger set to %d. | Must be 'off' or a value from 0 to 24.","READ_OR_UNKNOWN","","    case 20: /* hunger */
      if (!str_cmp(val_arg, ""off"")) {
        GET_COND(vict, HUNGER) = -1;
        send_to_char(ch, ""%s's hunger is now off.\r\n"", GET_NAME(vict));
      } else if (is_number(val_arg)) {
        value = atoi(val_arg);
        RANGE(0, 24);
        GET_COND(vict, HUNGER) = value;
        send_to_char(ch, ""%s's hunger set to %d.\r\n"", GET_NAME(vict), value);
      } else {
        send_to_char(ch, ""Must be 'off' or a value from 0 to 24.\r\n"");
        return (0);"
"src\act.wizard.c","4008","perform_set","21","","","READ_OR_UNKNOWN","","   case 21: /* int */
      value = MIN(MAX(value, BASE_STAT_MIN), BASE_STAT_CAP);
      vict->real_abils.intel = value;
      affect_total(vict);
      break;"
"src\act.wizard.c","4013","perform_set","22","","You aren't godly enough for that!","READ_OR_UNKNOWN","","    case 22: /* invis */
      if (GET_LEVEL(ch) < LVL_IMPL && ch != vict) {
        send_to_char(ch, ""You aren't godly enough for that!\r\n"");
        return (0);"
"src\act.wizard.c","4020","perform_set","23","","","READ_OR_UNKNOWN","","    case 23: /* invistart */
      SET_OR_REMOVE(PLR_FLAGS(vict), PLR_INVSTART);
      break;"
"src\act.wizard.c","4023","perform_set","24","","","READ_OR_UNKNOWN","","    case 24: /* killer */
      SET_OR_REMOVE(PLR_FLAGS(vict), PLR_KILLER);
      break;"
"src\act.wizard.c","4026","perform_set","25","","You can't do that.","READ_OR_UNKNOWN","","    case 25: /* level */
      if ((!IS_NPC(vict) && value > GET_LEVEL(ch)) || value > LVL_IMPL) {
        send_to_char(ch, ""You can't do that.\r\n"");
        return (0);"
"src\act.wizard.c","4034","perform_set","26","","off | %s will enter at room #%d. | That room does not exist!","DESTRUCTIVE_REVIEW","delete/purge/extract/remove/free operation | OLC/object/flag mutation","    case 26: /* loadroom */
      if (!str_cmp(val_arg, ""off"")) {
        REMOVE_BIT_AR(PLR_FLAGS(vict), PLR_LOADROOM);
      } else if (is_number(val_arg)) {
        rvnum = atoi(val_arg);
        if (real_room(rvnum) != NOWHERE) {
          SET_BIT_AR(PLR_FLAGS(vict), PLR_LOADROOM);
          GET_LOADROOM(vict) = rvnum;
          send_to_char(ch, ""%s will enter at room #%d.\r\n"", GET_NAME(vict), GET_LOADROOM(vict));
        } else {
        send_to_char(ch, ""That room does not exist!\r\n"");
	  return (0);"
"src\act.wizard.c","4052","perform_set","27","","","READ_OR_UNKNOWN","","    case 27: /* mana */
      vict->points.mana = RANGE(0, vict->points.max_mana);
      affect_total(vict);
      break;"
"src\act.wizard.c","4056","perform_set","28","","","READ_OR_UNKNOWN","","    case 28: /* maxhit */
      GET_BASE_MAX_HIT(vict) = RANGE(1, 999999);
      affect_total(vict);
      GET_HIT(vict) = MIN(GET_HIT(vict), GET_MAX_HIT(vict));
      break;"
"src\act.wizard.c","4061","perform_set","29","","","READ_OR_UNKNOWN","","    case 29: /* maxmana */
      GET_BASE_MAX_MANA(vict) = RANGE(1, 999999);
      affect_total(vict);
      GET_MANA(vict) = MIN(GET_MANA(vict), effective_max_mana(vict));
      break;"
"src\act.wizard.c","4066","perform_set","30","","","READ_OR_UNKNOWN","","    case 30: /* maxmove */
      GET_BASE_MAX_MOVE(vict) = RANGE(1, 999999);
      affect_total(vict);
      GET_MOVE(vict) = MIN(GET_MOVE(vict), effective_max_move(vict));
      break;"
"src\act.wizard.c","4071","perform_set","31","","","READ_OR_UNKNOWN","","    case 31: /* move */
      vict->points.move = RANGE(0, vict->points.max_move);
      affect_total(vict);
      break;"
"src\act.wizard.c","4075","perform_set","32","","Only Imps can change the name of other players.","READ_OR_UNKNOWN","","    case 32: /* name */
      if (ch != vict && GET_LEVEL(ch) < LVL_IMPL) {
        send_to_char(ch, ""Only Imps can change the name of other players.\r\n"");
        return (0);"
"src\act.wizard.c","4085","perform_set","33","","","READ_OR_UNKNOWN","","    case 33: /* nodelete */
      SET_OR_REMOVE(PLR_FLAGS(vict), PLR_NODELETE);
      break;"
"src\act.wizard.c","4088","perform_set","34","","You aren't godly enough for that!","READ_OR_UNKNOWN","","    case 34: /* nohassle */
      if (GET_LEVEL(ch) < LVL_GOD && ch != vict) {
        send_to_char(ch, ""You aren't godly enough for that!\r\n"");
        return (0);"
"src\act.wizard.c","4095","perform_set","35","","Nosummon %s for %s.","READ_OR_UNKNOWN","","    case 35: /* nosummon */
      SET_OR_REMOVE(PRF_FLAGS(vict), PRF_SUMMONABLE);
      send_to_char(ch, ""Nosummon %s for %s.\r\n"", ONOFF(!on), GET_NAME(vict));
      break;"
"src\act.wizard.c","4099","perform_set","36","","","READ_OR_UNKNOWN","","    case 36: /* nowiz */
      SET_OR_REMOVE(PLR_FLAGS(vict), PLR_NOWIZLIST);
      break;"
"src\act.wizard.c","4102","perform_set","37","","socials | actions | aedit | hedit | help | all | off | Value must be a zone number, 'aedit', 'hedit', 'off' or 'all'.","MUTATING_REVIEW","OLC/object/flag mutation","    case 37: /* olc */
      if (is_abbrev(val_arg, ""socials"") || is_abbrev(val_arg, ""actions"") || is_abbrev(val_arg, ""aedit""))
        GET_OLC_ZONE(vict) = AEDIT_PERMISSION;
      else if (is_abbrev(val_arg, ""hedit"") || is_abbrev(val_arg, ""help""))
        GET_OLC_ZONE(vict) = HEDIT_PERMISSION;
      else if (*val_arg == '*' || is_abbrev(val_arg, ""all""))
        GET_OLC_ZONE(vict) = ALL_PERMISSION;
      else if (is_abbrev(val_arg, ""off""))
        GET_OLC_ZONE(vict) = NOWHERE;
      else if (!is_number(val_arg))  {
        send_to_char(ch, ""Value must be a zone number, 'aedit', 'hedit', 'off' or 'all'.\r\n"");
        return (0);"
"src\act.wizard.c","4117","perform_set","38","","You cannot change that.","READ_OR_UNKNOWN","","    case 38: /* password */
      if (GET_LEVEL(vict) >= LVL_GRGOD) {
        send_to_char(ch, ""You cannot change that.\r\n"");
        return (0);"
"src\act.wizard.c","4126","perform_set","39","","","DESTRUCTIVE_REVIEW","delete/purge/extract/remove/free operation","    case 39: /* poofin */
      if ((vict == ch) || (GET_LEVEL(ch) == LVL_IMPL)) {
        skip_spaces(&val_arg);
        parse_at(val_arg);

        if (POOFIN(vict))
          free(POOFIN(vict));

      if (!*val_arg)
          POOFIN(vict) = NULL;
        else
          POOFIN(vict) = strdup(val_arg);
        }
      break;"
"src\act.wizard.c","4140","perform_set","40","","","DESTRUCTIVE_REVIEW","delete/purge/extract/remove/free operation","    case 40: /* poofout */
      if ((vict == ch) || (GET_LEVEL(ch) == LVL_IMPL)) {
        skip_spaces(&val_arg);
        parse_at(val_arg);

        if (POOFOUT(vict))
          free(POOFOUT(vict));

	if (!*val_arg)
          POOFOUT(vict) = NULL;
        else
          POOFOUT(vict) = strdup(val_arg);
        }
      break;"
"src\act.wizard.c","4154","perform_set","41","","","READ_OR_UNKNOWN","","    case 41: /* practices */
      GET_PRACTICES(vict) = RANGE(0, 100);
      break;"
"src\act.wizard.c","4157","perform_set","42","","","READ_OR_UNKNOWN","","    case 42: /* quest */
      SET_OR_REMOVE(PRF_FLAGS(vict), PRF_QUEST);
      break;"
"src\act.wizard.c","4160","perform_set","43","","No room exists with that number.","READ_OR_UNKNOWN","","    case 43: /* room */
      if ((rnum = real_room(value)) == NOWHERE) {
        send_to_char(ch, ""No room exists with that number.\r\n"");
        return (0);"
"src\act.wizard.c","4169","perform_set","44","","","READ_OR_UNKNOWN","","    case 44: /* screenwidth */
      GET_SCREEN_WIDTH(vict) = RANGE(40, 200);
      break;"
"src\act.wizard.c","4172","perform_set","45","","Must be 'male', 'female', or 'neutral'.","READ_OR_UNKNOWN","","    case 45: /* sex */
      if ((i = search_block(val_arg, genders, FALSE)) < 0) {
        send_to_char(ch, ""Must be 'male', 'female', or 'neutral'.\r\n"");
        return (0);"
"src\act.wizard.c","4179","perform_set","46","","","READ_OR_UNKNOWN","","    case 46: /* showvnums */
      SET_OR_REMOVE(PRF_FLAGS(vict), PRF_SHOWVNUMS);
      break;"
"src\act.wizard.c","4182","perform_set","47","","","READ_OR_UNKNOWN","","    case 47: /* siteok */
      SET_OR_REMOVE(PLR_FLAGS(vict), PLR_SITEOK);
      break;"
"src\act.wizard.c","4185","perform_set","48","","","READ_OR_UNKNOWN","","    case 48: /* str */
      value = MIN(MAX(value, BASE_STAT_MIN), BASE_STAT_CAP);
      vict->real_abils.str = value;
      vict->real_abils.str_add = 0;
      affect_total(vict);
      break;"
"src\act.wizard.c","4191","perform_set","49","","","READ_OR_UNKNOWN","","    case 49: /* stradd */
      vict->real_abils.str_add = RANGE(0, 100);
      if (value > 0)
        vict->real_abils.str = 18;
      affect_total(vict);
      break;"
"src\act.wizard.c","4197","perform_set","50","","","READ_OR_UNKNOWN","","    case 50: /* thief */
      SET_OR_REMOVE(PLR_FLAGS(vict), PLR_THIEF);
      break;"
"src\act.wizard.c","4200","perform_set","51","","off | %s's thirst is now off. | %s's thirst set to %d. | Must be 'off' or a value from 0 to 24.","READ_OR_UNKNOWN","","    case 51: /* thirst */
      if (!str_cmp(val_arg, ""off"")) {
        GET_COND(vict, THIRST) = -1;
        send_to_char(ch, ""%s's thirst is now off.\r\n"", GET_NAME(vict));
      } else if (is_number(val_arg)) {
        value = atoi(val_arg);
        RANGE(0, 24);
        GET_COND(vict, THIRST) = value;
        send_to_char(ch, ""%s's thirst set to %d.\r\n"", GET_NAME(vict), value);
      } else {
        send_to_char(ch, ""Must be 'off' or a value from 0 to 24.\r\n"");
        return (0);"
"src\act.wizard.c","4214","perform_set","52","","%s's title is now: %s","READ_OR_UNKNOWN","","    case 52: /* title */
      set_title(vict, val_arg);
      send_to_char(ch, ""%s's title is now: %s\r\n"", GET_NAME(vict), GET_TITLE(vict));
      break;"
"src\act.wizard.c","4218","perform_set","53","","","READ_OR_UNKNOWN","","    case 53: /* variable */
      return perform_set_dg_var(ch, vict, val_arg);"
"src\act.wizard.c","4220","perform_set","54","","","READ_OR_UNKNOWN","","    case 54: /* weight */
      GET_WEIGHT(vict) = value;
      affect_total(vict);
      break;"
"src\act.wizard.c","4224","perform_set","55","","","READ_OR_UNKNOWN","","    case 55: /* wis */
      value = MIN(MAX(value, BASE_STAT_MIN), BASE_STAT_CAP);
      vict->real_abils.wis = value;
      affect_total(vict);
      break;"
"src\act.wizard.c","4229","perform_set","56","","","READ_OR_UNKNOWN","","    case 56: /* questpoints */
      GET_QUESTPOINTS(vict) = RANGE(0, 100000000);
      break;"
"src\act.wizard.c","4232","perform_set","57","","That quest doesn't exist.","READ_OR_UNKNOWN","","    case 57: /* questhistory */
      qvnum = atoi(val_arg);
      if (real_quest(qvnum) == NOTHING) {
        send_to_char(ch, ""That quest doesn't exist.\r\n"");
        return FALSE;"
"src\act.wizard.c","4249","perform_set","58","","","READ_OR_UNKNOWN","","  case 58:
    GET_MONEY(vict) = LIMIT(value, 0, 100000000);
    break;"
"src\act.wizard.c","4252","perform_set","59","","","READ_OR_UNKNOWN","","  case 59:
    GET_DIAMONDS(vict) = LIMIT(value, 0, 100000000);
    break;"
"src\act.wizard.c","4255","perform_set","60","","","READ_OR_UNKNOWN","","  case 60:
    GET_DIAMONDS(vict) = LIMIT(value, 0, 100000000);
    break;"
"src\act.wizard.c","4258","perform_set","default","","Can't set that!","READ_OR_UNKNOWN","","    default:
      send_to_char(ch, ""Can't set that!\r\n"");
      return (0);"
"src\act.wizard.c","4865","set_field_rejects_negative","ITEM_MONEY","","- Is worth %d (money limit %d coins).","READ_OR_UNKNOWN","","        case ITEM_MONEY:
          if ((value = GET_OBJ_VAL(obj, 0))>MAX_OBJ_GOLD_ALLOWED && (found=1))
            len += snprintf(buf + len, sizeof(buf) - len,
                            ""- Is worth %d (money limit %d coins).\r\n"",
                                 value, MAX_OBJ_GOLD_ALLOWED);
          break;"
"src\act.wizard.c","4871","set_field_rejects_negative","ITEM_WEAPON","","- has out of range attack type %d. | - Damroll is %2.1f (limit %d)","READ_OR_UNKNOWN","","        case ITEM_WEAPON:
          if (GET_OBJ_VAL(obj, 3) >= NUM_ATTACK_TYPES && (found=1))
            len += snprintf(buf + len, sizeof(buf) - len,
                            ""- has out of range attack type %d.\r\n"",
                                 GET_OBJ_VAL(obj, 3));

          if (GET_OBJ_AVG_DAM(obj)>MAX_DAM_ALLOWED && (found=1))
            len += snprintf(buf + len, sizeof(buf) - len,
                            ""- Damroll is %2.1f (limit %d)\r\n"",
                                 GET_OBJ_AVG_DAM(obj), MAX_DAM_ALLOWED);
          break;"
"src\act.wizard.c","4882","set_field_rejects_negative","ITEM_ARMOR","","- Has Armor %d (%s limit is %d)","READ_OR_UNKNOWN","","        case ITEM_ARMOR:
          ac=GET_OBJ_VAL(obj,0);
          for (j=0; j<TOTAL_WEAR_CHECKS;j++) {
            if (CAN_WEAR(obj,zarmor[j].bitvector) && (ac>zarmor[j].ac_allowed) && (found=1))
              len += snprintf(buf + len, sizeof(buf) - len,
                                   ""- Has Armor %d (%s limit is %d)\r\n"",
                                   ac, zarmor[j].message, zarmor[j].ac_allowed);
          }
          break;"
"src\act.wizard.c","5124","obj_checkload","'M'","","","READ_OR_UNKNOWN","","        case 'M':
          lastroom_v = world[ZCMD2.arg3].number;
          lastroom_r = ZCMD2.arg3;
          lastmob_r = ZCMD2.arg1;
          break;"
"src\act.wizard.c","5129","obj_checkload","'O'","","[%5d] %s (%d Max)","READ_OR_UNKNOWN","","        case 'O':                   /* read an object */
          lastroom_v = world[ZCMD2.arg3].number;
          lastroom_r = ZCMD2.arg3;
          if (ZCMD2.arg1 == ornum)
            send_to_char(ch, ""  [%5d] %s (%d Max)\r\n"",
                             lastroom_v,
                             world[lastroom_r].name,
                             ZCMD2.arg2);
          break;"
"src\act.wizard.c","5138","obj_checkload","'P'","","[%5d] %s (Put in another object [%d Max])","READ_OR_UNKNOWN","","        case 'P':                   /* object to object */
          if (ZCMD2.arg1 == ornum)
            send_to_char(ch, ""  [%5d] %s (Put in another object [%d Max])\r\n"",
                             lastroom_v,
                             world[lastroom_r].name,
                             ZCMD2.arg2);
          break;"
"src\act.wizard.c","5145","obj_checkload","'G'","","[%5d] %s (Given to %s [%d][%d Max])","READ_OR_UNKNOWN","","        case 'G':                   /* obj_to_char */
          if (ZCMD2.arg1 == ornum)
            send_to_char(ch, ""  [%5d] %s (Given to %s [%d][%d Max])\r\n"",
                             lastroom_v,
                             world[lastroom_r].name,
                             mob_proto[lastmob_r].player.short_descr,
                             mob_index[lastmob_r].vnum,
                             ZCMD2.arg2);
          break;"
"src\act.wizard.c","5154","obj_checkload","'E'","","[%5d] %s (Equipped to %s [%d][%d Max])","READ_OR_UNKNOWN","","        case 'E':                   /* object to equipment list */
          if (ZCMD2.arg1 == ornum)
            send_to_char(ch, ""  [%5d] %s (Equipped to %s [%d][%d Max])\r\n"",
                             lastroom_v,
                             world[lastroom_r].name,
                             mob_proto[lastmob_r].player.short_descr,
                             mob_index[lastmob_r].vnum,
                             ZCMD2.arg2);
          break;"
"src\act.wizard.c","5163","obj_checkload","'R'","","[%5d] %s (Removed from room)","READ_OR_UNKNOWN","","        case 'R': /* rem obj from room */
          lastroom_v = world[ZCMD2.arg1].number;
          lastroom_r = ZCMD2.arg1;
          if (ZCMD2.arg2 == ornum)
            send_to_char(ch, ""  [%5d] %s (Removed from room)\r\n"",
                             lastroom_v,
                             world[lastroom_r].name);
          break;"
"src\act.wizard.c","5200","trg_checkload","'M'","","","READ_OR_UNKNOWN","","        case 'M':
          lastroom_v = world[ZCMD2.arg3].number;
          lastroom_r = ZCMD2.arg3;
          lastmob_r = ZCMD2.arg1;
          break;"
"src\act.wizard.c","5205","trg_checkload","'O'","","","READ_OR_UNKNOWN","","        case 'O':                   /* read an object */
          lastroom_v = world[ZCMD2.arg3].number;
          lastroom_r = ZCMD2.arg3;
          lastobj_r = ZCMD2.arg1;
          break;"
"src\act.wizard.c","5210","trg_checkload","'P'","","","READ_OR_UNKNOWN","","        case 'P':                   /* object to object */
          lastobj_r = ZCMD2.arg1;
          break;"
"src\act.wizard.c","5213","trg_checkload","'G'","","","READ_OR_UNKNOWN","","        case 'G':                   /* obj_to_char */
          lastobj_r = ZCMD2.arg1;
          break;"
"src\act.wizard.c","5216","trg_checkload","'E'","","","READ_OR_UNKNOWN","","        case 'E':                   /* object to equipment list */
          lastobj_r = ZCMD2.arg1;
          break;"
"src\act.wizard.c","5219","trg_checkload","'R'","","","READ_OR_UNKNOWN","","        case 'R':                   /* rem obj from room */
          lastroom_v = 0;
          lastroom_r = 0;
          lastobj_r = 0;
          lastmob_r = 0;"
"src\act.wizard.c","5224","trg_checkload","'T'","","","READ_OR_UNKNOWN","","        case 'T':                   /* trigger to something */
          if (ZCMD2.arg2 != trnum)
            break;"
"src\act.wizard.c","5705","trg_checkload","'l'","","%d-%d","READ_OR_UNKNOWN","","      case 'l':
        half_chop(buf1, arg, buf);
        sscanf(arg, ""%d-%d"", &low, &high);
        break;"
"src\act.wizard.c","5709","trg_checkload","'n'","","","READ_OR_UNKNOWN","","      case 'n':
        half_chop(buf1, name_search, buf);
        break;"
"src\act.wizard.c","5712","trg_checkload","'i'","","","READ_OR_UNKNOWN","","      case 'i':
        strcpy(buf, buf1);
        low = LVL_IMMORT;
        break;"
"src\act.wizard.c","5716","trg_checkload","'m'","","","READ_OR_UNKNOWN","","      case 'm':
        strcpy(buf, buf1);
        high = LVL_IMMORT - 1;
        break;"
"src\act.wizard.c","5720","trg_checkload","'d'","","%d-%d","READ_OR_UNKNOWN","","      case 'd':
        half_chop(buf1, arg, buf);
        if (sscanf(arg, ""%d-%d"", &low_day, &high_day) == 1)
          high_day = low_day;
        break;"
"src\act.wizard.c","5725","trg_checkload","'h'","","%d-%d","READ_OR_UNKNOWN","","      case 'h':
        half_chop(buf1, arg, buf);
        if (sscanf(arg, ""%d-%d"", &low_hr, &high_hr) == 1)
          high_hr = low_hr;
        break;"
"src\act.wizard.c","5730","trg_checkload","default","","%s","READ_OR_UNKNOWN","","      default:
        send_to_char(ch, ""%s\r\n"", PLIST_FORMAT);
        return;"
"src\act.wizard.c","7445","objtemplate_apply_defaults","ITEM_TRASH","","","READ_OR_UNKNOWN","","    case ITEM_TRASH:"
"src\act.wizard.c","7446","objtemplate_apply_defaults","ITEM_TREASURE","","","MUTATING_REVIEW","OLC/object/flag mutation","    case ITEM_TREASURE:
      SET_BIT_AR(GET_OBJ_WEAR(obj), ITEM_WEAR_TAKE);
      GET_OBJ_WEIGHT(obj) = MAX(1, (level / 5) + 1);
      break;"
"src\act.wizard.c","7450","objtemplate_apply_defaults","ITEM_WEAPON","","","DESTRUCTIVE_REVIEW","data cleared/reset on code path | OLC/object/flag mutation","    case ITEM_WEAPON:
      SET_BIT_AR(GET_OBJ_WEAR(obj), ITEM_WEAR_TAKE);
      SET_BIT_AR(GET_OBJ_WEAR(obj), ITEM_WEAR_WIELD);
      GET_OBJ_WEIGHT(obj) = MAX(1, (level / 4) + 2);
      GET_OBJ_VAL(obj, 0) = 0;
      GET_OBJ_VAL(obj, 1) = MAX(1, (level / 10) + 1);
      GET_OBJ_VAL(obj, 2) = 4;
      GET_OBJ_VAL(obj, 3) = TYPE_HIT - TYPE_HIT;
      break;"
"src\act.wizard.c","7459","objtemplate_apply_defaults","ITEM_ARMOR","","","MUTATING_REVIEW","OLC/object/flag mutation","    case ITEM_ARMOR:
      SET_BIT_AR(GET_OBJ_WEAR(obj), ITEM_WEAR_TAKE);
      SET_BIT_AR(GET_OBJ_WEAR(obj), ITEM_WEAR_BODY);
      GET_OBJ_WEIGHT(obj) = MAX(1, (level / 4) + 2);
      GET_OBJ_VAL(obj, 0) = MAX(1, level / 3);
      break;"
"src\act.wizard.c","7465","objtemplate_apply_defaults","ITEM_CONTAINER","","","DESTRUCTIVE_REVIEW","data cleared/reset on code path | OLC/object/flag mutation","    case ITEM_CONTAINER:
      SET_BIT_AR(GET_OBJ_WEAR(obj), ITEM_WEAR_TAKE);
      GET_OBJ_WEIGHT(obj) = MAX(1, (level / 4) + 2);
      GET_OBJ_VAL(obj, 0) = MAX(10, level * 2);
      GET_OBJ_VAL(obj, 1) = 0;
      GET_OBJ_VAL(obj, 2) = NOTHING;
      GET_OBJ_VAL(obj, 3) = 0;
      break;"
"src\act.wizard.c","7473","objtemplate_apply_defaults","default","","","READ_OR_UNKNOWN","","    default:
      return FALSE;"
"src\aedit.c","329","aedit_parse","AEDIT_CONFIRM_SAVESTRING","","","READ_OR_UNKNOWN","","    case AEDIT_CONFIRM_SAVESTRING:
      switch (*arg) {"
"src\aedit.c","331","aedit_parse","'y': case 'Y'","","OLC: %s edits action %s | Action saved to disk.","SAVE_PATH","disk/save operation","       case 'y': case 'Y':
         aedit_save_internally(d);
         mudlog (CMP, MAX(LVL_GOD, GET_INVIS_LEV(d->character)), TRUE, ""OLC: %s edits action %s"",
                 GET_NAME(d->character), OLC_ACTION(d)->command);

         /* do not free the strings.. just the structure */
         cleanup_olc(d, CLEANUP_STRUCTS);
         write_to_output(d, ""Action saved to disk.\r\n"");
         break;"
"src\aedit.c","340","aedit_parse","'n': case 'N'","","","READ_OR_UNKNOWN","","       case 'n': case 'N':
         /* free everything up, including strings etc */
         cleanup_olc(d, CLEANUP_ALL);
         break;"
"src\aedit.c","344","aedit_parse","default","","Invalid choice! | Do you wish to save your changes? :","READ_OR_UNKNOWN","","       default:
         write_to_output(d, ""Invalid choice!\r\n""
                            ""Do you wish to save your changes? : "");
         break;"
"src\aedit.c","351","aedit_parse","AEDIT_CONFIRM_EDIT","","","READ_OR_UNKNOWN","","    case AEDIT_CONFIRM_EDIT:
      switch (*arg)  {"
"src\aedit.c","353","aedit_parse","'y': case 'Y'","","","READ_OR_UNKNOWN","","       case 'y': case 'Y':
         aedit_setup_existing(d, OLC_ZNUM(d));
         break;"
"src\aedit.c","356","aedit_parse","'q': case 'Q'","","","READ_OR_UNKNOWN","","       case 'q': case 'Q':
         cleanup_olc(d, CLEANUP_ALL);
         break;"
"src\aedit.c","359","aedit_parse","'n': case 'N'","","","MUTATING_REVIEW","OLC/object/flag mutation","       case 'n': case 'N':
         OLC_ZNUM(d)++;
         for (;(OLC_ZNUM(d) <= top_of_socialt); OLC_ZNUM(d)++)
           if (is_abbrev(OLC_STORAGE(d), soc_mess_list[OLC_ZNUM(d)].command))
             break;"
"src\aedit.c","379","aedit_parse","default","","Invalid choice! | Do you wish to edit the '%s' action?","READ_OR_UNKNOWN","","       default:
         write_to_output(d, ""Invalid choice!\r\n""
                            ""Do you wish to edit the '%s' action? "",
                            soc_mess_list[OLC_ZNUM(d)].command);
         break;"
"src\aedit.c","387","aedit_parse","AEDIT_CONFIRM_ADD","","","READ_OR_UNKNOWN","","    case AEDIT_CONFIRM_ADD:
      switch (*arg)  {"
"src\aedit.c","389","aedit_parse","'y': case 'Y'","","","READ_OR_UNKNOWN","","       case 'y': case 'Y':
         aedit_setup_new(d);
         break;"
"src\aedit.c","392","aedit_parse","'n': case 'N': case 'q': case 'Q'","","","READ_OR_UNKNOWN","","       case 'n': case 'N': case 'q': case 'Q':
         cleanup_olc(d, CLEANUP_ALL);
         break;"
"src\aedit.c","395","aedit_parse","default","","Invalid choice! | Do you wish to add the '%s' action?","READ_OR_UNKNOWN","","       default:
         write_to_output(d, ""Invalid choice!\r\n""
                            ""Do you wish to add the '%s' action? "",
                            OLC_STORAGE(d));
         break;"
"src\aedit.c","403","aedit_parse","AEDIT_MAIN_MENU","","","READ_OR_UNKNOWN","","    case AEDIT_MAIN_MENU:
      switch (*arg) {"
"src\aedit.c","405","aedit_parse","'q': case 'Q'","AEDIT_CONFIRM_SAVESTRING","Do you wish to save your changes? :","MUTATING_REVIEW","OLC/object/flag mutation","       case 'q': case 'Q':
         if (OLC_VAL(d))  { /* Something was modified */
            write_to_output(d, ""Do you wish to save your changes? : "");
            OLC_MODE(d) = AEDIT_CONFIRM_SAVESTRING;
         }
         else cleanup_olc(d, CLEANUP_ALL);
         break;"
"src\aedit.c","412","aedit_parse","'n'","AEDIT_ACTION_NAME","Enter action name:","MUTATING_REVIEW","OLC/object/flag mutation","       case 'n':
         write_to_output(d, ""Enter action name: "");
         OLC_MODE(d) = AEDIT_ACTION_NAME;
         return;"
"src\aedit.c","416","aedit_parse","'1'","AEDIT_SORT_AS","Enter sort info for this action (for the command listing):","MUTATING_REVIEW","OLC/object/flag mutation","       case '1':
         write_to_output(d, ""Enter sort info for this action (for the command listing): "");
         OLC_MODE(d) = AEDIT_SORT_AS;
         return;"
"src\aedit.c","420","aedit_parse","'2'","AEDIT_MIN_CHAR_POS","Enter the minimum position the Character has to be in to activate social: | %d) %s | Enter choice:","MUTATING_REVIEW","OLC/object/flag mutation","       case '2':
         write_to_output(d, ""Enter the minimum position the Character has to be in to activate social:\r\n"");
         for (i=POS_DEAD;i<=POS_STANDING;i++)
           write_to_output(d, ""   %d) %s\r\n"", i, position_types[i]);

         write_to_output(d, ""Enter choice: "");
         OLC_MODE(d) = AEDIT_MIN_CHAR_POS;
         return;"
"src\aedit.c","428","aedit_parse","'3'","AEDIT_MIN_VICT_POS","Enter the minimum position the Victim has to be in to activate social: | %d) %s | Enter choice:","MUTATING_REVIEW","OLC/object/flag mutation","       case '3':
         write_to_output(d, ""Enter the minimum position the Victim has to be in to activate social:\r\n"");
         for (i=POS_DEAD;i<=POS_STANDING;i++)
           write_to_output(d, ""   %d) %s\r\n"", i, position_types[i]);

         write_to_output(d, ""Enter choice: "");
         OLC_MODE(d) = AEDIT_MIN_VICT_POS;
         return;"
"src\aedit.c","436","aedit_parse","'4'","AEDIT_MIN_CHAR_LEVEL","Enter new minimum level for social:","MUTATING_REVIEW","OLC/object/flag mutation","       case '4':
         write_to_output(d, ""Enter new minimum level for social: "");
         OLC_MODE(d) = AEDIT_MIN_CHAR_LEVEL;
         return;"
"src\aedit.c","440","aedit_parse","'5'","","","MUTATING_REVIEW","OLC/object/flag mutation","       case '5':
         OLC_ACTION(d)->hide = !OLC_ACTION(d)->hide;
         aedit_disp_menu(d);
         OLC_VAL(d) = 1;
         break;"
"src\aedit.c","445","aedit_parse","'a': case 'A'","AEDIT_NOVICT_CHAR","Enter social shown to the Character when there is no argument supplied. | [OLD]: %s | [NEW]: | NULL","MUTATING_REVIEW","OLC/object/flag mutation","       case 'a': case 'A':
         write_to_output(d, ""Enter social shown to the Character when there is no argument supplied.\r\n""
                            ""[OLD]: %s\r\n""
                            ""[NEW]: "",
                 ((OLC_ACTION(d)->char_no_arg)?OLC_ACTION(d)->char_no_arg:""NULL""));
         OLC_MODE(d) = AEDIT_NOVICT_CHAR;
         return;"
"src\aedit.c","452","aedit_parse","'b': case 'B'","AEDIT_NOVICT_OTHERS","Enter social shown to Others when there is no argument supplied. | [OLD]: %s | [NEW]: | NULL","MUTATING_REVIEW","OLC/object/flag mutation","       case 'b': case 'B':
         write_to_output(d, ""Enter social shown to Others when there is no argument supplied.\r\n""
                            ""[OLD]: %s\r\n""
                            ""[NEW]: "",
                            ((OLC_ACTION(d)->others_no_arg)?OLC_ACTION(d)->others_no_arg:""NULL""));
         OLC_MODE(d) = AEDIT_NOVICT_OTHERS;
         return;"
"src\aedit.c","459","aedit_parse","'c': case 'C'","AEDIT_VICT_NOT_FOUND","Enter text shown to the Character when his victim isnt found. | [OLD]: %s | [NEW]: | NULL","MUTATING_REVIEW","OLC/object/flag mutation","       case 'c': case 'C':
         write_to_output(d, ""Enter text shown to the Character when his victim isnt found.\r\n""
                            ""[OLD]: %s\r\n""
                            ""[NEW]: "",
                            ((OLC_ACTION(d)->not_found)?OLC_ACTION(d)->not_found:""NULL""));

         OLC_MODE(d) = AEDIT_VICT_NOT_FOUND;
         return;"
"src\aedit.c","467","aedit_parse","'d': case 'D'","AEDIT_SELF_CHAR","Enter social shown to the Character when it is its own victim. | [OLD]: %s | [NEW]: | NULL","MUTATING_REVIEW","OLC/object/flag mutation","       case 'd': case 'D':
         write_to_output(d, ""Enter social shown to the Character when it is its own victim.\r\n""
                            ""[OLD]: %s\r\n""
                            ""[NEW]: "",
                            ((OLC_ACTION(d)->char_auto)?OLC_ACTION(d)->char_auto:""NULL""));

         OLC_MODE(d) = AEDIT_SELF_CHAR;
         return;"
"src\aedit.c","475","aedit_parse","'e': case 'E'","AEDIT_SELF_OTHERS","Enter social shown to Others when the Char is its own victim. | [OLD]: %s | [NEW]: | NULL","MUTATING_REVIEW","OLC/object/flag mutation","       case 'e': case 'E':
         write_to_output(d, ""Enter social shown to Others when the Char is its own victim.\r\n""
                            ""[OLD]: %s\r\n""
                            ""[NEW]: "",
                            ((OLC_ACTION(d)->others_auto)?OLC_ACTION(d)->others_auto:""NULL""));

         OLC_MODE(d) = AEDIT_SELF_OTHERS;
         return;"
"src\aedit.c","483","aedit_parse","'f': case 'F'","AEDIT_VICT_CHAR_FOUND","Enter normal social shown to the Character when the victim is found. | [OLD]: %s | [NEW]: | NULL","MUTATING_REVIEW","OLC/object/flag mutation","       case 'f': case 'F':
         write_to_output(d, ""Enter normal social shown to the Character when the victim is found.\r\n""
                            ""[OLD]: %s\r\n""
                            ""[NEW]: "",
                            ((OLC_ACTION(d)->char_found)?OLC_ACTION(d)->char_found:""NULL""));

         OLC_MODE(d) = AEDIT_VICT_CHAR_FOUND;
         return;"
"src\aedit.c","491","aedit_parse","'g': case 'G'","AEDIT_VICT_OTHERS_FOUND","Enter normal social shown to Others when the victim is found. | [OLD]: %s | [NEW]: | NULL","MUTATING_REVIEW","OLC/object/flag mutation","       case 'g': case 'G':
         write_to_output(d, ""Enter normal social shown to Others when the victim is found.\r\n""
                            ""[OLD]: %s\r\n""
                            ""[NEW]: "",
                            ((OLC_ACTION(d)->others_found)?OLC_ACTION(d)->others_found:""NULL""));

         OLC_MODE(d) = AEDIT_VICT_OTHERS_FOUND;
         return;"
"src\aedit.c","499","aedit_parse","'h': case 'H'","AEDIT_VICT_VICT_FOUND","Enter normal social shown to the Victim when the victim is found. | [OLD]: %s | [NEW]: | NULL","MUTATING_REVIEW","OLC/object/flag mutation","       case 'h': case 'H':
         write_to_output(d, ""Enter normal social shown to the Victim when the victim is found.\r\n""
                            ""[OLD]: %s\r\n""
                            ""[NEW]: "",
                            ((OLC_ACTION(d)->vict_found)?OLC_ACTION(d)->vict_found:""NULL""));

         OLC_MODE(d) = AEDIT_VICT_VICT_FOUND;
         return;"
"src\aedit.c","507","aedit_parse","'i': case 'I'","AEDIT_VICT_CHAR_BODY_FOUND","Enter 'body part' social shown to the Character when the victim is found. | [OLD]: %s | [NEW]: | NULL","MUTATING_REVIEW","OLC/object/flag mutation","       case 'i': case 'I':
         write_to_output(d, ""Enter 'body part' social shown to the Character when the victim is found.\r\n""
                            ""[OLD]: %s\r\n""
                            ""[NEW]: "",
                            ((OLC_ACTION(d)->char_body_found)?OLC_ACTION(d)->char_body_found:""NULL""));

         OLC_MODE(d) = AEDIT_VICT_CHAR_BODY_FOUND;
         return;"
"src\aedit.c","515","aedit_parse","'j': case 'J'","AEDIT_VICT_OTHERS_BODY_FOUND","Enter 'body part' social shown to Others when the victim is found. | [OLD]: %s | [NEW]: | NULL","MUTATING_REVIEW","OLC/object/flag mutation","       case 'j': case 'J':
         write_to_output(d, ""Enter 'body part' social shown to Others when the victim is found.\r\n""
                            ""[OLD]: %s\r\n""
                            ""[NEW]: "",
                            ((OLC_ACTION(d)->others_body_found)?OLC_ACTION(d)->others_body_found:""NULL""));

         OLC_MODE(d) = AEDIT_VICT_OTHERS_BODY_FOUND;
         return;"
"src\aedit.c","523","aedit_parse","'k': case 'K'","AEDIT_VICT_VICT_BODY_FOUND","Enter 'body part' social shown to the Victim when the victim is found. | [OLD]: %s | [NEW]: | NULL","MUTATING_REVIEW","OLC/object/flag mutation","       case 'k': case 'K':
         write_to_output(d, ""Enter 'body part' social shown to the Victim when the victim is found.\r\n""
                            ""[OLD]: %s\r\n""
                            ""[NEW]: "",
                            ((OLC_ACTION(d)->vict_body_found)?OLC_ACTION(d)->vict_body_found:""NULL""));

         OLC_MODE(d) = AEDIT_VICT_VICT_BODY_FOUND;
         return;"
"src\aedit.c","531","aedit_parse","'l': case 'L'","AEDIT_OBJ_CHAR_FOUND","Enter 'object' social shown to the Character when the object is found. | [OLD]: %s | [NEW]: | NULL","MUTATING_REVIEW","OLC/object/flag mutation","       case 'l': case 'L':
         write_to_output(d, ""Enter 'object' social shown to the Character when the object is found.\r\n""
                            ""[OLD]: %s\r\n""
                            ""[NEW]: "",
                            ((OLC_ACTION(d)->char_obj_found)?OLC_ACTION(d)->char_obj_found:""NULL""));

         OLC_MODE(d) = AEDIT_OBJ_CHAR_FOUND;
         return;"
"src\aedit.c","539","aedit_parse","'m': case 'M'","AEDIT_OBJ_OTHERS_FOUND","Enter 'object' social shown to the Room when the object is found. | [OLD]: %s | [NEW]: | NULL","MUTATING_REVIEW","OLC/object/flag mutation","       case 'm': case 'M':
         write_to_output(d, ""Enter 'object' social shown to the Room when the object is found.\r\n""
                            ""[OLD]: %s\r\n""
                            ""[NEW]: "",
                            ((OLC_ACTION(d)->others_obj_found)?OLC_ACTION(d)->others_obj_found:""NULL""));

         OLC_MODE(d) = AEDIT_OBJ_OTHERS_FOUND;
         return;"
"src\aedit.c","547","aedit_parse","default","","","READ_OR_UNKNOWN","","       default:
         aedit_disp_menu(d);
         break;"
"src\aedit.c","553","aedit_parse","AEDIT_ACTION_NAME","","","READ_OR_UNKNOWN","","    case AEDIT_ACTION_NAME:
      if (!*arg || strchr(arg,' ')) {
        aedit_disp_menu(d);
        return;"
"src\aedit.c","564","aedit_parse","AEDIT_SORT_AS","","","READ_OR_UNKNOWN","","    case AEDIT_SORT_AS:
      if (!*arg || strchr(arg,' ')) {
        aedit_disp_menu(d);
        return;"
"src\aedit.c","575","aedit_parse","AEDIT_MIN_CHAR_POS","","","READ_OR_UNKNOWN","","    case AEDIT_MIN_CHAR_POS:"
"src\aedit.c","576","aedit_parse","AEDIT_MIN_VICT_POS","","","READ_OR_UNKNOWN","","    case AEDIT_MIN_VICT_POS:
      if (!*arg) {
        aedit_disp_menu(d);
        return;"
"src\aedit.c","592","aedit_parse","AEDIT_MIN_CHAR_LEVEL","","","READ_OR_UNKNOWN","","    case AEDIT_MIN_CHAR_LEVEL:
      if (!*arg) {
        aedit_disp_menu(d);
        return;"
"src\aedit.c","605","aedit_parse","AEDIT_NOVICT_CHAR","","","DESTRUCTIVE_REVIEW","delete/purge/extract/remove/free operation | OLC/object/flag mutation","    case AEDIT_NOVICT_CHAR:
      if (OLC_ACTION(d)->char_no_arg)
        free(OLC_ACTION(d)->char_no_arg);
      if (*arg) {
        delete_doubledollar(arg);
        OLC_ACTION(d)->char_no_arg = strdup(arg);
      } else
        OLC_ACTION(d)->char_no_arg = NULL;
      break;"
"src\aedit.c","615","aedit_parse","AEDIT_NOVICT_OTHERS","","","DESTRUCTIVE_REVIEW","delete/purge/extract/remove/free operation | OLC/object/flag mutation","    case AEDIT_NOVICT_OTHERS:
      if (OLC_ACTION(d)->others_no_arg)
        free(OLC_ACTION(d)->others_no_arg);
      if (*arg) {
        delete_doubledollar(arg);
        OLC_ACTION(d)->others_no_arg = strdup(arg);
      } else
        OLC_ACTION(d)->others_no_arg = NULL;
      break;"
"src\aedit.c","625","aedit_parse","AEDIT_VICT_CHAR_FOUND","","","DESTRUCTIVE_REVIEW","delete/purge/extract/remove/free operation | OLC/object/flag mutation","    case AEDIT_VICT_CHAR_FOUND:
      if (OLC_ACTION(d)->char_found)
        free(OLC_ACTION(d)->char_found);
      if (*arg) {
        delete_doubledollar(arg);
        OLC_ACTION(d)->char_found = strdup(arg);
      } else
        OLC_ACTION(d)->char_found = NULL;
      break;"
"src\aedit.c","635","aedit_parse","AEDIT_VICT_OTHERS_FOUND","","","DESTRUCTIVE_REVIEW","delete/purge/extract/remove/free operation | OLC/object/flag mutation","    case AEDIT_VICT_OTHERS_FOUND:
      if (OLC_ACTION(d)->others_found)
        free(OLC_ACTION(d)->others_found);
      if (*arg) {
        delete_doubledollar(arg);
        OLC_ACTION(d)->others_found = strdup(arg);
      } else
        OLC_ACTION(d)->others_found = NULL;
      break;"
"src\aedit.c","645","aedit_parse","AEDIT_VICT_VICT_FOUND","","","DESTRUCTIVE_REVIEW","delete/purge/extract/remove/free operation | OLC/object/flag mutation","    case AEDIT_VICT_VICT_FOUND:
      if (OLC_ACTION(d)->vict_found)
        free(OLC_ACTION(d)->vict_found);
      if (*arg) {
        delete_doubledollar(arg);
        OLC_ACTION(d)->vict_found = strdup(arg);
      } else
        OLC_ACTION(d)->vict_found = NULL;
      break;"
"src\aedit.c","655","aedit_parse","AEDIT_VICT_NOT_FOUND","","","DESTRUCTIVE_REVIEW","delete/purge/extract/remove/free operation | OLC/object/flag mutation","    case AEDIT_VICT_NOT_FOUND:
      if (OLC_ACTION(d)->not_found)
        free(OLC_ACTION(d)->not_found);
      if (*arg) {
        delete_doubledollar(arg);
        OLC_ACTION(d)->not_found = strdup(arg);
      } else
        OLC_ACTION(d)->not_found = NULL;
      break;"
"src\aedit.c","665","aedit_parse","AEDIT_SELF_CHAR","","","DESTRUCTIVE_REVIEW","delete/purge/extract/remove/free operation | OLC/object/flag mutation","    case AEDIT_SELF_CHAR:
      if (OLC_ACTION(d)->char_auto)
        free(OLC_ACTION(d)->char_auto);
      if (*arg) {
        delete_doubledollar(arg);
        OLC_ACTION(d)->char_auto = strdup(arg);
      } else
        OLC_ACTION(d)->char_auto = NULL;
      break;"
"src\aedit.c","675","aedit_parse","AEDIT_SELF_OTHERS","","","DESTRUCTIVE_REVIEW","delete/purge/extract/remove/free operation | OLC/object/flag mutation","    case AEDIT_SELF_OTHERS:
      if (OLC_ACTION(d)->others_auto)
        free(OLC_ACTION(d)->others_auto);
      if (*arg) {
        delete_doubledollar(arg);
        OLC_ACTION(d)->others_auto = strdup(arg);
      } else
        OLC_ACTION(d)->others_auto = NULL;
      break;"
"src\aedit.c","685","aedit_parse","AEDIT_VICT_CHAR_BODY_FOUND","","","DESTRUCTIVE_REVIEW","delete/purge/extract/remove/free operation | OLC/object/flag mutation","    case AEDIT_VICT_CHAR_BODY_FOUND:
      if (OLC_ACTION(d)->char_body_found)
        free(OLC_ACTION(d)->char_body_found);
      if (*arg) {
        delete_doubledollar(arg);
        OLC_ACTION(d)->char_body_found = strdup(arg);
      } else
        OLC_ACTION(d)->char_body_found = NULL;
      break;"
"src\aedit.c","695","aedit_parse","AEDIT_VICT_OTHERS_BODY_FOUND","","","DESTRUCTIVE_REVIEW","delete/purge/extract/remove/free operation | OLC/object/flag mutation","    case AEDIT_VICT_OTHERS_BODY_FOUND:
      if (OLC_ACTION(d)->others_body_found)
        free(OLC_ACTION(d)->others_body_found);
      if (*arg) {
        delete_doubledollar(arg);
        OLC_ACTION(d)->others_body_found = strdup(arg);
      } else
        OLC_ACTION(d)->others_body_found = NULL;
      break;"
"src\aedit.c","705","aedit_parse","AEDIT_VICT_VICT_BODY_FOUND","","","DESTRUCTIVE_REVIEW","delete/purge/extract/remove/free operation | OLC/object/flag mutation","    case AEDIT_VICT_VICT_BODY_FOUND:
      if (OLC_ACTION(d)->vict_body_found)
        free(OLC_ACTION(d)->vict_body_found);
      if (*arg) {
        delete_doubledollar(arg);
        OLC_ACTION(d)->vict_body_found = strdup(arg);
      } else
        OLC_ACTION(d)->vict_body_found = NULL;
      break;"
"src\aedit.c","715","aedit_parse","AEDIT_OBJ_CHAR_FOUND","","","DESTRUCTIVE_REVIEW","delete/purge/extract/remove/free operation | OLC/object/flag mutation","    case AEDIT_OBJ_CHAR_FOUND:
      if (OLC_ACTION(d)->char_obj_found)
        free(OLC_ACTION(d)->char_obj_found);
      if (*arg) {
        delete_doubledollar(arg);
        OLC_ACTION(d)->char_obj_found = strdup(arg);
      } else
        OLC_ACTION(d)->char_obj_found = NULL;
      break;"
"src\aedit.c","725","aedit_parse","AEDIT_OBJ_OTHERS_FOUND","","","DESTRUCTIVE_REVIEW","delete/purge/extract/remove/free operation | OLC/object/flag mutation","    case AEDIT_OBJ_OTHERS_FOUND:
      if (OLC_ACTION(d)->others_obj_found)
        free(OLC_ACTION(d)->others_obj_found);
      if (*arg) {
        delete_doubledollar(arg);
        OLC_ACTION(d)->others_obj_found = strdup(arg);
      } else
        OLC_ACTION(d)->others_obj_found = NULL;
      break;"
"src\aedit.c","735","aedit_parse","default","","","READ_OR_UNKNOWN","","    default:
      /* we should never get here */
      break;"
"src\cedit.c","813","cedit_parse","CEDIT_CONFIRM_SAVESTRING","","","READ_OR_UNKNOWN","","    case CEDIT_CONFIRM_SAVESTRING:
      switch (*arg) {"
"src\cedit.c","815","cedit_parse","'y'","","","READ_OR_UNKNOWN","","        case 'y':"
"src\cedit.c","816","cedit_parse","'Y'","","OLC: %s modifies the game configuration. | Game configuration saved to disk. | Game configuration saved to memory.","SAVE_PATH","disk/save operation","        case 'Y':
          cedit_save_internally(d);
          mudlog(CMP, MAX(LVL_BUILDER, GET_INVIS_LEV(d->character)), TRUE,
                 ""OLC: %s modifies the game configuration."", GET_NAME(d->character));
          cleanup_olc(d, CLEANUP_CONFIG);
	  if (CONFIG_AUTO_SAVE) {
	    cedit_save_to_disk();
	    write_to_output(d, ""Game configuration saved to disk.\r\n"");
	  } else
            write_to_output(d, ""Game configuration saved to memory.\r\n"");
          return;"
"src\cedit.c","827","cedit_parse","'n'","","","READ_OR_UNKNOWN","","        case 'n':"
"src\cedit.c","828","cedit_parse","'N'","","Game configuration not saved to memory.","READ_OR_UNKNOWN","","        case 'N':
          write_to_output(d, ""Game configuration not saved to memory.\r\n"");
          cleanup_olc(d, CLEANUP_CONFIG);
          return;"
"src\cedit.c","832","cedit_parse","default","","That is an invalid choice! | Do you wish to save your changes? :","READ_OR_UNKNOWN","","        default :
          write_to_output(d, ""\r\nThat is an invalid choice!\r\n"");
          write_to_output(d, ""Do you wish to save your changes? : "");
          return;"
"src\cedit.c","838","cedit_parse","CEDIT_MAIN_MENU","","","READ_OR_UNKNOWN","","    case CEDIT_MAIN_MENU:
      switch (*arg) {"
"src\cedit.c","840","cedit_parse","'g'","","","READ_OR_UNKNOWN","","        case 'g':"
"src\cedit.c","841","cedit_parse","'G'","CEDIT_GAME_OPTIONS_MENU","","MUTATING_REVIEW","OLC/object/flag mutation","        case 'G':
          cedit_disp_game_play_options(d);
          OLC_MODE(d) = CEDIT_GAME_OPTIONS_MENU;
          break;"
"src\cedit.c","846","cedit_parse","'c'","","","READ_OR_UNKNOWN","","        case 'c':"
"src\cedit.c","847","cedit_parse","'C'","CEDIT_CRASHSAVE_OPTIONS_MENU","","MUTATING_REVIEW","OLC/object/flag mutation","        case 'C':
          cedit_disp_crash_save_options(d);
          OLC_MODE(d) = CEDIT_CRASHSAVE_OPTIONS_MENU;
          break;"
"src\cedit.c","852","cedit_parse","'r'","","","READ_OR_UNKNOWN","","        case 'r':"
"src\cedit.c","853","cedit_parse","'R'","CEDIT_ROOM_NUMBERS_MENU","","MUTATING_REVIEW","OLC/object/flag mutation","        case 'R':
          cedit_disp_room_numbers(d);
          OLC_MODE(d) = CEDIT_ROOM_NUMBERS_MENU;
          break;"
"src\cedit.c","858","cedit_parse","'o'","","","READ_OR_UNKNOWN","","        case 'o':"
"src\cedit.c","859","cedit_parse","'O'","CEDIT_OPERATION_OPTIONS_MENU","","MUTATING_REVIEW","OLC/object/flag mutation","        case 'O':
          cedit_disp_operation_options(d);
          OLC_MODE(d) = CEDIT_OPERATION_OPTIONS_MENU;
          break;"
"src\cedit.c","864","cedit_parse","'a'","","","READ_OR_UNKNOWN","","        case 'a':"
"src\cedit.c","865","cedit_parse","'A'","CEDIT_AUTOWIZ_OPTIONS_MENU","","MUTATING_REVIEW","OLC/object/flag mutation","        case 'A':
          cedit_disp_autowiz_options(d);
          OLC_MODE(d) = CEDIT_AUTOWIZ_OPTIONS_MENU;
          break;"
"src\cedit.c","870","cedit_parse","'q'","","","READ_OR_UNKNOWN","","        case 'q':"
"src\cedit.c","871","cedit_parse","'Q'","CEDIT_CONFIRM_SAVESTRING","Do you wish to save your changes? :","MUTATING_REVIEW","OLC/object/flag mutation","        case 'Q':
          write_to_output(d, ""Do you wish to save your changes? : "");
          OLC_MODE(d) = CEDIT_CONFIRM_SAVESTRING;
          break;"
"src\cedit.c","876","cedit_parse","default","","That is an invalid choice!","READ_OR_UNKNOWN","","        default:
          write_to_output(d, ""That is an invalid choice!\r\n"");
          cedit_disp_menu(d);
          break;"
"src\cedit.c","883","cedit_parse","CEDIT_GAME_OPTIONS_MENU","","","READ_OR_UNKNOWN","","    case CEDIT_GAME_OPTIONS_MENU:
      switch (*arg) {"
"src\cedit.c","885","cedit_parse","'a'","","","READ_OR_UNKNOWN","","        case 'a':"
"src\cedit.c","886","cedit_parse","'A'","","","READ_OR_UNKNOWN","","        case 'A':
          TOGGLE_VAR(OLC_CONFIG(d)->play.pk_allowed);
          break;"
"src\cedit.c","890","cedit_parse","'b'","","","READ_OR_UNKNOWN","","        case 'b':"
"src\cedit.c","891","cedit_parse","'B'","","","READ_OR_UNKNOWN","","        case 'B':
          TOGGLE_VAR(OLC_CONFIG(d)->play.pt_allowed);
          break;"
"src\cedit.c","895","cedit_parse","'c'","","","READ_OR_UNKNOWN","","        case 'c':"
"src\cedit.c","896","cedit_parse","'C'","CEDIT_LEVEL_CAN_SHOUT","Enter the minimum level a player must be to shout, gossip, etc :","MUTATING_REVIEW","OLC/object/flag mutation","        case 'C':
          write_to_output(d, ""Enter the minimum level a player must be to shout, gossip, etc : "");
          OLC_MODE(d) = CEDIT_LEVEL_CAN_SHOUT;
          return;"
"src\cedit.c","901","cedit_parse","'d'","","","READ_OR_UNKNOWN","","        case 'd':"
"src\cedit.c","902","cedit_parse","'D'","CEDIT_HOLLER_MOVE_COST","Enter the amount it costs (in move points) to holler :","MUTATING_REVIEW","OLC/object/flag mutation","        case 'D':
          write_to_output(d, ""Enter the amount it costs (in move points) to holler : "");
          OLC_MODE(d) = CEDIT_HOLLER_MOVE_COST;
          return;"
"src\cedit.c","907","cedit_parse","'e'","","","READ_OR_UNKNOWN","","        case 'e':"
"src\cedit.c","908","cedit_parse","'E'","CEDIT_TUNNEL_SIZE","Enter the maximum number of people allowed in a tunnel :","MUTATING_REVIEW","OLC/object/flag mutation","        case 'E':
          write_to_output(d, ""Enter the maximum number of people allowed in a tunnel : "");
          OLC_MODE(d) = CEDIT_TUNNEL_SIZE;
          return;"
"src\cedit.c","913","cedit_parse","'f'","","","READ_OR_UNKNOWN","","        case 'f':"
"src\cedit.c","914","cedit_parse","'F'","CEDIT_MAX_EXP_GAIN","Enter the maximum gain of experience per kill for players :","MUTATING_REVIEW","OLC/object/flag mutation","        case 'F':
          write_to_output(d, ""Enter the maximum gain of experience per kill for players : "");
          OLC_MODE(d) = CEDIT_MAX_EXP_GAIN;
          return;"
"src\cedit.c","919","cedit_parse","'g'","","","READ_OR_UNKNOWN","","        case 'g':"
"src\cedit.c","920","cedit_parse","'G'","CEDIT_MAX_EXP_LOSS","Enter the maximum loss of experience per death for players :","MUTATING_REVIEW","OLC/object/flag mutation","        case 'G':
          write_to_output(d, ""Enter the maximum loss of experience per death for players : "");
          OLC_MODE(d) = CEDIT_MAX_EXP_LOSS;
          return;"
"src\cedit.c","925","cedit_parse","'h'","","","READ_OR_UNKNOWN","","        case 'h':"
"src\cedit.c","926","cedit_parse","'H'","CEDIT_MAX_NPC_CORPSE_TIME","Enter the number of tics before NPC corpses decompose :","MUTATING_REVIEW","OLC/object/flag mutation","        case 'H':
          write_to_output(d, ""Enter the number of tics before NPC corpses decompose : "");
          OLC_MODE(d) = CEDIT_MAX_NPC_CORPSE_TIME;
          return;"
"src\cedit.c","931","cedit_parse","'i'","","","READ_OR_UNKNOWN","","        case 'i':"
"src\cedit.c","932","cedit_parse","'I'","CEDIT_MAX_PC_CORPSE_TIME","Enter the number of tics before PC corpses decompose :","MUTATING_REVIEW","OLC/object/flag mutation","        case 'I':
          write_to_output(d, ""Enter the number of tics before PC corpses decompose : "");
          OLC_MODE(d) = CEDIT_MAX_PC_CORPSE_TIME;
          return;"
"src\cedit.c","937","cedit_parse","'j'","","","READ_OR_UNKNOWN","","        case 'j':"
"src\cedit.c","938","cedit_parse","'J'","CEDIT_IDLE_VOID","Enter the number of tics before PC's are sent to the void (idle) :","MUTATING_REVIEW","OLC/object/flag mutation","        case 'J':
          write_to_output(d, ""Enter the number of tics before PC's are sent to the void (idle) : "");
          OLC_MODE(d) = CEDIT_IDLE_VOID;
          return;"
"src\cedit.c","943","cedit_parse","'k'","","","READ_OR_UNKNOWN","","        case 'k':"
"src\cedit.c","944","cedit_parse","'K'","CEDIT_IDLE_RENT_TIME","Enter the number of tics before PC's are automatically rented and forced to quit :","MUTATING_REVIEW","OLC/object/flag mutation","        case 'K':
          write_to_output(d, ""Enter the number of tics before PC's are automatically rented and forced to quit : "");
          OLC_MODE(d) = CEDIT_IDLE_RENT_TIME;
          return;"
"src\cedit.c","949","cedit_parse","'l'","","","READ_OR_UNKNOWN","","        case 'l':"
"src\cedit.c","950","cedit_parse","'L'","CEDIT_IDLE_MAX_LEVEL","Enter the level a player must be to become immune to IDLE :","MUTATING_REVIEW","OLC/object/flag mutation","        case 'L':
          write_to_output(d, ""Enter the level a player must be to become immune to IDLE : "");
          OLC_MODE(d) = CEDIT_IDLE_MAX_LEVEL;
          return;"
"src\cedit.c","955","cedit_parse","'m'","","","READ_OR_UNKNOWN","","        case 'm':"
"src\cedit.c","956","cedit_parse","'M'","","","READ_OR_UNKNOWN","","        case 'M':
          TOGGLE_VAR(OLC_CONFIG(d)->play.dts_are_dumps);
          break;"
"src\cedit.c","960","cedit_parse","'n'","","","READ_OR_UNKNOWN","","        case 'n':"
"src\cedit.c","961","cedit_parse","'N'","","","READ_OR_UNKNOWN","","        case 'N':
          TOGGLE_VAR(OLC_CONFIG(d)->play.load_into_inventory);
          break;"
"src\cedit.c","965","cedit_parse","'o'","","","READ_OR_UNKNOWN","","        case 'o':"
"src\cedit.c","966","cedit_parse","'O'","","","READ_OR_UNKNOWN","","        case 'O':
          TOGGLE_VAR(OLC_CONFIG(d)->play.track_through_doors);
          break;"
"src\cedit.c","970","cedit_parse","'p'","","","READ_OR_UNKNOWN","","        case 'p':"
"src\cedit.c","971","cedit_parse","'P'","","","READ_OR_UNKNOWN","","        case 'P':
          TOGGLE_VAR(OLC_CONFIG(d)->play.disp_closed_doors);
          break;"
"src\cedit.c","975","cedit_parse","'r'","","","READ_OR_UNKNOWN","","        case 'r':"
"src\cedit.c","976","cedit_parse","'R'","","","READ_OR_UNKNOWN","","        case 'R':
		  TOGGLE_VAR(OLC_CONFIG(d)->play.diagonal_dirs);
		  break;"
"src\cedit.c","980","cedit_parse","'s'","","","READ_OR_UNKNOWN","","		case 's':"
"src\cedit.c","981","cedit_parse","'S'","","","READ_OR_UNKNOWN","","		case 'S':
		  TOGGLE_VAR(OLC_CONFIG(d)->play.no_mort_to_immort);
          break;"
"src\cedit.c","985","cedit_parse","'1'","CEDIT_OK","Enter the OK message :","MUTATING_REVIEW","OLC/object/flag mutation","        case '1':
          write_to_output(d, ""Enter the OK message : "");
          OLC_MODE(d) = CEDIT_OK;
          return;"
"src\cedit.c","990","cedit_parse","'2'","CEDIT_HUH","Enter the HUH message :","MUTATING_REVIEW","OLC/object/flag mutation","        case '2':
          write_to_output(d, ""Enter the HUH message : "");
          OLC_MODE(d) = CEDIT_HUH;
          return;"
"src\cedit.c","995","cedit_parse","'3'","CEDIT_NOPERSON","Enter the NOPERSON message :","MUTATING_REVIEW","OLC/object/flag mutation","        case '3':
          write_to_output(d, ""Enter the NOPERSON message : "");
          OLC_MODE(d) = CEDIT_NOPERSON;
          return;"
"src\cedit.c","1000","cedit_parse","'4'","CEDIT_NOEFFECT","Enter the NOEFFECT message :","MUTATING_REVIEW","OLC/object/flag mutation","        case '4':
          write_to_output(d, ""Enter the NOEFFECT message : "");
          OLC_MODE(d) = CEDIT_NOEFFECT;
          return;"
"src\cedit.c","1005","cedit_parse","'5'","CEDIT_MAP_OPTION","1) Disable maps | 2) Enable Maps | 3) Maps for Immortals only | Enter choice:","MUTATING_REVIEW","OLC/object/flag mutation","        case '5':
          write_to_output(d, ""1) Disable maps\r\n"");
          write_to_output(d, ""2) Enable Maps\r\n"");
          write_to_output(d, ""3) Maps for Immortals only\r\n"");
          write_to_output(d, ""Enter choice: "");
          OLC_MODE(d) = CEDIT_MAP_OPTION;
          return;"
"src\cedit.c","1013","cedit_parse","'6'","CEDIT_MAP_SIZE","Enter default map size (1-12) :","MUTATING_REVIEW","OLC/object/flag mutation","        case '6':
          write_to_output(d, ""Enter default map size (1-12) : "");
          OLC_MODE(d) = CEDIT_MAP_SIZE;
          return;"
"src\cedit.c","1018","cedit_parse","'7'","CEDIT_MINIMAP_SIZE","Enter default mini-map size (1-12) :","MUTATING_REVIEW","OLC/object/flag mutation","        case '7':
          write_to_output(d, ""Enter default mini-map size (1-12) : "");
          OLC_MODE(d) = CEDIT_MINIMAP_SIZE;
          return;"
"src\cedit.c","1022","cedit_parse","'8'","","","READ_OR_UNKNOWN","","        case '8':
          TOGGLE_VAR(OLC_CONFIG(d)->play.script_players);
          break;"
"src\cedit.c","1026","cedit_parse","'q'","","","READ_OR_UNKNOWN","","        case 'q':"
"src\cedit.c","1027","cedit_parse","'Q'","","","READ_OR_UNKNOWN","","        case 'Q':
          cedit_disp_menu(d);
          return;"
"src\cedit.c","1031","cedit_parse","default","","That is an invalid choice!","READ_OR_UNKNOWN","","        default:
          write_to_output(d, ""\r\nThat is an invalid choice!\r\n"");
          cedit_disp_game_play_options(d);
      }

      cedit_disp_game_play_options(d);
      return;"
"src\cedit.c","1039","cedit_parse","CEDIT_CRASHSAVE_OPTIONS_MENU","","","READ_OR_UNKNOWN","","    case CEDIT_CRASHSAVE_OPTIONS_MENU:
      switch (*arg) {"
"src\cedit.c","1041","cedit_parse","'a'","","","READ_OR_UNKNOWN","","        case 'a':"
"src\cedit.c","1042","cedit_parse","'A'","","","READ_OR_UNKNOWN","","        case 'A':
          TOGGLE_VAR(OLC_CONFIG(d)->csd.free_rent);
          break;"
"src\cedit.c","1046","cedit_parse","'b'","","","READ_OR_UNKNOWN","","        case 'b':"
"src\cedit.c","1047","cedit_parse","'B'","CEDIT_MAX_OBJ_SAVE","Enter the maximum number of items players can rent :","MUTATING_REVIEW","OLC/object/flag mutation","        case 'B':
          write_to_output(d, ""Enter the maximum number of items players can rent : "");
          OLC_MODE(d) = CEDIT_MAX_OBJ_SAVE;
          return;"
"src\cedit.c","1052","cedit_parse","'c'","","","READ_OR_UNKNOWN","","        case 'c':"
"src\cedit.c","1053","cedit_parse","'C'","CEDIT_MIN_RENT_COST","Enter the surcharge on top of item costs :","MUTATING_REVIEW","OLC/object/flag mutation","        case 'C':
          write_to_output(d, ""Enter the surcharge on top of item costs : "");
          OLC_MODE(d) = CEDIT_MIN_RENT_COST;
          return;"
"src\cedit.c","1058","cedit_parse","'d'","","","READ_OR_UNKNOWN","","        case 'd':"
"src\cedit.c","1059","cedit_parse","'D'","","","READ_OR_UNKNOWN","","        case 'D':
          TOGGLE_VAR(OLC_CONFIG(d)->csd.auto_save);
          break;"
"src\cedit.c","1063","cedit_parse","'e'","","","READ_OR_UNKNOWN","","        case 'e':"
"src\cedit.c","1064","cedit_parse","'E'","CEDIT_AUTOSAVE_TIME","Enter how often (in minutes) should the MUD save players :","MUTATING_REVIEW","OLC/object/flag mutation","        case 'E':
          write_to_output(d, ""Enter how often (in minutes) should the MUD save players : "");
          OLC_MODE(d) = CEDIT_AUTOSAVE_TIME;
          return;"
"src\cedit.c","1069","cedit_parse","'f'","","","READ_OR_UNKNOWN","","        case 'f':"
"src\cedit.c","1070","cedit_parse","'F'","CEDIT_CRASH_FILE_TIMEOUT","Enter the lifetime of crash and idlesave files (days) :","MUTATING_REVIEW","OLC/object/flag mutation","        case 'F':
          write_to_output(d, ""Enter the lifetime of crash and idlesave files (days) : "");
          OLC_MODE(d) = CEDIT_CRASH_FILE_TIMEOUT;
          return;"
"src\cedit.c","1075","cedit_parse","'g'","","","READ_OR_UNKNOWN","","        case 'g':"
"src\cedit.c","1076","cedit_parse","'G'","CEDIT_RENT_FILE_TIMEOUT","Enter the lifetime of normal rent files (days) :","MUTATING_REVIEW","OLC/object/flag mutation","        case 'G':
          write_to_output(d, ""Enter the lifetime of normal rent files (days) : "");
          OLC_MODE(d) = CEDIT_RENT_FILE_TIMEOUT;
          return;"
"src\cedit.c","1081","cedit_parse","'q'","","","READ_OR_UNKNOWN","","        case 'q':"
"src\cedit.c","1082","cedit_parse","'Q'","","","READ_OR_UNKNOWN","","        case 'Q':
          cedit_disp_menu(d);
          return;"
"src\cedit.c","1086","cedit_parse","default","","That is an invalid choice!","READ_OR_UNKNOWN","","        default:
          write_to_output(d, ""\r\nThat is an invalid choice!\r\n"");
        }

        cedit_disp_crash_save_options(d);
        return;"
"src\cedit.c","1093","cedit_parse","CEDIT_ROOM_NUMBERS_MENU","","","READ_OR_UNKNOWN","","    case CEDIT_ROOM_NUMBERS_MENU:
      switch (*arg) {"
"src\cedit.c","1095","cedit_parse","'a'","","","READ_OR_UNKNOWN","","        case 'a':"
"src\cedit.c","1096","cedit_parse","'A'","CEDIT_MORTAL_START_ROOM","Enter the room's vnum where mortals should load into :","MUTATING_REVIEW","OLC/object/flag mutation","        case 'A':
          write_to_output(d, ""Enter the room's vnum where mortals should load into : "");
          OLC_MODE(d) = CEDIT_MORTAL_START_ROOM;
          return;"
"src\cedit.c","1101","cedit_parse","'b'","","","READ_OR_UNKNOWN","","        case 'b':"
"src\cedit.c","1102","cedit_parse","'B'","CEDIT_IMMORT_START_ROOM","Enter the room's vnum where immortals should load into :","MUTATING_REVIEW","OLC/object/flag mutation","        case 'B':
          write_to_output(d, ""Enter the room's vnum where immortals should load into : "");
          OLC_MODE(d) = CEDIT_IMMORT_START_ROOM;
          return;"
"src\cedit.c","1107","cedit_parse","'c'","","","READ_OR_UNKNOWN","","        case 'c':"
"src\cedit.c","1108","cedit_parse","'C'","CEDIT_FROZEN_START_ROOM","Enter the room's vnum where frozen people should load into :","MUTATING_REVIEW","OLC/object/flag mutation","        case 'C':
        write_to_output(d, ""Enter the room's vnum where frozen people should load into : "");
        OLC_MODE(d) = CEDIT_FROZEN_START_ROOM;
        return;"
"src\cedit.c","1113","cedit_parse","'1'","CEDIT_DONATION_ROOM_1","Enter the vnum for donation room #1 :","MUTATING_REVIEW","OLC/object/flag mutation","      case '1':
        write_to_output(d, ""Enter the vnum for donation room #1 : "");
        OLC_MODE(d) = CEDIT_DONATION_ROOM_1;
        return;"
"src\cedit.c","1118","cedit_parse","'2'","CEDIT_DONATION_ROOM_2","Enter the vnum for donation room #2 :","MUTATING_REVIEW","OLC/object/flag mutation","      case '2':
        write_to_output(d, ""Enter the vnum for donation room #2 : "");
        OLC_MODE(d) = CEDIT_DONATION_ROOM_2;
        return;"
"src\cedit.c","1123","cedit_parse","'3'","CEDIT_DONATION_ROOM_3","Enter the vnum for donation room #3 :","MUTATING_REVIEW","OLC/object/flag mutation","      case '3':
        write_to_output(d, ""Enter the vnum for donation room #3 : "");
        OLC_MODE(d) = CEDIT_DONATION_ROOM_3;
        return;"
"src\cedit.c","1128","cedit_parse","'q'","","","READ_OR_UNKNOWN","","      case 'q':"
"src\cedit.c","1129","cedit_parse","'Q'","","","READ_OR_UNKNOWN","","      case 'Q':
        cedit_disp_menu(d);
        return;"
"src\cedit.c","1133","cedit_parse","default","","That is an invalid choice!","READ_OR_UNKNOWN","","      default:
        write_to_output(d, ""\r\nThat is an invalid choice!\r\n"");
    }

    cedit_disp_room_numbers(d);
    return;"
"src\cedit.c","1140","cedit_parse","CEDIT_OPERATION_OPTIONS_MENU","","","READ_OR_UNKNOWN","","     case CEDIT_OPERATION_OPTIONS_MENU:
       switch (*arg) {"
"src\cedit.c","1142","cedit_parse","'a'","","","READ_OR_UNKNOWN","","         case 'a':"
"src\cedit.c","1143","cedit_parse","'A'","CEDIT_DFLT_PORT","Enter the default port number :","MUTATING_REVIEW","OLC/object/flag mutation","         case 'A':
           write_to_output(d, ""Enter the default port number : "");
           OLC_MODE(d) = CEDIT_DFLT_PORT;
           return;"
"src\cedit.c","1148","cedit_parse","'b'","","","READ_OR_UNKNOWN","","         case 'b':"
"src\cedit.c","1149","cedit_parse","'B'","CEDIT_DFLT_IP","Enter the default IP Address :","MUTATING_REVIEW","OLC/object/flag mutation","         case 'B':
           write_to_output(d, ""Enter the default IP Address : "");
           OLC_MODE(d) = CEDIT_DFLT_IP;
           return;"
"src\cedit.c","1154","cedit_parse","'c'","","","READ_OR_UNKNOWN","","         case 'c':"
"src\cedit.c","1155","cedit_parse","'C'","CEDIT_DFLT_DIR","Enter the default directory :","MUTATING_REVIEW","OLC/object/flag mutation","         case 'C':
           write_to_output(d, ""Enter the default directory : "");
           OLC_MODE(d) = CEDIT_DFLT_DIR;
           return;"
"src\cedit.c","1160","cedit_parse","'d'","","","READ_OR_UNKNOWN","","         case 'd':"
"src\cedit.c","1161","cedit_parse","'D'","CEDIT_LOGNAME","Enter the name of the logfile :","MUTATING_REVIEW","OLC/object/flag mutation","         case 'D':
           write_to_output(d, ""Enter the name of the logfile : "");
           OLC_MODE(d) = CEDIT_LOGNAME;
           return;"
"src\cedit.c","1166","cedit_parse","'e'","","","READ_OR_UNKNOWN","","         case 'e':"
"src\cedit.c","1167","cedit_parse","'E'","CEDIT_MAX_PLAYING","Enter the maximum number of players :","MUTATING_REVIEW","OLC/object/flag mutation","         case 'E':
           write_to_output(d, ""Enter the maximum number of players : "");
           OLC_MODE(d) = CEDIT_MAX_PLAYING;
           return;"
"src\cedit.c","1172","cedit_parse","'f'","","","READ_OR_UNKNOWN","","         case 'f':"
"src\cedit.c","1173","cedit_parse","'F'","CEDIT_MAX_FILESIZE","Enter the maximum size of the logs :","MUTATING_REVIEW","OLC/object/flag mutation","         case 'F':
           write_to_output(d, ""Enter the maximum size of the logs : "");
           OLC_MODE(d) = CEDIT_MAX_FILESIZE;
           return;"
"src\cedit.c","1178","cedit_parse","'g'","","","READ_OR_UNKNOWN","","         case 'g':"
"src\cedit.c","1179","cedit_parse","'G'","CEDIT_MAX_BAD_PWS","Enter the maximum number of password attempts :","MUTATING_REVIEW","OLC/object/flag mutation","         case 'G':
           write_to_output(d, ""Enter the maximum number of password attempts : "");
           OLC_MODE(d) = CEDIT_MAX_BAD_PWS;
           return;"
"src\cedit.c","1184","cedit_parse","'h'","","","READ_OR_UNKNOWN","","         case 'h':"
"src\cedit.c","1185","cedit_parse","'H'","","","READ_OR_UNKNOWN","","         case 'H':
           TOGGLE_VAR(OLC_CONFIG(d)->operation.siteok_everyone);
           break;"
"src\cedit.c","1189","cedit_parse","'i'","","","READ_OR_UNKNOWN","","         case 'i':"
"src\cedit.c","1190","cedit_parse","'I'","","","READ_OR_UNKNOWN","","         case 'I':
           TOGGLE_VAR(OLC_CONFIG(d)->operation.nameserver_is_slow);
           break;"
"src\cedit.c","1194","cedit_parse","'j'","","","READ_OR_UNKNOWN","","         case 'j':"
"src\cedit.c","1195","cedit_parse","'J'","","Please note that using the stock social file will disable AEDIT.","READ_OR_UNKNOWN","","         case 'J':
           TOGGLE_VAR(OLC_CONFIG(d)->operation.use_new_socials);
           send_to_char(d->character,
              ""Please note that using the stock social file will disable AEDIT.\r\n"");
           break;"
"src\cedit.c","1201","cedit_parse","'k'","","","READ_OR_UNKNOWN","","         case 'k':"
"src\cedit.c","1202","cedit_parse","'K'","","","READ_OR_UNKNOWN","","         case 'K':
           TOGGLE_VAR(OLC_CONFIG(d)->operation.auto_save_olc);
           break;"
"src\cedit.c","1206","cedit_parse","'l'","","","READ_OR_UNKNOWN","","         case 'l':"
"src\cedit.c","1207","cedit_parse","'L'","CEDIT_MENU","Enter the new MENU : | %s","MUTATING_REVIEW","OLC/object/flag mutation | multiline editor entry","         case 'L':
           OLC_MODE(d) = CEDIT_MENU;
           clear_screen(d);
           send_editor_help(d);
           write_to_output(d, ""Enter the new MENU :\r\n\r\n"");

           if (OLC_CONFIG(d)->operation.MENU) {
             write_to_output(d, ""%s"", OLC_CONFIG(d)->operation.MENU);
             oldtext = strdup(OLC_CONFIG(d)->operation.MENU);
           }

           string_write(d, &OLC_CONFIG(d)->operation.MENU, MAX_INPUT_LENGTH, 0, oldtext);
           return;"
"src\cedit.c","1221","cedit_parse","'m'","","","READ_OR_UNKNOWN","","         case 'm':"
"src\cedit.c","1222","cedit_parse","'M'","CEDIT_WELC_MESSG","Enter the new welcome message : | %s","MUTATING_REVIEW","OLC/object/flag mutation | multiline editor entry","         case 'M':
           OLC_MODE(d) = CEDIT_WELC_MESSG;
           clear_screen(d);
           send_editor_help(d);
           write_to_output(d, ""Enter the new welcome message :\r\n\r\n"");

           if (OLC_CONFIG(d)->operation.WELC_MESSG) {
             write_to_output(d, ""%s"", OLC_CONFIG(d)->operation.WELC_MESSG);
             oldtext = str_udup(OLC_CONFIG(d)->operation.WELC_MESSG);
           }

           string_write(d, &OLC_CONFIG(d)->operation.WELC_MESSG, MAX_INPUT_LENGTH, 0, oldtext);
           return;"
"src\cedit.c","1236","cedit_parse","'n'","","","READ_OR_UNKNOWN","","         case 'n':"
"src\cedit.c","1237","cedit_parse","'N'","CEDIT_START_MESSG","Enter the new newbie start message : | %s","MUTATING_REVIEW","OLC/object/flag mutation | multiline editor entry","         case 'N':
           OLC_MODE(d) = CEDIT_START_MESSG;
           clear_screen(d);
           send_editor_help(d);
           write_to_output(d, ""Enter the new newbie start message :\r\n\r\n"");

           if (OLC_CONFIG(d)->operation.START_MESSG) {
             write_to_output(d, ""%s"", OLC_CONFIG(d)->operation.START_MESSG);
             oldtext = strdup(OLC_CONFIG(d)->operation.START_MESSG);
           }

           string_write(d, &OLC_CONFIG(d)->operation.START_MESSG, MAX_INPUT_LENGTH, 0, oldtext);
           return;"
"src\cedit.c","1251","cedit_parse","'o'","","","READ_OR_UNKNOWN","","         case 'o':"
"src\cedit.c","1252","cedit_parse","'O'","","","READ_OR_UNKNOWN","","         case 'O':
           TOGGLE_VAR(OLC_CONFIG(d)->operation.medit_advanced);
           break;"
"src\cedit.c","1256","cedit_parse","'p'","","","READ_OR_UNKNOWN","","         case 'p':"
"src\cedit.c","1257","cedit_parse","'P'","","","READ_OR_UNKNOWN","","         case 'P':
           TOGGLE_VAR(OLC_CONFIG(d)->operation.ibt_autosave);
           break;"
"src\cedit.c","1261","cedit_parse","'r'","","","READ_OR_UNKNOWN","","         case 'r':"
"src\cedit.c","1262","cedit_parse","'R'","","","READ_OR_UNKNOWN","","         case 'R':
           TOGGLE_VAR(OLC_CONFIG(d)->operation.protocol_negotiation);
           break;"
"src\cedit.c","1266","cedit_parse","'s'","","","READ_OR_UNKNOWN","","         case 's':"
"src\cedit.c","1267","cedit_parse","'S'","","","READ_OR_UNKNOWN","","         case 'S':
           TOGGLE_VAR(OLC_CONFIG(d)->operation.special_in_comm);
           break;"
"src\cedit.c","1271","cedit_parse","'t'","","","READ_OR_UNKNOWN","","         case 't':"
"src\cedit.c","1272","cedit_parse","'T'","CEDIT_DEBUG_MODE","Enter the current debug level (0: Off, 1: Brief, 2: Normal, 3: Complete) :","MUTATING_REVIEW","OLC/object/flag mutation","         case 'T':
           write_to_output(d, ""Enter the current debug level (0: Off, 1: Brief, 2: Normal, 3: Complete) : "");
           OLC_MODE(d) = CEDIT_DEBUG_MODE;
           return;"
"src\cedit.c","1277","cedit_parse","'q'","","","READ_OR_UNKNOWN","","         case 'q':"
"src\cedit.c","1278","cedit_parse","'Q'","","","READ_OR_UNKNOWN","","         case 'Q':
           cedit_disp_menu(d);
           return;"
"src\cedit.c","1282","cedit_parse","default","","That is an invalid choice!","READ_OR_UNKNOWN","","         default:
           write_to_output(d, ""\r\nThat is an invalid choice!\r\n"");
      }

   cedit_disp_operation_options(d);
   return;"
"src\cedit.c","1289","cedit_parse","CEDIT_AUTOWIZ_OPTIONS_MENU","","","READ_OR_UNKNOWN","","    case CEDIT_AUTOWIZ_OPTIONS_MENU:
      switch (*arg) {"
"src\cedit.c","1291","cedit_parse","'a'","","","READ_OR_UNKNOWN","","        case 'a':"
"src\cedit.c","1292","cedit_parse","'A'","","","READ_OR_UNKNOWN","","        case 'A':
          TOGGLE_VAR(OLC_CONFIG(d)->autowiz.use_autowiz);
          break;"
"src\cedit.c","1296","cedit_parse","'b'","","","READ_OR_UNKNOWN","","        case 'b':"
"src\cedit.c","1297","cedit_parse","'B'","CEDIT_MIN_WIZLIST_LEV","Enter the minimum level for players to appear on the wizlist :","MUTATING_REVIEW","OLC/object/flag mutation","        case 'B':
          write_to_output(d, ""Enter the minimum level for players to appear on the wizlist : "");
          OLC_MODE(d) = CEDIT_MIN_WIZLIST_LEV;
          return;"
"src\cedit.c","1302","cedit_parse","'q'","","","READ_OR_UNKNOWN","","        case 'q':"
"src\cedit.c","1303","cedit_parse","'Q'","","","READ_OR_UNKNOWN","","        case 'Q':
          cedit_disp_menu(d);
          return;"
"src\cedit.c","1307","cedit_parse","default","","That is an invalid choice!","READ_OR_UNKNOWN","","        default:
          write_to_output(d, ""\r\nThat is an invalid choice!\r\n"");
      }

      cedit_disp_autowiz_options(d);
      return;"
"src\cedit.c","1314","cedit_parse","CEDIT_LEVEL_CAN_SHOUT","","That is an invalid choice! | Enter the minimum level a player must be to shout, gossip, etc :","MUTATING_REVIEW","OLC/object/flag mutation","    case CEDIT_LEVEL_CAN_SHOUT:
      if (!*arg) {
        write_to_output(d,
          ""That is an invalid choice!\r\n""
          ""Enter the minimum level a player must be to shout, gossip, etc : "");
      } else {
        OLC_CONFIG(d)->play.level_can_shout = atoi(arg);
        cedit_disp_game_play_options(d);
      }
      break;"
"src\cedit.c","1325","cedit_parse","CEDIT_HOLLER_MOVE_COST","","That is an invalid choice! | Enter the amount it costs (in move points) to holler :","MUTATING_REVIEW","OLC/object/flag mutation","    case CEDIT_HOLLER_MOVE_COST:
      if (!*arg) {
        write_to_output(d,
          ""That is an invalid choice!\r\n""
          ""Enter the amount it costs (in move points) to holler : "");
      } else {
        OLC_CONFIG(d)->play.holler_move_cost = atoi(arg);
        cedit_disp_game_play_options(d);
      }
      break;"
"src\cedit.c","1336","cedit_parse","CEDIT_TUNNEL_SIZE","","That is an invalid choice! | Enter the maximum number of people allowed in a tunnel :","MUTATING_REVIEW","OLC/object/flag mutation","    case CEDIT_TUNNEL_SIZE:
      if (!*arg) {
        write_to_output(d,
          ""That is an invalid choice!\r\n""
          ""Enter the maximum number of people allowed in a tunnel : "");
      } else {
        OLC_CONFIG(d)->play.tunnel_size = atoi(arg);
        cedit_disp_game_play_options(d);
      }
      break;"
"src\cedit.c","1347","cedit_parse","CEDIT_MAX_EXP_GAIN","","","MUTATING_REVIEW","OLC/object/flag mutation","    case CEDIT_MAX_EXP_GAIN:
      if (*arg)
        OLC_CONFIG(d)->play.max_exp_gain = atoi(arg);

      cedit_disp_game_play_options(d);
      break;"
"src\cedit.c","1354","cedit_parse","CEDIT_MAX_EXP_LOSS","","","MUTATING_REVIEW","OLC/object/flag mutation","    case CEDIT_MAX_EXP_LOSS:
      if (*arg)
        OLC_CONFIG(d)->play.max_exp_loss = atoi(arg);

      cedit_disp_game_play_options(d);
      break;"
"src\cedit.c","1361","cedit_parse","CEDIT_MAX_NPC_CORPSE_TIME","","That is an invalid choice! | Enter the number of tics before NPC corpses decompose :","MUTATING_REVIEW","OLC/object/flag mutation","    case CEDIT_MAX_NPC_CORPSE_TIME:
      if (!*arg) {
        write_to_output(d,
          ""That is an invalid choice!\r\n""
          ""Enter the number of tics before NPC corpses decompose : "");
      } else {
        OLC_CONFIG(d)->play.max_npc_corpse_time = atoi(arg);
        cedit_disp_game_play_options(d);
      }
      break;"
"src\cedit.c","1372","cedit_parse","CEDIT_MAX_PC_CORPSE_TIME","","That is an invalid choice! | Enter the number of tics before PC corpses decompose :","MUTATING_REVIEW","OLC/object/flag mutation","    case CEDIT_MAX_PC_CORPSE_TIME:
      if (!*arg) {
        write_to_output(d,
          ""That is an invalid choice!\r\n""
          ""Enter the number of tics before PC corpses decompose : "");
        } else {
          OLC_CONFIG(d)->play.max_pc_corpse_time = atoi(arg);
          cedit_disp_game_play_options(d);
        }
        break;"
"src\cedit.c","1383","cedit_parse","CEDIT_IDLE_VOID","","That is an invalid choice! | Enter the number of tics before PC's are sent to the void (idle) :","MUTATING_REVIEW","OLC/object/flag mutation","    case CEDIT_IDLE_VOID:
      if (!*arg) {
        write_to_output(d,
          ""That is an invalid choice!\r\n""
          ""Enter the number of tics before PC's are sent to the void (idle) : "");
      } else {
        OLC_CONFIG(d)->play.idle_void = atoi(arg);
        cedit_disp_game_play_options(d);
      }
      break;"
"src\cedit.c","1394","cedit_parse","CEDIT_IDLE_RENT_TIME","","That is an invalid choice! | Enter the number of tics before PC's are automatically rented and forced to quit :","MUTATING_REVIEW","OLC/object/flag mutation","    case CEDIT_IDLE_RENT_TIME:
      if (!*arg) {
        write_to_output(d,
          ""That is an invalid choice!\r\n""
          ""Enter the number of tics before PC's are automatically rented and forced to quit : "");
      } else {
        OLC_CONFIG(d)->play.idle_rent_time = atoi(arg);
        cedit_disp_game_play_options(d);
      }
      break;"
"src\cedit.c","1405","cedit_parse","CEDIT_IDLE_MAX_LEVEL","","That is an invalid choice! | Enter the level a player must be to become immune to IDLE :","MUTATING_REVIEW","OLC/object/flag mutation","    case CEDIT_IDLE_MAX_LEVEL:
      if (!*arg) {
        write_to_output(d,
          ""That is an invalid choice!\r\n""
          ""Enter the level a player must be to become immune to IDLE : "");
      } else {
        OLC_CONFIG(d)->play.idle_max_level = atoi(arg);
        cedit_disp_game_play_options(d);
      }
      break;"
"src\cedit.c","1416","cedit_parse","CEDIT_OK","","","READ_OR_UNKNOWN","","    case CEDIT_OK:
      if (!genolc_checkstring(d, arg))
        break;"
"src\cedit.c","1428","cedit_parse","CEDIT_HUH","","","READ_OR_UNKNOWN","","    case CEDIT_HUH:
      if (!genolc_checkstring(d, arg))
        break;"
"src\cedit.c","1440","cedit_parse","CEDIT_NOPERSON","","","READ_OR_UNKNOWN","","    case CEDIT_NOPERSON:
      if (!genolc_checkstring(d, arg))
        break;"
"src\cedit.c","1452","cedit_parse","CEDIT_NOEFFECT","","","READ_OR_UNKNOWN","","    case CEDIT_NOEFFECT:
      if (!genolc_checkstring(d, arg))
        break;"
"src\cedit.c","1464","cedit_parse","CEDIT_MAX_OBJ_SAVE","","That is an invalid choice! | Enter the maximum objects a player can save :","MUTATING_REVIEW","OLC/object/flag mutation","    case CEDIT_MAX_OBJ_SAVE:
      if (!*arg) {
        write_to_output(d,
          ""That is an invalid choice!\r\n""
          ""Enter the maximum objects a player can save : "");
        } else {
          OLC_CONFIG(d)->csd.max_obj_save = atoi(arg);
          cedit_disp_crash_save_options(d);
        }
        break;"
"src\cedit.c","1475","cedit_parse","CEDIT_MIN_RENT_COST","","That is an invalid choice! | Enter the minimum amount it costs to rent :","MUTATING_REVIEW","OLC/object/flag mutation","    case CEDIT_MIN_RENT_COST:
      if (!*arg) {
        write_to_output(d,
          ""That is an invalid choice!\r\n""
          ""Enter the minimum amount it costs to rent : "");
      } else {
        OLC_CONFIG(d)->csd.min_rent_cost = atoi(arg);
        cedit_disp_crash_save_options(d);
      }
      break;"
"src\cedit.c","1486","cedit_parse","CEDIT_AUTOSAVE_TIME","","That is an invalid choice! | Enter the interval for player's being autosaved :","MUTATING_REVIEW","OLC/object/flag mutation","    case CEDIT_AUTOSAVE_TIME:
      if (!*arg) {
        write_to_output(d,
          ""That is an invalid choice!\r\n""
          ""Enter the interval for player's being autosaved : "");
      } else {
        OLC_CONFIG(d)->csd.autosave_time = atoi(arg);
        cedit_disp_crash_save_options(d);
      }
      break;"
"src\cedit.c","1497","cedit_parse","CEDIT_CRASH_FILE_TIMEOUT","","That is an invalid choice! | Enter the lifetime of crash and idlesave files (days) :","MUTATING_REVIEW","OLC/object/flag mutation","    case CEDIT_CRASH_FILE_TIMEOUT:
      if (!*arg) {
        write_to_output(d,
          ""That is an invalid choice!\r\n""
          ""Enter the lifetime of crash and idlesave files (days) : "");
      } else {
        OLC_CONFIG(d)->csd.crash_file_timeout = atoi(arg);
        cedit_disp_crash_save_options(d);
      }
      break;"
"src\cedit.c","1508","cedit_parse","CEDIT_RENT_FILE_TIMEOUT","","That is an invalid choice! | Enter the lifetime of rent files (days) :","MUTATING_REVIEW","OLC/object/flag mutation","    case CEDIT_RENT_FILE_TIMEOUT:
      if (!*arg) {
        write_to_output(d,
          ""That is an invalid choice!\r\n""
          ""Enter the lifetime of rent files (days) : "");
      } else {
        OLC_CONFIG(d)->csd.rent_file_timeout = atoi(arg);
        cedit_disp_crash_save_options(d);
      }
      break;"
"src\cedit.c","1519","cedit_parse","CEDIT_MORTAL_START_ROOM","","That is an invalid choice! | Enter the room's vnum where mortals should load into : | That room doesn't exist!","MUTATING_REVIEW","OLC/object/flag mutation","    case CEDIT_MORTAL_START_ROOM:
      if (!*arg) {
        write_to_output(d,
          ""That is an invalid choice!\r\n""
          ""Enter the room's vnum where mortals should load into : "");
      } else if (real_room(atoi(arg)) == NOWHERE) {
        write_to_output(d,
          ""That room doesn't exist!\r\n""
          ""Enter the room's vnum where mortals should load into : "");
      } else {
        OLC_CONFIG(d)->room_nums.mortal_start_room = atoi(arg);
        cedit_disp_room_numbers(d);
      }
      break;"
"src\cedit.c","1534","cedit_parse","CEDIT_IMMORT_START_ROOM","","That is an invalid choice! | Enter the room's vnum where immortals should load into : | That room doesn't exist!","MUTATING_REVIEW","OLC/object/flag mutation","    case CEDIT_IMMORT_START_ROOM:
      if (!*arg) {
        write_to_output(d,
          ""That is an invalid choice!\r\n""
          ""Enter the room's vnum where immortals should load into : "");
      } else if (real_room(atoi(arg)) == NOWHERE) {
        write_to_output(d,
          ""That room doesn't exist!\r\n""
          ""Enter the room's vnum where immortals should load into : "");
      } else {
        OLC_CONFIG(d)->room_nums.immort_start_room = atoi(arg);
        cedit_disp_room_numbers(d);
      }
      break;"
"src\cedit.c","1549","cedit_parse","CEDIT_FROZEN_START_ROOM","","That is an invalid choice! | Enter the room's vnum where frozen people should load into : | That room doesn't exist!","MUTATING_REVIEW","OLC/object/flag mutation","    case CEDIT_FROZEN_START_ROOM:
      if (!*arg) {
        write_to_output(d,
          ""That is an invalid choice!\r\n""
          ""Enter the room's vnum where frozen people should load into : "");
      } else if (real_room(atoi(arg)) == NOWHERE) {
        write_to_output(d,
          ""That room doesn't exist!\r\n""
          ""Enter the room's vnum where frozen people should load into : "");
      } else {
        OLC_CONFIG(d)->room_nums.frozen_start_room = atoi(arg);
        cedit_disp_room_numbers(d);
      }
      break;"
"src\cedit.c","1564","cedit_parse","CEDIT_DONATION_ROOM_1","","That is an invalid choice! | Enter the vnum for donation room #1 : | That room doesn't exist!","MUTATING_REVIEW","OLC/object/flag mutation","    case CEDIT_DONATION_ROOM_1:
      if (!*arg) {
        write_to_output(d,
          ""That is an invalid choice!\r\n""
          ""Enter the vnum for donation room #1 : "");
      } else if (real_room(atoi(arg)) == NOWHERE) {
        write_to_output(d,
          ""That room doesn't exist!\r\n""
          ""Enter the vnum for donation room #1 : "");
      } else {
        OLC_CONFIG(d)->room_nums.donation_room_1 = atoi(arg);
        cedit_disp_room_numbers(d);
      }
      break;"
"src\cedit.c","1579","cedit_parse","CEDIT_DONATION_ROOM_2","","That is an invalid choice! | Enter the vnum for donation room #2 : | That room doesn't exist!","MUTATING_REVIEW","OLC/object/flag mutation","    case CEDIT_DONATION_ROOM_2:
      if (!*arg) {
        write_to_output(d,
          ""That is an invalid choice!\r\n""
          ""Enter the vnum for donation room #2 : "");
      } else if (real_room(atoi(arg)) == NOWHERE) {
        write_to_output(d,
          ""That room doesn't exist!\r\n""
          ""Enter the vnum for donation room #2 : "");
      } else {
        OLC_CONFIG(d)->room_nums.donation_room_2 = atoi(arg);
        cedit_disp_room_numbers(d);
      }
      break;"
"src\cedit.c","1594","cedit_parse","CEDIT_DONATION_ROOM_3","","That is an invalid choice! | Enter the vnum for donation room #3 : | That room doesn't exist!","MUTATING_REVIEW","OLC/object/flag mutation","    case CEDIT_DONATION_ROOM_3:
      if (!*arg) {
        write_to_output(d,
          ""That is an invalid choice!\r\n""
          ""Enter the vnum for donation room #3 : "");
      } else if (real_room(atoi(arg)) == NOWHERE) {
        write_to_output(d,
          ""That room doesn't exist!\r\n""
          ""Enter the vnum for donation room #3 : "");
      } else {
        OLC_CONFIG(d)->room_nums.donation_room_3 = atoi(arg);
        cedit_disp_room_numbers(d);
      }
      break;"
"src\cedit.c","1609","cedit_parse","CEDIT_DFLT_PORT","","","MUTATING_REVIEW","OLC/object/flag mutation","    case CEDIT_DFLT_PORT:
      OLC_CONFIG(d)->operation.DFLT_PORT = atoi(arg);
      cedit_disp_operation_options(d);
      break;"
"src\cedit.c","1614","cedit_parse","CEDIT_DFLT_IP","","That is an invalid choice! | Enter the default ip address :","MUTATING_REVIEW","OLC/object/flag mutation","    case CEDIT_DFLT_IP:
      if (!*arg) {
        write_to_output(d,
          ""That is an invalid choice!\r\n""
          ""Enter the default ip address : "");
      } else {
        OLC_CONFIG(d)->operation.DFLT_IP = str_udup(arg);
        cedit_disp_operation_options(d);
      }
      break;"
"src\cedit.c","1625","cedit_parse","CEDIT_DFLT_DIR","","That is an invalid choice! | Enter the default directory :","MUTATING_REVIEW","OLC/object/flag mutation","    case CEDIT_DFLT_DIR:
      if (!*arg) {
        write_to_output(d,
          ""That is an invalid choice!\r\n""
          ""Enter the default directory : "");
      } else {
        OLC_CONFIG(d)->operation.DFLT_DIR = str_udup(arg);
        cedit_disp_operation_options(d);
      }
      break;"
"src\cedit.c","1636","cedit_parse","CEDIT_LOGNAME","","That is an invalid choice! | Enter the name of the logfile :","MUTATING_REVIEW","OLC/object/flag mutation","    case CEDIT_LOGNAME:
      if (!*arg) {
        write_to_output(d,
          ""That is an invalid choice!\r\n""
          ""Enter the name of the logfile : "");
      } else {
        OLC_CONFIG(d)->operation.LOGNAME = str_udup(arg);
        cedit_disp_operation_options(d);
      }
      break;"
"src\cedit.c","1647","cedit_parse","CEDIT_MAX_PLAYING","","","MUTATING_REVIEW","OLC/object/flag mutation","    case CEDIT_MAX_PLAYING:
      OLC_CONFIG(d)->operation.max_playing = atoi(arg);
      cedit_disp_operation_options(d);
      break;"
"src\cedit.c","1652","cedit_parse","CEDIT_MAX_FILESIZE","","","MUTATING_REVIEW","OLC/object/flag mutation","    case CEDIT_MAX_FILESIZE:
      OLC_CONFIG(d)->operation.max_filesize = atoi(arg);
      cedit_disp_operation_options(d);
      break;"
"src\cedit.c","1657","cedit_parse","CEDIT_MAX_BAD_PWS","","","MUTATING_REVIEW","OLC/object/flag mutation","    case CEDIT_MAX_BAD_PWS:
      OLC_CONFIG(d)->operation.max_bad_pws = atoi(arg);
      cedit_disp_operation_options(d);
      break;"
"src\cedit.c","1662","cedit_parse","CEDIT_DEBUG_MODE","","","MUTATING_REVIEW","OLC/object/flag mutation","    case CEDIT_DEBUG_MODE:
      OLC_CONFIG(d)->operation.debug_mode = LIMIT(atoi(arg), 0, 3);
      cedit_disp_operation_options(d);
      break;"
"src\cedit.c","1667","cedit_parse","CEDIT_MIN_WIZLIST_LEV","","The minimum wizlist level can't be greater than %d. | Enter the minimum level for players to appear on the wizlist :","MUTATING_REVIEW","OLC/object/flag mutation","    case CEDIT_MIN_WIZLIST_LEV:
      if (atoi(arg) > LVL_IMPL) {
        write_to_output(d,
          ""The minimum wizlist level can't be greater than %d.\r\n""
          ""Enter the minimum level for players to appear on the wizlist : "", LVL_IMPL);
      } else {
        OLC_CONFIG(d)->autowiz.min_wizlist_lev = atoi(arg);
        cedit_disp_autowiz_options(d);
      }
      break;"
"src\cedit.c","1678","cedit_parse","CEDIT_MAP_OPTION","","That is an invalid choice! | Select 1, 2 or 3 (0 to cancel) :","MUTATING_REVIEW","OLC/object/flag mutation","    case CEDIT_MAP_OPTION:
      if (!*arg) {
        write_to_output(d,
          ""That is an invalid choice!\r\n""
          ""Select 1, 2 or 3 (0 to cancel) :"");
      } else {
        if ((atoi(arg) >= 1) && (atoi(arg) <= 3))
          OLC_CONFIG(d)->play.map_option = (atoi(arg) - 1);
        cedit_disp_game_play_options(d);
      }
      break;"
"src\cedit.c","1690","cedit_parse","CEDIT_MAP_SIZE","","","MUTATING_REVIEW","OLC/object/flag mutation","    case CEDIT_MAP_SIZE:
      if (!*arg) {
   /* User just pressed return - restore to default */
        OLC_CONFIG(d)->play.map_size = 6;
        cedit_disp_game_play_options(d);
      } else {
        OLC_CONFIG(d)->play.map_size = MIN(MAX((atoi(arg)), 1), 12);
        cedit_disp_game_play_options(d);
      }
      break;"
"src\cedit.c","1701","cedit_parse","CEDIT_MINIMAP_SIZE","","","MUTATING_REVIEW","OLC/object/flag mutation","    case CEDIT_MINIMAP_SIZE:
      if (!*arg) {
   /* User just pressed return - restore to default */
        OLC_CONFIG(d)->play.minimap_size = 2;
        cedit_disp_game_play_options(d);
      } else {
        OLC_CONFIG(d)->play.minimap_size = MIN(MAX((atoi(arg)), 1), 12);
        cedit_disp_game_play_options(d);
      }
      break;"
"src\cedit.c","1712","cedit_parse","default","","SYSERR: OLC: cedit_parse(): Reached default case! | Oops...","READ_OR_UNKNOWN","","    default:  /* We should never get here, but just in case... */
      cleanup_olc(d, CLEANUP_CONFIG);
      mudlog(BRF, LVL_BUILDER, TRUE, ""SYSERR: OLC: cedit_parse(): Reached default case!"");
      write_to_output(d, ""Oops...\r\n"");
      break;"
"src\cedit.c","1736","cedit_string_cleanup","CEDIT_MENU","","","READ_OR_UNKNOWN","","  case CEDIT_MENU:"
"src\cedit.c","1737","cedit_string_cleanup","CEDIT_WELC_MESSG","","","READ_OR_UNKNOWN","","  case CEDIT_WELC_MESSG:"
"src\cedit.c","1738","cedit_string_cleanup","CEDIT_START_MESSG","","","READ_OR_UNKNOWN","","  case CEDIT_START_MESSG:
    cedit_disp_operation_options(d);
    break;"
"src\comm.c","246","main","'f'","","","READ_OR_UNKNOWN","","    case 'f':
      if (! *(argv[pos] + 2))
	++pos;
      break;"
"src\comm.c","250","main","'o'","","SYSERR: File name to log to expected after option -o.","READ_OR_UNKNOWN","","    case 'o':
      if (*(argv[pos] + 2))
	CONFIG_LOGNAME = argv[pos] + 2;
      else if (++pos < argc)
	CONFIG_LOGNAME = argv[pos];
      else {
	puts(""SYSERR: File name to log to expected after option -o."");
	exit(1);
      }
      break;"
"src\comm.c","260","main","'C'","","","READ_OR_UNKNOWN","","    case 'C': /* -C<socket number> - recover from copyover, this is the control socket */
       fCopyOver = TRUE;
       mother_desc = atoi(argv[pos]+2);
      break;"
"src\comm.c","264","main","'d'","","SYSERR: Directory arg expected after option -d.","READ_OR_UNKNOWN","","    case 'd':
      if (*(argv[pos] + 2))
	dir = argv[pos] + 2;
      else if (++pos < argc)
	dir = argv[pos];
      else {
	puts(""SYSERR: Directory arg expected after option -d."");
	exit(1);
      }
      break;"
"src\comm.c","274","main","'m'","","Running in minimized mode & with no rent check.","READ_OR_UNKNOWN","","    case 'm':
      mini_mud = 1;
      no_rent_check = 1;
      puts(""Running in minimized mode & with no rent check."");
      break;"
"src\comm.c","279","main","'c'","","Syntax check mode enabled.","READ_OR_UNKNOWN","","    case 'c':
      scheck = 1;
      puts(""Syntax check mode enabled."");
      break;"
"src\comm.c","283","main","'q'","","Quick boot mode -- rent check supressed.","READ_OR_UNKNOWN","","    case 'q':
      no_rent_check = 1;
      puts(""Quick boot mode -- rent check supressed."");
      break;"
"src\comm.c","287","main","'r'","","Restricting game -- no new players allowed.","READ_OR_UNKNOWN","","    case 'r':
      circle_restrict = 1;
      puts(""Restricting game -- no new players allowed."");
      break;"
"src\comm.c","291","main","'s'","","Suppressing assignment of special routines.","READ_OR_UNKNOWN","","    case 's':
      no_specials = 1;
      puts(""Suppressing assignment of special routines."");
      break;"
"src\comm.c","295","main","'h'","","Usage: %s [-c] [-m] [-q] [-r] [-s] [-d pathname] [port #] | -c             Enable syntax check mode. | -d <directory> Specify library directory (defaults to 'lib'). | -h             Print this command line argument help. | -m             Start in mini-MUD mode. | -f<file>       Use <file> for configuration. | -o <file>      Write log to <file> instead of stderr. | -q             Quick boot (doesn't scan rent for object limits) | -r             Restrict MUD -- no new players allowed. | -s             Suppress special procedure assignments. | Note:		These arguments are 'CaSe SeNsItIvE!!!'","READ_OR_UNKNOWN","","    case 'h':
      /* From: Anil Mahajan. Do NOT use -C, this is the copyover mode and
       * without the proper copyover.dat file, the game will go nuts! */
      printf(""Usage: %s [-c] [-m] [-q] [-r] [-s] [-d pathname] [port #]\n""
              ""  -c             Enable syntax check mode.\n""
              ""  -d <directory> Specify library directory (defaults to 'lib').\n""
              ""  -h             Print this command line argument help.\n""
              ""  -m             Start in mini-MUD mode.\n""
	      ""  -f<file>       Use <file> for configuration.\n""
	      ""  -o <file>      Write log to <file> instead of stderr.\n""
              ""  -q             Quick boot (doesn't scan rent for object limits)\n""
              ""  -r             Restrict MUD -- no new players allowed.\n""
              ""  -s             Suppress special procedure assignments.\n""
              "" Note:		These arguments are 'CaSe SeNsItIvE!!!'\n"",
		 argv[0]
      );
      exit(0);"
"src\comm.c","312","main","default","","SYSERR: Unknown option -%c in argument string.","READ_OR_UNKNOWN","","    default:
      printf(""SYSERR: Unknown option -%c in argument string.\n"", *(argv[pos] + 1));
      break;"
"src\comm.c","2018","close_socket","CON_OEDIT","","","READ_OR_UNKNOWN","","    case CON_OEDIT:"
"src\comm.c","2019","close_socket","CON_REDIT","","","READ_OR_UNKNOWN","","    case CON_REDIT:"
"src\comm.c","2020","close_socket","CON_ZEDIT","","","READ_OR_UNKNOWN","","    case CON_ZEDIT:"
"src\comm.c","2021","close_socket","CON_MEDIT","","","READ_OR_UNKNOWN","","    case CON_MEDIT:"
"src\comm.c","2022","close_socket","CON_SEDIT","","","READ_OR_UNKNOWN","","    case CON_SEDIT:"
"src\comm.c","2023","close_socket","CON_TEDIT","","","READ_OR_UNKNOWN","","    case CON_TEDIT:"
"src\comm.c","2024","close_socket","CON_TRIGEDIT","","","READ_OR_UNKNOWN","","    case CON_TRIGEDIT:"
"src\comm.c","2025","close_socket","CON_AEDIT","","","READ_OR_UNKNOWN","","    case CON_AEDIT:"
"src\comm.c","2026","close_socket","CON_HEDIT","","","READ_OR_UNKNOWN","","    case CON_HEDIT:"
"src\comm.c","2027","close_socket","CON_QEDIT","","","READ_OR_UNKNOWN","","    case CON_QEDIT:"
"src\comm.c","2028","close_socket","CON_MSGEDIT","","","READ_OR_UNKNOWN","","    case CON_MSGEDIT:
      cleanup_olc(d, CLEANUP_ALL);
      break;"
"src\comm.c","2031","close_socket","default","","","READ_OR_UNKNOWN","","    default:
      break;"
"src\comm.c","2390","send_to_range","'n'","","","READ_OR_UNKNOWN","","      case 'n':
	i = PERS(ch, to);
	break;"
"src\comm.c","2393","send_to_range","'N'","","","READ_OR_UNKNOWN","","      case 'N':
	CHECK_NULL(vict_obj, PERS((const struct char_data *) vict_obj, to));
	dg_victim = (struct char_data *) vict_obj;
	break;"
"src\comm.c","2397","send_to_range","'m'","","","READ_OR_UNKNOWN","","      case 'm':
	i = HMHR(ch);
	break;"
"src\comm.c","2400","send_to_range","'M'","","","READ_OR_UNKNOWN","","      case 'M':
	CHECK_NULL(vict_obj, HMHR((const struct char_data *) vict_obj));
	dg_victim = (struct char_data *) vict_obj;
	break;"
"src\comm.c","2404","send_to_range","'s'","","","READ_OR_UNKNOWN","","      case 's':
	i = HSHR(ch);
	break;"
"src\comm.c","2407","send_to_range","'S'","","","READ_OR_UNKNOWN","","      case 'S':
	CHECK_NULL(vict_obj, HSHR((const struct char_data *) vict_obj));
	dg_victim = (struct char_data *) vict_obj;
	break;"
"src\comm.c","2411","send_to_range","'e'","","","READ_OR_UNKNOWN","","      case 'e':
	i = HSSH(ch);
	break;"
"src\comm.c","2414","send_to_range","'E'","","","READ_OR_UNKNOWN","","      case 'E':
	CHECK_NULL(vict_obj, HSSH((const struct char_data *) vict_obj));
	dg_victim = (struct char_data *) vict_obj;
	break;"
"src\comm.c","2418","send_to_range","'o'","","","READ_OR_UNKNOWN","","      case 'o':
	CHECK_NULL(obj, OBJN(obj, to));
	break;"
"src\comm.c","2421","send_to_range","'O'","","","READ_OR_UNKNOWN","","      case 'O':
	CHECK_NULL(vict_obj, OBJN((const struct obj_data *) vict_obj, to));
	dg_target = (struct obj_data *) vict_obj;
	break;"
"src\comm.c","2425","send_to_range","'p'","","","READ_OR_UNKNOWN","","      case 'p':
	CHECK_NULL(obj, OBJS(obj, to));
	break;"
"src\comm.c","2428","send_to_range","'P'","","","READ_OR_UNKNOWN","","      case 'P':
	CHECK_NULL(vict_obj, OBJS((const struct obj_data *) vict_obj, to));
	dg_target = (struct obj_data *) vict_obj;
	break;"
"src\comm.c","2432","send_to_range","'a'","","","READ_OR_UNKNOWN","","      case 'a':
	CHECK_NULL(obj, SANA(obj));
	break;"
"src\comm.c","2435","send_to_range","'A'","","","READ_OR_UNKNOWN","","      case 'A':
	CHECK_NULL(vict_obj, SANA((const struct obj_data *) vict_obj));
	dg_target = (struct obj_data *) vict_obj;
	break;"
"src\comm.c","2439","send_to_range","'T'","","","READ_OR_UNKNOWN","","       case 'T':
 	CHECK_NULL(vict_obj, (const char *) vict_obj);
 	dg_arg = (char *) vict_obj;
	break;"
"src\comm.c","2443","send_to_range","'t'","","","READ_OR_UNKNOWN","","      case 't':
 	CHECK_NULL(obj, (char *) obj);
	break;"
"src\comm.c","2446","send_to_range","'F'","","","READ_OR_UNKNOWN","","      case 'F':
	CHECK_NULL(vict_obj, fname((const char *) vict_obj));
	break;"
"src\comm.c","2450","send_to_range","'u'","","","READ_OR_UNKNOWN","","      case 'u':
        for (j=buf; j > lbuf && !isspace((int) *(j-1)); j--);
        if (j != buf)
          *j = UPPER(*j);
        i = """";
        break;"
"src\comm.c","2457","send_to_range","'U'","","","READ_OR_UNKNOWN","","      case 'U':
        uppercasenext = TRUE;
        i = """";
        break;"
"src\comm.c","2461","send_to_range","'$'","","$","READ_OR_UNKNOWN","","      case '$':
	i = ""$"";
	break;"
"src\comm.c","2464","send_to_range","default","","SYSERR: Illegal $-code to act(): %c | SYSERR: %s","READ_OR_UNKNOWN","","      default:
	log(""SYSERR: Illegal $-code to act(): %c"", *orig);
	log(""SYSERR: %s"", orig);
	i = """";
	break;"
"src\db.c","1003","index_boot","DB_BOOT_WLD","","","READ_OR_UNKNOWN","","  case DB_BOOT_WLD:
    prefix = WLD_PREFIX;
    break;"
"src\db.c","1006","index_boot","DB_BOOT_MOB","","","READ_OR_UNKNOWN","","  case DB_BOOT_MOB:
    prefix = MOB_PREFIX;
    break;"
"src\db.c","1009","index_boot","DB_BOOT_OBJ","","","READ_OR_UNKNOWN","","  case DB_BOOT_OBJ:
    prefix = OBJ_PREFIX;
    break;"
"src\db.c","1012","index_boot","DB_BOOT_ZON","","","READ_OR_UNKNOWN","","  case DB_BOOT_ZON:
    prefix = ZON_PREFIX;
    break;"
"src\db.c","1015","index_boot","DB_BOOT_SHP","","","READ_OR_UNKNOWN","","  case DB_BOOT_SHP:
    prefix = SHP_PREFIX;
    break;"
"src\db.c","1018","index_boot","DB_BOOT_HLP","","","READ_OR_UNKNOWN","","  case DB_BOOT_HLP:
    prefix = HLP_PREFIX;

    /* Ensure help_table is sorted for binary search in do_help(). */
    if (help_table && top_of_helpt > 1)
      qsort(help_table, top_of_helpt, sizeof(struct help_index_element), help_table_qsort_cmp);

    break;"
"src\db.c","1026","index_boot","DB_BOOT_TRG","","","READ_OR_UNKNOWN","","  case DB_BOOT_TRG:
    prefix = TRG_PREFIX;
    break;"
"src\db.c","1029","index_boot","DB_BOOT_QST","","","READ_OR_UNKNOWN","","  case DB_BOOT_QST:
    prefix = QST_PREFIX;
    break;"
"src\db.c","1032","index_boot","default","","SYSERR: Unknown subcommand %d to index_boot! | %s%s | r | SYSERR: opening index file '%s': %s | %s | SYSERR: boot error -- unexpected end of file encountered in index file ./%s%s. | Ensure that the last line of the file starts with the character '$'. | SYSERR: boot error -- unexpected end of file encountered in index file ./%s%s: %s | SYSERR: boot error -- error parsing index file %s%s on line %d","READ_OR_UNKNOWN","","  default:
    log(""SYSERR: Unknown subcommand %d to index_boot!"", mode);
    exit(1);
  }

  if (mini_mud)
    index_filename = MINDEX_FILE;
  else
    index_filename = INDEX_FILE;

  snprintf(buf2, sizeof(buf2), ""%s%s"", prefix, index_filename);
  if (!(db_index = fopen(buf2, ""r""))) {
    log(""SYSERR: opening index file '%s': %s"", buf2, strerror(errno));
    exit(1);
  }

  for (line_number = 0;; ++line_number) {
    /* first, count the number of records in the file so we can malloc */
    if (fscanf(db_index, ""%s\n"", buf1) != 1) {
      if (feof(db_index))
        log(""SYSERR: boot error -- unexpected end of file encountered in index file ./%s%s. ""
            ""Ensure that the last line of the file starts with the character '$'."",
            prefix, index_filename);
      else if (ferror(db_index))
        log(""SYSERR: boot error -- unexpected end of file encountered in index file ./%s%s: %s"",
            prefix, index_filename, strerror(errno));
      else
        log(""SYSERR: boot error -- error parsing index file %s%s on line %d"",
            prefix, index_filename, line_number);
      exit(1);
    }

    if (*buf1 == '$')
      break;"
"src\db.c","1093","index_boot","DB_BOOT_TRG","","","READ_OR_UNKNOWN","","  case DB_BOOT_TRG:
    CREATE(trig_index, struct index_data *, rec_count);
    break;"
"src\db.c","1096","index_boot","DB_BOOT_WLD","","%d rooms, %d bytes.","READ_OR_UNKNOWN","","  case DB_BOOT_WLD:
    CREATE(world, struct room_data, rec_count);
    size[0] = sizeof(struct room_data) * rec_count;
    log(""   %d rooms, %d bytes."", rec_count, size[0]);
    break;"
"src\db.c","1101","index_boot","DB_BOOT_MOB","","%d mobs, %d bytes in index, %d bytes in prototypes.","READ_OR_UNKNOWN","","  case DB_BOOT_MOB:
    CREATE(mob_proto, struct char_data, rec_count);
    CREATE(mob_index, struct index_data, rec_count);
    size[0] = sizeof(struct index_data) * rec_count;
    size[1] = sizeof(struct char_data) * rec_count;
    log(""   %d mobs, %d bytes in index, %d bytes in prototypes."", rec_count, size[0], size[1]);
    break;"
"src\db.c","1108","index_boot","DB_BOOT_OBJ","","%d objs, %d bytes in index, %d bytes in prototypes.","READ_OR_UNKNOWN","","  case DB_BOOT_OBJ:
    CREATE(obj_proto, struct obj_data, rec_count);
    CREATE(obj_index, struct index_data, rec_count);
    size[0] = sizeof(struct index_data) * rec_count;
    size[1] = sizeof(struct obj_data) * rec_count;
    log(""   %d objs, %d bytes in index, %d bytes in prototypes."", rec_count, size[0], size[1]);
    break;"
"src\db.c","1115","index_boot","DB_BOOT_ZON","","%d zones, %d bytes.","READ_OR_UNKNOWN","","  case DB_BOOT_ZON:
    CREATE(zone_table, struct zone_data, rec_count);
    size[0] = sizeof(struct zone_data) * rec_count;
    log(""   %d zones, %d bytes."", rec_count, size[0]);
    break;"
"src\db.c","1120","index_boot","DB_BOOT_HLP","","%d entries, %d bytes.","READ_OR_UNKNOWN","","  case DB_BOOT_HLP:
    CREATE(help_table, struct help_index_element, rec_count);
    help_table_allocated = rec_count;
    size[0] = sizeof(struct help_index_element) * rec_count;
    log(""   %d entries, %d bytes."", rec_count, size[0]);
    break;"
"src\db.c","1126","index_boot","DB_BOOT_QST","","%d entries, %d bytes.","READ_OR_UNKNOWN","","  case DB_BOOT_QST:
    CREATE(aquest_table, struct aq_data, rec_count);
    size[0] = sizeof(struct aq_data) * rec_count;
    log(""   %d entries, %d bytes."", rec_count, size[0]);
    break;"
"src\db.c","1158","index_boot","DB_BOOT_WLD","","","READ_OR_UNKNOWN","","    case DB_BOOT_WLD:"
"src\db.c","1159","index_boot","DB_BOOT_OBJ","","","READ_OR_UNKNOWN","","    case DB_BOOT_OBJ:"
"src\db.c","1160","index_boot","DB_BOOT_MOB","","","READ_OR_UNKNOWN","","    case DB_BOOT_MOB:"
"src\db.c","1161","index_boot","DB_BOOT_TRG","","","READ_OR_UNKNOWN","","    case DB_BOOT_TRG:"
"src\db.c","1162","index_boot","DB_BOOT_QST","","","READ_OR_UNKNOWN","","    case DB_BOOT_QST:
      discrete_load(db_file, mode, buf2);
      break;"
"src\db.c","1165","index_boot","DB_BOOT_ZON","","","READ_OR_UNKNOWN","","    case DB_BOOT_ZON:
      load_zones(db_file, buf2);
      break;"
"src\db.c","1168","index_boot","DB_BOOT_HLP","","","READ_OR_UNKNOWN","","    case DB_BOOT_HLP:
      load_help(db_file, buf2);
      break;"
"src\db.c","1171","index_boot","DB_BOOT_SHP","","","READ_OR_UNKNOWN","","    case DB_BOOT_SHP:
      boot_the_shops(db_file, buf2, rec_count);
      break;"
"src\db.c","1222","discrete_load","DB_BOOT_WLD","","","READ_OR_UNKNOWN","","	case DB_BOOT_WLD:
	  parse_room(fl, nr);
	  break;"
"src\db.c","1225","discrete_load","DB_BOOT_MOB","","","READ_OR_UNKNOWN","","	case DB_BOOT_MOB:
	  parse_mobile(fl, nr);
	  break;"
"src\db.c","1228","discrete_load","DB_BOOT_TRG","","","READ_OR_UNKNOWN","","        case DB_BOOT_TRG:
          parse_trigger(fl, nr);
          break;"
"src\db.c","1231","discrete_load","DB_BOOT_OBJ","","","READ_OR_UNKNOWN","","	case DB_BOOT_OBJ:
	  strlcpy(line, parse_object(fl, nr), sizeof(line));
	  break;"
"src\db.c","1234","discrete_load","DB_BOOT_QST","","","READ_OR_UNKNOWN","","  case DB_BOOT_QST:
    parse_quest(fl, nr);
    break;"
"src\db.c","1420","parse_room","'D'","","","READ_OR_UNKNOWN","","    case 'D':
      setup_dir(fl, room_nr, atoi(line + 1));
      break;"
"src\db.c","1423","parse_room","'E'","","","READ_OR_UNKNOWN","","    case 'E':
      CREATE(new_descr, struct extra_descr_data, 1);
      new_descr->keyword = fread_string(fl, buf2);
      new_descr->description = fread_string(fl, buf2);
      ensure_newline_terminated(new_descr);

      new_descr->next = world[room_nr].ex_description;
      world[room_nr].ex_description = new_descr;
      break;"
"src\db.c","1432","parse_room","'S'","","","READ_OR_UNKNOWN","","    case 'S':			/* end of room */
      /* DG triggers -- script is defined after the end of the room */
      letter = fread_letter(fl);
      ungetc(letter, fl);
      while (letter=='T') {
        dg_read_trigger(fl, &world[room_nr], WLD_TRIGGER);
        letter = fread_letter(fl);
        ungetc(letter, fl);
      }
      top_of_world = room_nr++;
      return;"
"src\db.c","1443","parse_room","default","","%s | room #%d, direction D%d | Warning: Diagonal direction disabled: %s","READ_OR_UNKNOWN","","    default:
      log(""%s"", buf);
      exit(1);
    }
  }
}

/* read direction data */
void setup_dir(FILE *fl, int room, int dir)
{
  int t[5];
  char line[READ_SIZE], buf2[128];

  snprintf(buf2, sizeof(buf2), ""room #%d, direction D%d"", GET_ROOM_VNUM(room)+1, dir);

  if (!CONFIG_DIAGONAL_DIRS && IS_DIAGONAL(dir)) {
    log(""Warning: Diagonal direction disabled: %s"", buf2);
    return;"
"src\db.c","1549","renum_zone_table","'M'","","","READ_OR_UNKNOWN","","      case 'M':
	a = ZCMD.arg1 = real_mobile(ZCMD.arg1);
	c = ZCMD.arg3 = real_room(ZCMD.arg3);
	break;"
"src\db.c","1553","renum_zone_table","'O'","","","READ_OR_UNKNOWN","","      case 'O':
	a = ZCMD.arg1 = real_object(ZCMD.arg1);
	if (ZCMD.arg3 != NOWHERE)
	  c = ZCMD.arg3 = real_room(ZCMD.arg3);
	break;"
"src\db.c","1558","renum_zone_table","'G'","","","READ_OR_UNKNOWN","","      case 'G':
	a = ZCMD.arg1 = real_object(ZCMD.arg1);
	break;"
"src\db.c","1561","renum_zone_table","'E'","","","READ_OR_UNKNOWN","","      case 'E':
	a = ZCMD.arg1 = real_object(ZCMD.arg1);
	break;"
"src\db.c","1564","renum_zone_table","'P'","","","READ_OR_UNKNOWN","","      case 'P':
	a = ZCMD.arg1 = real_object(ZCMD.arg1);
	c = ZCMD.arg3 = real_object(ZCMD.arg3);
	break;"
"src\db.c","1568","renum_zone_table","'D'","","","READ_OR_UNKNOWN","","      case 'D':
	a = ZCMD.arg1 = real_room(ZCMD.arg1);
	break;"
"src\db.c","1571","renum_zone_table","'R'","","","READ_OR_UNKNOWN","","      case 'R': /* rem obj from room */
        a = ZCMD.arg1 = real_room(ZCMD.arg1);
	b = ZCMD.arg2 = real_object(ZCMD.arg2);
        break;"
"src\db.c","1575","renum_zone_table","'T'","","","READ_OR_UNKNOWN","","      case 'T': /* a trigger */
        b = ZCMD.arg2 = real_trigger(ZCMD.arg2);
        c = ZCMD.arg3 = real_room(ZCMD.arg3);
        break;"
"src\db.c","1579","renum_zone_table","'V'","","","READ_OR_UNKNOWN","","      case 'V': /* trigger variable assignment */
        b = ZCMD.arg3 = real_room(ZCMD.arg3);
        break;"
"src\db.c","2024","parse_mobile","'S'","","","READ_OR_UNKNOWN","","  case 'S':	/* Simple monsters */
    parse_simple_mob(mob_f, i, nr);
    break;"
"src\db.c","2027","parse_mobile","'E'","","","READ_OR_UNKNOWN","","  case 'E':	/* Circle3 Enhanced monsters */
    parse_enhanced_mob(mob_f, i, nr);
    break;"
"src\db.c","2031","parse_mobile","default","","SYSERR: Unsupported mob type '%c' in mob #%d | object #%d | SYSERR: Null obj name or format error at or near %s | a | an | the | SYSERR: Expecting first numeric line of %s, but file ended! | %d %s %s %s %s %s %s %s %s %s %s %s %s | WARNING: Conventional object files detected. Please see config.c. | Converting object #%d to 128bits.. | done.","READ_OR_UNKNOWN","","  default:
    log(""SYSERR: Unsupported mob type '%c' in mob #%d"", letter, nr);
    exit(1);
  }

  /* DG triggers -- script info follows mob S/E section */
  letter = fread_letter(mob_f);
  ungetc(letter, mob_f);
  while (letter=='T') {
    dg_read_trigger(mob_f, &mob_proto[i], MOB_TRIGGER);
    letter = fread_letter(mob_f);
    ungetc(letter, mob_f);
  }

  mob_proto[i].aff_abils = mob_proto[i].real_abils;

  for (j = 0; j < NUM_WEARS; j++)
    mob_proto[i].equipment[j] = NULL;

  mob_proto[i].nr = i;
  mob_proto[i].desc = NULL;

  top_of_mobt = i++;
}

/* read all objects from obj file; generate index and prototypes */
char *parse_object(FILE *obj_f, int nr)
{
  static int i = 0;
  static char line[READ_SIZE];
  int t[10], j, retval;
  char *tmpptr, buf2[128], f1[READ_SIZE], f2[READ_SIZE], f3[READ_SIZE], f4[READ_SIZE];
  char f5[READ_SIZE], f6[READ_SIZE], f7[READ_SIZE], f8[READ_SIZE];
  char f9[READ_SIZE], f10[READ_SIZE], f11[READ_SIZE], f12[READ_SIZE];
  struct extra_descr_data *new_descr;

  obj_index[i].vnum = nr;
  obj_index[i].number = 0;
  obj_index[i].func = NULL;

  clear_object(obj_proto + i);
  obj_proto[i].item_number = i;

  sprintf(buf2, ""object #%d"", nr);	/* sprintf: OK (for 'buf2 >= 19') */

  /* string data */
  if ((obj_proto[i].name = fread_string(obj_f, buf2)) == NULL) {
    log(""SYSERR: Null obj name or format error at or near %s"", buf2);
    exit(1);
  }
  tmpptr = obj_proto[i].short_description = fread_string(obj_f, buf2);
  if (tmpptr && *tmpptr)
    if (!str_cmp(fname(tmpptr), ""a"") || !str_cmp(fname(tmpptr), ""an"") ||
	!str_cmp(fname(tmpptr), ""the""))
      *tmpptr = LOWER(*tmpptr);

  tmpptr = obj_proto[i].description = fread_string(obj_f, buf2);
  if (tmpptr && *tmpptr)
    CAP(tmpptr);
  obj_proto[i].action_description = fread_string(obj_f, buf2);

  /* numeric data */
  if (!get_line(obj_f, line)) {
    log(""SYSERR: Expecting first numeric line of %s, but file ended!"", buf2);
    exit(1);
  }

  if (((retval = sscanf(line, "" %d %s %s %s %s %s %s %s %s %s %s %s %s"", t, f1, f2, f3,
      f4, f5, f6, f7, f8, f9, f10, f11, f12)) == 4) && (bitwarning == TRUE)) {
    /* Let's make the implementor read some, before converting his world files. */
    log(""WARNING: Conventional object files detected. Please see config.c."");
    exit(1);
  } else if (((retval == 4) || (retval == 3)) && (bitwarning == FALSE)) {

    if (retval == 3)
      t[3] = 0;
    else if (retval == 4)
      t[3] = asciiflag_conv_aff(f3);

    log(""Converting object #%d to 128bits.."", nr);
    GET_OBJ_EXTRA(obj_proto + i)[0] = asciiflag_conv(f1);
    GET_OBJ_EXTRA(obj_proto + i)[1] = 0;
    GET_OBJ_EXTRA(obj_proto + i)[2] = 0;
    GET_OBJ_EXTRA(obj_proto + i)[3] = 0;
    GET_OBJ_WEAR(obj_proto + i)[0] = asciiflag_conv(f2);
    GET_OBJ_WEAR(obj_proto + i)[1] = 0;
    GET_OBJ_WEAR(obj_proto + i)[2] = 0;
    GET_OBJ_WEAR(obj_proto + i)[3] = 0;
    GET_OBJ_AFFECT(obj_proto + i)[0] = asciiflag_conv_aff(f3);
    GET_OBJ_AFFECT(obj_proto + i)[1] = 0;
    GET_OBJ_AFFECT(obj_proto + i)[2] = 0;
    GET_OBJ_AFFECT(obj_proto + i)[3] = 0;

    if(bitsavetodisk) {
      add_to_save_list(zone_table[real_zone_by_thing(nr)].number, 1);
      converting = TRUE;
    }

    log(""   done."");
  } else if (retval == 13) {
"
"src\db.c","2213","parse_mobile","'E'","","","READ_OR_UNKNOWN","","    case 'E':
      CREATE(new_descr, struct extra_descr_data, 1);
      new_descr->keyword = fread_string(obj_f, buf2);
      new_descr->description = fread_string(obj_f, buf2);
      new_descr->next = obj_proto[i].ex_description;
      obj_proto[i].ex_description = new_descr;
      break;"
"src\db.c","2220","parse_mobile","'A'","","SYSERR: Too many A fields (%d max), %s | SYSERR: Format error in 'A' field, %s | ...expecting 2 numeric constants but file ended! | %d %d | ...expecting 2 numeric arguments, got %d | ...offending line: '%s'","READ_OR_UNKNOWN","","    case 'A':
      if (j >= MAX_OBJ_AFFECT) {
	log(""SYSERR: Too many A fields (%d max), %s"", MAX_OBJ_AFFECT, buf2);
	exit(1);
      }
      if (!get_line(obj_f, line)) {
	log(""SYSERR: Format error in 'A' field, %s\n""
	    ""...expecting 2 numeric constants but file ended!"", buf2);
	exit(1);
      }

      if ((retval = sscanf(line, "" %d %d "", t, t + 1)) != 2) {
	log(""SYSERR: Format error in 'A' field, %s\n""
	    ""...expecting 2 numeric arguments, got %d\n""
	    ""...offending line: '%s'"", buf2, retval, line);
	exit(1);
      }
      obj_proto[i].affected[j].location = t[0];
      obj_proto[i].affected[j].modifier = t[1];
      j++;
      break;"
"src\db.c","2241","parse_mobile","'T'","","","READ_OR_UNKNOWN","","    case 'T':  /* DG triggers */
      dg_obj_trigger(line, &obj_proto[i]);
      break;"
"src\db.c","2244","parse_mobile","'$'","","","READ_OR_UNKNOWN","","    case '$':"
"src\db.c","2245","parse_mobile","'#'","","","READ_OR_UNKNOWN","","    case '#':
      top_of_objt = i;
      check_object(obj_proto + i);
      i++;
      return (line);"
"src\db.c","2250","parse_mobile","default","","SYSERR: Format error in (%c): %s | MOPGERDTV | SYSERR: %s is empty! | #%hd | SYSERR: Format error in %s, line %d | beginning of zone #%d | %hd %hd %d %d %s %s %s %s %d %d | %hd %hd %d %d | SYSERR: Format error in numeric constant line of %s, attempting to fix. | SYSERR: Could not fix previous error, aborting game. | None. | SYSERR: Zone %d bottom (%d) > top (%d).","DESTRUCTIVE_REVIEW","delete/purge/extract/remove/free operation","    default:
      log(""SYSERR: Format error in (%c): %s"", *line, buf2);
      exit(1);
    }
  }
}

#define Z	zone_table[zone]
/* load the zone table and command tables */
static void load_zones(FILE *fl, char *zonename)
{
  static zone_rnum zone = 0;
  int i, cmd_no, num_of_cmds = 0, line_num = 0, tmp, error;
  char *ptr, buf[READ_SIZE], zname[READ_SIZE], buf2[MAX_STRING_LENGTH];
  int zone_fix = FALSE;
  char t1[80], t2[80];
  char zbuf1[MAX_STRING_LENGTH], zbuf2[MAX_STRING_LENGTH];
  char zbuf3[MAX_STRING_LENGTH], zbuf4[MAX_STRING_LENGTH];

  strlcpy(zname, zonename, sizeof(zname));

  /* Skip first 3 lines lest we mistake the zone name for a command. */
  for (tmp = 0; tmp < 3; tmp++)
    get_line(fl, buf);

  /* More accurate count. Previous was always 4 or 5 too high. -gg Note that if
   * a new zone command is added to reset_zone(), this string will need to be
   * updated to suit. - ae. */
  while (get_line(fl, buf))
    if ((strchr(""MOPGERDTV"", buf[0]) && buf[1] == ' ') || (buf[0] == 'S' && buf[1] == '\0'))
      num_of_cmds++;

  rewind(fl);

  if (num_of_cmds == 0) {
    log(""SYSERR: %s is empty!"", zname);
    exit(1);
  } else
    CREATE(Z.cmd, struct reset_com, num_of_cmds);

  line_num += get_line(fl, buf);

  if (sscanf(buf, ""#%hd"", &Z.number) != 1) {
    log(""SYSERR: Format error in %s, line %d"", zname, line_num);
    exit(1);
  }
  snprintf(buf2, sizeof(buf2), ""beginning of zone #%d"", Z.number);

  line_num += get_line(fl, buf);
  if ((ptr = strchr(buf, '~')) != NULL) /* take off the '~' if it's there */
    *ptr = '\0';
  Z.builders = strdup(buf);

  line_num += get_line(fl, buf);
  if ((ptr = strchr(buf, '~')) != NULL)	/* take off the '~' if it's there */
    *ptr = '\0';
  Z.name = strdup(buf);
  parse_at(Z.name);

  /* Clear all the zone flags */
  for (i=0; i<ZN_ARRAY_MAX; i++)
    Z.zone_flags[i] = 0;

  line_num += get_line(fl, buf);
  /* Look for 10 items first (new tbaMUD), if not found, try 4 (old tbaMUD) */
  if  (sscanf(buf, "" %hd %hd %d %d %s %s %s %s %d %d"", &Z.bot, &Z.top, &Z.lifespan,
      &Z.reset_mode, zbuf1, zbuf2, zbuf3, zbuf4, &Z.min_level, &Z.max_level) != 10)
  {
    if (sscanf(buf, "" %hd %hd %d %d "", &Z.bot, &Z.top, &Z.lifespan, &Z.reset_mode) != 4) {
      /* This may be due to the fact that the zone has no builder.  So, we just
       * attempt to fix this by copying the previous 2 last reads into this
       * variable and the last one. */
      log(""SYSERR: Format error in numeric constant line of %s, attempting to fix."", zname);
      if (sscanf(Z.name, "" %hd %hd %d %d "", &Z.bot, &Z.top, &Z.lifespan, &Z.reset_mode) != 4) {
        log(""SYSERR: Could not fix previous error, aborting game."");
        exit(1);
      } else {
        free(Z.name);
        Z.name = strdup(Z.builders);
        free(Z.builders);
        Z.builders = strdup(""None."");
        zone_fix = TRUE;
      }
    }
    /* We only found 4 values, so set 'defaults' for the ones not found */
    Z.min_level = -1;
    Z.max_level = -1;
  }
  else
  {
    /* We found 10 values, so deal with the strings */
    Z.zone_flags[0] = asciiflag_conv(zbuf1);
    Z.zone_flags[1] = asciiflag_conv(zbuf2);
    Z.zone_flags[2] = asciiflag_conv(zbuf3);
    Z.zone_flags[3] = asciiflag_conv(zbuf4);
  }
  if (Z.bot > Z.top) {
    log(""SYSERR: Zone %d bottom (%d) > top (%d)."", Z.number, Z.bot, Z.top);
    exit(1);
  }
"
"src\db.c","2616","mob_slot_required_wear_flag","WEAR_FINGER_R","","","READ_OR_UNKNOWN","","    case WEAR_FINGER_R:
    case WEAR_FINGER_L: return ITEM_WEAR_FINGER;
    case WEAR_NECK_1:   return ITEM_WEAR_NECK;
    case WEAR_BODY:     return ITEM_WEAR_BODY;
    case WEAR_HEAD:     return ITEM_WEAR_HEAD;
    case WEAR_LEGS:     return ITEM_WEAR_LEGS;
    case WEAR_FEET:     return ITEM_WEAR_FEET;
    case WEAR_HANDS:    return ITEM_WEAR_HANDS;
    case WEAR_ARMS:     return ITEM_WEAR_ARMS;
    case WEAR_SHIELD:   return ITEM_WEAR_SHIELD;
    case WEAR_ABOUT:    return ITEM_WEAR_ABOUT;
    case WEAR_WAIST:    return ITEM_WEAR_WAIST;"
"src\db.c","2628","mob_slot_required_wear_flag","WEAR_WRIST_R","","","READ_OR_UNKNOWN","","    case WEAR_WRIST_R:
    case WEAR_WRIST_L:  return ITEM_WEAR_WRIST;
    case WEAR_WIELD:    return ITEM_WEAR_WIELD;
    case WEAR_HOLD:     return ITEM_WEAR_TAKE;"
"src\db.c","2632","mob_slot_required_wear_flag","default","","","READ_OR_UNKNOWN","","    default:            return ITEM_WEAR_TAKE;
  }
}

static int mob_object_can_equip_slot(struct obj_data *obj, int wear_pos)
{
  if (!obj || wear_pos < 0 || wear_pos >= NUM_WEARS)
    return FALSE;"
"src\db.c","2925","reset_zone","'*'","","","READ_OR_UNKNOWN","","    case '*':			/* ignore command */
      last_cmd = 0;
      break;"
"src\db.c","2929","reset_zone","'M'","","","READ_OR_UNKNOWN","","    case 'M':			/* read a mobile */
      if (mob_index[ZCMD.arg1].number < ZCMD.arg2) {
	mob = read_mobile(ZCMD.arg1, REAL);
	char_to_room(mob, ZCMD.arg3);
        load_mtrigger(mob);
        tmob = mob;
	last_cmd = 1;
      } else
	last_cmd = 0;
      tobj = NULL;
      break;"
"src\db.c","2941","reset_zone","'O'","","","READ_OR_UNKNOWN","","    case 'O':			/* read an object */
      if (obj_index[ZCMD.arg1].number < ZCMD.arg2) {
	if (ZCMD.arg3 != NOWHERE) {
	  obj = read_object(ZCMD.arg1, REAL);
	  obj_to_room(obj, ZCMD.arg3);
	  last_cmd = 1;
          load_otrigger(obj);
          tobj = obj;
	} else {
	  obj = read_object(ZCMD.arg1, REAL);
	  IN_ROOM(obj) = NOWHERE;
	  last_cmd = 1;
          tobj = obj;
	}
      } else
	last_cmd = 0;
      tmob = NULL;
      break;"
"src\db.c","2960","reset_zone","'P'","","target obj not found, command disabled","READ_OR_UNKNOWN","","    case 'P':			/* object to object */
      if (obj_index[ZCMD.arg1].number < ZCMD.arg2) {
	obj = read_object(ZCMD.arg1, REAL);
	if (!(obj_to = get_obj_num(ZCMD.arg3))) {
	  ZONE_ERROR(""target obj not found, command disabled"");
	  ZCMD.command = '*';
	  break;"
"src\db.c","2977","reset_zone","'G'","","attempt to give obj #%d to non-existant mob, command disabled","READ_OR_UNKNOWN","","    case 'G':			/* obj_to_char */
      if (!mob) {
	char error[MAX_INPUT_LENGTH];
	snprintf(error, sizeof(error), ""attempt to give obj #%d to non-existant mob, command disabled"", obj_index[ZCMD.arg1].vnum);
	ZONE_ERROR(error);
	ZCMD.command = '*';
	break;"
"src\db.c","2996","reset_zone","'E'","","trying to equip non-existant mob with obj #%d, command disabled","READ_OR_UNKNOWN","","    case 'E':			/* object to equipment list */
      if (!mob) {
	char error[MAX_INPUT_LENGTH];
	snprintf(error, sizeof(error), ""trying to equip non-existant mob with obj #%d, command disabled"", obj_index[ZCMD.arg1].vnum);
	ZONE_ERROR(error);
	ZCMD.command = '*';
	break;"
"src\db.c","3026","reset_zone","'R'","","","DESTRUCTIVE_REVIEW","delete/purge/extract/remove/free operation","    case 'R': /* rem obj from room */
      if ((obj = get_obj_in_list_num(ZCMD.arg2, world[ZCMD.arg1].contents)) != NULL)
        extract_obj(obj);
      last_cmd = 1;
      tmob = NULL;
      tobj = NULL;
      break;"
"src\db.c","3035","reset_zone","'D'","","door does not exist in room %d - dir %d, command disabled","READ_OR_UNKNOWN","","    case 'D':			/* set state of door */
      if (ZCMD.arg2 < 0 || ZCMD.arg2 >= DIR_COUNT ||
	  (world[ZCMD.arg1].dir_option[ZCMD.arg2] == NULL)) {
        char error[MAX_INPUT_LENGTH];
        snprintf(error, sizeof(error), ""door does not exist in room %d - dir %d, command disabled"",  world[ZCMD.arg1].number, ZCMD.arg2);
	ZONE_ERROR(error);
	ZCMD.command = '*';
      } else
	switch (ZCMD.arg3) {"
"src\db.c","3044","reset_zone","0","","","DESTRUCTIVE_REVIEW","delete/purge/extract/remove/free operation","	case 0:
	  REMOVE_BIT(world[ZCMD.arg1].dir_option[ZCMD.arg2]->exit_info,
		     EX_LOCKED);
	  REMOVE_BIT(world[ZCMD.arg1].dir_option[ZCMD.arg2]->exit_info,
		     EX_CLOSED);
	  break;"
"src\db.c","3050","reset_zone","1","","","DESTRUCTIVE_REVIEW","delete/purge/extract/remove/free operation | OLC/object/flag mutation","	case 1:
	  SET_BIT(world[ZCMD.arg1].dir_option[ZCMD.arg2]->exit_info,
		  EX_CLOSED);
	  REMOVE_BIT(world[ZCMD.arg1].dir_option[ZCMD.arg2]->exit_info,
		     EX_LOCKED);
	  break;"
"src\db.c","3056","reset_zone","2","","","MUTATING_REVIEW","OLC/object/flag mutation","	case 2:
	  SET_BIT(world[ZCMD.arg1].dir_option[ZCMD.arg2]->exit_info,
		  EX_LOCKED);
	  SET_BIT(world[ZCMD.arg1].dir_option[ZCMD.arg2]->exit_info,
		  EX_CLOSED);
	  break;"
"src\db.c","3068","reset_zone","'T'","","Invalid room number in trigger assignment","READ_OR_UNKNOWN","","    case 'T': /* trigger command */
      if (ZCMD.arg1==MOB_TRIGGER && tmob) {
        if (!SCRIPT(tmob))
          CREATE(SCRIPT(tmob), struct script_data, 1);
        add_trigger(SCRIPT(tmob), read_trigger(ZCMD.arg2), -1);
        last_cmd = 1;
      } else if (ZCMD.arg1==OBJ_TRIGGER && tobj) {
        if (!SCRIPT(tobj))
          CREATE(SCRIPT(tobj), struct script_data, 1);
        add_trigger(SCRIPT(tobj), read_trigger(ZCMD.arg2), -1);
        last_cmd = 1;
      } else if (ZCMD.arg1==WLD_TRIGGER) {
        if (ZCMD.arg3 == NOWHERE || ZCMD.arg3>top_of_world) {
          ZONE_ERROR(""Invalid room number in trigger assignment"");
        }
        if (!world[ZCMD.arg3].script)
          CREATE(world[ZCMD.arg3].script, struct script_data, 1);
        add_trigger(world[ZCMD.arg3].script, read_trigger(ZCMD.arg2), -1);
        last_cmd = 1;
      }

      break;"
"src\db.c","3091","reset_zone","'V'","","Attempt to give variable to scriptless mobile | Attempt to give variable to scriptless object | Invalid room number in variable assignment","READ_OR_UNKNOWN","","    case 'V':
      if (ZCMD.arg1==MOB_TRIGGER && tmob) {
        if (!SCRIPT(tmob)) {
          ZONE_ERROR(""Attempt to give variable to scriptless mobile"");
        } else
          add_var(&(SCRIPT(tmob)->global_vars), ZCMD.sarg1, ZCMD.sarg2,
                  ZCMD.arg3);
        last_cmd = 1;
      } else if (ZCMD.arg1==OBJ_TRIGGER && tobj) {
        if (!SCRIPT(tobj)) {
          ZONE_ERROR(""Attempt to give variable to scriptless object"");
        } else
          add_var(&(SCRIPT(tobj)->global_vars), ZCMD.sarg1, ZCMD.sarg2,
                  ZCMD.arg3);
        last_cmd = 1;
      } else if (ZCMD.arg1==WLD_TRIGGER) {
        if (ZCMD.arg3 == NOWHERE || ZCMD.arg3>top_of_world) {
          ZONE_ERROR(""Invalid room number in variable assignment"");
        } else {
          if (!(world[ZCMD.arg3].script)) {
            ZONE_ERROR(""Attempt to give variable to scriptless object"");
          } else
            add_var(&(world[ZCMD.arg3].script->global_vars),
                    ZCMD.sarg1, ZCMD.sarg2, ZCMD.arg2);
          last_cmd = 1;
        }
      }
      break;"
"src\db.c","3120","reset_zone","default","","unknown cmd in reset table; cmd disabled","READ_OR_UNKNOWN","","    default:
      ZONE_ERROR(""unknown cmd in reset table; cmd disabled"");
      ZCMD.command = '*';
      break;"
"src\db.c","4044","check_object","ITEM_DRINKCON","","","READ_OR_UNKNOWN","","  case ITEM_DRINKCON:"
"src\db.c","4045","check_object","ITEM_FOUNTAIN","","SYSERR: Object #%d (%s) has invalid liquid type %d. | SYSERR: Object #%d (%s) contains (%d) more than maximum (%d).","READ_OR_UNKNOWN","","  case ITEM_FOUNTAIN:
    /*
     * Adventurer's Lair:
     * Liquid identity is stored in value 2. Object keywords are builder-facing
     * aliases only and no longer need to contain the liquid name in any
     * particular position.
     */
    if ((GET_OBJ_VAL(obj, 2) < 0 || GET_OBJ_VAL(obj, 2) >= NUM_LIQ_TYPES)
        && (error = TRUE))
      log(""SYSERR: Object #%d (%s) has invalid liquid type %d."",
          GET_OBJ_VNUM(obj), obj->short_description, GET_OBJ_VAL(obj, 2));

    if ((GET_OBJ_VAL(obj, 0) > 0) &&
        (GET_OBJ_VAL(obj, 1) > GET_OBJ_VAL(obj, 0)) &&
        (error = TRUE))
      log(""SYSERR: Object #%d (%s) contains (%d) more than maximum (%d)."",
          GET_OBJ_VNUM(obj), obj->short_description,
          GET_OBJ_VAL(obj, 1), GET_OBJ_VAL(obj, 0));
    break;"
"src\db.c","4064","check_object","ITEM_SCROLL","","","READ_OR_UNKNOWN","","  case ITEM_SCROLL:"
"src\db.c","4065","check_object","ITEM_POTION","","","READ_OR_UNKNOWN","","  case ITEM_POTION:
    error |= check_object_level(obj, 0);
    error |= check_object_spell_number(obj, 1);
    error |= check_object_spell_number(obj, 2);
    error |= check_object_spell_number(obj, 3);
    break;"
"src\db.c","4071","check_object","ITEM_WAND","","","READ_OR_UNKNOWN","","  case ITEM_WAND:"
"src\db.c","4072","check_object","ITEM_STAFF","","SYSERR: Object #%d (%s) has more charges (%d) than maximum (%d).","READ_OR_UNKNOWN","","  case ITEM_STAFF:
    error |= check_object_level(obj, 0);
    error |= check_object_spell_number(obj, 3);
    if (GET_OBJ_VAL(obj, 2) > GET_OBJ_VAL(obj, 1) && (error = TRUE))
      log(""SYSERR: Object #%d (%s) has more charges (%d) than maximum (%d)."",
		GET_OBJ_VNUM(obj), obj->short_description,
		GET_OBJ_VAL(obj, 2), GET_OBJ_VAL(obj, 1));
    break;"
"src\db.c","4080","check_object","ITEM_NOTE","","SYSERR: Object #%d (%s) is type NOTE and has extra description with same name. (%s)","READ_OR_UNKNOWN","","  case ITEM_NOTE:
    if (obj->ex_description) {
      char onealias[MAX_INPUT_LENGTH],*next_name;
      next_name = any_one_arg(obj->name, onealias);
      do {
  	if (find_exdesc(onealias, obj->ex_description) && (error = TRUE)) {
	log(""SYSERR: Object #%d (%s) is type NOTE and has extra description with same name. (%s)"",
	  GET_OBJ_VNUM(obj), obj->short_description, obj->name);
        }
  	next_name = any_one_arg(next_name, onealias);
      } while (*onealias);
    }
  break;"
"src\db.c","4093","check_object","ITEM_FURNITURE","","SYSERR: Object #%d (%s) contains (%d) more than maximum (%d).","READ_OR_UNKNOWN","","  case ITEM_FURNITURE:
    if (GET_OBJ_VAL(obj, 1) > GET_OBJ_VAL(obj, 0) && (error = TRUE))
      log(""SYSERR: Object #%d (%s) contains (%d) more than maximum (%d)."",
          GET_OBJ_VNUM(obj), obj->short_description, GET_OBJ_VAL(obj, 1),
	  GET_OBJ_VAL(obj, 0));
    break;"
"src\db.c","4274","load_config","'a'","","auto_save | autosave_time | auto_save_olc","READ_OR_UNKNOWN","","      case 'a':
        if (!str_cmp(tag, ""auto_save""))
          CONFIG_AUTO_SAVE = num;
        else if (!str_cmp(tag, ""autosave_time""))
          CONFIG_AUTOSAVE_TIME = num;
        else if (!str_cmp(tag, ""auto_save_olc""))
          CONFIG_OLC_SAVE = num;
        break;"
"src\db.c","4283","load_config","'c'","","crash_file_timeout","READ_OR_UNKNOWN","","      case 'c':
        if (!str_cmp(tag, ""crash_file_timeout""))
          CONFIG_CRASH_TIMEOUT = num;
        break;"
"src\db.c","4288","load_config","'d'","","debug_mode | display_closed_doors | diagonal_dirs | dts_are_dumps | donation_room_1 | donation_room_2 | donation_room_3 | dflt_dir | dflt_ip | dflt_port | default_map_size | default_minimap_size","DESTRUCTIVE_REVIEW","delete/purge/extract/remove/free operation","      case 'd':
        if (!str_cmp(tag, ""debug_mode""))
          CONFIG_DEBUG_MODE = num;
        else if (!str_cmp(tag, ""display_closed_doors""))
          CONFIG_DISP_CLOSED_DOORS = num;
        else if (!str_cmp(tag, ""diagonal_dirs""))
          CONFIG_DIAGONAL_DIRS = num;
        else if (!str_cmp(tag, ""dts_are_dumps""))
          CONFIG_DTS_ARE_DUMPS = num;
        else if (!str_cmp(tag, ""donation_room_1""))
          if (num == -1)
            CONFIG_DON_ROOM_1 = NOWHERE;
          else
            CONFIG_DON_ROOM_1 = num;
        else if (!str_cmp(tag, ""donation_room_2""))
          if (num == -1)
            CONFIG_DON_ROOM_2 = NOWHERE;
          else
            CONFIG_DON_ROOM_2 = num;
        else if (!str_cmp(tag, ""donation_room_3""))
          if (num == -1)
            CONFIG_DON_ROOM_3 = NOWHERE;
          else
            CONFIG_DON_ROOM_3 = num;
        else if (!str_cmp(tag, ""dflt_dir"")) {
          if (CONFIG_DFLT_DIR)
            free(CONFIG_DFLT_DIR);
          if (*line)
            CONFIG_DFLT_DIR = strdup(line);
          else
            CONFIG_DFLT_DIR = strdup(DFLT_DIR);
        } else if (!str_cmp(tag, ""dflt_ip"")) {
          if (CONFIG_DFLT_IP)
            free(CONFIG_DFLT_IP);
          if (*line)
            CONFIG_DFLT_IP = strdup(line);
          else
            CONFIG_DFLT_IP = NULL;
        } else if (!str_cmp(tag, ""dflt_port""))
          CONFIG_DFLT_PORT = num;
        else if (!str_cmp(tag, ""default_map_size""))
          CONFIG_MAP_SIZE = num;
        else if (!str_cmp(tag, ""default_minimap_size""))
          CONFIG_MINIMAP_SIZE = num;
        break;"
"src\db.c","4334","load_config","'f'","","free_rent | frozen_start_room","READ_OR_UNKNOWN","","      case 'f':
        if (!str_cmp(tag, ""free_rent""))
          CONFIG_FREE_RENT = num;
        else if (!str_cmp(tag, ""frozen_start_room""))
          CONFIG_FROZEN_START = num;
        break;"
"src\db.c","4341","load_config","'h'","","holler_move_cost | huh | %s","DESTRUCTIVE_REVIEW","delete/purge/extract/remove/free operation","      case 'h':
        if (!str_cmp(tag, ""holler_move_cost""))
          CONFIG_HOLLER_MOVE_COST = num;
        else if (!str_cmp(tag, ""huh"")) {
          char tmp[READ_SIZE];
          if (CONFIG_HUH)
            free(CONFIG_HUH);
          snprintf(tmp, sizeof(tmp), ""%s\r\n"", line);
          CONFIG_HUH = strdup(tmp);
        }
        break;"
"src\db.c","4353","load_config","'i'","","idle_void | idle_rent_time | idle_max_level | immort_start_room | ibt_autosave","READ_OR_UNKNOWN","","      case 'i':
        if (!str_cmp(tag, ""idle_void""))
          CONFIG_IDLE_VOID = num;
        else if (!str_cmp(tag, ""idle_rent_time""))
          CONFIG_IDLE_RENT_TIME = num;
        else if (!str_cmp(tag, ""idle_max_level""))
          CONFIG_IDLE_MAX_LEVEL = num;
        else if (!str_cmp(tag, ""immort_start_room""))
          CONFIG_IMMORTAL_START = num;
        else if (!str_cmp(tag, ""ibt_autosave""))
		  CONFIG_IBT_AUTOSAVE = num;
        break;"
"src\db.c","4366","load_config","'l'","","level_can_shout | load_into_inventory | logname","DESTRUCTIVE_REVIEW","delete/purge/extract/remove/free operation","      case 'l':
        if (!str_cmp(tag, ""level_can_shout""))
          CONFIG_LEVEL_CAN_SHOUT = num;
        else if (!str_cmp(tag, ""load_into_inventory""))
          CONFIG_LOAD_INVENTORY = num;
        else if (!str_cmp(tag, ""logname"")) {
          if (CONFIG_LOGNAME)
            free(CONFIG_LOGNAME);
          if (*line)
            CONFIG_LOGNAME = strdup(line);
          else
            CONFIG_LOGNAME = NULL;
        }
        break;"
"src\db.c","4381","load_config","'m'","","max_bad_pws | max_exp_gain | max_exp_loss | max_filesize | max_npc_corpse_time | max_obj_save | max_pc_corpse_time | max_playing | menu | Reading menu in load_config() | min_rent_cost | min_wizlist_lev | mortal_start_room | map_option | medit_advanced_stats","DESTRUCTIVE_REVIEW","delete/purge/extract/remove/free operation","      case 'm':
        if (!str_cmp(tag, ""max_bad_pws""))
          CONFIG_MAX_BAD_PWS = num;
        else if (!str_cmp(tag, ""max_exp_gain""))
          CONFIG_MAX_EXP_GAIN = num;
        else if (!str_cmp(tag, ""max_exp_loss""))
          CONFIG_MAX_EXP_LOSS = num;
        else if (!str_cmp(tag, ""max_filesize""))
          CONFIG_MAX_FILESIZE = num;
        else if (!str_cmp(tag, ""max_npc_corpse_time""))
          CONFIG_MAX_NPC_CORPSE_TIME = num;
        else if (!str_cmp(tag, ""max_obj_save""))
          CONFIG_MAX_OBJ_SAVE = num;
        else if (!str_cmp(tag, ""max_pc_corpse_time""))
          CONFIG_MAX_PC_CORPSE_TIME = num;
        else if (!str_cmp(tag, ""max_playing""))
          CONFIG_MAX_PLAYING = num;
        else if (!str_cmp(tag, ""menu"")) {
          if (CONFIG_MENU)
            free(CONFIG_MENU);
          strncpy(buf, ""Reading menu in load_config()"", sizeof(buf));
          CONFIG_MENU = fread_string(fl, buf);
          parse_at(CONFIG_MENU);
        } else if (!str_cmp(tag, ""min_rent_cost""))
          CONFIG_MIN_RENT_COST = num;
        else if (!str_cmp(tag, ""min_wizlist_lev""))
          CONFIG_MIN_WIZLIST_LEV = num;
        else if (!str_cmp(tag, ""mortal_start_room""))
          CONFIG_MORTAL_START = num;
        else if (!str_cmp(tag, ""map_option""))
          CONFIG_MAP = num;
        else if (!str_cmp(tag, ""medit_advanced_stats""))
          CONFIG_MEDIT_ADVANCED = num;
        break;"
"src\db.c","4416","load_config","'n'","","nameserver_is_slow | no_mort_to_immort | noperson | %s | noeffect","DESTRUCTIVE_REVIEW","delete/purge/extract/remove/free operation","      case 'n':
        if (!str_cmp(tag, ""nameserver_is_slow""))
          CONFIG_NS_IS_SLOW = num;
        else if (!str_cmp(tag, ""no_mort_to_immort""))
          CONFIG_NO_MORT_TO_IMMORT = num;
        else if (!str_cmp(tag, ""noperson"")) {
          char tmp[READ_SIZE];
          if (CONFIG_NOPERSON)
            free(CONFIG_NOPERSON);
          snprintf(tmp, sizeof(tmp), ""%s\r\n"", line);
          CONFIG_NOPERSON = strdup(tmp);
        } else if (!str_cmp(tag, ""noeffect"")) {
          char tmp[READ_SIZE];
          if (CONFIG_NOEFFECT)
            free(CONFIG_NOEFFECT);
          snprintf(tmp, sizeof(tmp), ""%s\r\n"", line);
          CONFIG_NOEFFECT = strdup(tmp);
        }
        break;"
"src\db.c","4436","load_config","'o'","","ok | %s","DESTRUCTIVE_REVIEW","delete/purge/extract/remove/free operation","      case 'o':
        if (!str_cmp(tag, ""ok"")) {
          char tmp[READ_SIZE];
          if (CONFIG_OK)
            free(CONFIG_OK);
          snprintf(tmp, sizeof(tmp), ""%s\r\n"", line);
          CONFIG_OK = strdup(tmp);
        }
        break;"
"src\db.c","4446","load_config","'p'","","pk_allowed | protocol_negotiation | pt_allowed","READ_OR_UNKNOWN","","      case 'p':
        if (!str_cmp(tag, ""pk_allowed""))
          CONFIG_PK_ALLOWED = num;
        else if (!str_cmp(tag, ""protocol_negotiation""))
          CONFIG_PROTOCOL_NEGOTIATION = num;
        else if (!str_cmp(tag, ""pt_allowed""))
          CONFIG_PT_ALLOWED = num;
        break;"
"src\db.c","4455","load_config","'r'","","rent_file_timeout","READ_OR_UNKNOWN","","      case 'r':
        if (!str_cmp(tag, ""rent_file_timeout""))
          CONFIG_RENT_TIMEOUT = num;
        break;"
"src\db.c","4460","load_config","'s'","","siteok_everyone | script_players | special_in_comm | start_messg | Reading start message in load_config()","DESTRUCTIVE_REVIEW","delete/purge/extract/remove/free operation","      case 's':
        if (!str_cmp(tag, ""siteok_everyone""))
          CONFIG_SITEOK_ALL = num;
        else if (!str_cmp(tag, ""script_players""))
          CONFIG_SCRIPT_PLAYERS = num;
        else if (!str_cmp(tag, ""special_in_comm""))
          CONFIG_SPECIAL_IN_COMM = num;
        else if (!str_cmp(tag, ""start_messg"")) {
          strncpy(buf, ""Reading start message in load_config()"", sizeof(buf));
          if (CONFIG_START_MESSG)
            free(CONFIG_START_MESSG);
          CONFIG_START_MESSG = fread_string(fl, buf);
          parse_at(CONFIG_START_MESSG);
        }
        break;"
"src\db.c","4476","load_config","'t'","","tunnel_size | track_through_doors","READ_OR_UNKNOWN","","      case 't':
        if (!str_cmp(tag, ""tunnel_size""))
          CONFIG_TUNNEL_SIZE = num;
        else if (!str_cmp(tag, ""track_through_doors""))
          CONFIG_TRACK_T_DOORS = num;
        break;"
"src\db.c","4483","load_config","'u'","","use_autowiz | use_new_socials","READ_OR_UNKNOWN","","      case 'u':
        if (!str_cmp(tag, ""use_autowiz""))
          CONFIG_USE_AUTOWIZ = num;
        else if (!str_cmp(tag, ""use_new_socials""))
          CONFIG_NEW_SOCIALS = num;
        break;"
"src\db.c","4490","load_config","'w'","","welc_messg | Reading welcome message in load_config()","DESTRUCTIVE_REVIEW","delete/purge/extract/remove/free operation","      case 'w':
        if (!str_cmp(tag, ""welc_messg"")) {
          strncpy(buf, ""Reading welcome message in load_config()"", sizeof(buf));
          if (CONFIG_WELC_MESSG)
            free(CONFIG_WELC_MESSG);
          CONFIG_WELC_MESSG = fread_string(fl, buf);
        }
        break;"
"src\db.c","4499","load_config","default","","","READ_OR_UNKNOWN","","      default:
        break;"
"src\dg_olc.c","264","trigedit_disp_types","WLD_TRIGGER","","","READ_OR_UNKNOWN","","    case WLD_TRIGGER:
      types = wtrig_types;
      break;"
"src\dg_olc.c","267","trigedit_disp_types","OBJ_TRIGGER","","","READ_OR_UNKNOWN","","    case OBJ_TRIGGER:
      types = otrig_types;
      break;"
"src\dg_olc.c","270","trigedit_disp_types","MOB_TRIGGER","","","READ_OR_UNKNOWN","","    case MOB_TRIGGER:"
"src\dg_olc.c","271","trigedit_disp_types","default","","","READ_OR_UNKNOWN","","    default:
      types = trig_types;
      break;"
"src\dg_olc.c","523","trigedit_parse","TRIGEDIT_MAIN_MENU","","","READ_OR_UNKNOWN","","    case TRIGEDIT_MAIN_MENU:
     switch (tolower(*arg)) {"
"src\dg_olc.c","525","trigedit_parse","'q'","TRIGEDIT_CONFIRM_SAVESTRING","Invalid Trigger Type! Answer a to abort quit! | Do you wish to save your changes? :","MUTATING_REVIEW","OLC/object/flag mutation","       case 'q':
         if (OLC_VAL(d)) { /* Anything been changed? */
           if (!GET_TRIG_TYPE(OLC_TRIG(d))) {
             write_to_output(d, ""Invalid Trigger Type! Answer a to abort quit!\r\n"");
           }
           write_to_output(d, ""Do you wish to save your changes? : "");
           OLC_MODE(d) = TRIGEDIT_CONFIRM_SAVESTRING;
         } else
           cleanup_olc(d, CLEANUP_ALL);
         return;"
"src\dg_olc.c","535","trigedit_parse","'1'","TRIGEDIT_NAME","Name:","MUTATING_REVIEW","OLC/object/flag mutation","       case '1':
         OLC_MODE(d) = TRIGEDIT_NAME;
         write_to_output(d, ""Name: "");
         break;"
"src\dg_olc.c","539","trigedit_parse","'2'","TRIGEDIT_INTENDED","0: Mobiles, 1: Objects, 2: Rooms:","MUTATING_REVIEW","OLC/object/flag mutation","       case '2':
         OLC_MODE(d) = TRIGEDIT_INTENDED;
         write_to_output(d, ""0: Mobiles, 1: Objects, 2: Rooms: "");
         break;"
"src\dg_olc.c","543","trigedit_parse","'3'","TRIGEDIT_TYPES","","MUTATING_REVIEW","OLC/object/flag mutation","       case '3':
         OLC_MODE(d) = TRIGEDIT_TYPES;
         trigedit_disp_types(d);
         break;"
"src\dg_olc.c","547","trigedit_parse","'4'","TRIGEDIT_NARG","Numeric argument:","MUTATING_REVIEW","OLC/object/flag mutation","       case '4':
         OLC_MODE(d) = TRIGEDIT_NARG;
         write_to_output(d, ""Numeric argument: "");
         break;"
"src\dg_olc.c","551","trigedit_parse","'5'","TRIGEDIT_ARGUMENT","Argument:","MUTATING_REVIEW","OLC/object/flag mutation","       case '5':
         OLC_MODE(d) = TRIGEDIT_ARGUMENT;
         write_to_output(d, ""Argument: "");
         break;"
"src\dg_olc.c","555","trigedit_parse","'6'","TRIGEDIT_COMMANDS","Enter trigger commands: (/s saves /h for help)","MUTATING_REVIEW","OLC/object/flag mutation","       case '6':
         OLC_MODE(d) = TRIGEDIT_COMMANDS;
         write_to_output(d, ""Enter trigger commands: (/s saves /h for help)\r\n\r\n"");
         d->backstr = NULL;
         if (OLC_STORAGE(d)) {
           clear_screen(d);
           script_syntax_highlighting(d, OLC_STORAGE(d));
           d->backstr = strdup(OLC_STORAGE(d));
         }
         d->str = &OLC_STORAGE(d);
         d->max_str = MAX_CMD_LENGTH;
         d->mail_to = 0;
         OLC_VAL(d) = 1;

         break;"
"src\dg_olc.c","570","trigedit_parse","'h'","","","READ_OR_UNKNOWN","","       case 'h':
         trigedit_disp_help(d);
         return;"
"src\dg_olc.c","573","trigedit_parse","'y'","TRIGEDIT_REFERENCES","Trigger","MUTATING_REVIEW","OLC/object/flag mutation","       case 'y':
         builder_refs_display(d, BREF_TRIGGER, OLC_NUM(d), ""Trigger"");
         OLC_MODE(d) = TRIGEDIT_REFERENCES;
         return;"
"src\dg_olc.c","577","trigedit_parse","'w'","","","READ_OR_UNKNOWN","","       case 'w':"
"src\dg_olc.c","578","trigedit_parse","'W'","TRIGEDIT_COPY","Copy what trigger?","MUTATING_REVIEW","OLC/object/flag mutation","       case 'W':
         write_to_output(d, ""Copy what trigger? "");
         OLC_MODE(d) = TRIGEDIT_COPY;
         break;"
"src\dg_olc.c","582","trigedit_parse","default","","","READ_OR_UNKNOWN","","       default:
         trigedit_disp_menu(d);
         return;"
"src\dg_olc.c","588","trigedit_parse","TRIGEDIT_REFERENCES","","","READ_OR_UNKNOWN","","    case TRIGEDIT_REFERENCES:"
"src\dg_olc.c","589","trigedit_parse","TRIGEDIT_HELP","","","READ_OR_UNKNOWN","","    case TRIGEDIT_HELP:
      trigedit_disp_menu(d);
      return;"
"src\dg_olc.c","593","trigedit_parse","TRIGEDIT_CONFIRM_SAVESTRING","","","READ_OR_UNKNOWN","","    case TRIGEDIT_CONFIRM_SAVESTRING:
      switch(tolower(*arg)) {"
"src\dg_olc.c","595","trigedit_parse","'y'","","OLC: %s edits trigger %d","READ_OR_UNKNOWN","","        case 'y':
          trigedit_save(d);
          mudlog(CMP, MAX(LVL_BUILDER, GET_INVIS_LEV(d->character)), TRUE,
                 ""OLC: %s edits trigger %d"", GET_NAME(d->character),
                 OLC_NUM(d));
          /* fall through */"
"src\dg_olc.c","601","trigedit_parse","'n'","","","READ_OR_UNKNOWN","","        case 'n':
          cleanup_olc(d, CLEANUP_ALL);
          return;"
"src\dg_olc.c","604","trigedit_parse","'a'","","","READ_OR_UNKNOWN","","        case 'a': /* abort quitting */
          break;"
"src\dg_olc.c","606","trigedit_parse","default","","Invalid choice! | Do you wish to save your changes? :","READ_OR_UNKNOWN","","        default:
          write_to_output(d, ""Invalid choice!\r\n"");
          write_to_output(d, ""Do you wish to save your changes? : "");
          return;"
"src\dg_olc.c","613","trigedit_parse","TRIGEDIT_NAME","","undefined","DESTRUCTIVE_REVIEW","delete/purge/extract/remove/free operation | OLC/object/flag mutation","    case TRIGEDIT_NAME:
      smash_tilde(arg);
      if (OLC_TRIG(d)->name)
        free(OLC_TRIG(d)->name);
      OLC_TRIG(d)->name = strdup((arg && *arg) ? arg : ""undefined"");
      OLC_VAL(d)++;
      break;"
"src\dg_olc.c","621","trigedit_parse","TRIGEDIT_INTENDED","","Invalid attach type. Enter 0, 1, or 2:","READ_OR_UNKNOWN","","    case TRIGEDIT_INTENDED:
      {
        char *end = NULL;
        long intended = strtol(arg, &end, 10);
        while (end && *end && isspace((unsigned char)*end)) end++;
        if (!arg || !*arg || !end || *end || intended < MOB_TRIGGER || intended > WLD_TRIGGER) {
          write_to_output(d, ""Invalid attach type. Enter 0, 1, or 2: "");
          return;"
"src\dg_olc.c","639","trigedit_parse","TRIGEDIT_NARG","","Numeric argument must be a whole number from 0 to %d:","READ_OR_UNKNOWN","","    case TRIGEDIT_NARG:
      {
        char *end = NULL;
        long value = strtol(arg, &end, 10);
        while (end && *end && isspace((unsigned char)*end)) end++;
        if (!arg || !*arg || !end || *end || value < 0 || value > INT_MAX) {
          write_to_output(d, ""Numeric argument must be a whole number from 0 to %d: "", INT_MAX);
          return;"
"src\dg_olc.c","653","trigedit_parse","TRIGEDIT_ARGUMENT","","","MUTATING_REVIEW","OLC/object/flag mutation","    case TRIGEDIT_ARGUMENT:
      smash_tilde(arg);
      OLC_TRIG(d)->arglist = (*arg?strdup(arg):NULL);
      OLC_VAL(d)++;
      break;"
"src\dg_olc.c","659","trigedit_parse","TRIGEDIT_TYPES","","","READ_OR_UNKNOWN","","    case TRIGEDIT_TYPES:
      if ((i = atoi(arg)) == 0)
        break;"
"src\dg_olc.c","676","trigedit_parse","TRIGEDIT_COPY","","That trigger does not exist.","READ_OR_UNKNOWN","","    case TRIGEDIT_COPY:
      if ((i = real_trigger(atoi(arg))) != NOWHERE) {
        trigedit_setup_existing(d, i);
      } else
        write_to_output(d, ""That trigger does not exist.\r\n"");
      break;"
"src\dg_olc.c","683","trigedit_parse","TRIGEDIT_COMMANDS","","","READ_OR_UNKNOWN","","    case TRIGEDIT_COMMANDS:
      break;"
"src\dg_olc.c","1170","dg_script_edit_parse","SCRIPT_MAIN_MENU","","","READ_OR_UNKNOWN","","    case SCRIPT_MAIN_MENU:
      if (isdigit((unsigned char)*arg)) {
        char *end = NULL;
        long selection = strtol(arg, &end, 10);
        while (end && *end && isspace((unsigned char)*end))
          end++;
        pos = end && *end == '\0' && selection <= INT_MAX ? (int)selection : 0;
        currtrig = OLC_SCRIPT(d);
        while (currtrig && --pos > 0) currtrig = currtrig->next;
        if (currtrig && pos == 0) {
          OLC(d)->script_selected = (int)selection;
          dg_trigger_action_menu(d);
          return 1;"
"src\dg_olc.c","1186","dg_script_edit_parse","'q'","","","READ_OR_UNKNOWN","","        case 'q': /* Additive alias retained for builders used to newer menus. */"
"src\dg_olc.c","1187","dg_script_edit_parse","'x'","","","DESTRUCTIVE_REVIEW","delete/purge/extract/remove/free operation | OLC/object/flag mutation","        case 'x':
          /* This was buggy. First we created a copy of a thing, but maintained
	   * pointers to scripts, then if we altered the scripts, we freed the 
	   * pointers and added new ones to the OLC_THING. If we then choose NOT
	   * to save the changes, the pointers in the original pointed to 
	   * garbage. If we saved changes the pointers were updated correctly.
	   * Solution: Here we just point the working copies to the new 
	   * proto_scripts. We only update the original when choosing to save 
	   * internally, then free the unused memory there. -Welcor
	   * Thanks to Jeremy Stanley and Torgny Bjers for the bug report.
	   * After updating to OasisOLC 2.0.3 I discovered some malfunctions
	   * in this code, so I restructured it a bit. Now things work like 
	   * this: OLC_SCRIPT(d) is assigned a copy of the edited things' 
	   * proto_script. OLC_OBJ(d), etc.. are initalized with proto_script =
	   * NULL; On save, the saved copy is updated with OLC_SCRIPT(d) as new
	   * proto_script (freeing the old one). On quit/nosave, OLC_SCRIPT is 
	   * free()'d, and the prototype not touched. */
          return 0;"
"src\dg_olc.c","1205","dg_script_edit_parse","'n'","","Please enter position, vnum   (ex: 1, 200): | Current attached triggers: %d | Valid insertion slots: 1 through %d\r\nUse slot %d to append. | Duplicate attachments are allowed by the legacy DG policy. | Enter slot, VNUM or Q to cancel:","MUTATING_REVIEW","OLC/object/flag mutation","        case 'n':
          for (count = 0, trig = OLC_SCRIPT(d); trig; trig = trig->next) count++;
          write_to_output(d, ""\r\nPlease enter position, vnum   (ex: 1, 200):\r\n""
              ""Current attached triggers: %d\r\n""
              ""Valid insertion slots: 1 through %d\r\nUse slot %d to append.\r\n""
              ""Duplicate attachments are allowed by the legacy DG policy.\r\n\r\n""
              ""Enter slot, VNUM or Q to cancel: "", count, count + 1, count + 1);
          OLC_SCRIPT_EDIT_MODE(d) = SCRIPT_NEW_TRIGGER;
          break;"
"src\dg_olc.c","1214","dg_script_edit_parse","'d'","","There are no trigger attachments to delete.","READ_OR_UNKNOWN","","        case 'd':
          for (count = 0, trig = OLC_SCRIPT(d); trig; trig = trig->next) count++;
          if (!count) {
            write_to_output(d, ""There are no trigger attachments to delete.\r\n"");
            dg_script_menu(d);
            break;"
"src\dg_olc.c","1225","dg_script_edit_parse","'i'","","Inspect which attachment position (or Q to cancel)?","MUTATING_REVIEW","OLC/object/flag mutation","        case 'i':
          write_to_output(d, ""Inspect which attachment position (or Q to cancel)? "");
          OLC_SCRIPT_EDIT_MODE(d) = SCRIPT_INSPECT_SELECT;
          break;"
"src\dg_olc.c","1229","dg_script_edit_parse","'e'","","Trigger prototypes are edited separately. | Select an attachment to learn its VNUM, save or discard this parent, then enter: | trigedit <vnum>\r\n\r\nQ) Return to Script Editor:","MUTATING_REVIEW","OLC/object/flag mutation","        case 'e':
          write_to_output(d, ""\r\nTrigger prototypes are edited separately.\r\n""
              ""Select an attachment to learn its VNUM, save or discard this parent, then enter:\r\n""
              ""  trigedit <vnum>\r\n\r\nQ) Return to Script Editor: "");
          OLC_SCRIPT_EDIT_MODE(d) = SCRIPT_INFO_RETURN;
          break;"
"src\dg_olc.c","1235","dg_script_edit_parse","'r'","","References are available through the separate builder reference tools. | No potentially expensive world scan is run from this menu. | Q) Return to Script Editor:","MUTATING_REVIEW","OLC/object/flag mutation","        case 'r':
          write_to_output(d, ""\r\nReferences are available through the separate builder reference tools.\r\n""
              ""No potentially expensive world scan is run from this menu.\r\n\r\n""
              ""Q) Return to Script Editor: "");
          OLC_SCRIPT_EDIT_MODE(d) = SCRIPT_INFO_RETURN;
          break;"
"src\dg_olc.c","1241","dg_script_edit_parse","'h'","","Script attachment help\r\n---------------------- | N attaches an existing Mobile/Object/Room trigger to the matching parent. | Enter position, vnum (for example: 1, 200); attachment order is preserved. | D removes one attachment by its numbered position; it does not delete the trigger. | X returns to the parent editor. Attachments become permanent only when it is saved. | Attaching a trigger does not edit its prototype. MEDIT accepts only Mobile triggers. | Q) Return to Script Editor:","MUTATING_REVIEW","OLC/object/flag mutation","        case 'h':
          write_to_output(d, ""\r\nScript attachment help\r\n----------------------\r\n""
              ""N attaches an existing Mobile/Object/Room trigger to the matching parent.\r\n""
              ""Enter position, vnum (for example: 1, 200); attachment order is preserved.\r\n""
              ""D removes one attachment by its numbered position; it does not delete the trigger.\r\n""
              ""X returns to the parent editor. Attachments become permanent only when it is saved.\r\n""
              ""Attaching a trigger does not edit its prototype. MEDIT accepts only Mobile triggers.\r\n\r\n"");
          write_to_output(d, ""Q) Return to Script Editor: "");
          OLC_SCRIPT_EDIT_MODE(d) = SCRIPT_INFO_RETURN;
          break;"
"src\dg_olc.c","1251","dg_script_edit_parse","default","","","READ_OR_UNKNOWN","","        default:
          dg_script_menu(d);
          break;"
"src\dg_olc.c","1257","dg_script_edit_parse","SCRIPT_INFO_RETURN","","","READ_OR_UNKNOWN","","    case SCRIPT_INFO_RETURN:
      if (tolower((unsigned char)*arg) == 'q')
        break;"
"src\dg_olc.c","1263","dg_script_edit_parse","SCRIPT_INSPECT_SELECT","","","READ_OR_UNKNOWN","","    case SCRIPT_INSPECT_SELECT:
      if (tolower((unsigned char)*arg) == 'q')
        break;"
"src\dg_olc.c","1275","dg_script_edit_parse","SCRIPT_INSPECT_TRIGGER","","Enter Q to return to the selected trigger:","READ_OR_UNKNOWN","","    case SCRIPT_INSPECT_TRIGGER:
      /* Inspection is read-only: never touch OLC_VAL here. */
      if (tolower((unsigned char)*arg) == 'q')
        dg_trigger_action_menu(d);
      else
        write_to_output(d, ""Enter Q to return to the selected trigger: "");
      return 1;"
"src\dg_olc.c","1283","dg_script_edit_parse","SCRIPT_TRIGGER_ACTION","","","READ_OR_UNKNOWN","","    case SCRIPT_TRIGGER_ACTION:
      switch (tolower((unsigned char)*arg)) {"
"src\dg_olc.c","1285","dg_script_edit_parse","'1'","","","READ_OR_UNKNOWN","","        case '1':
          dg_trigger_inspect(d);
          break;"
"src\dg_olc.c","1288","dg_script_edit_parse","'2'","","That trigger prototype no longer exists. | Edit Trigger Prototype\r\n---------------------- | Trigger %d is edited by the authoritative trigger editor. | Nested Oasis OLC is not safe because all editors share one descriptor OLC structure. | Return to and save or discard this parent editor, then enter:\r\n  trigedit %d | The trigedit command will enforce builder level, zone ownership, descriptor state, | and concurrent-editor checks. No parent attachment has been changed. | Q) Return to selected trigger\r\nChoice:","MUTATING_REVIEW","OLC/object/flag mutation","        case '2':
          currtrig = dg_attachment_at(d, OLC(d)->script_selected);
          if (!currtrig || real_trigger(currtrig->vnum) == NOTHING) {
            write_to_output(d, ""That trigger prototype no longer exists.\r\n"");
          } else {
            write_to_output(d, ""\r\nEdit Trigger Prototype\r\n----------------------\r\n\r\n""
                ""Trigger %d is edited by the authoritative trigger editor.\r\n\r\n""
                ""Nested Oasis OLC is not safe because all editors share one descriptor OLC structure.\r\n""
                ""Return to and save or discard this parent editor, then enter:\r\n  trigedit %d\r\n\r\n""
                ""The trigedit command will enforce builder level, zone ownership, descriptor state,\r\n""
                ""and concurrent-editor checks. No parent attachment has been changed.\r\n\r\n""
                ""Q) Return to selected trigger\r\nChoice: "", currtrig->vnum, currtrig->vnum);
            OLC_SCRIPT_EDIT_MODE(d) = SCRIPT_INSPECT_TRIGGER;
            return 1;"
"src\dg_olc.c","1305","dg_script_edit_parse","'3'","","","READ_OR_UNKNOWN","","        case '3':
          currtrig = dg_attachment_at(d, OLC(d)->script_selected);
          if (!currtrig) {
            dg_script_menu(d);
            break;"
"src\dg_olc.c","1322","dg_script_edit_parse","'q'","","","READ_OR_UNKNOWN","","        case 'q':
          dg_script_menu(d);
          break;"
"src\dg_olc.c","1325","dg_script_edit_parse","default","","","READ_OR_UNKNOWN","","        default:
          dg_trigger_action_menu(d);
      }
      return 1;"
"src\dg_olc.c","1330","dg_script_edit_parse","SCRIPT_NEW_TRIGGER","","Insertion slot %d is invalid. Valid slots are 1 through %d. | Enter slot, VNUM or Q to cancel:","READ_OR_UNKNOWN","","    case SCRIPT_NEW_TRIGGER:
      {
        char *cursor = arg, *end;
        long parsed_pos, parsed_vnum;
        while (isspace((unsigned char)*cursor)) cursor++;
        if (tolower((unsigned char)*cursor) == 'q' && cursor[1] == '\0') break;
        parsed_pos = strtol(cursor, &end, 10);
        if (end == cursor) goto incomplete_attach;
        cursor = end;
        while (isspace((unsigned char)*cursor)) cursor++;
        if (*cursor == ',') {
          cursor++;
          while (isspace((unsigned char)*cursor)) cursor++;
        } else if (cursor == end || !isspace((unsigned char)end[-1])) {
          goto incomplete_attach;
        }
        parsed_vnum = strtol(cursor, &end, 10);
        if (end == cursor) goto incomplete_attach;
        while (isspace((unsigned char)*end)) end++;
        if (*end || parsed_pos > INT_MAX || parsed_vnum > INT_MAX ||
            parsed_pos < INT_MIN || parsed_vnum < INT_MIN) goto incomplete_attach;
        pos = (int)parsed_pos;
        vnum = (int)parsed_vnum;
      }

      for (count = 0, trig = OLC_SCRIPT(d); trig; trig = trig->next) count++;
      if (pos < 1 || pos > count + 1) {
        write_to_output(d, ""Insertion slot %d is invalid. Valid slots are 1 through %d.\r\n""
                           ""Enter slot, VNUM or Q to cancel: "", pos, count + 1);
        return 1;"
"src\dg_olc.c","1402","dg_script_edit_parse","SCRIPT_DEL_TRIGGER","","That attachment slot does not exist. Enter another slot, or 0/Q to cancel:","READ_OR_UNKNOWN","","    case SCRIPT_DEL_TRIGGER:
      if (tolower((unsigned char)*arg) == 'q') break;
      pos = atoi(arg);
      if (pos<=0) break;
      if (!dg_attachment_at(d, pos)) {
        write_to_output(d, ""That attachment slot does not exist. Enter another slot, or 0/Q to cancel: "");
        return 1;"
"src\dg_olc.c","1415","dg_script_edit_parse","SCRIPT_DETACH_CONFIRM","","","DESTRUCTIVE_REVIEW","delete/purge/extract/remove/free operation | OLC/object/flag mutation","    case SCRIPT_DETACH_CONFIRM:
      if (tolower((unsigned char)*arg) == 'y') {
        pos = OLC(d)->script_selected;
        if (pos == 1) {
          trig = OLC_SCRIPT(d);
          if (trig) OLC_SCRIPT(d) = trig->next;
        } else {
          currtrig = OLC_SCRIPT(d);
          while (currtrig && --pos > 1) currtrig = currtrig->next;
          trig = currtrig ? currtrig->next : NULL;
          if (trig) currtrig->next = trig->next;
        }
        if (trig) {
          free(trig);
          OLC_VAL(d)++;
        }
        break;"
"src\dg_olc.c","1448","trigedit_string_cleanup","TRIGEDIT_COMMANDS","","","READ_OR_UNKNOWN","","    case TRIGEDIT_COMMANDS:
      trigedit_disp_menu(d);
      break;"
"src\dg_scripts.c","264","can_wear_on_pos","WEAR_HOLD","","","READ_OR_UNKNOWN","","    case WEAR_HOLD:
    case WEAR_LIGHT:    return CAN_WEAR(obj, ITEM_WEAR_HOLD);
    case WEAR_WIELD:    return CAN_WEAR(obj, ITEM_WEAR_WIELD);"
"src\dg_scripts.c","267","can_wear_on_pos","WEAR_FINGER_R","","","READ_OR_UNKNOWN","","    case WEAR_FINGER_R:
    case WEAR_FINGER_L: return CAN_WEAR(obj, ITEM_WEAR_FINGER);"
"src\dg_scripts.c","269","can_wear_on_pos","WEAR_NECK_1","","","READ_OR_UNKNOWN","","    case WEAR_NECK_1:
    case WEAR_NECK_2:   return CAN_WEAR(obj, ITEM_WEAR_NECK);
    case WEAR_BODY:     return CAN_WEAR(obj, ITEM_WEAR_BODY);
    case WEAR_HEAD:     return CAN_WEAR(obj, ITEM_WEAR_HEAD);
    case WEAR_LEGS:     return CAN_WEAR(obj, ITEM_WEAR_LEGS);
    case WEAR_FEET:     return CAN_WEAR(obj, ITEM_WEAR_FEET);
    case WEAR_HANDS:    return CAN_WEAR(obj, ITEM_WEAR_HANDS);
    case WEAR_ARMS:     return CAN_WEAR(obj, ITEM_WEAR_ARMS);
    case WEAR_SHIELD:   return CAN_WEAR(obj, ITEM_WEAR_SHIELD);
    case WEAR_ABOUT:    return CAN_WEAR(obj, ITEM_WEAR_ABOUT);
    case WEAR_WAIST:    return CAN_WEAR(obj, ITEM_WEAR_WAIST);"
"src\dg_scripts.c","280","can_wear_on_pos","WEAR_WRIST_R","","","READ_OR_UNKNOWN","","    case WEAR_WRIST_R:
    case WEAR_WRIST_L:  return CAN_WEAR(obj, ITEM_WEAR_WRIST);"
"src\dg_scripts.c","282","can_wear_on_pos","default","","","READ_OR_UNKNOWN","","    default: return FALSE;
  }
}

/** Search for an NPC or PC by number routines.
 * @param n The unique ID (PC or NPC) to look for.
 * @retval char_data * Pointer to the character structure if it exists, or NULL
 * if it cannot be found.
 */
struct char_data *find_char(long n)
{
  if (n>=ROOM_ID_BASE) /* See note in dg_scripts.h */
    return NULL;"
"src\dg_scripts.c","2009","process_set","WLD_TRIGGER","","","READ_OR_UNKNOWN","","        case WLD_TRIGGER:
          c = get_char_in_room((struct room_data *)go, name);
          break;"
"src\dg_scripts.c","2012","process_set","OBJ_TRIGGER","","","READ_OR_UNKNOWN","","        case OBJ_TRIGGER:
          c = get_char_near_obj((struct obj_data *)go, name);
          break;"
"src\dg_scripts.c","2015","process_set","MOB_TRIGGER","","","READ_OR_UNKNOWN","","        case MOB_TRIGGER:
          c = get_char_room_vis((struct char_data *)go, name, NULL);
          break;"
"src\dg_scripts.c","2024","process_set","WLD_TRIGGER","","","READ_OR_UNKNOWN","","        case WLD_TRIGGER:
          o = get_obj_in_room((struct room_data *)go, name);
          break;"
"src\dg_scripts.c","2027","process_set","OBJ_TRIGGER","","","READ_OR_UNKNOWN","","        case OBJ_TRIGGER:
          o = get_obj_near_obj((struct obj_data *)go, name);
          break;"
"src\dg_scripts.c","2030","process_set","MOB_TRIGGER","","","READ_OR_UNKNOWN","","        case MOB_TRIGGER:
          if ((o = get_obj_in_list_vis((struct char_data *)go, name, NULL,
                    ((struct char_data *)go)->carrying)) == NULL)
            o = get_obj_in_list_vis((struct char_data *)go, name, NULL,
                    world[IN_ROOM((struct char_data *)go)].contents);
          break;"
"src\dg_scripts.c","2042","process_set","WLD_TRIGGER","","","READ_OR_UNKNOWN","","        case WLD_TRIGGER:
          r = real_room(((struct room_data *) go)->number);
          break;"
"src\dg_scripts.c","2045","process_set","OBJ_TRIGGER","","","READ_OR_UNKNOWN","","        case OBJ_TRIGGER:
          r = obj_room((struct obj_data *)go);
          break;"
"src\dg_scripts.c","2048","process_set","MOB_TRIGGER","","","READ_OR_UNKNOWN","","        case MOB_TRIGGER:
          r = IN_ROOM((struct char_data *)go);
          break;"
"src\dg_scripts.c","2497","script_driver","MOB_TRIGGER","","","READ_OR_UNKNOWN","","    case MOB_TRIGGER:
      go = *(char_data **)go_adress;
      sc = SCRIPT((char_data *) go);
      break;"
"src\dg_scripts.c","2501","script_driver","OBJ_TRIGGER","","","READ_OR_UNKNOWN","","    case OBJ_TRIGGER:
      go = *(obj_data **)go_adress;
      sc = SCRIPT((obj_data *) go);
      break;"
"src\dg_scripts.c","2505","script_driver","WLD_TRIGGER","","","READ_OR_UNKNOWN","","    case WLD_TRIGGER:
      go = *(room_data **)go_adress;
      sc = SCRIPT((room_data *) go);
      break;"
"src\dg_scripts.c","2514","script_driver","MOB_TRIGGER","","It was attached to %s [%d]","READ_OR_UNKNOWN","","      case MOB_TRIGGER:
        script_log(""It was attached to %s [%d]"",
           GET_NAME((char_data *) go), GET_MOB_VNUM((char_data *) go));
        break;"
"src\dg_scripts.c","2518","script_driver","OBJ_TRIGGER","","It was attached to %s [%d]","READ_OR_UNKNOWN","","      case OBJ_TRIGGER:
        script_log(""It was attached to %s [%d]"",
           ((obj_data *) go)->short_description, GET_OBJ_VNUM((obj_data *) go));
        break;"
"src\dg_scripts.c","2522","script_driver","WLD_TRIGGER","","It was attached to %s [%d]","READ_OR_UNKNOWN","","      case WLD_TRIGGER:
        script_log(""It was attached to %s [%d]"",
           ((room_data *) go)->name, ((room_data *) go)->number);
        break;"
"src\dg_scripts.c","2696","script_driver","MOB_TRIGGER","","","READ_OR_UNKNOWN","","          case MOB_TRIGGER:
            if (!script_command_interpreter((char_data *) go, cmd))
            command_interpreter((char_data *) go, cmd);
            break;"
"src\dg_scripts.c","2700","script_driver","OBJ_TRIGGER","","","READ_OR_UNKNOWN","","          case OBJ_TRIGGER:
            obj_command_interpreter((obj_data *) go, cmd);
            break;"
"src\dg_scripts.c","2703","script_driver","WLD_TRIGGER","","","READ_OR_UNKNOWN","","          case WLD_TRIGGER:
            wld_command_interpreter((struct room_data *) go, cmd);
            break;"
"src\dg_triggers.c","977","consume_otrigger","OCMD_EAT","","command | eat","READ_OR_UNKNOWN","","              case OCMD_EAT:
                add_var(&GET_TRIG_VARS(t), ""command"", ""eat"", 0);
                break;"
"src\dg_triggers.c","980","consume_otrigger","OCMD_DRINK","","command | drink","READ_OR_UNKNOWN","","              case OCMD_DRINK:
                add_var(&GET_TRIG_VARS(t), ""command"", ""drink"", 0);
                break;"
"src\dg_triggers.c","983","consume_otrigger","OCMD_QUAFF","","command | quaff","READ_OR_UNKNOWN","","        case OCMD_QUAFF:
          add_var(&GET_TRIG_VARS(t), ""command"", ""quaff"", 0);
          break;"
"src\dg_variables.c","302","handle_oset","MOB_TRIGGER","","%c%ld","READ_OR_UNKNOWN","","        case MOB_TRIGGER:
          snprintf(str, slen, ""%c%ld"", UID_CHAR, char_script_id((char_data *) go));
          break;"
"src\dg_variables.c","305","handle_oset","OBJ_TRIGGER","","%c%ld","READ_OR_UNKNOWN","","        case OBJ_TRIGGER:
          snprintf(str, slen, ""%c%ld"", UID_CHAR, obj_script_id((obj_data *) go));
          break;"
"src\dg_variables.c","308","handle_oset","WLD_TRIGGER","","%c%ld","READ_OR_UNKNOWN","","        case WLD_TRIGGER:
          snprintf(str, slen, ""%c%ld"", UID_CHAR, room_script_id((room_data *)go));
          break;"
"src\dg_variables.c","364","handle_oset","MOB_TRIGGER","","","READ_OR_UNKNOWN","","      case MOB_TRIGGER:
        ch = (char_data *) go;

        if ((o = get_object_in_equip(ch, name)));
        else if ((o = get_obj_in_list(name, ch->carrying)));
        else if (IN_ROOM(ch) != NOWHERE && (c = get_char_in_room(&world[IN_ROOM(ch)], name)));
        else if ((o = get_obj_in_list(name,world[IN_ROOM(ch)].contents)));
        else if ((c = get_char(name)));
        else if ((o = get_obj(name)));
        else if ((r = get_room(name))) {}

        break;"
"src\dg_variables.c","376","handle_oset","OBJ_TRIGGER","","","READ_OR_UNKNOWN","","      case OBJ_TRIGGER:
        obj = (obj_data *) go;

        if ((c = get_char_by_obj(obj, name)));
        else if ((o = get_obj_by_obj(obj, name)));
        else if ((r = get_room(name))) {}

        break;"
"src\dg_variables.c","384","handle_oset","WLD_TRIGGER","","","READ_OR_UNKNOWN","","      case WLD_TRIGGER:
        room = (struct room_data *) go;

        if ((c = get_char_by_room(room, name)));
        else if ((o = get_obj_by_room(room, name)));
        else if ((r = get_room(name))) {}

        break;"
"src\dg_variables.c","398","handle_oset","MOB_TRIGGER","","","READ_OR_UNKNOWN","","        case MOB_TRIGGER:
          c = (char_data *) go;
          r = NULL;
          o = NULL;  /* NULL assignments added to avoid self to always be    */
          break;     /* the room.  - Welcor        */"
"src\dg_variables.c","403","handle_oset","OBJ_TRIGGER","","","READ_OR_UNKNOWN","","        case OBJ_TRIGGER:
          o = (obj_data *) go;
          c = NULL;
          r = NULL;
          break;"
"src\dg_variables.c","408","handle_oset","WLD_TRIGGER","","","READ_OR_UNKNOWN","","        case WLD_TRIGGER:
          r = (struct room_data *) go;
          c = NULL;
          o = NULL;
          break;"
"src\dg_variables.c","552","handle_oset","WLD_TRIGGER","","","READ_OR_UNKNOWN","","            case WLD_TRIGGER:
              in_room = real_room(((struct room_data *) go)->number);
              break;"
"src\dg_variables.c","555","handle_oset","OBJ_TRIGGER","","","READ_OR_UNKNOWN","","            case OBJ_TRIGGER:
              in_room = obj_room((struct obj_data *) go);
              break;"
"src\dg_variables.c","558","handle_oset","MOB_TRIGGER","","","READ_OR_UNKNOWN","","            case MOB_TRIGGER:
              in_room = IN_ROOM((struct char_data *)go);
              break;"
"src\dg_variables.c","601","handle_oset","'a'","","affect | 1 | 0 | alias | %s | align | %d | armor","READ_OR_UNKNOWN","","        case 'a':
          if (!str_cmp(field, ""affect"")) {
            if (subfield && *subfield) {
              int spell = find_skill_num(subfield);
              if (affected_by_spell(c, spell))
                strcpy(str, ""1"");
              else
                strcpy(str, ""0"");
            } else
              strcpy(str, ""0"");
          }
          else if (!str_cmp(field, ""alias""))
            snprintf(str, slen, ""%s"", GET_PC_NAME(c));

          else if (!str_cmp(field, ""align"")) {
            if (subfield && *subfield) {
              int addition = atoi(subfield);
             GET_ALIGNMENT(c) = MAX(-1000, MIN(addition, 1000));
            }
	    snprintf(str, slen, ""%d"", GET_ALIGNMENT(c));
          }
          else if (!str_cmp(field, ""armor""))
            snprintf(str, slen, ""%d"", compute_armor_class(c));
          break;"
"src\dg_variables.c","625","handle_oset","'c'","","canbeseen | 0 | 1 | cha | %d | class | con","READ_OR_UNKNOWN","","        case 'c':
          if (!str_cmp(field, ""canbeseen"")) {
            if ((type == MOB_TRIGGER) && !CAN_SEE(((char_data *)go), c))
              strcpy(str, ""0"");
            else
              strcpy(str, ""1"");
          }
          else if (!str_cmp(field, ""cha"")) {
            if (subfield && *subfield) {
              int addition = atoi(subfield);
              c->real_abils.cha += addition;
              clamp_base_stats(c);
              affect_total(c);
            }
            snprintf(str, slen, ""%d"", GET_CHA(c));
          }
          else if (!str_cmp(field, ""class"")) {
            if (subfield && *subfield) {
              int cl = get_class_by_name(subfield);
              if (cl != -1) {
                GET_CLASS(c) = cl;
                snprintf(str, slen, ""1"");
              } else {
                snprintf(str, slen, ""0"");
              }
            } else
              sprinttype(GET_CLASS(c), pc_class_types, str, slen);
          }
          else if (!str_cmp(field, ""con"")) {
            if (subfield && *subfield) {
              int addition = atoi(subfield);
              c->real_abils.con += addition;
              clamp_base_stats(c);
              affect_total(c);
            }
            snprintf(str, slen, ""%d"", GET_CON(c));
          }
          break;"
"src\dg_variables.c","663","handle_oset","'d'","","damroll | %d | dex | drunk","READ_OR_UNKNOWN","","        case 'd':
          if (!str_cmp(field, ""damroll"")) {
            if (subfield && *subfield) {
              int addition = atoi(subfield);
              GET_DAMROLL(c) = MAX(1, GET_DAMROLL(c) + addition);
            }
            snprintf(str, slen, ""%d"", GET_DAMROLL(c));
            } else if (!str_cmp(field, ""dex"")) {
              if (subfield && *subfield) {
                int addition = atoi(subfield);
                c->real_abils.dex += addition;
                clamp_base_stats(c);
                affect_total(c);
              }
            snprintf(str, slen, ""%d"", GET_DEX(c));
          }
          else if (!str_cmp(field, ""drunk"")) {
            if (subfield && *subfield) {
              int addition = atoi(subfield);
              GET_COND(c, DRUNK) = MAX(-1, MIN(addition, 24));
            }
            snprintf(str, slen, ""%d"", GET_COND(c, DRUNK));
          }
          break;"
"src\dg_variables.c","687","handle_oset","'e'","","eq","READ_OR_UNKNOWN","","        case 'e':
          if (!str_cmp(field, ""eq"")) {
            int pos;
            if (!subfield || !*subfield)
              *str = '\0';
            else if (*subfield == '*') {
              for (i = 0, j = 0; i < NUM_WEARS; i++)
                if (GET_EQ(c, i)) {
                  j++;
                  break;"
"src\dg_variables.c","716","handle_oset","'f'","","fighting | %c%ld | follower","READ_OR_UNKNOWN","","        case 'f':
          if (!str_cmp(field, ""fighting"")) {
            if (FIGHTING(c))
              snprintf(str, slen, ""%c%ld"", UID_CHAR, char_script_id(FIGHTING(c)));
            else
              *str = '\0';
          }
          else if (!str_cmp(field, ""follower"")) {
            if (!c->followers || !c->followers->follower)
              *str = '\0';
            else
              snprintf(str, slen, ""%c%ld"", UID_CHAR, char_script_id(c->followers->follower));
          }
          break;"
"src\dg_variables.c","730","handle_oset","'g'","","gold | %lld","READ_OR_UNKNOWN","","        case 'g':
          if (!str_cmp(field, ""gold"")) {
            if (subfield && *subfield) {
              int addition = atoi(subfield);
              increase_gold(c, addition);
            }
            snprintf(str, slen, ""%lld"", ((long long)GET_GOLD(c)));
          }
          break;"
"src\dg_variables.c","739","handle_oset","'h'","","has_item | %d | hasattached | heshe | %s | himher | hisher | hitp | hitroll | hunger","READ_OR_UNKNOWN","","        case 'h':
          if (!str_cmp(field, ""has_item"")) {
            if (!(subfield && *subfield))
              *str = '\0';
            else
              snprintf(str, slen, ""%d"", char_has_item(subfield, c));
          }
          else if (!str_cmp(field, ""hasattached"")) {
            if (!(subfield && *subfield) || !IS_NPC(c))
              *str = '\0';
            else {
              i = atoi(subfield);
              snprintf(str, slen, ""%d"", trig_is_attached(SCRIPT(c), i));
            }
          }
          else if (!str_cmp(field, ""heshe""))
            snprintf(str, slen, ""%s"", HSSH(c));
          else if (!str_cmp(field, ""himher""))
            snprintf(str, slen, ""%s"", HMHR(c));
          else if (!str_cmp(field, ""hisher""))
            snprintf(str, slen, ""%s"", HSHR(c));
          else if (!str_cmp(field, ""hitp"")) {
            if (subfield && *subfield) {
              int addition = atoi(subfield);
              GET_HIT(c) += addition;
              update_pos(c);
            }
            snprintf(str, slen, ""%d"", GET_HIT(c));
          }
          else if (!str_cmp(field, ""hitroll"")) {
            if (subfield && *subfield) {
              int addition = atoi(subfield);
              GET_HITROLL(c) = MAX(1, GET_HITROLL(c) + addition);
            }
            snprintf(str, slen, ""%d"", GET_HITROLL(c));
          }
          else if (!str_cmp(field, ""hunger"")) {
            if (subfield && *subfield) {
              int addition = atoi(subfield);
              GET_COND(c, HUNGER) = MAX(-1, MIN(addition, 24));
            }
            snprintf(str, slen, ""%d"", GET_COND(c, HUNGER));
          }
          break;"
"src\dg_variables.c","783","handle_oset","'i'","","id | %ld | is_pc | 0 | 1 | int | %d | inventory | %c%ld","READ_OR_UNKNOWN","","        case 'i':
          if (!str_cmp(field, ""id""))
            snprintf(str, slen, ""%ld"", char_script_id(c));
          /* new check for pc/npc status */
          else if (!str_cmp(field, ""is_pc"")) {
            if (IS_NPC(c))
              strcpy(str, ""0"");
            else
              strcpy(str, ""1"");
          }
          else if (!str_cmp(field, ""int"")) {
            if (subfield && *subfield) {
              int addition = atoi(subfield);
              c->real_abils.intel += addition;
              clamp_base_stats(c);
              affect_total(c);
            }
            snprintf(str, slen, ""%d"", GET_INT(c));
          }
          else if (!str_cmp(field, ""inventory"")) {
            if(subfield && *subfield) {
              for (obj = c->carrying;obj;obj=obj->next_content) {
                if(GET_OBJ_VNUM(obj)==atoi(subfield)) {
                  snprintf(str, slen, ""%c%ld"", UID_CHAR, obj_script_id(obj)); /* arg given, found */
                  return;"
"src\dg_variables.c","845","handle_oset","'l'","","level | %d","READ_OR_UNKNOWN","","        case 'l':
          if (!str_cmp(field, ""level"")) {
            if (subfield && *subfield) {
              int lev = atoi(subfield);
              GET_LEVEL(c) = MIN(MAX(lev, 0), LVL_IMMORT-1);
            } else
              snprintf(str, slen, ""%d"", GET_LEVEL(c));
          }
          break;"
"src\dg_variables.c","854","handle_oset","'m'","","mana | %d | master | %c%ld | maxhitp | maxmana | maxmove | move","READ_OR_UNKNOWN","","        case 'm':
          if (!str_cmp(field, ""mana"")) {
            if (subfield && *subfield) {
              int addition = atoi(subfield);
              GET_MANA(c) += addition;
            }
            snprintf(str, slen, ""%d"", GET_MANA(c));
          }
          else if (!str_cmp(field, ""master"")) {
            if (!c->master)
              *str = '\0';
            else
              snprintf(str, slen, ""%c%ld"", UID_CHAR, char_script_id(c->master));
          }
          else if (!str_cmp(field, ""maxhitp"")) {
            if (subfield && *subfield) {
              int addition = atoi(subfield);
              GET_BASE_MAX_HIT(c) = MAX(GET_BASE_MAX_HIT(c) + addition, 1);
              affect_total(c);
            }
            snprintf(str, slen, ""%d"", GET_MAX_HIT(c));
          }
          else if (!str_cmp(field, ""maxmana"")) {
            if (subfield && *subfield) {
              int addition = atoi(subfield);
              GET_BASE_MAX_MANA(c) = MAX(GET_BASE_MAX_MANA(c) + addition, 1);
              affect_total(c);
            }
            snprintf(str, slen, ""%d"", GET_MAX_MANA(c));
          }
          else if (!str_cmp(field, ""maxmove"")) {
            if (subfield && *subfield) {
              int addition = atoi(subfield);
              GET_BASE_MAX_MOVE(c) = MAX(GET_BASE_MAX_MOVE(c) + addition, 1);
              affect_total(c);
            }
            snprintf(str, slen, ""%d"", GET_MAX_MOVE(c));
          }
          else if (!str_cmp(field, ""move"")) {
            if (subfield && *subfield) {
              int addition = atoi(subfield);
              GET_MOVE(c) += addition;
            }
            snprintf(str, slen, ""%d"", GET_MOVE(c));
          }
          break;"
"src\dg_variables.c","900","handle_oset","'n'","","name | %s | next_in_room | %c%ld | npcflag | 1 | 0","READ_OR_UNKNOWN","","        case 'n':
          if (!str_cmp(field, ""name""))
            snprintf(str, slen, ""%s"", GET_NAME(c));

          else if (!str_cmp(field, ""next_in_room"")) {
            if (c->next_in_room)
              snprintf(str, slen,""%c%ld"",UID_CHAR, char_script_id(c->next_in_room));
            else
              *str = '\0';
          }
          else if (!str_cmp(field, ""npcflag"")) {
            if (subfield && *subfield) {
               char buf[MAX_STRING_LENGTH];
               sprintbitarray(MOB_FLAGS(c), action_bits, PM_ARRAY_MAX, buf);
                if (str_str(buf, subfield))
                  snprintf(str, slen, ""1"");
                else
                  snprintf(str, slen, ""0"");
              }
              else {
                snprintf(str, slen, ""0"");
              }
            }
          break;"
"src\dg_variables.c","924","handle_oset","'p'","","pos","READ_OR_UNKNOWN","","        case 'p':
          /* Thanks to Christian Ejlertsen for this idea
             And to Ken Ray for speeding the implementation up :)*/
          if (!str_cmp(field, ""pos"")) {
            if (subfield && *subfield) {
              for (i = POS_SLEEPING; i <= POS_STANDING; i++) {
                /* allows : Sleeping, Resting, Sitting, Fighting, Standing */
                if (!strn_cmp(subfield, position_types[i], strlen(subfield))) {
                  GET_POS(c) = i;
                  break;"
"src\dg_variables.c","957","handle_oset","'q'","","questpoints | qp | qpnts | %d | quest | 0 | questdone | 1","READ_OR_UNKNOWN","","        case 'q':
          if (!IS_NPC(c) && (!str_cmp(field, ""questpoints"") ||
              !str_cmp(field, ""qp"") || !str_cmp(field, ""qpnts"")))
          {
            if (subfield && *subfield) {
              int addition = atoi(subfield);
              GET_QUESTPOINTS(c) += addition;
            }
            snprintf(str, slen, ""%d"", GET_QUESTPOINTS(c));
          }
           else if (!str_cmp(field, ""quest""))
           {
               if (!IS_NPC(c) && (GET_QUEST(c) != NOTHING) && (real_quest(GET_QUEST(c)) != NOTHING))
                 snprintf(str, slen, ""%d"", GET_QUEST(c));
               else
                 strcpy(str, ""0"");
             }
           else if (!str_cmp(field, ""questdone""))
           {
               if (!IS_NPC(c) && subfield && *subfield) {
                 int q_num = atoi(subfield);
                 if (is_complete(c, q_num))
                   strcpy(str, ""1"");
                 else
                   strcpy(str, ""0"");
               }
               else
                 strcpy(str, ""0"");
             }
          break;"
"src\dg_variables.c","987","handle_oset","'r'","","room | %c%ld | %d","READ_OR_UNKNOWN","","        case 'r':
          if (!str_cmp(field, ""room"")) {  /* in NOWHERE, return the void */
/* see note in dg_scripts.h */
#ifdef ACTOR_ROOM_IS_UID
            snprintf(str, slen, ""%c%ld"",UID_CHAR,
               (IN_ROOM(c)!= NOWHERE) ? room_script_id(world + IN_ROOM(c)) : ROOM_ID_BASE);
#else
            snprintf(str, slen, ""%d"", (IN_ROOM(c)!= NOWHERE) ? world[IN_ROOM(c)].number : 0);
#endif
          }
          break;"
"src\dg_variables.c","998","handle_oset","'s'","","saving_breath | %d | saving_para | saving_petri | saving_rod | saving_spell | sex | %s | skill | skillset | str | stradd","READ_OR_UNKNOWN","","        case 's':
          if (!str_cmp(field, ""saving_breath"")) {
            if (subfield && *subfield) {
              int addition = atoi(subfield);
              GET_SAVE(c, SAVING_BREATH) += addition;
            }
            snprintf(str, slen, ""%d"", GET_SAVE(c, SAVING_BREATH));
          }
          else if (!str_cmp(field, ""saving_para"")) {
            if (subfield && *subfield) {
              int addition = atoi(subfield);
              GET_SAVE(c, SAVING_PARA) += addition;
            }
            snprintf(str, slen, ""%d"", GET_SAVE(c, SAVING_PARA));
          }
          else if (!str_cmp(field, ""saving_petri"")) {
            if (subfield && *subfield) {
              int addition = atoi(subfield);
              GET_SAVE(c, SAVING_PETRI) += addition;
            }
            snprintf(str, slen, ""%d"", GET_SAVE(c, SAVING_PETRI));
          }
          else if (!str_cmp(field, ""saving_rod"")) {
            if (subfield && *subfield) {
              int addition = atoi(subfield);
              GET_SAVE(c, SAVING_ROD) += addition;
            }
            snprintf(str, slen, ""%d"", GET_SAVE(c, SAVING_ROD));
          }
          else if (!str_cmp(field, ""saving_spell"")) {
            if (subfield && *subfield) {
              int addition = atoi(subfield);
              GET_SAVE(c, SAVING_SPELL) += addition;
            }
            snprintf(str, slen, ""%d"", GET_SAVE(c, SAVING_SPELL));
          }
          else if (!str_cmp(field, ""sex""))
            snprintf(str, slen, ""%s"", genders[(int)GET_SEX(c)]);
          else if (!str_cmp(field, ""skill""))
            snprintf(str, slen, ""%s"", skill_percent(c, subfield));
          else if (!str_cmp(field, ""skillset"")) {
            if (!IS_NPC(c) && subfield && *subfield) {
              char skillname[MAX_INPUT_LENGTH], *amount;
              amount = one_word(subfield, skillname);
              skip_spaces(&amount);
              if (amount && *amount && is_number(amount)) {
                int skillnum = find_skill_num(skillname);
                if (skillnum > 0) {
                  int new_value = MAX(0, MIN(100, atoi(amount)));
                  SET_SKILL(c, skillnum, new_value);
                }
              }
            }
            *str = '\0'; /* so the parser know we recognize 'skillset' as a field */
          }
          else if (!str_cmp(field, ""str"")) {
            if (subfield && *subfield) {
              int addition = atoi(subfield);
              c->real_abils.str += addition;
              clamp_base_stats(c);
              affect_total(c);
            }
            snprintf(str, slen, ""%d"", GET_STR(c));
          }
          else if (!str_cmp(field, ""stradd"")) {
            if (GET_STR(c) >= 18) {
              if (subfield && *subfield) {
                int addition = atoi(subfield);
                c->real_abils.str_add += addition;
                if (c->real_abils.str_add > 100) c->real_abils.str_add = 100;
                if (c->real_abils.str_add < 0) c->real_abils.str_add = 0;
                affect_total(c);
              }
              snprintf(str, slen, ""%d"", GET_ADD(c));
            }
          }
          break;"
"src\dg_variables.c","1075","handle_oset","'t'","","thirst | %d | title | %s","DESTRUCTIVE_REVIEW","delete/purge/extract/remove/free operation","        case 't':
          if (!str_cmp(field, ""thirst"")) {
            if (subfield && *subfield) {
              int addition = atoi(subfield);
              GET_COND(c, THIRST) = MAX(-1, MIN(addition, 24));
            }
            snprintf(str, slen, ""%d"", GET_COND(c, THIRST));
          }
          else if (!str_cmp(field, ""title"")) {
            if (!IS_NPC(c) && subfield && *subfield && valid_dg_target(c, DG_ALLOW_GODS)) {
              if (GET_TITLE(c)) free(GET_TITLE(c));
                GET_TITLE(c) = strdup(subfield);
            }
            snprintf(str, slen, ""%s"", IS_NPC(c) ? """" : GET_TITLE(c));
          }
          break;"
"src\dg_variables.c","1091","handle_oset","'v'","","varexists | 0 | 1 | vnum | %d | -1","READ_OR_UNKNOWN","","	case 'v':
          if (!str_cmp(field, ""varexists"")) {
            struct trig_var_data *remote_vd;
            strcpy(str, ""0"");
            if (SCRIPT(c)) {
              for (remote_vd = SCRIPT(c)->global_vars; remote_vd; remote_vd = remote_vd->next) {
                if (!str_cmp(remote_vd->name, subfield)) break;
              }
              if (remote_vd) strcpy(str, ""1"");
            }
          }
          else if (!str_cmp(field, ""vnum"")) {
            if (subfield && *subfield) {
             /* When this had -1 at the end of the line it returned true for PC's if you did
              * something like if %actor.vnum(500)%. It should return false for PC's instead 
              * -- Fizban 02/18
              */ 
              snprintf(str, slen, ""%d"", IS_NPC(c) ? (int)(GET_MOB_VNUM(c) == atoi(subfield)) : 0 );
            } else {
              if (IS_NPC(c))
                snprintf(str, slen, ""%d"", GET_MOB_VNUM(c));
              else
              /*
               * for compatibility with unsigned indexes
               * - this is deprecated - use %actor.is_pc% to check
               * instead of %actor.vnum% == -1  --Welcor 09/03
               */
                strcpy(str, ""-1"");
            }
          }
          break;"
"src\dg_variables.c","1122","handle_oset","'w'","","weight | %d | wis | wait","READ_OR_UNKNOWN","","        case 'w':
          if (!str_cmp(field, ""weight""))
            snprintf(str, slen, ""%d"", GET_WEIGHT(c));
          else if (!str_cmp(field, ""wis"")) {
            if (subfield && *subfield) {
              int addition = atoi(subfield);
              c->real_abils.wis += addition;
              clamp_base_stats(c);
              affect_total(c);
            }
            snprintf(str, slen, ""%d"", GET_WIS(c));
          }
          
          else if (!str_cmp(field, ""wait"")) 
          {
            if (subfield && *subfield)
            {
              int addition = atoi(subfield);
              WAIT_STATE(c, addition * ( PULSE_VIOLENCE / 2) ); // by default violence is 2 seconds
            }
            snprintf(str, slen, ""%d"", GET_WAIT_STATE(c));
          }

          break;"
"src\dg_variables.c","1172","handle_oset","'a'","","affects | 1 | 0","READ_OR_UNKNOWN","","        case 'a':
          if (!str_cmp(field, ""affects"")) {
            if (subfield && *subfield) {
              if (check_flags_by_name_ar(GET_OBJ_AFFECT(o), NUM_AFF_FLAGS, subfield, affected_bits) == TRUE)
                snprintf(str, slen, ""1"");
              else
                snprintf(str, slen, ""0"");
            } else
              snprintf(str, slen, ""0"");
          }"
"src\dg_variables.c","1182","handle_oset","'c'","","cost | %d | cost_per_day | carried_by | %c%ld | contents | count | 0","READ_OR_UNKNOWN","","	case 'c':
          if (!str_cmp(field, ""cost"")) {
            if (subfield && *subfield) {
              int addition = atoi(subfield);
              GET_OBJ_COST(o) = MAX(1, addition + GET_OBJ_COST(o));
            }
            snprintf(str, slen, ""%d"", GET_OBJ_COST(o));
          }

          else if (!str_cmp(field, ""cost_per_day"")) {
            if (subfield && *subfield) {
              int addition = atoi(subfield);
              GET_OBJ_RENT(o) = MAX(1, addition + GET_OBJ_RENT(o));
            }
            snprintf(str, slen, ""%d"", GET_OBJ_RENT(o));
          }

          else if (!str_cmp(field, ""carried_by"")) {
            if (o->carried_by)
              snprintf(str, slen,""%c%ld"",UID_CHAR, char_script_id(o->carried_by));
            else
              *str = '\0';
          }

          else if (!str_cmp(field, ""contents"")) {
            if (o->contains)
              snprintf(str, slen, ""%c%ld"", UID_CHAR, obj_script_id(o->contains));
            else
              *str = '\0';
          }
          /* thanks to Jamie Nelson (Mordecai of 4 Dimensions MUD) */
          else if (!str_cmp(field, ""count"")) {
            if (GET_OBJ_TYPE(o) == ITEM_CONTAINER)
              snprintf(str, slen, ""%d"", item_in_list(subfield, o->contains));
            else
            	strcpy(str, ""0"");
          }
          break;"
"src\dg_variables.c","1220","handle_oset","'e'","","extra | 1 | 0","READ_OR_UNKNOWN","","        case 'e':
          if (!str_cmp(field, ""extra"")) {
            if (subfield && *subfield) {
              if (check_flags_by_name_ar(GET_OBJ_EXTRA(o), NUM_ITEM_FLAGS, subfield, extra_bits) > 0)
                snprintf(str, slen, ""1"");
              else
                snprintf(str, slen, ""0"");
            } else {
              sprintbitarray(GET_OBJ_EXTRA(o), extra_bits, EF_ARRAY_MAX, str);
            }
          }
          break;"
"src\dg_variables.c","1232","handle_oset","'h'","","has_in | %s | 1 | 0 | hasattached | %d","READ_OR_UNKNOWN","","	case 'h':
          /* thanks to Jamie Nelson (Mordecai of 4 Dimensions MUD) */
          if (!str_cmp(field, ""has_in"")) {
            if (GET_OBJ_TYPE(o) == ITEM_CONTAINER)
              snprintf(str, slen, ""%s"", (item_in_list(subfield, o->contains) ? ""1"" : ""0""));
            else
              strcpy(str, ""0"");
          }
          else if (!str_cmp(field, ""hasattached"")) {
            if (!(subfield && *subfield))
              *str = '\0';
            else {
              i = atoi(subfield);
              snprintf(str, slen, ""%d"", trig_is_attached(SCRIPT(o), i));
            }
          }
          break;"
"src\dg_variables.c","1249","handle_oset","'i'","","id | %ld | is_inroom | %c%ld | is_pc | -1","READ_OR_UNKNOWN","","        case 'i':
          if (!str_cmp(field, ""id""))
            snprintf(str, slen, ""%ld"", obj_script_id(o));

          else if (!str_cmp(field, ""is_inroom"")) {
            if (IN_ROOM(o) != NOWHERE)
              snprintf(str, slen,""%c%ld"",UID_CHAR, room_script_id(world + IN_ROOM(o)));
            else
              *str = '\0';
          }
          else if (!str_cmp(field, ""is_pc"")) {
            strcpy(str, ""-1"");
          }
	  break;"
"src\dg_variables.c","1263","handle_oset","'n'","","name | %s | next_in_list | %c%ld","READ_OR_UNKNOWN","","        case 'n':
          if (!str_cmp(field, ""name""))
            snprintf(str, slen, ""%s"",  o->name);

          else if (!str_cmp(field, ""next_in_list"")) {
            if (o->next_content)
              snprintf(str, slen,""%c%ld"",UID_CHAR, obj_script_id(o->next_content));
            else
              *str = '\0';
          }
          break;"
"src\dg_variables.c","1274","handle_oset","'o'","","oset | 1 | 0","READ_OR_UNKNOWN","","        case 'o':
          if (!str_cmp(field, ""oset"")) {
            if (subfield && *subfield) {
              if (handle_oset(o, subfield))
                strcpy(str, ""1"");
              else
                strcpy(str, ""0"");
            }
          }
          break;"
"src\dg_variables.c","1284","handle_oset","'r'","","room | %c%ld","READ_OR_UNKNOWN","","        case 'r':
          if (!str_cmp(field, ""room"")) {
            if (obj_room(o) != NOWHERE)
              snprintf(str, slen,""%c%ld"",UID_CHAR, room_script_id(world + obj_room(o)));
            else
              *str = '\0';
          }
          break;"
"src\dg_variables.c","1292","handle_oset","'s'","","shortdesc | %s","READ_OR_UNKNOWN","","        case 's':
          if (!str_cmp(field, ""shortdesc""))
            snprintf(str, slen, ""%s"",  o->short_description);
          break;"
"src\dg_variables.c","1296","handle_oset","'t'","","type | timer | %d","READ_OR_UNKNOWN","","        case 't':
          if (!str_cmp(field, ""type""))
            sprinttype(GET_OBJ_TYPE(o), item_types, str, slen);

          else if (!str_cmp(field, ""timer""))
            snprintf(str, slen, ""%d"", GET_OBJ_TIMER(o));
          break;"
"src\dg_variables.c","1303","handle_oset","'v'","","vnum | %d | val0 | val1 | val2 | val3","READ_OR_UNKNOWN","","        case 'v':
          if (!str_cmp(field, ""vnum""))
            if (subfield && *subfield) {
              snprintf(str, slen, ""%d"", (int)(GET_OBJ_VNUM(o) == atoi(subfield)));
            } else {
              snprintf(str, slen, ""%d"", GET_OBJ_VNUM(o));
            }
          else if (!str_cmp(field, ""val0""))
            snprintf(str, slen, ""%d"", GET_OBJ_VAL(o, 0));

          else if (!str_cmp(field, ""val1""))
            snprintf(str, slen, ""%d"", GET_OBJ_VAL(o, 1));

          else if (!str_cmp(field, ""val2""))
            snprintf(str, slen, ""%d"", GET_OBJ_VAL(o, 2));

          else if (!str_cmp(field, ""val3""))
            snprintf(str, slen, ""%d"", GET_OBJ_VAL(o, 3));
          break;"
"src\dg_variables.c","1322","handle_oset","'w'","","wearflag | 1 | 0 | weight | %d | worn_by | %c%ld","READ_OR_UNKNOWN","","        case 'w':
          if (!str_cmp(field, ""wearflag"")) {
	    if (subfield && *subfield) {
	      if (can_wear_on_pos(o, find_eq_pos_script(subfield)))
	        snprintf(str, slen, ""1"");
	      else
	         snprintf(str, slen, ""0"");
	    } else
              snprintf(str, slen, ""0"");
	  }

	  else if (!str_cmp(field, ""weight"")){
            if (subfield && *subfield) {
              int addition = atoi(subfield);
              GET_OBJ_WEIGHT(o) = MAX(1, addition + GET_OBJ_WEIGHT(o));
            }
            snprintf(str, slen, ""%d"", GET_OBJ_WEIGHT(o));
          }

          else if (!str_cmp(field, ""worn_by"")) {
            if (o->worn_by)
              snprintf(str, slen,""%c%ld"",UID_CHAR, char_script_id(o->worn_by));
            else
              *str = '\0';
          }
          break;"
"src\fight.c","157","damage_severity_tier","default","","n | graze | glance | hit | strike | slam | crush | blast | shred | pulverize","READ_OR_UNKNOWN","","    default: return ""\tn"";
  }
}

static const char *severity_verb_base(int tier)
{
  switch (tier) {
    case 1: return ""graze"";
    case 2: return ""glance"";
    case 3: return ""hit"";
    case 4: return ""strike"";
    case 5: return ""slam"";
    case 6: return ""crush"";
    case 7: return ""blast"";
    case 8: return ""shred"";
    case 9: return ""pulverize"";"
"src\fight.c","173","damage_severity_tier","default","","hit","READ_OR_UNKNOWN","","    default: return ""hit"";
  }
}

static int is_shadow_servant_for(struct char_data *owner, struct char_data *mob)
{
  if (!owner || !mob || !IS_NPC(mob) || mob->master != owner)
    return FALSE;"
"src\fight.c","384","return_extracted_shadow_to_storage","default","","hits | - | ** | *****","READ_OR_UNKNOWN","","    default: return ""hits"";
  }
}

static const char *severity_impact_wrap_open(int tier)
{
  switch (tier) {
    case 7: return ""- "";
    case 8: return ""** "";
    case 9: return ""***** "";"
"src\fight.c","394","return_extracted_shadow_to_storage","default","","- | ** | *****","READ_OR_UNKNOWN","","    default: return """";
  }
}

static const char *severity_impact_wrap_close(int tier)
{
  switch (tier) {
    case 7: return "" -"";
    case 8: return "" **"";
    case 9: return "" *****"";"
"src\fight.c","404","return_extracted_shadow_to_storage","default","","","READ_OR_UNKNOWN","","    default: return """";
  }
}

static int victim_condition_band(const struct char_data *victim)
{
  int pct;

  if (!victim || GET_MAX_HIT(victim) <= 0)
    return 7;"
"src\fight.c","435","victim_condition_band","default","","needs a hospital.","READ_OR_UNKNOWN","","    default: return ""needs a hospital."";
  }
}

static void apply_severity_verb(char *out, size_t outsz, const char *in, int tier)
{
  const char *col = severity_color(tier);
  const char *vb  = severity_verb_base(tier);
  const char *vt  = severity_verb_third(tier);
  const char *pre = severity_impact_wrap_open(tier);
  const char *post = severity_impact_wrap_close(tier);
  char *pos;

  if (!in || !*in) {
    if (outsz) out[0] = '\0';
    return;"
"src\fight.c","1360","npc_kill_raw_xp","'W'","","","READ_OR_UNKNOWN","","      case 'W':
	for (; *weapon_plural; *(cp++) = *(weapon_plural++));
	break;"
"src\fight.c","1363","npc_kill_raw_xp","'w'","","","READ_OR_UNKNOWN","","      case 'w':
	for (; *weapon_singular; *(cp++) = *(weapon_singular++));
	break;"
"src\fight.c","1366","npc_kill_raw_xp","default","","","READ_OR_UNKNOWN","","      default:
	*(cp++) = '#';
	break;"
"src\fight.c","2092","damage","POS_MORTALLYW","","$n is mortally wounded, and will die soon, if not aided. | You are mortally wounded, and will die soon, if not aided.","READ_OR_UNKNOWN","","  case POS_MORTALLYW:
    act(""$n is mortally wounded, and will die soon, if not aided."", TRUE, victim, 0, 0, TO_ROOM);
    send_to_char(victim, ""You are mortally wounded, and will die soon, if not aided.\r\n"");
    break;"
"src\fight.c","2096","damage","POS_INCAP","","$n is incapacitated and will slowly die, if not aided. | You are incapacitated and will slowly die, if not aided.","READ_OR_UNKNOWN","","  case POS_INCAP:
    act(""$n is incapacitated and will slowly die, if not aided."", TRUE, victim, 0, 0, TO_ROOM);
    send_to_char(victim, ""You are incapacitated and will slowly die, if not aided.\r\n"");
    break;"
"src\fight.c","2100","damage","POS_STUNNED","","$n is stunned, but will probably regain consciousness again. | You're stunned, but will probably regain consciousness again.","READ_OR_UNKNOWN","","  case POS_STUNNED:
    act(""$n is stunned, but will probably regain consciousness again."", TRUE, victim, 0, 0, TO_ROOM);
    send_to_char(victim, ""You're stunned, but will probably regain consciousness again.\r\n"");
    break;"
"src\fight.c","2104","damage","POS_DEAD","","$n is dead!  	YR.I.P.	n | You are dead!  Sorry...","READ_OR_UNKNOWN","","  case POS_DEAD:
    act(""$n is dead!  \tYR.I.P.\tn"", FALSE, victim, 0, 0, TO_ROOM);
    send_to_char(victim, ""You are dead!  Sorry...\r\n"");
    break;"
"src\fight.c","2109","damage","default","","That really did HURT! | %sYou wish that your wounds would stop BLEEDING so much!%s | You wimp out, and attempt to flee!","READ_OR_UNKNOWN","","  default:			/* >= POSITION SLEEPING */
    if (dam > (GET_MAX_HIT(victim) / 4))
      send_to_char(victim, ""That really did HURT!\r\n"");

    if (GET_HIT(victim) < (GET_MAX_HIT(victim) / 4)) {
      send_to_char(victim, ""%sYou wish that your wounds would stop BLEEDING so much!%s\r\n"",
		CCRED(victim, C_SPR), CCNRM(victim, C_SPR));
    }
    if (ch != victim && IS_NPC(victim) &&
        MOB_FLAGGED(victim, MOB_WIMPY) && !MOB_FLAGGED(victim, MOB_HELPER) &&
        GET_HIT(victim) > 0) {
      int flee_threshold = GET_MOB_WIMP_LEV(victim);

      /* Legacy fallback: old behavior when no mob-specific threshold is set. */
      if (flee_threshold <= 0)
        flee_threshold = GET_MAX_HIT(victim) / 4;

      if (GET_HIT(victim) < flee_threshold)
        do_flee(victim, NULL, 0, 0);
    }
    if (!IS_NPC(victim) && GET_WIMP_LEV(victim) && (victim != ch) &&
	GET_HIT(victim) < GET_WIMP_LEV(victim) && GET_HIT(victim) > 0) {
      send_to_char(victim, ""You wimp out, and attempt to flee!\r\n"");
      do_flee(victim, NULL, 0, 0);
    }
    break;"
"src\genobj.c","105","adjust_objects","'P'","","","READ_OR_UNKNOWN","","      case 'P':
        ZCMD(zone, cmd_no).arg3 += (ZCMD(zone, cmd_no).arg3 >= refpt);
         /* No break here - drop into next case. */"
"src\genobj.c","108","adjust_objects","'O'","","","READ_OR_UNKNOWN","","      case 'O':"
"src\genobj.c","109","adjust_objects","'G'","","","READ_OR_UNKNOWN","","      case 'G':"
"src\genobj.c","110","adjust_objects","'E'","","","READ_OR_UNKNOWN","","      case 'E':
        ZCMD(zone, cmd_no).arg1 += (ZCMD(zone, cmd_no).arg1 >= refpt);
        break;"
"src\genobj.c","113","adjust_objects","'R'","","","READ_OR_UNKNOWN","","      case 'R':
        ZCMD(zone, cmd_no).arg2 += (ZCMD(zone, cmd_no).arg2 >= refpt);
        break;"
"src\genobj.c","461","delete_object","'P'","","","DESTRUCTIVE_REVIEW","delete/purge/extract/remove/free operation","      case 'P':
        if (ZCMD(zone, cmd_no).arg3 == rnum) {
          delete_zone_command(&zone_table[zone], cmd_no);
        } else
          ZCMD(zone, cmd_no).arg3 -= (ZCMD(zone, cmd_no).arg3 > rnum);
        /* No break here - drop into next case. */"
"src\genobj.c","467","delete_object","'O'","","","READ_OR_UNKNOWN","","      case 'O':"
"src\genobj.c","468","delete_object","'G'","","","READ_OR_UNKNOWN","","      case 'G':"
"src\genobj.c","469","delete_object","'E'","","","DESTRUCTIVE_REVIEW","delete/purge/extract/remove/free operation","      case 'E':
        if (ZCMD(zone, cmd_no).arg1 == rnum) {
          delete_zone_command(&zone_table[zone], cmd_no);
        } else
          ZCMD(zone, cmd_no).arg1 -= (ZCMD(zone, cmd_no).arg1 > rnum);
	break;"
"src\genobj.c","475","delete_object","'R'","","","DESTRUCTIVE_REVIEW","delete/purge/extract/remove/free operation","      case 'R':
        if (ZCMD(zone, cmd_no).arg2 == rnum) {
          delete_zone_command(&zone_table[zone], cmd_no);
        } else
          ZCMD(zone, cmd_no).arg2 -= (ZCMD(zone, cmd_no).arg2 > rnum);
	break;"
"src\genolc.c","101","save_all","SL_ACT","","Actions not saved - can not autosave. Use 'aedit save'.","READ_OR_UNKNOWN","","        case SL_ACT:
          log(""Actions not saved - can not autosave. Use 'aedit save'."");
          save_list = save_list->next;    /* Fatal error, skip this one. */
          break;"
"src\genolc.c","105","save_all","SL_HLP","","Help not saved - can not autosave. Use 'hedit save'.","READ_OR_UNKNOWN","","        case SL_HLP:
          log(""Help not saved - can not autosave. Use 'hedit save'."");
          save_list = save_list->next;    /* Fatal error, skip this one. */
          break;"
"src\genolc.c","109","save_all","default","","SYSERR: GenOLC: Invalid save type %d in save list.","READ_OR_UNKNOWN","","        default:
          log(""SYSERR: GenOLC: Invalid save type %d in save list.\n"", save_list->type);
          save_list = save_list->next;    /* Fatal error, skip this one. */
          break;"
"src\genolc.c","299","fix_filename","default","","Sorry, that is not available in the windows port. | ../lib/world/export/","READ_OR_UNKNOWN","","      default: *out = *in;  out++;break;
    } 
    in++;
    count++;
    if (count == maxlen - 1) break;
  }
  *out = '\0';
}

/* Export command by Kyle */ 
ACMD(do_export_zone) 
{ 
#ifdef CIRCLE_WINDOWS
   /* tar and gzip are usually not available */
    send_to_char(ch, ""Sorry, that is not available in the windows port.\r\n"");
#else /* all other configurations */
  zone_rnum zrnum; 
  zone_vnum zvnum; 
  char sysbuf[MAX_INPUT_LENGTH]; 
  char zone_name[READ_SIZE], fixed_file_name[READ_SIZE];
  int success, errorcode = 0;

  /* system command locations are relative to where the binary IS, not where it
   * was run from, thus we act like we are in the bin folder, because we are*/ 
  char *path = ""../lib/world/export/""; 

  if (IS_NPC(ch) || GET_LEVEL(ch) < LVL_IMPL) 
    return; "
"src\genolc.c","683","export_save_zone","'M'","","M %d QQ%02d %d QQ%02d 	(%s)","READ_OR_UNKNOWN","","    case 'M':
      fprintf(zone_file, ""M %d QQ%02d %d QQ%02d \t(%s)\n"",
		ZCMD(zrnum, subcmd).if_flag,
		mob_index[ZCMD(zrnum, subcmd).arg1].vnum%100,
		ZCMD(zrnum, subcmd).arg2,
		world[ZCMD(zrnum, subcmd).arg3].number%100,
		mob_proto[ZCMD(zrnum, subcmd).arg1].player.short_descr);
      break;"
"src\genolc.c","691","export_save_zone","'O'","","O %d QQ%02d %d QQ%02d 	(%s)","READ_OR_UNKNOWN","","    case 'O':
      fprintf(zone_file, ""O %d QQ%02d %d QQ%02d \t(%s)\n"",
		ZCMD(zrnum, subcmd).if_flag,
		obj_index[ZCMD(zrnum, subcmd).arg1].vnum%100,
		ZCMD(zrnum, subcmd).arg2,
		world[ZCMD(zrnum, subcmd).arg3].number%100,
		obj_proto[ZCMD(zrnum, subcmd).arg1].short_description);
      break;"
"src\genolc.c","699","export_save_zone","'G'","","G %d QQ%02d %d -1 	(%s)","READ_OR_UNKNOWN","","    case 'G':
      fprintf(zone_file, ""G %d QQ%02d %d -1 \t(%s)\n"",
		ZCMD(zrnum, subcmd).if_flag,
                obj_index[ZCMD(zrnum, subcmd).arg1].vnum%100,
                ZCMD(zrnum, subcmd).arg2,
                obj_proto[ZCMD(zrnum, subcmd).arg1].short_description);
      break;"
"src\genolc.c","706","export_save_zone","'E'","","E %d QQ%02d %d %d 	(%s)","READ_OR_UNKNOWN","","    case 'E':
      fprintf(zone_file, ""E %d QQ%02d %d %d \t(%s)\n"",
		ZCMD(zrnum, subcmd).if_flag,
		 obj_index[ZCMD(zrnum, subcmd).arg1].vnum%100,
		 ZCMD(zrnum, subcmd).arg2,
		 ZCMD(zrnum, subcmd).arg3,
		 obj_proto[ZCMD(zrnum, subcmd).arg1].short_description);
      break;"
"src\genolc.c","714","export_save_zone","'P'","","P %d QQ%02d %d QQ%02d 	(%s)","READ_OR_UNKNOWN","","    case 'P':
      fprintf(zone_file, ""P %d QQ%02d %d QQ%02d \t(%s)\n"",
		ZCMD(zrnum, subcmd).if_flag,
		obj_index[ZCMD(zrnum, subcmd).arg1].vnum%100,
		ZCMD(zrnum, subcmd).arg2,
		obj_index[ZCMD(zrnum, subcmd).arg3].vnum%100,
		obj_proto[ZCMD(zrnum, subcmd).arg1].short_description);
      break;"
"src\genolc.c","722","export_save_zone","'D'","","D %d QQ%02d %d %d 	(%s)","READ_OR_UNKNOWN","","    case 'D':
      fprintf(zone_file, ""D %d QQ%02d %d %d \t(%s)\n"",
		ZCMD(zrnum, subcmd).if_flag,
		world[ZCMD(zrnum, subcmd).arg1].number%100,
		ZCMD(zrnum, subcmd).arg2,
		ZCMD(zrnum, subcmd).arg3,
		world[ZCMD(zrnum, subcmd).arg1].name);
      break;"
"src\genolc.c","730","export_save_zone","'R'","","R %d QQ%02d QQ%02d -1 	(%s)","READ_OR_UNKNOWN","","    case 'R':
      fprintf(zone_file, ""R %d QQ%02d QQ%02d -1 \t(%s)\n"",
		ZCMD(zrnum, subcmd).if_flag,
		world[ZCMD(zrnum, subcmd).arg1].number%100,
		obj_index[ZCMD(zrnum, subcmd).arg2].vnum%100,
		obj_proto[ZCMD(zrnum, subcmd).arg2].short_description);
      break;"
"src\genolc.c","737","export_save_zone","'T'","","T %d %d QQ%02d QQ%02d 	(%s)","READ_OR_UNKNOWN","","    case 'T':
      fprintf(zone_file, ""T %d %d QQ%02d QQ%02d \t(%s)\n"",
		ZCMD(zrnum, subcmd).if_flag,
		ZCMD(zrnum, subcmd).arg1,
		trig_index[ZCMD(zrnum, subcmd).arg2]->vnum%100,
		world[ZCMD(zrnum, subcmd).arg3].number%100,
		GET_TRIG_NAME(trig_index[ZCMD(zrnum, subcmd).arg2]->proto));
      break;"
"src\genolc.c","745","export_save_zone","'V'","","V %d %d %d QQ%02d %s %s","READ_OR_UNKNOWN","","    case 'V':
      fprintf(zone_file, ""V %d %d %d QQ%02d %s %s\n"",
              ZCMD(zrnum, subcmd).if_flag,
              ZCMD(zrnum, subcmd).arg1,
              ZCMD(zrnum, subcmd).arg2,
              world[ZCMD(zrnum, subcmd).arg3].number%100,
              ZCMD(zrnum, subcmd).sarg1,
              ZCMD(zrnum, subcmd).sarg2);
      break;"
"src\genolc.c","754","export_save_zone","'*'","","","READ_OR_UNKNOWN","","    case '*':
      /* Invalid commands are replaced with '*' - Ignore them. */
      continue;"
"src\genolc.c","757","export_save_zone","default","","SYSERR: export_save_zone(): Unknown cmd '%c' - NOT saving | S\n$","READ_OR_UNKNOWN","","    default:
      mudlog(BRF, LVL_BUILDER, TRUE, ""SYSERR: export_save_zone(): Unknown cmd '%c' - NOT saving"", ZCMD(zrnum, subcmd).command);
      continue;
    }
  }
  fputs(""S\n$\n"", zone_file);
  fclose(zone_file);

  return TRUE;"
"src\genwld.c","83","add_room","'M'","","","READ_OR_UNKNOWN","","      case 'M':"
"src\genwld.c","84","add_room","'O'","","","READ_OR_UNKNOWN","","      case 'O':"
"src\genwld.c","85","add_room","'T'","","","READ_OR_UNKNOWN","","      case 'T':"
"src\genwld.c","86","add_room","'V'","","","READ_OR_UNKNOWN","","      case 'V':
	ZCMD(i, j).arg3 += (ZCMD(i, j).arg3 != NOWHERE && ZCMD(i, j).arg3 >= found);
	break;"
"src\genwld.c","89","add_room","'D'","","","READ_OR_UNKNOWN","","      case 'D':"
"src\genwld.c","90","add_room","'R'","","","READ_OR_UNKNOWN","","      case 'R':
	ZCMD(i, j).arg1 += (ZCMD(i, j).arg1 != NOWHERE && ZCMD(i, j).arg1 >= found);"
"src\genwld.c","92","add_room","'G'","","","READ_OR_UNKNOWN","","      case 'G':"
"src\genwld.c","93","add_room","'P'","","","READ_OR_UNKNOWN","","      case 'P':"
"src\genwld.c","94","add_room","'E'","","","READ_OR_UNKNOWN","","      case 'E':"
"src\genwld.c","95","add_room","'*'","","","READ_OR_UNKNOWN","","      case '*':
	/* Known zone entries we don't care about. */
        break;"
"src\genwld.c","98","add_room","default","","SYSERR: GenOLC: add_room: Unknown zone entry found!","READ_OR_UNKNOWN","","      default:
        mudlog(BRF, LVL_GOD, TRUE, ""SYSERR: GenOLC: add_room: Unknown zone entry found!"");
      }

  /* Update the loadroom table. Adds 1 or 0. */
  r_mortal_start_room += (r_mortal_start_room >= found);
  r_immort_start_room += (r_immort_start_room >= found);
  r_frozen_start_room += (r_frozen_start_room >= found);

  /* Update world exits. */
  i = top_of_world + 1;
  do {
    i--;
    for (j = 0; j < DIR_COUNT; j++)
      if (W_EXIT(i, j) && W_EXIT(i, j)->to_room != NOWHERE)
	W_EXIT(i, j)->to_room += (W_EXIT(i, j)->to_room >= found);
  } while (i > 0);

  add_to_save_list(zone_table[room->zone].number, SL_WLD);

  /* Return what array entry we placed the new room in. */
  return found;"
"src\genwld.c","214","delete_room","'M'","","","READ_OR_UNKNOWN","","      case 'M':"
"src\genwld.c","215","delete_room","'O'","","","READ_OR_UNKNOWN","","      case 'O':"
"src\genwld.c","216","delete_room","'T'","","","READ_OR_UNKNOWN","","      case 'T':"
"src\genwld.c","217","delete_room","'V'","","","READ_OR_UNKNOWN","","      case 'V':
	if (ZCMD(i, j).arg3 == rnum)
	  ZCMD(i, j).command = '*';	/* Cancel command. */
	else if (ZCMD(i, j).arg3 > rnum)
	  ZCMD(i, j).arg3 -= (ZCMD(i, j).arg3 != NOWHERE); /* with unsigned NOWHERE > any rnum */
	break;"
"src\genwld.c","223","delete_room","'D'","","","READ_OR_UNKNOWN","","      case 'D':"
"src\genwld.c","224","delete_room","'R'","","","READ_OR_UNKNOWN","","      case 'R':
	if (ZCMD(i, j).arg1 == rnum)
	  ZCMD(i, j).command = '*';	/* Cancel command. */
	else if (ZCMD(i, j).arg1 > rnum)
	  ZCMD(i, j).arg1 -= (ZCMD(i, j).arg1 != NOWHERE); /* with unsigned NOWHERE > any rnum */"
"src\genwld.c","229","delete_room","'G'","","","READ_OR_UNKNOWN","","      case 'G':"
"src\genwld.c","230","delete_room","'P'","","","READ_OR_UNKNOWN","","      case 'P':"
"src\genwld.c","231","delete_room","'E'","","","READ_OR_UNKNOWN","","      case 'E':"
"src\genwld.c","232","delete_room","'*'","","","READ_OR_UNKNOWN","","      case '*':
        /* Known zone entries we don't care about. */
        break;"
"src\genwld.c","235","delete_room","default","","SYSERR: GenOLC: delete_room: Unknown zone entry found!","READ_OR_UNKNOWN","","      default:
        mudlog(BRF, LVL_GOD, TRUE, ""SYSERR: GenOLC: delete_room: Unknown zone entry found!"");
      }

  /* Remove this room from all shop lists. */
  for (i = 0; i <= top_shop; i++) {
    for (j = 0;SHOP_ROOM(i, j) != NOWHERE;j++) {
      if (SHOP_ROOM(i, j) == world[rnum].number)
        SHOP_ROOM(i, j) = 0; /* set to the void */
    }
  }
  /* Now we actually move the rooms down. */
  for (i = rnum; i < top_of_world; i++) {
    world[i] = world[i + 1];
    update_wait_events(&world[i], &world[i+1]);

    for (ppl = world[i].people; ppl; ppl = ppl->next_in_room)
      IN_ROOM(ppl) -= (IN_ROOM(ppl) != NOWHERE);	/* Redundant check? */

    for (obj = world[i].contents; obj; obj = obj->next_content)
      IN_ROOM(obj) -= (IN_ROOM(obj) != NOWHERE);	/* Redundant check? */
  }

  top_of_world--;
  RECREATE(world, struct room_data, top_of_world + 1);

  return TRUE;"
"src\genzon.c","228","create_world_index","'z'","","","READ_OR_UNKNOWN","","  case 'z':
    prefix = ZON_PREFIX;
    break;"
"src\genzon.c","231","create_world_index","'w'","","","READ_OR_UNKNOWN","","  case 'w':
    prefix = WLD_PREFIX;
    break;"
"src\genzon.c","234","create_world_index","'o'","","","READ_OR_UNKNOWN","","  case 'o':
    prefix = OBJ_PREFIX;
    break;"
"src\genzon.c","237","create_world_index","'m'","","","READ_OR_UNKNOWN","","  case 'm':
    prefix = MOB_PREFIX;
    break;"
"src\genzon.c","240","create_world_index","'s'","","","READ_OR_UNKNOWN","","  case 's':
    prefix = SHP_PREFIX;
    break;"
"src\genzon.c","243","create_world_index","'t'","","","READ_OR_UNKNOWN","","  case 't':
    prefix = TRG_PREFIX;
    break;"
"src\genzon.c","246","create_world_index","'q'","","","READ_OR_UNKNOWN","","  case 'q':
    prefix = QST_PREFIX;
    break;"
"src\genzon.c","249","create_world_index","default","","","READ_OR_UNKNOWN","","  default:
    /* Caller messed up. */
    return;"
"src\genzon.c","305","remove_room_zone_commands","'M'","","","READ_OR_UNKNOWN","","    case 'M':"
"src\genzon.c","306","remove_room_zone_commands","'O'","","","READ_OR_UNKNOWN","","    case 'O':"
"src\genzon.c","307","remove_room_zone_commands","'T'","","","READ_OR_UNKNOWN","","    case 'T':"
"src\genzon.c","308","remove_room_zone_commands","'V'","","","READ_OR_UNKNOWN","","    case 'V':
      cmd_room = zone_table[zone].cmd[subcmd].arg3;
      break;"
"src\genzon.c","311","remove_room_zone_commands","'D'","","","READ_OR_UNKNOWN","","    case 'D':"
"src\genzon.c","312","remove_room_zone_commands","'R'","","","READ_OR_UNKNOWN","","    case 'R':
      cmd_room = zone_table[zone].cmd[subcmd].arg1;
      break;"
"src\genzon.c","315","remove_room_zone_commands","default","","","READ_OR_UNKNOWN","","    default:
      break;"
"src\genzon.c","416","save_zone","'M'","","","READ_OR_UNKNOWN","","    case 'M':
      arg1 = mob_index[ZCMD(zone_num, subcmd).arg1].vnum;
      arg2 = ZCMD(zone_num, subcmd).arg2;
      arg3 = world[ZCMD(zone_num, subcmd).arg3].number;
      comment = mob_proto[ZCMD(zone_num, subcmd).arg1].player.short_descr;
      break;"
"src\genzon.c","422","save_zone","'O'","","","READ_OR_UNKNOWN","","    case 'O':
      arg1 = obj_index[ZCMD(zone_num, subcmd).arg1].vnum;
      arg2 = ZCMD(zone_num, subcmd).arg2;
      arg3 = world[ZCMD(zone_num, subcmd).arg3].number;
      comment = obj_proto[ZCMD(zone_num, subcmd).arg1].short_description;
      break;"
"src\genzon.c","428","save_zone","'G'","","","READ_OR_UNKNOWN","","    case 'G':
      arg1 = obj_index[ZCMD(zone_num, subcmd).arg1].vnum;
      arg2 = ZCMD(zone_num, subcmd).arg2;
      arg3 = -1;
      comment = obj_proto[ZCMD(zone_num, subcmd).arg1].short_description;
      break;"
"src\genzon.c","434","save_zone","'E'","","","READ_OR_UNKNOWN","","    case 'E':
      arg1 = obj_index[ZCMD(zone_num, subcmd).arg1].vnum;
      arg2 = ZCMD(zone_num, subcmd).arg2;
      arg3 = ZCMD(zone_num, subcmd).arg3;
      comment = obj_proto[ZCMD(zone_num, subcmd).arg1].short_description;
      break;"
"src\genzon.c","440","save_zone","'P'","","","READ_OR_UNKNOWN","","    case 'P':
      arg1 = obj_index[ZCMD(zone_num, subcmd).arg1].vnum;
      arg2 = ZCMD(zone_num, subcmd).arg2;
      arg3 = obj_index[ZCMD(zone_num, subcmd).arg3].vnum;
      comment = obj_proto[ZCMD(zone_num, subcmd).arg1].short_description;
      break;"
"src\genzon.c","446","save_zone","'D'","","","READ_OR_UNKNOWN","","    case 'D':
      arg1 = world[ZCMD(zone_num, subcmd).arg1].number;
      arg2 = ZCMD(zone_num, subcmd).arg2;
      arg3 = ZCMD(zone_num, subcmd).arg3;
      comment = world[ZCMD(zone_num, subcmd).arg1].name;
      break;"
"src\genzon.c","452","save_zone","'R'","","","READ_OR_UNKNOWN","","    case 'R':
      arg1 = world[ZCMD(zone_num, subcmd).arg1].number;
      arg2 = obj_index[ZCMD(zone_num, subcmd).arg2].vnum;
      comment = obj_proto[ZCMD(zone_num, subcmd).arg2].short_description;
      arg3 = -1;
      break;"
"src\genzon.c","458","save_zone","'T'","","","READ_OR_UNKNOWN","","    case 'T':
      arg1 = ZCMD(zone_num, subcmd).arg1; /* trigger type */
      arg2 = trig_index[ZCMD(zone_num, subcmd).arg2]->vnum; /* trigger vnum */
      arg3 = world[ZCMD(zone_num, subcmd).arg3].number; /* room num */
      comment = GET_TRIG_NAME(trig_index[real_trigger(arg2)]->proto);
      break;"
"src\genzon.c","464","save_zone","'V'","","","READ_OR_UNKNOWN","","    case 'V':
      arg1 = ZCMD(zone_num, subcmd).arg1; /* trigger type */
      arg2 = ZCMD(zone_num, subcmd).arg2; /* context */
      arg3 = world[ZCMD(zone_num, subcmd).arg3].number;
      break;"
"src\genzon.c","469","save_zone","'*'","","","READ_OR_UNKNOWN","","    case '*':
      /* Invalid commands are replaced with '*' - Ignore them. */
      continue;"
"src\genzon.c","472","save_zone","default","","SYSERR: OLC: z_save_to_disk(): Unknown cmd '%c' - NOT saving | %c %d %d %d %d 	(%s) | %c %d %d %d %d %s %s | S\n$ | %s/%d.zon","READ_OR_UNKNOWN","","    default:
      mudlog(BRF, LVL_BUILDER, TRUE, ""SYSERR: OLC: z_save_to_disk(): Unknown cmd '%c' - NOT saving"", ZCMD(zone_num, subcmd).command);
      continue;
    }
    if (ZCMD(zone_num, subcmd).command != 'V')
      fprintf(zfile, ""%c %d %d %d %d \t(%s)\n"",
		ZCMD(zone_num, subcmd).command, ZCMD(zone_num, subcmd).if_flag, arg1, arg2, arg3, comment);
    else
      fprintf(zfile, ""%c %d %d %d %d %s %s\n"",
              ZCMD(zone_num, subcmd).command, ZCMD(zone_num, subcmd).if_flag, arg1, arg2, arg3,
              ZCMD(zone_num, subcmd).sarg1, ZCMD(zone_num, subcmd).sarg2);
  }
  fputs(""S\n$\n"", zfile);
  fclose(zfile);
  snprintf(oldname, sizeof(oldname), ""%s/%d.zon"", ZON_PREFIX, zone_table[zone_num].number);
  remove(oldname);
  rename(fname, oldname);

  if (in_save_list(zone_table[zone_num].number, SL_ZON))
    remove_from_save_list(zone_table[zone_num].number, SL_ZON);
  return TRUE;"
"src\handler.c","112","aff_apply_modify","APPLY_NONE","","","READ_OR_UNKNOWN","","  case APPLY_NONE:
    break;"
"src\handler.c","115","aff_apply_modify","APPLY_STR","","","READ_OR_UNKNOWN","","  case APPLY_STR:
    GET_STR(ch) += mod;
    break;"
"src\handler.c","118","aff_apply_modify","APPLY_DEX","","","READ_OR_UNKNOWN","","  case APPLY_DEX:
    GET_DEX(ch) += mod;
    break;"
"src\handler.c","121","aff_apply_modify","APPLY_INT","","","READ_OR_UNKNOWN","","  case APPLY_INT:
    GET_INT(ch) += mod;
    break;"
"src\handler.c","124","aff_apply_modify","APPLY_WIS","","","READ_OR_UNKNOWN","","  case APPLY_WIS:
    GET_WIS(ch) += mod;
    break;"
"src\handler.c","127","aff_apply_modify","APPLY_CON","","","READ_OR_UNKNOWN","","  case APPLY_CON:
    GET_CON(ch) += mod;
    break;"
"src\handler.c","130","aff_apply_modify","APPLY_CHA","","","READ_OR_UNKNOWN","","  case APPLY_CHA:
    GET_CHA(ch) += mod;
    break;"
"src\handler.c","135","aff_apply_modify","APPLY_CLASS","","","READ_OR_UNKNOWN","","  case APPLY_CLASS:
    break;"
"src\handler.c","137","aff_apply_modify","APPLY_LEVEL","","","READ_OR_UNKNOWN","","  case APPLY_LEVEL:
    break;"
"src\handler.c","140","aff_apply_modify","APPLY_AGE","","","READ_OR_UNKNOWN","","  case APPLY_AGE:
    ch->player.time.birth -= (mod * SECS_PER_MUD_YEAR);
    break;"
"src\handler.c","144","aff_apply_modify","APPLY_CHAR_WEIGHT","","","READ_OR_UNKNOWN","","  case APPLY_CHAR_WEIGHT:
    GET_WEIGHT(ch) += mod;
    break;"
"src\handler.c","148","aff_apply_modify","APPLY_CHAR_HEIGHT","","","READ_OR_UNKNOWN","","  case APPLY_CHAR_HEIGHT:
    GET_HEIGHT(ch) += mod;
    break;"
"src\handler.c","152","aff_apply_modify","APPLY_MANA","","","READ_OR_UNKNOWN","","  case APPLY_MANA:
    GET_MAX_MANA(ch) += mod;
    break;"
"src\handler.c","156","aff_apply_modify","APPLY_HIT","","","READ_OR_UNKNOWN","","  case APPLY_HIT:
    GET_MAX_HIT(ch) += mod;
    break;"
"src\handler.c","160","aff_apply_modify","APPLY_MOVE","","","READ_OR_UNKNOWN","","  case APPLY_MOVE:
    GET_MAX_MOVE(ch) += mod;
    break;"
"src\handler.c","164","aff_apply_modify","APPLY_GOLD","","","READ_OR_UNKNOWN","","  case APPLY_GOLD:
    break;"
"src\handler.c","167","aff_apply_modify","APPLY_EXP","","","READ_OR_UNKNOWN","","  case APPLY_EXP:
    break;"
"src\handler.c","170","aff_apply_modify","APPLY_AC","","","READ_OR_UNKNOWN","","  case APPLY_AC:
    GET_AC(ch) += mod;
    break;"
"src\handler.c","173","aff_apply_modify","APPLY_EVASION","","","READ_OR_UNKNOWN","","  case APPLY_EVASION:
    GET_EVASION(ch) += mod;
    break;"
"src\handler.c","177","aff_apply_modify","APPLY_HITROLL","","","READ_OR_UNKNOWN","","  case APPLY_HITROLL:
    GET_HITROLL(ch) += mod;
    break;"
"src\handler.c","181","aff_apply_modify","APPLY_DAMROLL","","","READ_OR_UNKNOWN","","  case APPLY_DAMROLL:
    GET_DAMROLL(ch) += mod;
    break;"
"src\handler.c","185","aff_apply_modify","APPLY_SAVING_PARA","","","READ_OR_UNKNOWN","","  case APPLY_SAVING_PARA:
    GET_SAVE(ch, SAVING_PARA) += mod;
    break;"
"src\handler.c","189","aff_apply_modify","APPLY_SAVING_ROD","","","READ_OR_UNKNOWN","","  case APPLY_SAVING_ROD:
    GET_SAVE(ch, SAVING_ROD) += mod;
    break;"
"src\handler.c","193","aff_apply_modify","APPLY_SAVING_PETRI","","","READ_OR_UNKNOWN","","  case APPLY_SAVING_PETRI:
    GET_SAVE(ch, SAVING_PETRI) += mod;
    break;"
"src\handler.c","197","aff_apply_modify","APPLY_SAVING_BREATH","","","READ_OR_UNKNOWN","","  case APPLY_SAVING_BREATH:
    GET_SAVE(ch, SAVING_BREATH) += mod;
    break;"
"src\handler.c","201","aff_apply_modify","APPLY_SAVING_SPELL","","","READ_OR_UNKNOWN","","  case APPLY_SAVING_SPELL:
    GET_SAVE(ch, SAVING_SPELL) += mod;
    break;"
"src\handler.c","206","aff_apply_modify","APPLY_MELEE_CRIT","","","READ_OR_UNKNOWN","","  case APPLY_MELEE_CRIT:
    GET_MELEE_CRIT(ch) += mod;
    break;"
"src\handler.c","209","aff_apply_modify","APPLY_SPELL_CRIT","","","READ_OR_UNKNOWN","","  case APPLY_SPELL_CRIT:
    GET_SPELL_CRIT(ch) += mod;
    break;"
"src\handler.c","212","aff_apply_modify","APPLY_HEAL_CRIT","","","READ_OR_UNKNOWN","","  case APPLY_HEAL_CRIT:
    GET_HEAL_CRIT(ch) += mod;
    break;"
"src\handler.c","216","aff_apply_modify","APPLY_MELEE_CRIT_MULT","","","READ_OR_UNKNOWN","","  case APPLY_MELEE_CRIT_MULT:
    GET_MELEE_CRIT_MULT(ch) += mod;
    break;"
"src\handler.c","219","aff_apply_modify","APPLY_SPELL_CRIT_MULT","","","READ_OR_UNKNOWN","","  case APPLY_SPELL_CRIT_MULT:
    GET_SPELL_CRIT_MULT(ch) += mod;
    break;"
"src\handler.c","222","aff_apply_modify","APPLY_HEAL_CRIT_MULT","","","READ_OR_UNKNOWN","","  case APPLY_HEAL_CRIT_MULT:
    GET_HEAL_CRIT_MULT(ch) += mod;
    break;"
"src\handler.c","225","aff_apply_modify","default","","SYSERR: Unknown apply adjust %d attempt (%s, affect_modify).","READ_OR_UNKNOWN","","  default:
    log(""SYSERR: Unknown apply adjust %d attempt (%s, affect_modify)."", loc, __FILE__);
    break;"
"src\hedit.c","272","hedit_parse","HEDIT_CONFIRM_SAVESTRING","","","READ_OR_UNKNOWN","","  case HEDIT_CONFIRM_SAVESTRING:
    switch (*arg) {"
"src\hedit.c","274","hedit_parse","'y'","","","READ_OR_UNKNOWN","","    case 'y':"
"src\hedit.c","275","hedit_parse","'Y'","","OLC: %s edits help for %s. | %s | Help saved to disk.","SAVE_PATH","disk/save operation","    case 'Y':
      snprintf(buf, sizeof(buf), ""OLC: %s edits help for %s."", GET_NAME(d->character),
               OLC_HELP(d)->keywords);
      mudlog(TRUE, MAX(LVL_BUILDER, GET_INVIS_LEV(d->character)), CMP, ""%s"", buf);
      write_to_output(d, ""Help saved to disk.\r\n"");
      hedit_save_internally(d);

      /* Do not free strings, just the help structure. */
      cleanup_olc(d, CLEANUP_STRUCTS);
      break;"
"src\hedit.c","285","hedit_parse","'n'","","","READ_OR_UNKNOWN","","    case 'n':"
"src\hedit.c","286","hedit_parse","'N'","","","READ_OR_UNKNOWN","","    case 'N':
      /* Free everything up, including strings, etc. */
      cleanup_olc(d, CLEANUP_ALL);
      break;"
"src\hedit.c","290","hedit_parse","default","","Invalid choice!\r\nDo you wish to save your changes? :","READ_OR_UNKNOWN","","    default:
      write_to_output(d, ""Invalid choice!\r\nDo you wish to save your changes? : \r\n"");
      break;"
"src\hedit.c","296","hedit_parse","HEDIT_CONFIRM_EDIT","","","READ_OR_UNKNOWN","","  case HEDIT_CONFIRM_EDIT:
    switch (*arg)  {"
"src\hedit.c","298","hedit_parse","'y': case 'Y'","","","READ_OR_UNKNOWN","","    case 'y': case 'Y':
      hedit_setup_existing(d, OLC_ZNUM(d));
      break;"
"src\hedit.c","301","hedit_parse","'q': case 'Q'","","","READ_OR_UNKNOWN","","    case 'q': case 'Q': 
      cleanup_olc(d, CLEANUP_ALL);
      break;       "
"src\hedit.c","304","hedit_parse","'n': case 'N'","","","READ_OR_UNKNOWN","","    case 'n': case 'N':
      OLC_ZNUM(d)++;
      for (; OLC_ZNUM(d) < top_of_helpt; OLC_ZNUM(d)++)
        if (is_abbrev(OLC_STORAGE(d), help_table[OLC_ZNUM(d)].keywords))
          break;"
"src\hedit.c","322","hedit_parse","default","","Invalid choice! | Do you wish to edit the '%s' help file?","READ_OR_UNKNOWN","","    default:
      write_to_output(d, ""Invalid choice!\r\n""
                         ""Do you wish to edit the '%s' help file? "",
                         help_table[OLC_ZNUM(d)].keywords);
      break;"
"src\hedit.c","330","hedit_parse","HEDIT_CONFIRM_ADD","","","READ_OR_UNKNOWN","","  case HEDIT_CONFIRM_ADD:
    switch (*arg)  {"
"src\hedit.c","332","hedit_parse","'y': case 'Y'","","","READ_OR_UNKNOWN","","      case 'y': case 'Y':
      hedit_setup_new(d);
      break;"
"src\hedit.c","335","hedit_parse","'n': case 'N': case 'q': case 'Q'","","","READ_OR_UNKNOWN","","    case 'n': case 'N': case 'q': case 'Q':
      cleanup_olc(d, CLEANUP_ALL);
      break;"
"src\hedit.c","338","hedit_parse","default","","Invalid choice! | Do you wish to add the '%s' help file?","READ_OR_UNKNOWN","","    default:
      write_to_output(d, ""Invalid choice!\r\n""
                         ""Do you wish to add the '%s' help file? "",
                         OLC_STORAGE(d));
      break;"
"src\hedit.c","346","hedit_parse","HEDIT_MAIN_MENU","","","READ_OR_UNKNOWN","","  case HEDIT_MAIN_MENU:
    switch (*arg) {"
"src\hedit.c","348","hedit_parse","'q'","","","READ_OR_UNKNOWN","","    case 'q':"
"src\hedit.c","349","hedit_parse","'Q'","HEDIT_CONFIRM_SAVESTRING","Do you wish to save your changes? : | No changes made.","MUTATING_REVIEW","OLC/object/flag mutation","    case 'Q':
      if (OLC_VAL(d)) {
        /* Something has been modified. */
        write_to_output(d, ""Do you wish to save your changes? : "");
        OLC_MODE(d) = HEDIT_CONFIRM_SAVESTRING;
      } else {
        write_to_output(d, ""No changes made.\r\n"");
        cleanup_olc(d, CLEANUP_ALL);
      }
      break;"
"src\hedit.c","359","hedit_parse","'1'","HEDIT_KEYWORDS","Enter keywords (space-separated):","MUTATING_REVIEW","OLC/object/flag mutation","    case '1':
      write_to_output(d, ""Enter keywords (space-separated): "");
      OLC_MODE(d) = HEDIT_KEYWORDS;
      break;"
"src\hedit.c","363","hedit_parse","'2'","HEDIT_ENTRY","Enter help entry: (/s saves /h for help) | %s","MUTATING_REVIEW","OLC/object/flag mutation | multiline editor entry","    case '2':
      OLC_MODE(d) = HEDIT_ENTRY;
      clear_screen(d);
      send_editor_help(d);
      write_to_output(d, ""Enter help entry: (/s saves /h for help)\r\n"");
      if (OLC_HELP(d)->entry) {
        write_to_output(d, ""%s"", OLC_HELP(d)->entry);
        oldtext = strdup(OLC_HELP(d)->entry);
      }
      string_write(d, &OLC_HELP(d)->entry, MAX_MESSAGE_LENGTH, 0, oldtext);
      OLC_VAL(d) = 1;
      break;"
"src\hedit.c","375","hedit_parse","'3'","HEDIT_MIN_LEVEL","Enter min level :","MUTATING_REVIEW","OLC/object/flag mutation","    case '3':
      write_to_output(d, ""Enter min level : "");
      OLC_MODE(d) = HEDIT_MIN_LEVEL;
      break;"
"src\hedit.c","379","hedit_parse","default","","Invalid choice!","READ_OR_UNKNOWN","","    default:
      write_to_output(d, ""Invalid choice!\r\n"");
      hedit_disp_menu(d);
      break;"
"src\hedit.c","386","hedit_parse","HEDIT_KEYWORDS","","","DESTRUCTIVE_REVIEW","delete/purge/extract/remove/free operation | OLC/object/flag mutation","  case HEDIT_KEYWORDS:
    if (OLC_HELP(d)->keywords)
      free(OLC_HELP(d)->keywords);
    if (strlen(arg) > MAX_HELP_KEYWORDS)
      arg[MAX_HELP_KEYWORDS - 1] = '\0';
    strip_cr(arg);
    skip_spaces(&arg);
    if (*arg)
      OLC_HELP(d)->keywords = str_udup(arg);
    else
      OLC_HELP(d)->keywords = str_udup(OLC_STORAGE(d));
    break;"
"src\hedit.c","399","hedit_parse","HEDIT_ENTRY","","SYSERR: Reached HEDIT_ENTRY case in parse_hedit","READ_OR_UNKNOWN","","  case HEDIT_ENTRY:
    /* We will NEVER get here, we hope. */
    mudlog(TRUE, LVL_BUILDER, BRF, ""SYSERR: Reached HEDIT_ENTRY case in parse_hedit"");
    break;"
"src\hedit.c","404","hedit_parse","HEDIT_MIN_LEVEL","","That is not a valid choice!\r\nEnter min level:-\r\n]","MUTATING_REVIEW","OLC/object/flag mutation","  case HEDIT_MIN_LEVEL:
    number = atoi(arg);
    if ((number < 0) || (number > LVL_IMPL))
      write_to_output(d, ""That is not a valid choice!\r\nEnter min level:-\r\n] "");
    else {
      OLC_HELP(d)->min_level = number;
      break;"
"src\hedit.c","414","hedit_parse","default","","SYSERR: Reached default case in parse_hedit","READ_OR_UNKNOWN","","  default:
    /* We should never get here. */
    mudlog(TRUE, LVL_BUILDER, BRF, ""SYSERR: Reached default case in parse_hedit"");
    break;"
"src\hedit.c","428","hedit_string_cleanup","HEDIT_ENTRY","","","READ_OR_UNKNOWN","","  case HEDIT_ENTRY:
    hedit_disp_menu(d);
    break;"
"src\ibt.c","150","free_ibt_list","'B'","","Body","READ_OR_UNKNOWN","","          case 'B':
            if (!str_cmp(word, ""Body""))  STRFREE(ibtData->body);
            KEY(""Body"",     ibtData->body,   fread_clean_string( fp, buf ));
            break;"
"src\ibt.c","154","free_ibt_list","'D'","","Dated","READ_OR_UNKNOWN","","          case 'D':
            TXT_KEY(""Dated"", dated, fread_line(fp));          
            break;"
"src\ibt.c","157","free_ibt_list","'E'","","End","READ_OR_UNKNOWN","","          case 'E':
            if (!str_cmp(word, ""End""))
            {
              if ( id_num ) {
                ibtData->id_num = atol(id_num);
                STRFREE( id_num );
              }  
              if ( dated ) {
                ibtData->dated = atol(dated);
                STRFREE( dated );
              }  
              if ( !ibtData->name )
                ibtData->name = STRALLOC("""");
              if ( !ibtData->text )
                ibtData->text = STRALLOC("""");
              if ( !ibtData->body )
                ibtData->body = STRALLOC("""");
              if ( !ibtData->notes )
                ibtData->notes = STRALLOC("""");
              return ibtData;"
"src\ibt.c","180","free_ibt_list","'F'","","Flags","READ_OR_UNKNOWN","","          case 'F':
            if (!str_cmp(word, ""Flags"")) {
              fMatch = TRUE;
              fread_flags(fp, ibtData->flags, 4);
            }
            break;"
"src\ibt.c","187","free_ibt_list","'I'","","IdNum","READ_OR_UNKNOWN","","          case 'I':
            TXT_KEY(""IdNum"", id_num, fread_line(fp));
            break;"
"src\ibt.c","191","free_ibt_list","'L'","","Level","READ_OR_UNKNOWN","","          case 'L':
            KEY(""Level"",    ibtData->level,   fread_number(fp));
            break;"
"src\ibt.c","195","free_ibt_list","'N'","","Name | Notes","READ_OR_UNKNOWN","","          case 'N':
            if (!str_cmp(word, ""Name"") && ibtData->name)   STRFREE(ibtData->name);
            if (!str_cmp(word, ""Notes"") && ibtData->notes)  STRFREE(ibtData->notes);
            TXT_KEY(""Name"",     ibtData->name,    fread_line( fp ));
            KEY(""Notes"",        ibtData->notes,   fread_clean_string( fp, buf ));
            break;"
"src\ibt.c","202","free_ibt_list","'R'","","Room","READ_OR_UNKNOWN","","          case 'R':
            KEY(""Room"",     ibtData->room,    fread_number(fp));
            break;"
"src\ibt.c","206","free_ibt_list","'T'","","Text","READ_OR_UNKNOWN","","          case 'T':
            if (!str_cmp(word, ""Text""))  STRFREE(ibtData->text);
            TXT_KEY(""Text"",     ibtData->text,    fread_line( fp ));
            break;"
"src\ibt.c","211","free_ibt_list","'*'","","","READ_OR_UNKNOWN","","          case '*':  /* Handle comments */
            fread_to_eol(fp);
            fMatch = TRUE;
            break;"
"src\ibt.c","216","free_ibt_list","default","","SYSERR: Invalid keyword (%s) in IBT file","READ_OR_UNKNOWN","","          default:
            log(""SYSERR: Invalid keyword (%s) in IBT file"", word);
            break;"
"src\ibt.c","261","load_ibt_file","default","","SYSERR: Invalid mode (%d) in load_ibt_file","READ_OR_UNKNOWN","","     default       : log(""SYSERR: Invalid mode (%d) in load_ibt_file"", mode);
                     return;"
"src\ibt.c","307","save_ibt_file","default","","SYSERR: Invalid mode (%d) in save_ibt_file","READ_OR_UNKNOWN","","     default       : log(""SYSERR: Invalid mode (%d) in save_ibt_file"", mode);
                     return;"
"src\ibt.c","355","save_ibt_file","default","","SYSERR: Invalid mode (%d) in get_first_ibt","READ_OR_UNKNOWN","","    default       : log(""SYSERR: Invalid mode (%d) in get_first_ibt"", mode);
                    break;"
"src\ibt.c","372","save_ibt_file","default","","SYSERR: Invalid mode (%d) in get_last_ibt","READ_OR_UNKNOWN","","    default       : log(""SYSERR: Invalid mode (%d) in get_last_ibt"", mode);
                    break;"
"src\ibt.c","656","is_ibt_logger","default","","Invalid subcmd (%d) in do_ibt","READ_OR_UNKNOWN","","      default       : log(""Invalid subcmd (%d) in do_ibt"", subcmd);
                      return;"
"src\ibt.c","1004","ibtedit_parse","IBTEDIT_CONFIRM_SAVESTRING","","","READ_OR_UNKNOWN","","    case IBTEDIT_CONFIRM_SAVESTRING:
      switch (*arg) {"
"src\ibt.c","1006","ibtedit_parse","'y'","","","READ_OR_UNKNOWN","","      case 'y':"
"src\ibt.c","1007","ibtedit_parse","'Y'","","OLC: %s edits %s %d","READ_OR_UNKNOWN","","      case 'Y':
        /* Save the IBT in memory and to disk. */
        ibtedit_save(d);
        mudlog(CMP, MAX(LVL_BUILDER, GET_INVIS_LEV(d->character)), TRUE, ""OLC: %s edits %s %d"", GET_NAME(d->character), IBT_TYPE, OLC_NUM(d));
        cleanup_olc(d, CLEANUP_ALL);
        return;"
"src\ibt.c","1013","ibtedit_parse","'n'","","","READ_OR_UNKNOWN","","      case 'n':"
"src\ibt.c","1014","ibtedit_parse","'N'","","","READ_OR_UNKNOWN","","      case 'N':
        /* If not saving, we must free the OLC memory. */
        cleanup_olc(d, CLEANUP_ALL);
        return;"
"src\ibt.c","1018","ibtedit_parse","default","","Invalid choice! | Do you wish to save your changes? :","READ_OR_UNKNOWN","","      default:
        write_to_output(d, ""Invalid choice!\r\n"");
        write_to_output(d, ""Do you wish to save your changes? : "");
        return;"
"src\ibt.c","1024","ibtedit_parse","IBTEDIT_MAIN_MENU","","","READ_OR_UNKNOWN","","    case IBTEDIT_MAIN_MENU:
      switch (*arg) {"
"src\ibt.c","1026","ibtedit_parse","'q'","","","READ_OR_UNKNOWN","","        case 'q':"
"src\ibt.c","1027","ibtedit_parse","'Q'","IBTEDIT_CONFIRM_SAVESTRING","Do you wish to save your changes? :","MUTATING_REVIEW","OLC/object/flag mutation","        case 'Q':
          if (OLC_ZNUM(d)) {	/* Anything been changed? */
            write_to_output(d, ""Do you wish to save your changes? : "");
            OLC_MODE(d) = IBTEDIT_CONFIRM_SAVESTRING;
          } else
            cleanup_olc(d, CLEANUP_ALL);
          return;"
"src\ibt.c","1035","ibtedit_parse","'1'","IBTEDIT_NAME","Who reported this %s? :","MUTATING_REVIEW","OLC/object/flag mutation","        case '1':
          OLC_MODE(d) = IBTEDIT_NAME;
          write_to_output(d, ""Who reported this %s? : "", IBT_TYPE);
          return;"
"src\ibt.c","1040","ibtedit_parse","'2'","IBTEDIT_ROOM","Enter the room VNUM for this %s? :","MUTATING_REVIEW","OLC/object/flag mutation","        case '2':
          OLC_MODE(d) = IBTEDIT_ROOM;
          write_to_output(d, ""Enter the room VNUM for this %s? : "", IBT_TYPE);
          return;"
"src\ibt.c","1045","ibtedit_parse","'3'","IBTEDIT_TEXT","Enter the header text for this %s? :","MUTATING_REVIEW","OLC/object/flag mutation","        case '3':
          OLC_MODE(d) = IBTEDIT_TEXT;
          write_to_output(d, ""Enter the header text for this %s? : "", IBT_TYPE);
          return;"
"src\ibt.c","1050","ibtedit_parse","'4'","","","READ_OR_UNKNOWN","","        case '4':
          ibtedit_disp_flags(d);
          return;"
"src\ibt.c","1054","ibtedit_parse","'5'","IBTEDIT_BODY","Enter %s description: | %s","MUTATING_REVIEW","OLC/object/flag mutation | multiline editor entry","        case '5':
          OLC_MODE(d) = IBTEDIT_BODY;
          send_editor_help(d);
          write_to_output(d, ""Enter %s description:\r\n\r\n"", IBT_TYPE);
          if (OLC_IBT(d)->body) {
            write_to_output(d, ""%s"", OLC_IBT(d)->body);
            if (oldtext) STRFREE(oldtext);
            oldtext = STRALLOC(OLC_IBT(d)->body);
          }
          string_write(d, &OLC_IBT(d)->body, MAX_IBT_LENGTH, 0, oldtext);
          OLC_ZNUM(d) = 1;
          return;"
"src\ibt.c","1067","ibtedit_parse","'6'","IBTEDIT_NOTES","Enter %s notes: | %s","MUTATING_REVIEW","OLC/object/flag mutation | multiline editor entry","        case '6':
          OLC_MODE(d) = IBTEDIT_NOTES;
          send_editor_help(d);
          write_to_output(d, ""Enter %s notes:\r\n\r\n"", IBT_TYPE);
          if (OLC_IBT(d)->notes) {
            write_to_output(d, ""%s"", OLC_IBT(d)->notes);
            if (oldtext) STRFREE(oldtext);
            oldtext = STRALLOC(OLC_IBT(d)->notes);
          }
          string_write(d, &OLC_IBT(d)->notes, MAX_IBT_LENGTH, 0, oldtext);
          OLC_ZNUM(d) = 1;
          return;"
"src\ibt.c","1080","ibtedit_parse","default","","","READ_OR_UNKNOWN","","        default:
          ibtedit_disp_main_menu(d);
          return;"
"src\ibt.c","1085","ibtedit_parse","IBTEDIT_NAME","","","MUTATING_REVIEW","OLC/object/flag mutation","    case IBTEDIT_NAME:
      smash_tilde(arg);
      if (OLC_IBT(d)->name) STRFREE(OLC_IBT(d)->name);
      OLC_IBT(d)->name = STRALLOC(arg);
      break;"
"src\ibt.c","1091","ibtedit_parse","IBTEDIT_ROOM","","","READ_OR_UNKNOWN","","    case IBTEDIT_ROOM:
      i = atoi(arg);
      if (i == 0) { /* Cancel option */
        ibtedit_disp_main_menu(d);
        return;"
"src\ibt.c","1106","ibtedit_parse","IBTEDIT_TEXT","","","MUTATING_REVIEW","OLC/object/flag mutation","    case IBTEDIT_TEXT:
      smash_tilde(arg);
      if (OLC_IBT(d)->text) STRFREE(OLC_IBT(d)->text);
      OLC_IBT(d)->text = STRALLOC(arg);
      break;"
"src\ibt.c","1112","ibtedit_parse","IBTEDIT_FLAGS","","","READ_OR_UNKNOWN","","    case IBTEDIT_FLAGS:
      if ((i = atoi(arg)) <= 0)
        break;"
"src\ibt.c","1120","ibtedit_parse","IBTEDIT_BODY","","SYSERR: OLC: ibtedit_parse(): Reached BODY case! | Oops...","READ_OR_UNKNOWN","","    case IBTEDIT_BODY:
      /* We should never get here, modify.c throws user through ibtedit_string_cleanup. */
      cleanup_olc(d, CLEANUP_ALL);
      mudlog(BRF, LVL_BUILDER, TRUE, ""SYSERR: OLC: ibtedit_parse(): Reached BODY case!"");
      write_to_output(d, ""Oops...\r\n"");
      break;"
"src\ibt.c","1127","ibtedit_parse","IBTEDIT_NOTES","","SYSERR: OLC: ibtedit_parse(): Reached NOTES case! | Oops...","READ_OR_UNKNOWN","","    case IBTEDIT_NOTES:
      /* We should never get here, modify.c throws user through ibtedit_string_cleanup. */
      cleanup_olc(d, CLEANUP_ALL);
      mudlog(BRF, LVL_BUILDER, TRUE, ""SYSERR: OLC: ibtedit_parse(): Reached NOTES case!"");
      write_to_output(d, ""Oops...\r\n"");
      break;"
"src\ibt.c","1134","ibtedit_parse","default","","SYSERR: OLC: ibtedit_parse(): Reached default case! | Oops...","READ_OR_UNKNOWN","","    default:
      /* We should never get here. */
      cleanup_olc(d, CLEANUP_ALL);
      mudlog(BRF, LVL_BUILDER, TRUE, ""SYSERR: OLC: ibtedit_parse(): Reached default case!"");
      write_to_output(d, ""Oops...\r\n"");
      break;"
"src\ibt.c","1152","ibtedit_string_cleanup","IBTEDIT_BODY","","","READ_OR_UNKNOWN","","  case IBTEDIT_BODY:"
"src\ibt.c","1153","ibtedit_string_cleanup","IBTEDIT_NOTES","","","READ_OR_UNKNOWN","","  case IBTEDIT_NOTES:"
"src\ibt.c","1154","ibtedit_string_cleanup","default","","","READ_OR_UNKNOWN","","  default:
     ibtedit_disp_main_menu(d);
     break;"
"src\improved-edit.c","40","improved_editor_execute","'a'","","","READ_OR_UNKNOWN","","  case 'a':
    return STRINGADD_ABORT;"
"src\improved-edit.c","42","improved_editor_execute","'c'","","Current buffer cleared. | Current buffer empty.","DESTRUCTIVE_REVIEW","delete/purge/extract/remove/free operation","  case 'c':
    if (*(d->str)) {
      free(*d->str);
      *(d->str) = NULL;
      write_to_output(d, ""Current buffer cleared.\r\n"");
    } else
      write_to_output(d, ""Current buffer empty.\r\n"");
    break;"
"src\improved-edit.c","50","improved_editor_execute","'d'","","","READ_OR_UNKNOWN","","  case 'd':
    parse_edit_action(PARSE_DELETE, actions, d);
    break;"
"src\improved-edit.c","53","improved_editor_execute","'e'","","","READ_OR_UNKNOWN","","  case 'e':
    parse_edit_action(PARSE_EDIT, actions, d);
    break;"
"src\improved-edit.c","56","improved_editor_execute","'f'","","Current buffer empty.","READ_OR_UNKNOWN","","  case 'f':
    if (*(d->str))
      parse_edit_action(PARSE_FORMAT, actions, d);
    else
      write_to_output(d, ""Current buffer empty.\r\n"");
    break;"
"src\improved-edit.c","62","improved_editor_execute","'i'","","Current buffer empty.","READ_OR_UNKNOWN","","  case 'i':
    if (*(d->str))
      parse_edit_action(PARSE_INSERT, actions, d);
    else
      write_to_output(d, ""Current buffer empty.\r\n"");
    break;"
"src\improved-edit.c","68","improved_editor_execute","'h'","","","READ_OR_UNKNOWN","","  case 'h':
    parse_edit_action(PARSE_HELP, actions, d);
    break;"
"src\improved-edit.c","71","improved_editor_execute","'l'","","Current buffer empty.","READ_OR_UNKNOWN","","  case 'l':
    if (*d->str)
      parse_edit_action(PARSE_LIST_NORM, actions, d);
    else
      write_to_output(d, ""Current buffer empty.\r\n"");
    break;"
"src\improved-edit.c","77","improved_editor_execute","'n'","","Current buffer empty.","READ_OR_UNKNOWN","","  case 'n':
    if (*d->str)
      parse_edit_action(PARSE_LIST_NUM, actions, d);
    else
      write_to_output(d, ""Current buffer empty.\r\n"");
    break;"
"src\improved-edit.c","83","improved_editor_execute","'r'","","","READ_OR_UNKNOWN","","  case 'r':
    parse_edit_action(PARSE_REPLACE, actions, d);
    break;"
"src\improved-edit.c","86","improved_editor_execute","'s'","","","READ_OR_UNKNOWN","","  case 's':
    return STRINGADD_SAVE;"
"src\improved-edit.c","88","improved_editor_execute","'t'","","","READ_OR_UNKNOWN","","  case 't':
    parse_edit_action(PARSE_TOGGLE, actions, d);
    break;"
"src\improved-edit.c","91","improved_editor_execute","default","","Invalid option.","READ_OR_UNKNOWN","","  default:
    write_to_output(d, ""Invalid option.\r\n"");
    break;"
"src\improved-edit.c","108","parse_edit_action","PARSE_HELP","","Editor command formats: /<letter> | /a         -  aborts editor | /c         -  clears buffer | /d#        -  deletes a line # | /e# <text> -  changes the line at # with <text> | /f         -  formats text | /fi        -  indented formatting of text | /h         -  list text editor commands | /i# <text> -  inserts <text> before line # | /l         -  lists buffer | /n         -  lists buffer with line numbers | /r 'a' 'b' -  replace 1st occurence of text <a> in buffer with text <b> | /ra 'a' 'b'-  replace all occurences of text <a> within buffer with text <b> | usage: /r[a] 'pattern' 'replacement' | /t         -  toggles '@' and tabs | /s         -  saves text","READ_OR_UNKNOWN","","  case PARSE_HELP:
    write_to_output(d,
            ""Editor command formats: /<letter>\r\n\r\n""
            ""/a         -  aborts editor\r\n""
            ""/c         -  clears buffer\r\n""
            ""/d#        -  deletes a line #\r\n""
            ""/e# <text> -  changes the line at # with <text>\r\n""
            ""/f         -  formats text\r\n""
            ""/fi        -  indented formatting of text\r\n""
            ""/h         -  list text editor commands\r\n""
            ""/i# <text> -  inserts <text> before line #\r\n""
            ""/l         -  lists buffer\r\n""
            ""/n         -  lists buffer with line numbers\r\n""
            ""/r 'a' 'b' -  replace 1st occurence of text <a> in buffer with text <b>\r\n""
            ""/ra 'a' 'b'-  replace all occurences of text <a> within buffer with text <b>\r\n""
            ""              usage: /r[a] 'pattern' 'replacement'\r\n""
            ""/t         -  toggles '@' and tabs\r\n""
            ""/s         -  saves text\r\n"");
    break;"
"src\improved-edit.c","127","parse_edit_action","PARSE_TOGGLE","","No string.","READ_OR_UNKNOWN","","  case PARSE_TOGGLE:
    if (!*d->str) {
      write_to_output(d, ""No string.\r\n"");        
      break;"
"src\improved-edit.c","149","parse_edit_action","PARSE_FORMAT","","Script %sformatted. | not","READ_OR_UNKNOWN","","  case PARSE_FORMAT:
    if (STATE(d) == CON_TRIGEDIT) {
      write_to_output(d, ""Script %sformatted.\r\n"", format_script(d) ? """": ""not "");
      return;"
"src\improved-edit.c","162","parse_edit_action","-1","","","READ_OR_UNKNOWN","","    case -1:"
"src\improved-edit.c","163","parse_edit_action","0","","","READ_OR_UNKNOWN","","    case 0:
      line_low = 1;
      line_high = 999999;
      break;"
"src\improved-edit.c","167","parse_edit_action","1","","","READ_OR_UNKNOWN","","    case 1:
      line_high = line_low;
      break;"
"src\improved-edit.c","170","parse_edit_action","2","","That range is invalid.\\r\","READ_OR_UNKNOWN","","    case 2:
      if (line_high < line_low) {
        write_to_output(d, ""That range is invalid.\\r\\n"");
        return;"
"src\improved-edit.c","183","parse_edit_action","PARSE_REPLACE","","' | Invalid format.","READ_OR_UNKNOWN","","  case PARSE_REPLACE:
    while (isalpha(string[j]) && j < 2)
      if (string[j++] == 'a' && !indent)
        rep_all = 1;

    if ((s = strtok(string, ""'"")) == NULL) {
      write_to_output(d, ""Invalid format.\r\n"");
      return;"
"src\improved-edit.c","213","parse_edit_action","PARSE_DELETE","","%d - %d","READ_OR_UNKNOWN","","  case PARSE_DELETE:
    switch (sscanf(string, "" %d - %d "", &line_low, &line_high)) {"
"src\improved-edit.c","215","parse_edit_action","0","","You must specify a line number or range to delete.","READ_OR_UNKNOWN","","    case 0:
      write_to_output(d, ""You must specify a line number or range to delete.\r\n"");
      return;"
"src\improved-edit.c","218","parse_edit_action","1","","","READ_OR_UNKNOWN","","    case 1:
      line_high = line_low;
      break;"
"src\improved-edit.c","221","parse_edit_action","2","","That range is invalid.","READ_OR_UNKNOWN","","    case 2:
      if (line_high < line_low) {
        write_to_output(d, ""That range is invalid.\r\n"");
        return;"
"src\improved-edit.c","265","parse_edit_action","PARSE_LIST_NORM","","%d - %d","READ_OR_UNKNOWN","","  case PARSE_LIST_NORM:
    /* Note: Rv's buf, buf1, buf2, and arg variables are defined to 32k so they
     * are ok for what we do here. */
    *buf = '\0';
    if (*string)
      switch (sscanf(string, "" %d - %d "", &line_low, &line_high)) {"
"src\improved-edit.c","271","parse_edit_action","0","","","READ_OR_UNKNOWN","","      case 0:
        line_low = 1;
        line_high = 999999;
        break;"
"src\improved-edit.c","275","parse_edit_action","1","","","READ_OR_UNKNOWN","","      case 1:
        line_high = line_low;
        break;"
"src\improved-edit.c","323","parse_edit_action","PARSE_LIST_NUM","","%d - %d","READ_OR_UNKNOWN","","  case PARSE_LIST_NUM:
    /* Note: Rv's buf, buf1, buf2, and arg variables are defined to 32k so they
     * are probably ok for what we do here. */
    *buf = '\0';
    if (*string)
      switch (sscanf(string, "" %d - %d "", &line_low, &line_high)) {"
"src\improved-edit.c","329","parse_edit_action","0","","","READ_OR_UNKNOWN","","      case 0:
        line_low = 1;
        line_high = 999999;
        break;"
"src\improved-edit.c","333","parse_edit_action","1","","","READ_OR_UNKNOWN","","      case 1:
        line_high = line_low;
        break;"
"src\improved-edit.c","388","parse_edit_action","PARSE_INSERT","","You must specify a line number before which to insert text.","READ_OR_UNKNOWN","","  case PARSE_INSERT:
    half_chop(string, buf, buf2);
    if (*buf == '\0') {
      write_to_output(d, ""You must specify a line number before which to insert text.\r\n"");
      return;"
"src\improved-edit.c","436","parse_edit_action","PARSE_EDIT","","You must specify a line number at which to change text.","READ_OR_UNKNOWN","","  case PARSE_EDIT:
    half_chop(string, buf, buf2);
    if (*buf == '\0') {
      write_to_output(d, ""You must specify a line number at which to change text.\r\n"");
      return;"
"src\improved-edit.c","497","parse_edit_action","default","","Invalid option. | SYSERR: invalid command passed to parse_edit_action","READ_OR_UNKNOWN","","  default:
    write_to_output(d, ""Invalid option.\r\n"");
    mudlog(BRF, LVL_IMPL, TRUE, ""SYSERR: invalid command passed to parse_edit_action"");
    return;"
"src\interpreter.c","684","command_interpreter","POS_DEAD","","Lie still; you are DEAD!!! :-(","READ_OR_UNKNOWN","","    case POS_DEAD:
      send_to_char(ch, ""Lie still; you are DEAD!!! :-(\r\n"");
      break;"
"src\interpreter.c","687","command_interpreter","POS_INCAP","","","READ_OR_UNKNOWN","","    case POS_INCAP:"
"src\interpreter.c","688","command_interpreter","POS_MORTALLYW","","You are in a pretty bad shape, unable to do anything!","READ_OR_UNKNOWN","","    case POS_MORTALLYW:
      send_to_char(ch, ""You are in a pretty bad shape, unable to do anything!\r\n"");
      break;"
"src\interpreter.c","691","command_interpreter","POS_STUNNED","","All you can do right now is think about the stars!","READ_OR_UNKNOWN","","    case POS_STUNNED:
      send_to_char(ch, ""All you can do right now is think about the stars!\r\n"");
      break;"
"src\interpreter.c","694","command_interpreter","POS_SLEEPING","","In your dreams, or what?","READ_OR_UNKNOWN","","    case POS_SLEEPING:
      send_to_char(ch, ""In your dreams, or what?\r\n"");
      break;"
"src\interpreter.c","697","command_interpreter","POS_RESTING","","Nah... You feel too relaxed to do that..","READ_OR_UNKNOWN","","    case POS_RESTING:
      send_to_char(ch, ""Nah... You feel too relaxed to do that..\r\n"");
      break;"
"src\interpreter.c","700","command_interpreter","POS_SITTING","","Maybe you should get on your feet first?","READ_OR_UNKNOWN","","    case POS_SITTING:
      send_to_char(ch, ""Maybe you should get on your feet first?\r\n"");
      break;"
"src\interpreter.c","703","command_interpreter","POS_FIGHTING","","No way!  You're fighting for your life!","READ_OR_UNKNOWN","","    case POS_FIGHTING:
      send_to_char(ch, ""No way!  You're fighting for your life!\r\n"");
      break;"
"src\interpreter.c","1273","perform_dupe_check","RECON","","Reconnecting. | $n has reconnected. | %s [%s] has reconnected. | You have mail waiting.","READ_OR_UNKNOWN","","  case RECON:
    write_to_output(d, ""Reconnecting.\r\n"");
    act(""$n has reconnected."", TRUE, d->character, 0, 0, TO_ROOM);
    mudlog(NRM, MAX(LVL_IMMORT, GET_INVIS_LEV(d->character)), TRUE, ""%s [%s] has reconnected."", GET_NAME(d->character), d->host);
    if (has_mail(GET_IDNUM(d->character)))
      write_to_output(d, ""You have mail waiting.\r\n"");
    break;"
"src\interpreter.c","1280","perform_dupe_check","USURP","","You take over your own body, already in use! | $n suddenly keels over in pain, surrounded by a white aura... | $n's body has been taken over by a new spirit! | %s has re-logged in ... disconnecting old socket.","READ_OR_UNKNOWN","","  case USURP:
    write_to_output(d, ""You take over your own body, already in use!\r\n"");
    act(""$n suddenly keels over in pain, surrounded by a white aura...\r\n""
	""$n's body has been taken over by a new spirit!"",
	TRUE, d->character, 0, 0, TO_ROOM);
    mudlog(NRM, MAX(LVL_IMMORT, GET_INVIS_LEV(d->character)), TRUE,
	""%s has re-logged in ... disconnecting old socket."", GET_NAME(d->character));
    break;"
"src\interpreter.c","1288","perform_dupe_check","UNSWITCH","","Reconnecting to unswitched char. | %s [%s] has reconnected.","READ_OR_UNKNOWN","","  case UNSWITCH:
    write_to_output(d, ""Reconnecting to unswitched char."");
    mudlog(NRM, MAX(LVL_IMMORT, GET_INVIS_LEV(d->character)), TRUE, ""%s [%s] has reconnected."", GET_NAME(d->character), d->host);
    break;"
"src\interpreter.c","1473","stat_alloc_get_real","default","","","READ_OR_UNKNOWN","","    default: return 0;
  }
}

static void stat_alloc_inc_real(struct char_data *ch, int idx)
{
  switch (idx) {
    case 0: ch->real_abils.str++; break;
    case 1: ch->real_abils.dex++; break;
    case 2: ch->real_abils.con++; break;
    case 3: ch->real_abils.intel++; break;
    case 4: ch->real_abils.wis++; break;
    case 5: ch->real_abils.cha++; break;"
"src\interpreter.c","1486","stat_alloc_inc_real","default","","","READ_OR_UNKNOWN","","    default: break;
  }
}

static int stat_alloc_spent(struct descriptor_data *d)
{
  int i, spent = 0;
  struct char_data *ch = d->character;

  for (i = 0; i < 6; i++) {
    int delta = stat_alloc_get_real(ch, i) - d->stat_alloc_base[i];
    if (delta > 0)
      spent += delta * stat_alloc_cost(i);
  }
  return spent;"
"src\interpreter.c","1674","nanny","CON_GET_PROTOCOL","","Collecting Protocol Information... Please Wait.","READ_OR_UNKNOWN","","  case CON_GET_PROTOCOL:
    write_to_output(d, ""Collecting Protocol Information... Please Wait.\r\n"");
    return;"
"src\interpreter.c","1678","nanny","CON_ACCT_NAME","","Account name (or NEW):","READ_OR_UNKNOWN","","    case CON_ACCT_NAME:
      account_storage_report();

      if (!*arg) {
        write_to_output(d, ""Account name (or NEW): "");
        return;"
"src\interpreter.c","1758","nanny","CON_ACCT_CREATE_NAME","CON_ACCT_NAME | CON_ACCT_CREATE_PASS1","New account password:","READ_OR_UNKNOWN","","    case CON_ACCT_CREATE_NAME:
      if (!*arg) { STATE(d) = CON_ACCT_NAME; return; }
      strlcpy(d->acct_name, arg, sizeof(d->acct_name));
      write_to_output(d, ""\r\nNew account password: "");
      echo_off(d);
      STATE(d) = CON_ACCT_CREATE_PASS1;
      return;"
"src\interpreter.c","1766","nanny","CON_ACCT_CREATE_PASS1","CON_ACCT_CREATE_PASS2","New account password: | Confirm password:","READ_OR_UNKNOWN","","    case CON_ACCT_CREATE_PASS1:
      if (!*arg) { write_to_output(d, ""\r\nNew account password: ""); return; }
      strlcpy(d->acct_tmp_pass, arg, sizeof(d->acct_tmp_pass));
      write_to_output(d, ""\r\nConfirm password: "");
      STATE(d) = CON_ACCT_CREATE_PASS2;
      return;"
"src\interpreter.c","1798","nanny","CON_ACCT_FORCEPASS1","","New password:","READ_OR_UNKNOWN","","    case CON_ACCT_FORCEPASS1:
      if (!*arg) {
        write_to_output(d, ""\r\nNew password: "");
        return;"
"src\interpreter.c","1848","nanny","CON_ACCT_CHANGEPASS1","","New account password: | Illegal password.\r\nNew account password:","READ_OR_UNKNOWN","","    case CON_ACCT_CHANGEPASS1:
      if (!*arg) { write_to_output(d, ""\r\nNew account password: ""); return; }

      if (strlen(arg) > MAX_PWD_LENGTH || strlen(arg) < 3) {
        write_to_output(d, ""\r\nIllegal password.\r\nNew account password: "");
        return;"
"src\interpreter.c","2079","nanny","CON_GET_NAME","CON_ACCT_NAME","Account name (or NEW):","READ_OR_UNKNOWN","","case CON_GET_NAME:             /* wait for input of name */
  /* Account-first enforcement */
  if (!(d->acct_id > 0)) {
    STATE(d) = CON_ACCT_NAME;
    write_to_output(d, ""\r\nAccount name (or NEW): "");
    return;"
"src\interpreter.c","2225","nanny","CON_NAME_CNFRM","CON_CLOSE","Request for new char %s denied from [%s] (siteban) | Sorry, new characters are not allowed from your site!","READ_OR_UNKNOWN","","  case CON_NAME_CNFRM:		/* wait for conf. of new name    */
    if (UPPER(*arg) == 'Y') {
      if (isbanned(d->host) >= BAN_NEW) {
	mudlog(NRM, LVL_GOD, TRUE, ""Request for new char %s denied from [%s] (siteban)"", GET_PC_NAME(d->character), d->host);
	write_to_output(d, ""Sorry, new characters are not allowed from your site!\r\n"");
	STATE(d) = CON_CLOSE;
	return;"
"src\interpreter.c","2259","nanny","CON_PASSWORD","CON_CLOSE","Bad PW: %s [%s] | Wrong password... disconnecting. | Wrong password.\r\nPassword:","READ_OR_UNKNOWN","","  case CON_PASSWORD:		/* get pwd for known player      */
    /* To really prevent duping correctly, the player's record should be reloaded
     * from disk at this point (after the password has been typed).  However I'm
     * afraid that trying to load a character over an already loaded character is
     * going to cause some problem down the road that I can't see at the moment.
     * So to compensate, I'm going to (1) add a 15 or 20-second time limit for
     * entering a password, and (2) re-add the code to cut off duplicates when a
     * player quits.  JE 6 Feb 96 */

    echo_on(d);    /* turn echo back on */

    /* New echo_on() eats the return on telnet. Extra space better than none. */
    write_to_output(d, ""\r\n"");

    if (!*arg)
      STATE(d) = CON_CLOSE;
    else {
      if (strncmp(CRYPT(arg, GET_PASSWD(d->character)), GET_PASSWD(d->character), MAX_PWD_LENGTH)) {
	mudlog(BRF, LVL_GOD, TRUE, ""Bad PW: %s [%s]"", GET_NAME(d->character), d->host);
	GET_BAD_PWS(d->character)++;
	save_char(d->character);
	if (++(d->bad_pws) >= CONFIG_MAX_BAD_PWS) {	/* 3 strikes and you're out. */
	  write_to_output(d, ""Wrong password... disconnecting.\r\n"");
	  STATE(d) = CON_CLOSE;
	} else {
	  write_to_output(d, ""Wrong password.\r\nPassword: "");
	  echo_off(d);
	}
	return;"
"src\interpreter.c","2295","nanny","CON_NEWPASSWD","","","READ_OR_UNKNOWN","","  case CON_NEWPASSWD:"
"src\interpreter.c","2296","nanny","CON_CHPWD_GETNEW","","Illegal password.\r\nPassword:","READ_OR_UNKNOWN","","  case CON_CHPWD_GETNEW:
    if (!*arg || strlen(arg) > MAX_PWD_LENGTH || strlen(arg) < 3 ||
	!str_cmp(arg, GET_PC_NAME(d->character))) {
      write_to_output(d, ""\r\nIllegal password.\r\nPassword: "");
      return;"
"src\interpreter.c","2312","nanny","CON_CNFPASSWD","","","READ_OR_UNKNOWN","","  case CON_CNFPASSWD:"
"src\interpreter.c","2313","nanny","CON_CHPWD_VRFY","CON_NEWPASSWD | CON_CHPWD_GETNEW","Passwords don't match... start over.\r\nPassword:","READ_OR_UNKNOWN","","  case CON_CHPWD_VRFY:
    if (strncmp(CRYPT(arg, GET_PASSWD(d->character)), GET_PASSWD(d->character),
		MAX_PWD_LENGTH)) {
      write_to_output(d, ""\r\nPasswords don't match... start over.\r\nPassword: "");
      if (STATE(d) == CON_CNFPASSWD)
	STATE(d) = CON_NEWPASSWD;
      else
	STATE(d) = CON_CHPWD_GETNEW;
      return;"
"src\interpreter.c","2334","nanny","CON_QSEX","","","READ_OR_UNKNOWN","","  case CON_QSEX:           /* query sex of new user         */
    switch (LOWER(*arg)) {"
"src\interpreter.c","2336","nanny","'m'","","","READ_OR_UNKNOWN","","      case 'm':
        GET_SEX(d->character) = SEX_MALE;
        break;"
"src\interpreter.c","2339","nanny","'f'","","","READ_OR_UNKNOWN","","      case 'f':
        GET_SEX(d->character) = SEX_FEMALE;
        break;"
"src\interpreter.c","2342","nanny","default","","That is not a sex... What IS your sex? (M/F)","READ_OR_UNKNOWN","","      default:
        write_to_output(d, ""That is not a sex... What IS your sex? (M/F) "");
        return;"
"src\interpreter.c","2351","nanny","CON_CLANEDIT","","","READ_OR_UNKNOWN","","  case CON_CLANEDIT:
    clanedit_parse(d, arg);
    break;"
"src\interpreter.c","2409","nanny","CON_QCLASS","CON_QRACE","Class selection is disabled. You begin as an Adventurer. | %s","READ_OR_UNKNOWN","","  case CON_QCLASS:
    write_to_output(d, ""\r\nClass selection is disabled. You begin as an Adventurer.\r\n"");
    STATE(d) = CON_QRACE;
    write_to_output(d, ""%s"", race_menu);
    return;"
"src\interpreter.c","2432","nanny","7","","You have overspent your points.","READ_OR_UNKNOWN","","      case 7:
        rem = stat_alloc_remaining(d);
        if (rem < 0) {
          write_to_output(d, ""You have overspent your points."");
          stat_alloc_show(d);
          return;"
"src\interpreter.c","2468","nanny","default","","Invalid choice.","READ_OR_UNKNOWN","","      default:
        write_to_output(d, ""Invalid choice."");
        break;"
"src\interpreter.c","2478","nanny","CON_RMOTD","CON_MENU","%s | yThere is currently a Happyhour!	n | unknown","READ_OR_UNKNOWN","","  case CON_RMOTD:		/* read CR after printing motd   */
    write_to_output(d, ""%s"", CONFIG_MENU);
    if (IS_HAPPYHOUR > 0){
      write_to_output(d, ""\r\n"");
      write_to_output(d, ""\tyThere is currently a Happyhour!\tn\r\n"");
      write_to_output(d, ""\r\n"");
    }
    /* Defensive: avoid RMOTD disconnect if last-login logging hits NULL data */
    if (d->character) {
      if (!GET_HOST(d->character))
        GET_HOST(d->character) = strdup(d->host[0] != '\0' ? d->host : ""unknown"");
      add_llog_entry(d->character, LAST_CONNECT);
    }
    STATE(d) = CON_MENU;
    break;"
"src\interpreter.c","2497","nanny","'0'","CON_CLOSE","Goodbye.","READ_OR_UNKNOWN","","    case '0':
      write_to_output(d, ""Goodbye.\r\n"");
      add_llog_entry(d->character, LAST_QUIT);
      STATE(d) = CON_CLOSE;
      break;"
"src\interpreter.c","2503","nanny","'1'","CON_PLAYING","%s | $n has entered the game. | <VERSION> | You have mail waiting.","DESTRUCTIVE_REVIEW","delete/purge/extract/remove/free operation","    case '1':
      load_result = enter_player_game(d);
      send_to_char(d->character, ""%s"", CONFIG_WELC_MESSG);

      /* Clear their load room if it's not persistant. */
      if (!PLR_FLAGGED(d->character, PLR_LOADROOM))
        GET_LOADROOM(d->character) = NOWHERE;
              account_attach_char(d->character);
save_char(d->character);

      greet_mtrigger(d->character, -1);
      greet_memory_mtrigger(d->character);

      act(""$n has entered the game."", TRUE, d->character, 0, 0, TO_ROOM);

      STATE(d) = CON_PLAYING;
      MXPSendTag( d, ""<VERSION>"" );
      if (GET_LEVEL(d->character) == 0) {
	do_start(d->character);
	send_to_char(d->character, ""%s"", CONFIG_START_MESSG);
      }
      look_at_room(d->character, 0);
      if (has_mail(GET_IDNUM(d->character)))
	send_to_char(d->character, ""You have mail waiting.\r\n"");
      d->has_prompt = 0;
      /* We've updated to 3.1 - some bits might be set wrongly: */
      REMOVE_BIT_AR(PRF_FLAGS(d->character), PRF_BUILDWALK);
      break;"
"src\interpreter.c","2532","nanny","'2'","CON_ACCT_MENU","Returning to your account to select a character.","READ_OR_UNKNOWN","","    case '2':
      write_to_output(d, ""\r\nReturning to your account to select a character.\r\n"");
      save_char(d->character);
      free_char(d->character);
      d->character = NULL;
      d->acct_prompted_menu = 0;
      STATE(d) = CON_ACCT_MENU;
      acct_show_character_menu(d);
      break;"
"src\interpreter.c","2542","nanny","'3'","CON_PLR_DESC","Current description:\r\n%s | Enter the new text you'd like others to see when they look at you.","MULTILINE_EDITOR","multiline editor entry","    case '3':
      if (d->character->player.description) {
        write_to_output(d, ""Current description:\r\n%s"", d->character->player.description);
        /* Don't free this now... so that the old description gets loaded as the
         * current buffer in the editor.  Do setup the ABORT buffer here, however. */
        d->backstr = strdup(d->character->player.description);
      }
      write_to_output(d, ""Enter the new text you'd like others to see when they look at you.\r\n"");
      send_editor_help(d);
      d->str = &d->character->player.description;
      d->max_str = PLR_DESC_LENGTH;
      STATE(d) = CON_PLR_DESC;
      break;"
"src\interpreter.c","2556","nanny","'4'","CON_RMOTD","","READ_OR_UNKNOWN","","    case '4':
      page_string(d, background, 0);
      STATE(d) = CON_RMOTD;
      break;"
"src\interpreter.c","2561","nanny","'5'","CON_CHPWD_GETOLD","Enter your old password:","READ_OR_UNKNOWN","","    case '5':
      write_to_output(d, ""\r\nEnter your old password: "");
      echo_off(d);
      STATE(d) = CON_CHPWD_GETOLD;
      break;"
"src\interpreter.c","2567","nanny","'6'","CON_DELCNF1","Enter your password for verification:","READ_OR_UNKNOWN","","    case '6':
      write_to_output(d, ""\r\nEnter your password for verification: "");
      echo_off(d);
      STATE(d) = CON_DELCNF1;
      break;"
"src\interpreter.c","2573","nanny","default","","That's not a menu choice!\r\n%s","READ_OR_UNKNOWN","","    default:
      write_to_output(d, ""\r\nThat's not a menu choice!\r\n%s"", CONFIG_MENU);
      break;"
"src\interpreter.c","2580","nanny","CON_CHPWD_GETOLD","CON_MENU | CON_CHPWD_GETNEW","Incorrect password.\r\n%s | Enter a new password:","READ_OR_UNKNOWN","","  case CON_CHPWD_GETOLD:
    if (strncmp(CRYPT(arg, GET_PASSWD(d->character)), GET_PASSWD(d->character), MAX_PWD_LENGTH)) {
      echo_on(d);
      write_to_output(d, ""\r\nIncorrect password.\r\n%s"", CONFIG_MENU);
      STATE(d) = CON_MENU;
    } else {
      write_to_output(d, ""\r\nEnter a new password: "");
      STATE(d) = CON_CHPWD_GETNEW;
    }
    return;"
"src\interpreter.c","2591","nanny","CON_DELCNF1","CON_MENU | CON_DELCNF2","Incorrect password.\r\n%s | YOU ARE ABOUT TO DELETE THIS CHARACTER PERMANENTLY. | ARE YOU ABSOLUTELY SURE? | Please type ""yes"" to confirm:","READ_OR_UNKNOWN","","  case CON_DELCNF1:
    echo_on(d);
    if (strncmp(CRYPT(arg, GET_PASSWD(d->character)), GET_PASSWD(d->character), MAX_PWD_LENGTH)) {
      write_to_output(d, ""\r\nIncorrect password.\r\n%s"", CONFIG_MENU);
      STATE(d) = CON_MENU;
    } else {
      write_to_output(d, ""\r\nYOU ARE ABOUT TO DELETE THIS CHARACTER PERMANENTLY.\r\n""
		""ARE YOU ABSOLUTELY SURE?\r\n\r\n""
		""Please type \""yes\"" to confirm: "");
      STATE(d) = CON_DELCNF2;
    }
    break;"
"src\interpreter.c","2604","nanny","CON_DELCNF2","CON_CLOSE","yes | YES | You try to kill yourself, but the ice stops you. | Character not deleted.","READ_OR_UNKNOWN","","  case CON_DELCNF2:
    if (!strcmp(arg, ""yes"") || !strcmp(arg, ""YES"")) {
      if (PLR_FLAGGED(d->character, PLR_FROZEN)) {
	write_to_output(d, ""You try to kill yourself, but the ice stops you.\r\n""
		""Character not deleted.\r\n\r\n"");
	STATE(d) = CON_CLOSE;
	return;"
"src\interpreter.c","2652","nanny","CON_CLOSE","","","READ_OR_UNKNOWN","","  case CON_CLOSE:
    break;"
"src\interpreter.c","2655","nanny","default","CON_DISCONNECT","SYSERR: Nanny: illegal state of con'ness (%d) for '%s'; closing connection. | <unknown>","READ_OR_UNKNOWN","","  default:
    log(""SYSERR: Nanny: illegal state of con'ness (%d) for '%s'; closing connection."",
	STATE(d), d->character ? GET_NAME(d->character) : ""<unknown>"");
    STATE(d) = CON_DISCONNECT;	/* Safest to do. */
    break;"
"src\medit.c","496","medit_slot_required_wear_flag","WEAR_FINGER_R","","","READ_OR_UNKNOWN","","    case WEAR_FINGER_R:
    case WEAR_FINGER_L: return ITEM_WEAR_FINGER;
    case WEAR_NECK_1:   return ITEM_WEAR_NECK;
    case WEAR_BODY:     return ITEM_WEAR_BODY;
    case WEAR_HEAD:     return ITEM_WEAR_HEAD;
    case WEAR_LEGS:     return ITEM_WEAR_LEGS;
    case WEAR_FEET:     return ITEM_WEAR_FEET;
    case WEAR_HANDS:    return ITEM_WEAR_HANDS;
    case WEAR_ARMS:     return ITEM_WEAR_ARMS;
    case WEAR_SHIELD:   return ITEM_WEAR_SHIELD;
    case WEAR_ABOUT:    return ITEM_WEAR_ABOUT;
    case WEAR_WAIST:    return ITEM_WEAR_WAIST;"
"src\medit.c","508","medit_slot_required_wear_flag","WEAR_WRIST_R","","","READ_OR_UNKNOWN","","    case WEAR_WRIST_R:
    case WEAR_WRIST_L:  return ITEM_WEAR_WRIST;
    case WEAR_WIELD:    return ITEM_WEAR_WIELD;
    case WEAR_HOLD:     return ITEM_WEAR_TAKE;"
"src\medit.c","512","medit_slot_required_wear_flag","default","","","READ_OR_UNKNOWN","","    default:            return ITEM_WEAR_TAKE;
  }
}

static int medit_parse_int_argument(const char *arg, int *value)
{
  char *endptr = NULL;
  long parsed;

  if (!arg || !*arg)
    return FALSE;"
"src\medit.c","594","medit_disp_slot_picker","WEAR_WRIST_R","","wearable on wrist | wearable on hands","READ_OR_UNKNOWN","","    case WEAR_WRIST_R:
    case WEAR_WRIST_L:  return ""wearable on wrist"";
    case WEAR_HANDS:    return ""wearable on hands"";"
"src\medit.c","597","medit_disp_slot_picker","WEAR_FINGER_R","","wearable on finger | wearable around waist | wearable on legs | wearable on feet | wieldable | wearable as shield | takeable (light slot uses held/takeable items)","READ_OR_UNKNOWN","","    case WEAR_FINGER_R:
    case WEAR_FINGER_L: return ""wearable on finger"";
    case WEAR_WAIST:    return ""wearable around waist"";
    case WEAR_LEGS:     return ""wearable on legs"";
    case WEAR_FEET:     return ""wearable on feet"";
    case WEAR_WIELD:    return ""wieldable"";
    case WEAR_SHIELD:   return ""wearable as shield"";
    case WEAR_LIGHT:    return ""takeable (light slot uses held/takeable items)"";"
"src\medit.c","605","medit_disp_slot_picker","WEAR_HOLD","","holdable/takeable (or an offhand weapon)","READ_OR_UNKNOWN","","    case WEAR_HOLD:
      return ""holdable/takeable (or an offhand weapon)"";"
"src\medit.c","607","medit_disp_slot_picker","default","","wearable in that slot","READ_OR_UNKNOWN","","    default:
      return ""wearable in that slot"";"
"src\medit.c","938","medit_parse","MEDIT_CONFIRM_SAVESTRING","","","MUTATING_REVIEW","OLC/object/flag mutation","  case MEDIT_CONFIRM_SAVESTRING:
    /* Ensure mob has MOB_ISNPC set. */
    SET_BIT_AR(MOB_FLAGS(OLC_MOB(d)), MOB_ISNPC);
    switch (*arg) {"
"src\medit.c","942","medit_parse","'y'","","","READ_OR_UNKNOWN","","    case 'y':"
"src\medit.c","943","medit_parse","'Y'","","OLC: %s edits mob %d | Mobile saved to disk. | Mobile saved to memory.","SAVE_PATH","disk/save operation","    case 'Y':
      /* Save the mob in memory and to disk. */
      medit_save_internally(d);
      mudlog(CMP, MAX(LVL_BUILDER, GET_INVIS_LEV(d->character)), TRUE, ""OLC: %s edits mob %d"", GET_NAME(d->character), OLC_NUM(d));
      if (CONFIG_OLC_SAVE) {
        medit_save_to_disk(zone_table[real_zone_by_thing(OLC_NUM(d))].number);
        write_to_output(d, ""Mobile saved to disk.\r\n"");
      } else
        write_to_output(d, ""Mobile saved to memory.\r\n"");
      cleanup_olc(d, CLEANUP_ALL);
      return;"
"src\medit.c","954","medit_parse","'n'","","","READ_OR_UNKNOWN","","    case 'n':"
"src\medit.c","955","medit_parse","'N'","","","MUTATING_REVIEW","OLC/object/flag mutation","    case 'N':
      /* If not saving, we must free the script_proto list. We do so by
       * assigning it to the edited mob and letting free_mobile in
       * cleanup_olc handle it. */
      OLC_MOB(d)->proto_script = OLC_SCRIPT(d);
      cleanup_olc(d, CLEANUP_ALL);
      return;"
"src\medit.c","962","medit_parse","default","","Invalid choice! | Do you wish to save your changes? :","READ_OR_UNKNOWN","","    default:
      write_to_output(d, ""Invalid choice!\r\n"");
      write_to_output(d, ""Do you wish to save your changes? : "");
      return;"
"src\medit.c","968","medit_parse","MEDIT_MAIN_MENU","","","READ_OR_UNKNOWN","","  case MEDIT_MAIN_MENU:
    i = 0;
    switch (*arg) {"
"src\medit.c","971","medit_parse","'q'","","","READ_OR_UNKNOWN","","    case 'q':"
"src\medit.c","972","medit_parse","'Q'","MEDIT_CONFIRM_SAVESTRING","Do you wish to save your changes? :","MUTATING_REVIEW","OLC/object/flag mutation","    case 'Q':
      if (OLC_VAL(d)) {	/* Anything been changed? */
	      write_to_output(d, ""Do you wish to save your changes? : "");
	      OLC_MODE(d) = MEDIT_CONFIRM_SAVESTRING;
      } else
	cleanup_olc(d, CLEANUP_ALL);
      return;"
"src\medit.c","979","medit_parse","'1'","MEDIT_SEX","","MUTATING_REVIEW","OLC/object/flag mutation","    case '1':
      OLC_MODE(d) = MEDIT_SEX;
      medit_disp_sex(d);
      return;"
"src\medit.c","983","medit_parse","'2'","MEDIT_KEYWORD","","MUTATING_REVIEW","OLC/object/flag mutation","    case '2':
      OLC_MODE(d) = MEDIT_KEYWORD;
      i--;
      break;"
"src\medit.c","987","medit_parse","'3'","MEDIT_S_DESC","","MUTATING_REVIEW","OLC/object/flag mutation","    case '3':
      OLC_MODE(d) = MEDIT_S_DESC;
      i--;
      break;"
"src\medit.c","991","medit_parse","'4'","MEDIT_L_DESC","","MUTATING_REVIEW","OLC/object/flag mutation","    case '4':
      OLC_MODE(d) = MEDIT_L_DESC;
      i--;
      break;"
"src\medit.c","995","medit_parse","'5'","MEDIT_D_DESC","Enter mob description: | %s","MUTATING_REVIEW","OLC/object/flag mutation | multiline editor entry","    case '5':
      OLC_MODE(d) = MEDIT_D_DESC;
      send_editor_help(d);
      write_to_output(d, ""Enter mob description:\r\n\r\n"");
      if (OLC_MOB(d)->player.description) {
	      write_to_output(d, ""%s"", OLC_MOB(d)->player.description);
	      oldtext = strdup(OLC_MOB(d)->player.description);
      }
      string_write(d, &OLC_MOB(d)->player.description, MAX_MOB_DESC, 0, oldtext);
      OLC_VAL(d) = 1;
      return;"
"src\medit.c","1006","medit_parse","'6'","MEDIT_POS","","MUTATING_REVIEW","OLC/object/flag mutation","    case '6':
      OLC_MODE(d) = MEDIT_POS;
      medit_disp_positions(d);
      return;"
"src\medit.c","1010","medit_parse","'7'","MEDIT_DEFAULT_POS","","MUTATING_REVIEW","OLC/object/flag mutation","    case '7':
      OLC_MODE(d) = MEDIT_DEFAULT_POS;
      medit_disp_positions(d);
      return;"
"src\medit.c","1014","medit_parse","'8'","MEDIT_ATTACK","","MUTATING_REVIEW","OLC/object/flag mutation","    case '8':
      OLC_MODE(d) = MEDIT_ATTACK;
      medit_disp_attack_types(d);
      return;"
"src\medit.c","1018","medit_parse","'9'","MEDIT_STATS_MENU","","MUTATING_REVIEW","OLC/object/flag mutation","    case '9':
      OLC_MODE(d) = MEDIT_STATS_MENU;
      medit_disp_stats_menu(d);
      return;"
"src\medit.c","1022","medit_parse","'a'","","","READ_OR_UNKNOWN","","    case 'a':"
"src\medit.c","1023","medit_parse","'A'","MEDIT_NPC_FLAGS","","MUTATING_REVIEW","OLC/object/flag mutation","    case 'A':
      OLC_MODE(d) = MEDIT_NPC_FLAGS;
      medit_disp_mob_flags(d);
      return;"
"src\medit.c","1027","medit_parse","'b'","","","READ_OR_UNKNOWN","","    case 'b':"
"src\medit.c","1028","medit_parse","'B'","MEDIT_AFF_FLAGS","","MUTATING_REVIEW","OLC/object/flag mutation","    case 'B':
      OLC_MODE(d) = MEDIT_AFF_FLAGS;
      medit_disp_aff_flags(d);
      return;"
"src\medit.c","1032","medit_parse","'p'","","","READ_OR_UNKNOWN","","    case 'p':"
"src\medit.c","1033","medit_parse","'P'","MEDIT_PET_PRICE","Enter pet price in gold (0 = automatic):","MUTATING_REVIEW","OLC/object/flag mutation","    case 'P':
      OLC_MODE(d) = MEDIT_PET_PRICE;
      write_to_output(d, ""Enter pet price in gold (0 = automatic): "");
      return;"
"src\medit.c","1037","medit_parse","'r'","","","READ_OR_UNKNOWN","","    case 'r':"
"src\medit.c","1038","medit_parse","'R'","","","READ_OR_UNKNOWN","","    case 'R':
      medit_disp_loadout_menu(d);
      return;"
"src\medit.c","1041","medit_parse","'y'","","","READ_OR_UNKNOWN","","    case 'y':"
"src\medit.c","1042","medit_parse","'Y'","MEDIT_REFERENCES","Mobile","MUTATING_REVIEW","OLC/object/flag mutation","    case 'Y':
      builder_refs_display(d, BREF_MOB, OLC_NUM(d), ""Mobile"");
      OLC_MODE(d) = MEDIT_REFERENCES;
      return;"
"src\medit.c","1046","medit_parse","'w'","","","READ_OR_UNKNOWN","","    case 'w':"
"src\medit.c","1047","medit_parse","'W'","MEDIT_COPY","Copy what mob?","MUTATING_REVIEW","OLC/object/flag mutation","    case 'W':
      write_to_output(d, ""Copy what mob? "");
      OLC_MODE(d) = MEDIT_COPY;
      return;"
"src\medit.c","1051","medit_parse","'x'","","","READ_OR_UNKNOWN","","    case 'x':"
"src\medit.c","1052","medit_parse","'X'","MEDIT_DELETE","Are you sure you want to delete this mobile?","MUTATING_REVIEW","OLC/object/flag mutation","    case 'X':
      write_to_output(d, ""Are you sure you want to delete this mobile? "");
      OLC_MODE(d) = MEDIT_DELETE;
      return;"
"src\medit.c","1056","medit_parse","'s'","","","READ_OR_UNKNOWN","","    case 's':"
"src\medit.c","1057","medit_parse","'S'","","","MUTATING_REVIEW","OLC/object/flag mutation","    case 'S':
      OLC_SCRIPT_EDIT_MODE(d) = SCRIPT_MAIN_MENU;
      dg_script_menu(d);
      return;"
"src\medit.c","1061","medit_parse","default","","","READ_OR_UNKNOWN","","    default:
      medit_disp_menu(d);
      return;"
"src\medit.c","1075","medit_parse","MEDIT_REFERENCES","","","READ_OR_UNKNOWN","","  case MEDIT_REFERENCES:
    medit_disp_menu(d);
    return;"
"src\medit.c","1079","medit_parse","MEDIT_STATS_MENU","","","READ_OR_UNKNOWN","","  case MEDIT_STATS_MENU:
    i=0;
    switch(*arg) {"
"src\medit.c","1082","medit_parse","'q'","","","READ_OR_UNKNOWN","","    case 'q':"
"src\medit.c","1083","medit_parse","'Q'","","","READ_OR_UNKNOWN","","    case 'Q':
      medit_disp_menu(d);
      return;"
"src\medit.c","1086","medit_parse","'1'","MEDIT_LEVEL","","MUTATING_REVIEW","OLC/object/flag mutation","    case '1':  /* Edit level */
      OLC_MODE(d) = MEDIT_LEVEL;
      i++;
      break;"
"src\medit.c","1090","medit_parse","'2'","","","MUTATING_REVIEW","OLC/object/flag mutation","    case '2':  /* Autoroll stats */
      medit_autoroll_stats(d);
      medit_disp_stats_menu(d);
      OLC_VAL(d) = TRUE;
      return;"
"src\medit.c","1095","medit_parse","'3'","MEDIT_NUM_HP_DICE","","MUTATING_REVIEW","OLC/object/flag mutation","    case '3':
      OLC_MODE(d) = MEDIT_NUM_HP_DICE;
      i++;
      break;"
"src\medit.c","1099","medit_parse","'4'","MEDIT_SIZE_HP_DICE","","MUTATING_REVIEW","OLC/object/flag mutation","    case '4':
      OLC_MODE(d) = MEDIT_SIZE_HP_DICE;
      i++;
      break;"
"src\medit.c","1103","medit_parse","'5'","MEDIT_ADD_HP","","MUTATING_REVIEW","OLC/object/flag mutation","    case '5':
      OLC_MODE(d) = MEDIT_ADD_HP;
      i++;
      break;"
"src\medit.c","1107","medit_parse","'6'","MEDIT_NDD","","MUTATING_REVIEW","OLC/object/flag mutation","    case '6':
      OLC_MODE(d) = MEDIT_NDD;
      i++;
      break;"
"src\medit.c","1111","medit_parse","'7'","MEDIT_SDD","","MUTATING_REVIEW","OLC/object/flag mutation","    case '7':
      OLC_MODE(d) = MEDIT_SDD;
      i++;
      break;"
"src\medit.c","1115","medit_parse","'8'","MEDIT_DAMROLL","","MUTATING_REVIEW","OLC/object/flag mutation","    case '8':
      OLC_MODE(d) = MEDIT_DAMROLL;
      i++;
      break;"
"src\medit.c","1119","medit_parse","'a'","","","READ_OR_UNKNOWN","","    case 'a':"
"src\medit.c","1120","medit_parse","'A'","MEDIT_AC","","MUTATING_REVIEW","OLC/object/flag mutation","    case 'A':
      OLC_MODE(d) = MEDIT_AC;
      i++;
      break;"
"src\medit.c","1124","medit_parse","'b'","","","READ_OR_UNKNOWN","","    case 'b':"
"src\medit.c","1125","medit_parse","'B'","MEDIT_HITROLL","","MUTATING_REVIEW","OLC/object/flag mutation","    case 'B':
      OLC_MODE(d) = MEDIT_HITROLL;
      i++;
      break;"
"src\medit.c","1129","medit_parse","'d'","","","READ_OR_UNKNOWN","","    case 'd':"
"src\medit.c","1130","medit_parse","'D'","MEDIT_ALIGNMENT","","MUTATING_REVIEW","OLC/object/flag mutation","    case 'D':
      OLC_MODE(d) = MEDIT_ALIGNMENT;
      i++;
      break;"
"src\medit.c","1134","medit_parse","'c'","","","READ_OR_UNKNOWN","","    case 'c':"
"src\medit.c","1135","medit_parse","'C'","MEDIT_EVASION","","MUTATING_REVIEW","OLC/object/flag mutation","    case 'C':
      OLC_MODE(d) = MEDIT_EVASION;
      i++;
      break;"
"src\medit.c","1139","medit_parse","'e'","","","READ_OR_UNKNOWN","","    case 'e':"
"src\medit.c","1140","medit_parse","'E'","MEDIT_WIMPY_THRESH","","MUTATING_REVIEW","OLC/object/flag mutation","    case 'E':
      OLC_MODE(d) = MEDIT_WIMPY_THRESH;
      i++;
      break;"
"src\medit.c","1144","medit_parse","'f'","","","READ_OR_UNKNOWN","","    case 'f':"
"src\medit.c","1145","medit_parse","'F'","MEDIT_EXP","","MUTATING_REVIEW","OLC/object/flag mutation","    case 'F':
      OLC_MODE(d) = MEDIT_EXP;
      i++;
      break;"
"src\medit.c","1149","medit_parse","'g'","","","READ_OR_UNKNOWN","","    case 'g':"
"src\medit.c","1150","medit_parse","'G'","MEDIT_GOLD","Enter gold min and max (example: 10 50) or a single value:","MUTATING_REVIEW","OLC/object/flag mutation","    case 'G':
      OLC_MODE(d) = MEDIT_GOLD;
      write_to_output(d, ""Enter gold min and max (example: 10 50) or a single value: "");
      return;"
"src\medit.c","1154","medit_parse","'h'","","","READ_OR_UNKNOWN","","    case 'h':"
"src\medit.c","1155","medit_parse","'H'","MEDIT_STR","Enter Strength base value [3-25]:","MUTATING_REVIEW","OLC/object/flag mutation","    case 'H':
      OLC_MODE(d) = MEDIT_STR;
      write_to_output(d, ""\r\nEnter Strength base value [3-25]: "");
      return;"
"src\medit.c","1159","medit_parse","'i'","","","READ_OR_UNKNOWN","","    case 'i':"
"src\medit.c","1160","medit_parse","'I'","MEDIT_INT","","MUTATING_REVIEW","OLC/object/flag mutation","    case 'I':
      OLC_MODE(d) = MEDIT_INT;
      i++;
      break;"
"src\medit.c","1164","medit_parse","'j'","","","READ_OR_UNKNOWN","","    case 'j':"
"src\medit.c","1165","medit_parse","'J'","MEDIT_WIS","","MUTATING_REVIEW","OLC/object/flag mutation","    case 'J':
      OLC_MODE(d) = MEDIT_WIS;
      i++;
      break;"
"src\medit.c","1169","medit_parse","'k'","","","READ_OR_UNKNOWN","","    case 'k':"
"src\medit.c","1170","medit_parse","'K'","MEDIT_DEX","","MUTATING_REVIEW","OLC/object/flag mutation","    case 'K':
      OLC_MODE(d) = MEDIT_DEX;
      i++;
      break;"
"src\medit.c","1174","medit_parse","'l'","","","READ_OR_UNKNOWN","","    case 'l':"
"src\medit.c","1175","medit_parse","'L'","MEDIT_CON","","MUTATING_REVIEW","OLC/object/flag mutation","    case 'L':
      OLC_MODE(d) = MEDIT_CON;
      i++;
      break;"
"src\medit.c","1179","medit_parse","'m'","","","READ_OR_UNKNOWN","","    case 'm':"
"src\medit.c","1180","medit_parse","'M'","MEDIT_CHA","","MUTATING_REVIEW","OLC/object/flag mutation","    case 'M':
      OLC_MODE(d) = MEDIT_CHA;
      i++;
      break;"
"src\medit.c","1184","medit_parse","'n'","","","READ_OR_UNKNOWN","","    case 'n':"
"src\medit.c","1185","medit_parse","'N'","MEDIT_PARA","","MUTATING_REVIEW","OLC/object/flag mutation","    case 'N':
      OLC_MODE(d) = MEDIT_PARA;
      i++;
      break;"
"src\medit.c","1189","medit_parse","'o'","","","READ_OR_UNKNOWN","","    case 'o':"
"src\medit.c","1190","medit_parse","'O'","MEDIT_ROD","","MUTATING_REVIEW","OLC/object/flag mutation","    case 'O':
      OLC_MODE(d) = MEDIT_ROD;
      i++;
      break;"
"src\medit.c","1194","medit_parse","'p'","","","READ_OR_UNKNOWN","","    case 'p':"
"src\medit.c","1195","medit_parse","'P'","MEDIT_PETRI","","MUTATING_REVIEW","OLC/object/flag mutation","    case 'P':
      OLC_MODE(d) = MEDIT_PETRI;
      i++;
      break;"
"src\medit.c","1199","medit_parse","'r'","","","READ_OR_UNKNOWN","","    case 'r':"
"src\medit.c","1200","medit_parse","'R'","MEDIT_BREATH","","MUTATING_REVIEW","OLC/object/flag mutation","    case 'R':
      OLC_MODE(d) = MEDIT_BREATH;
      i++;
      break;"
"src\medit.c","1204","medit_parse","'s'","","","READ_OR_UNKNOWN","","    case 's':"
"src\medit.c","1205","medit_parse","'S'","MEDIT_SPELL","","MUTATING_REVIEW","OLC/object/flag mutation","    case 'S':
      OLC_MODE(d) = MEDIT_SPELL;
      i++;
      break;"
"src\medit.c","1209","medit_parse","default","","","READ_OR_UNKNOWN","","    default:
      medit_disp_stats_menu(d);
      return;"
"src\medit.c","1223","medit_parse","OLC_SCRIPT_EDIT","","","READ_OR_UNKNOWN","","  case OLC_SCRIPT_EDIT:
    if (dg_script_edit_parse(d, arg)) return;
    medit_disp_menu(d);
    return;"
"src\medit.c","1228","medit_parse","MEDIT_KEYWORD","","","DESTRUCTIVE_REVIEW","delete/purge/extract/remove/free operation | OLC/object/flag mutation","  case MEDIT_KEYWORD:
    smash_tilde(arg);
    if (GET_ALIAS(OLC_MOB(d)))
      free(GET_ALIAS(OLC_MOB(d)));
    GET_ALIAS(OLC_MOB(d)) = str_udup(arg);
    break;"
"src\medit.c","1235","medit_parse","MEDIT_S_DESC","","","DESTRUCTIVE_REVIEW","delete/purge/extract/remove/free operation | OLC/object/flag mutation","  case MEDIT_S_DESC:
    smash_tilde(arg);
    if (GET_SDESC(OLC_MOB(d)))
      free(GET_SDESC(OLC_MOB(d)));
    GET_SDESC(OLC_MOB(d)) = str_udup(arg);
    break;"
"src\medit.c","1242","medit_parse","MEDIT_L_DESC","","%s | undefined","DESTRUCTIVE_REVIEW","delete/purge/extract/remove/free operation | OLC/object/flag mutation","  case MEDIT_L_DESC:
    smash_tilde(arg);
    if (GET_LDESC(OLC_MOB(d)))
      free(GET_LDESC(OLC_MOB(d)));
    if (arg && *arg) {
      char buf[MAX_INPUT_LENGTH];
      snprintf(buf, sizeof(buf), ""%s\r\n"", arg);
      GET_LDESC(OLC_MOB(d)) = strdup(buf);
    } else
      GET_LDESC(OLC_MOB(d)) = strdup(""undefined"");

    break;"
"src\medit.c","1255","medit_parse","MEDIT_D_DESC","","SYSERR: OLC: medit_parse(): Reached D_DESC case! | Oops...","READ_OR_UNKNOWN","","  case MEDIT_D_DESC:
    /*
     * We should never get here.
     */
    cleanup_olc(d, CLEANUP_ALL);
    mudlog(BRF, LVL_BUILDER, TRUE, ""SYSERR: OLC: medit_parse(): Reached D_DESC case!"");
    write_to_output(d, ""Oops...\r\n"");
    break;"
"src\medit.c","1264","medit_parse","MEDIT_NPC_FLAGS","","","READ_OR_UNKNOWN","","  case MEDIT_NPC_FLAGS:
    if ((i = atoi(arg)) <= 0)
      break;"
"src\medit.c","1277","medit_parse","MEDIT_AFF_FLAGS","","","READ_OR_UNKNOWN","","  case MEDIT_AFF_FLAGS:
    if ((i = atoi(arg)) <= 0)
      break;"
"src\medit.c","1290","medit_parse","MEDIT_LOADOUT_MENU","","","READ_OR_UNKNOWN","","  case MEDIT_LOADOUT_MENU:
    switch (*arg) {"
"src\medit.c","1292","medit_parse","'q'","","","READ_OR_UNKNOWN","","      case 'q':"
"src\medit.c","1293","medit_parse","'Q'","","","DESTRUCTIVE_REVIEW","delete/purge/extract/remove/free operation | OLC/object/flag mutation","      case 'Q':
        if (OLC_STORAGE(d)) {
          free(OLC_STORAGE(d));
          OLC_STORAGE(d) = NULL;
        }
        medit_disp_menu(d);
        return;"
"src\medit.c","1300","medit_parse","'a'","","","READ_OR_UNKNOWN","","      case 'a':"
"src\medit.c","1301","medit_parse","'A'","MEDIT_LOADOUT_EQUIP_VNUM","Enter object vnum to equip (Q to cancel):","MUTATING_REVIEW","OLC/object/flag mutation","      case 'A':
        OLC_MODE(d) = MEDIT_LOADOUT_EQUIP_VNUM;
        write_to_output(d, ""Enter object vnum to equip (Q to cancel): "");
        return;"
"src\medit.c","1305","medit_parse","'b'","","","READ_OR_UNKNOWN","","      case 'b':"
"src\medit.c","1306","medit_parse","'B'","MEDIT_LOADOUT_INV_VNUM","Enter object vnum to add to inventory (Q to cancel):","MUTATING_REVIEW","OLC/object/flag mutation","      case 'B':
        OLC_MODE(d) = MEDIT_LOADOUT_INV_VNUM;
        write_to_output(d, ""Enter object vnum to add to inventory (Q to cancel): "");
        return;"
"src\medit.c","1310","medit_parse","'c'","","","READ_OR_UNKNOWN","","      case 'c':"
"src\medit.c","1311","medit_parse","'C'","MEDIT_LOADOUT_LOOT_VNUM","Enter object vnum to add to loot table (Q to cancel):","MUTATING_REVIEW","OLC/object/flag mutation","      case 'C':
        OLC_MODE(d) = MEDIT_LOADOUT_LOOT_VNUM;
        write_to_output(d, ""Enter object vnum to add to loot table (Q to cancel): "");
        return;"
"src\medit.c","1315","medit_parse","'d'","","","READ_OR_UNKNOWN","","      case 'd':"
"src\medit.c","1316","medit_parse","'D'","MEDIT_LOADOUT_REMOVE_EQUIP","There are no equipped items to remove.","MUTATING_REVIEW","OLC/object/flag mutation","      case 'D':
      {
        struct char_data *mob = OLC_MOB(d);
        OLC_MODE(d) = MEDIT_LOADOUT_REMOVE_EQUIP;
        if (mob->mob_specials.equip_loadout_count <= 0) {
          write_to_output(d, ""There are no equipped items to remove.\r\n"");
          medit_disp_loadout_menu(d);
          return;"
"src\medit.c","1328","medit_parse","'e'","","","READ_OR_UNKNOWN","","      case 'e':"
"src\medit.c","1329","medit_parse","'E'","MEDIT_LOADOUT_REMOVE_INV","There are no inventory items to remove.","MUTATING_REVIEW","OLC/object/flag mutation","      case 'E':
      {
        struct char_data *mob = OLC_MOB(d);
        OLC_MODE(d) = MEDIT_LOADOUT_REMOVE_INV;
        if (mob->mob_specials.inventory_loadout_count <= 0) {
          write_to_output(d, ""There are no inventory items to remove.\r\n"");
          medit_disp_loadout_menu(d);
          return;"
"src\medit.c","1341","medit_parse","'f'","","","READ_OR_UNKNOWN","","      case 'f':"
"src\medit.c","1342","medit_parse","'F'","MEDIT_LOADOUT_REMOVE_LOOT","There are no loot entries to remove.","MUTATING_REVIEW","OLC/object/flag mutation","      case 'F':
      {
        struct char_data *mob = OLC_MOB(d);
        OLC_MODE(d) = MEDIT_LOADOUT_REMOVE_LOOT;
        if (mob->mob_specials.loot_table_count <= 0) {
          write_to_output(d, ""There are no loot entries to remove.\r\n"");
          medit_disp_loadout_menu(d);
          return;"
"src\medit.c","1354","medit_parse","default","","","READ_OR_UNKNOWN","","      default:
        medit_disp_loadout_menu(d);
        return;"
"src\medit.c","1359","medit_parse","MEDIT_LOADOUT_EQUIP_VNUM","","","READ_OR_UNKNOWN","","  case MEDIT_LOADOUT_EQUIP_VNUM:
    if (medit_arg_is_cancel(arg)) {
      medit_disp_loadout_menu(d);
      return;"
"src\medit.c","1381","medit_parse","MEDIT_LOADOUT_EQUIP_SLOT","","","DESTRUCTIVE_REVIEW","delete/purge/extract/remove/free operation | OLC/object/flag mutation","  case MEDIT_LOADOUT_EQUIP_SLOT:
  {
    int slot, idx;
    obj_rnum ornum;
    struct obj_data *obj;
    struct char_data *mob = OLC_MOB(d);

    if (medit_arg_is_cancel(arg)) {
      if (OLC_STORAGE(d)) {
        free(OLC_STORAGE(d));
        OLC_STORAGE(d) = NULL;
      }
      medit_disp_loadout_menu(d);
      return;"
"src\medit.c","1468","medit_parse","MEDIT_LOADOUT_EQUIP_REPLACE","","%d %d","READ_OR_UNKNOWN","","  case MEDIT_LOADOUT_EQUIP_REPLACE:
  {
    int new_vnum = NOTHING, slot = -1;
    int idx = -1;
    struct char_data *mob = OLC_MOB(d);
    if (OLC_STORAGE(d))
      sscanf(OLC_STORAGE(d), ""%d %d"", &new_vnum, &slot);
    for (j = 0; j < mob->mob_specials.equip_loadout_count; j++) {
      if (mob->mob_specials.equip_loadout[j].wear_pos == slot) {
        idx = j;
        break;"
"src\medit.c","1498","medit_parse","MEDIT_LOADOUT_INV_VNUM","","","READ_OR_UNKNOWN","","  case MEDIT_LOADOUT_INV_VNUM:
    if (medit_arg_is_cancel(arg)) {
      medit_disp_loadout_menu(d);
      return;"
"src\medit.c","1520","medit_parse","MEDIT_LOADOUT_INV_COUNT","","","DESTRUCTIVE_REVIEW","delete/purge/extract/remove/free operation | OLC/object/flag mutation","  case MEDIT_LOADOUT_INV_COUNT:
  {
    struct char_data *mob = OLC_MOB(d);
    int idx;
    if (medit_arg_is_cancel(arg)) {
      if (OLC_STORAGE(d)) {
        free(OLC_STORAGE(d));
        OLC_STORAGE(d) = NULL;
      }
      medit_disp_loadout_menu(d);
      return;"
"src\medit.c","1557","medit_parse","MEDIT_LOADOUT_LOOT_VNUM","","","READ_OR_UNKNOWN","","  case MEDIT_LOADOUT_LOOT_VNUM:
    if (medit_arg_is_cancel(arg)) {
      medit_disp_loadout_menu(d);
      return;"
"src\medit.c","1579","medit_parse","MEDIT_LOADOUT_LOOT_CHANCE","","","DESTRUCTIVE_REVIEW","delete/purge/extract/remove/free operation | OLC/object/flag mutation","  case MEDIT_LOADOUT_LOOT_CHANCE:
  {
    struct char_data *mob = OLC_MOB(d);
    int idx, target_vnum;
    if (medit_arg_is_cancel(arg)) {
      if (OLC_STORAGE(d)) {
        free(OLC_STORAGE(d));
        OLC_STORAGE(d) = NULL;
      }
      medit_disp_loadout_menu(d);
      return;"
"src\medit.c","1630","medit_parse","MEDIT_LOADOUT_REMOVE_EQUIP","","","READ_OR_UNKNOWN","","  case MEDIT_LOADOUT_REMOVE_EQUIP:
  {
    struct char_data *mob = OLC_MOB(d);
    int slot, idx;

    if (medit_arg_is_cancel(arg)) {
      medit_disp_loadout_menu(d);
      return;"
"src\medit.c","1663","medit_parse","MEDIT_LOADOUT_REMOVE_INV","","","READ_OR_UNKNOWN","","  case MEDIT_LOADOUT_REMOVE_INV:
  {
    struct char_data *mob = OLC_MOB(d);
    int idx;

    if (medit_arg_is_cancel(arg)) {
      medit_disp_loadout_menu(d);
      return;"
"src\medit.c","1689","medit_parse","MEDIT_LOADOUT_REMOVE_LOOT","","","READ_OR_UNKNOWN","","  case MEDIT_LOADOUT_REMOVE_LOOT:
  {
    struct char_data *mob = OLC_MOB(d);
    int idx;

    if (medit_arg_is_cancel(arg)) {
      medit_disp_loadout_menu(d);
      return;"
"src\medit.c","1717","medit_parse","MEDIT_SEX","","","MUTATING_REVIEW","OLC/object/flag mutation","  case MEDIT_SEX:
    GET_SEX(OLC_MOB(d)) = LIMIT(i - 1, 0, NUM_GENDERS - 1);
    break;"
"src\medit.c","1721","medit_parse","MEDIT_HITROLL","","","MUTATING_REVIEW","OLC/object/flag mutation","  case MEDIT_HITROLL:
    GET_HITROLL(OLC_MOB(d)) = LIMIT(i, 0, 50);
    OLC_VAL(d) = TRUE;
    medit_disp_stats_menu(d);
    return;"
"src\medit.c","1727","medit_parse","MEDIT_WIMPY_THRESH","","","MUTATING_REVIEW","OLC/object/flag mutation","  case MEDIT_WIMPY_THRESH:
    GET_MOB_WIMP_LEV(OLC_MOB(d)) = LIMIT(i, 0, 30000);
    OLC_VAL(d) = TRUE;
    medit_disp_stats_menu(d);
    return;"
"src\medit.c","1733","medit_parse","MEDIT_DAMROLL","","","MUTATING_REVIEW","OLC/object/flag mutation","  case MEDIT_DAMROLL:
    GET_DAMROLL(OLC_MOB(d)) = LIMIT(i, 0, 50);
    OLC_VAL(d) = TRUE;
    medit_disp_stats_menu(d);
    return;"
"src\medit.c","1739","medit_parse","MEDIT_NDD","","","MUTATING_REVIEW","OLC/object/flag mutation","  case MEDIT_NDD:
    GET_NDD(OLC_MOB(d)) = LIMIT(i, 0, 30);
    OLC_VAL(d) = TRUE;
    medit_disp_stats_menu(d);
    return;"
"src\medit.c","1745","medit_parse","MEDIT_SDD","","","MUTATING_REVIEW","OLC/object/flag mutation","  case MEDIT_SDD:
    GET_SDD(OLC_MOB(d)) = LIMIT(i, 0, 127);
    OLC_VAL(d) = TRUE;
    medit_disp_stats_menu(d);
    return;"
"src\medit.c","1751","medit_parse","MEDIT_NUM_HP_DICE","","","MUTATING_REVIEW","OLC/object/flag mutation","  case MEDIT_NUM_HP_DICE:
    GET_HIT(OLC_MOB(d)) = LIMIT(i, 0, 30);
    OLC_VAL(d) = TRUE;
    medit_disp_stats_menu(d);
    return;"
"src\medit.c","1757","medit_parse","MEDIT_SIZE_HP_DICE","","","MUTATING_REVIEW","OLC/object/flag mutation","  case MEDIT_SIZE_HP_DICE:
    GET_MANA(OLC_MOB(d)) = LIMIT(i, 0, 1000);
    OLC_VAL(d) = TRUE;
    medit_disp_stats_menu(d);
    return;"
"src\medit.c","1763","medit_parse","MEDIT_ADD_HP","","","MUTATING_REVIEW","OLC/object/flag mutation","  case MEDIT_ADD_HP:
    GET_MOVE(OLC_MOB(d)) = LIMIT(i, 0, 30000);
    OLC_VAL(d) = TRUE;
    medit_disp_stats_menu(d);
    return;"
"src\medit.c","1769","medit_parse","MEDIT_AC","","","MUTATING_REVIEW","OLC/object/flag mutation","  case MEDIT_AC:
    GET_AC(OLC_MOB(d)) = LIMIT(i, 0, 200);
    OLC_VAL(d) = TRUE;
    medit_disp_stats_menu(d);
    return;"
"src\medit.c","1775","medit_parse","MEDIT_EVASION","","","MUTATING_REVIEW","OLC/object/flag mutation","  case MEDIT_EVASION:
    GET_EVASION(OLC_MOB(d)) = LIMIT(i, 0, 200);
    OLC_VAL(d) = TRUE;
    medit_disp_stats_menu(d);
    return;"
"src\medit.c","1781","medit_parse","MEDIT_EXP","","","MUTATING_REVIEW","OLC/object/flag mutation","  case MEDIT_EXP:
    GET_EXP(OLC_MOB(d)) = LIMIT(i, 0, MAX_MOB_EXP);
    OLC_VAL(d) = TRUE;
    medit_disp_stats_menu(d);
    return;"
"src\medit.c","1835","medit_parse","MEDIT_STR","MEDIT_STR_ADD","Enter Strength add value [0-100]:","MUTATING_REVIEW","OLC/object/flag mutation","  case MEDIT_STR:
    GET_STR(OLC_MOB(d)) = LIMIT(i, 3, 25);
    OLC_MOB(d)->real_abils.str = GET_STR(OLC_MOB(d));
    OLC_MODE(d) = MEDIT_STR_ADD;
    OLC_VAL(d) = TRUE;
    write_to_output(d, ""Enter Strength add value [0-100]: "");
    return;"
"src\medit.c","1843","medit_parse","MEDIT_STR_ADD","","","MUTATING_REVIEW","OLC/object/flag mutation","  case MEDIT_STR_ADD:
    GET_ADD(OLC_MOB(d)) = LIMIT(i, 0, 100);
    OLC_MOB(d)->real_abils.str_add = GET_ADD(OLC_MOB(d));
    OLC_VAL(d) = TRUE;
    medit_disp_stats_menu(d);
    return;"
"src\medit.c","1850","medit_parse","MEDIT_INT","","","MUTATING_REVIEW","OLC/object/flag mutation","  case MEDIT_INT:
    GET_INT(OLC_MOB(d)) = LIMIT(i, 3, 25);
    OLC_MOB(d)->real_abils.intel = GET_INT(OLC_MOB(d));
    OLC_VAL(d) = TRUE;
    medit_disp_stats_menu(d);
    return;"
"src\medit.c","1857","medit_parse","MEDIT_WIS","","","MUTATING_REVIEW","OLC/object/flag mutation","  case MEDIT_WIS:
    GET_WIS(OLC_MOB(d)) = LIMIT(i, 3, 25);
    OLC_MOB(d)->real_abils.wis = GET_WIS(OLC_MOB(d));
    OLC_VAL(d) = TRUE;
    medit_disp_stats_menu(d);
    return;"
"src\medit.c","1864","medit_parse","MEDIT_DEX","","","MUTATING_REVIEW","OLC/object/flag mutation","  case MEDIT_DEX:
    GET_DEX(OLC_MOB(d)) = LIMIT(i, 3, 25);
    OLC_MOB(d)->real_abils.dex = GET_DEX(OLC_MOB(d));
    OLC_VAL(d) = TRUE;
    medit_disp_stats_menu(d);
    return;"
"src\medit.c","1871","medit_parse","MEDIT_CON","","","MUTATING_REVIEW","OLC/object/flag mutation","  case MEDIT_CON:
    GET_CON(OLC_MOB(d)) = LIMIT(i, 3, 25);
    OLC_MOB(d)->real_abils.con = GET_CON(OLC_MOB(d));
    OLC_VAL(d) = TRUE;
    medit_disp_stats_menu(d);
    return;"
"src\medit.c","1878","medit_parse","MEDIT_CHA","","","MUTATING_REVIEW","OLC/object/flag mutation","  case MEDIT_CHA:
    GET_CHA(OLC_MOB(d)) = LIMIT(i, 3, 25);
    OLC_MOB(d)->real_abils.cha = GET_CHA(OLC_MOB(d));
    OLC_VAL(d) = TRUE;
    medit_disp_stats_menu(d);
    return;"
"src\medit.c","1885","medit_parse","MEDIT_PARA","","","MUTATING_REVIEW","OLC/object/flag mutation","  case MEDIT_PARA:
    GET_SAVE(OLC_MOB(d), SAVING_PARA) = LIMIT(i, 0, 100);
    OLC_VAL(d) = TRUE;
    medit_disp_stats_menu(d);
    return;"
"src\medit.c","1891","medit_parse","MEDIT_ROD","","","MUTATING_REVIEW","OLC/object/flag mutation","  case MEDIT_ROD:
    GET_SAVE(OLC_MOB(d), SAVING_ROD) = LIMIT(i, 0, 100);
    OLC_VAL(d) = TRUE;
    medit_disp_stats_menu(d);
    return;"
"src\medit.c","1897","medit_parse","MEDIT_PETRI","","","MUTATING_REVIEW","OLC/object/flag mutation","  case MEDIT_PETRI:
    GET_SAVE(OLC_MOB(d), SAVING_PETRI) = LIMIT(i, 0, 100);
    OLC_VAL(d) = TRUE;
    medit_disp_stats_menu(d);
    return;"
"src\medit.c","1903","medit_parse","MEDIT_BREATH","","","MUTATING_REVIEW","OLC/object/flag mutation","  case MEDIT_BREATH:
    GET_SAVE(OLC_MOB(d), SAVING_BREATH) = LIMIT(i, 0, 100);
    OLC_VAL(d) = TRUE;
    medit_disp_stats_menu(d);
    return;"
"src\medit.c","1909","medit_parse","MEDIT_SPELL","","","MUTATING_REVIEW","OLC/object/flag mutation","  case MEDIT_SPELL:
    GET_SAVE(OLC_MOB(d), SAVING_SPELL) = LIMIT(i, 0, 100);
    OLC_VAL(d) = TRUE;
    medit_disp_stats_menu(d);
    return;"
"src\medit.c","1915","medit_parse","MEDIT_POS","","","MUTATING_REVIEW","OLC/object/flag mutation","  case MEDIT_POS:
    GET_POS(OLC_MOB(d)) = LIMIT(i - 1, 0, NUM_POSITIONS - 1);
    break;"
"src\medit.c","1919","medit_parse","MEDIT_DEFAULT_POS","","","MUTATING_REVIEW","OLC/object/flag mutation","  case MEDIT_DEFAULT_POS:
    GET_DEFAULT_POS(OLC_MOB(d)) = LIMIT(i - 1, 0, NUM_POSITIONS - 1);
    break;"
"src\medit.c","1923","medit_parse","MEDIT_ATTACK","","","MUTATING_REVIEW","OLC/object/flag mutation","  case MEDIT_ATTACK:
    GET_ATTACK(OLC_MOB(d)) = LIMIT(i, 0, NUM_ATTACK_TYPES - 1);
    break;"
"src\medit.c","1927","medit_parse","MEDIT_LEVEL","MEDIT_LEVEL_AUTOFILL_CONFIRM","Apply recommended stats for level %d? (Y/N):","MUTATING_REVIEW","OLC/object/flag mutation","  case MEDIT_LEVEL:
  {
    int old_level = GET_LEVEL(OLC_MOB(d));
    int new_level = LIMIT(i, 1, LVL_IMPL);

    GET_LEVEL(OLC_MOB(d)) = new_level;
    OLC_VAL(d) = TRUE;
    if (new_level != old_level) {
      OLC_MODE(d) = MEDIT_LEVEL_AUTOFILL_CONFIRM;
      write_to_output(d, ""Apply recommended stats for level %d? (Y/N): "", new_level);
      return;"
"src\medit.c","1943","medit_parse","MEDIT_LEVEL_AUTOFILL_CONFIRM","","","READ_OR_UNKNOWN","","  case MEDIT_LEVEL_AUTOFILL_CONFIRM:
    switch (*arg) {"
"src\medit.c","1945","medit_parse","'y'","","","READ_OR_UNKNOWN","","    case 'y':"
"src\medit.c","1946","medit_parse","'Y'","","","MUTATING_REVIEW","OLC/object/flag mutation","    case 'Y':
      medit_autoroll_stats(d);
      OLC_VAL(d) = TRUE;
      break;"
"src\medit.c","1950","medit_parse","'n'","","","READ_OR_UNKNOWN","","    case 'n':"
"src\medit.c","1951","medit_parse","'N'","","","READ_OR_UNKNOWN","","    case 'N':
      break;"
"src\medit.c","1953","medit_parse","default","","Please answer Y or N:","READ_OR_UNKNOWN","","    default:
      write_to_output(d, ""Please answer Y or N: "");
      return;"
"src\medit.c","1960","medit_parse","MEDIT_ALIGNMENT","","","MUTATING_REVIEW","OLC/object/flag mutation","  case MEDIT_ALIGNMENT:
    GET_ALIGNMENT(OLC_MOB(d)) = LIMIT(i, -1000, 1000);
    OLC_VAL(d) = TRUE;
    medit_disp_stats_menu(d);
    return;"
"src\medit.c","1966","medit_parse","MEDIT_COPY","","That mob does not exist.","READ_OR_UNKNOWN","","  case MEDIT_COPY:
    if ((i = real_mobile(atoi(arg))) != NOWHERE) {
      medit_setup_existing(d, i);
    } else
      write_to_output(d, ""That mob does not exist.\r\n"");
    break;"
"src\medit.c","1973","medit_parse","MEDIT_DELETE","","Mobile deleted. | Couldn't delete the mobile!","DESTRUCTIVE_REVIEW","delete/purge/extract/remove/free operation | OLC/object/flag mutation","  case MEDIT_DELETE:
    if (*arg == 'y' || *arg == 'Y') {
      if (delete_mobile(GET_MOB_RNUM(OLC_MOB(d))) != NOBODY)
        write_to_output(d, ""Mobile deleted.\r\n"");
      else
        write_to_output(d, ""Couldn't delete the mobile!\r\n"");

      cleanup_olc(d, CLEANUP_ALL);
      return;"
"src\medit.c","1990","medit_parse","default","","SYSERR: OLC: medit_parse(): Reached default case! | Oops...","READ_OR_UNKNOWN","","  default:
    /* We should never get here. */
    cleanup_olc(d, CLEANUP_ALL);
    mudlog(BRF, LVL_BUILDER, TRUE, ""SYSERR: OLC: medit_parse(): Reached default case!"");
    write_to_output(d, ""Oops...\r\n"");
    break;"
"src\medit.c","2009","medit_string_cleanup","MEDIT_D_DESC","","","READ_OR_UNKNOWN","","  case MEDIT_D_DESC:"
"src\medit.c","2010","medit_string_cleanup","default","","","READ_OR_UNKNOWN","","  default:
     medit_disp_menu(d);
     break;"
"src\modify.c","174","string_add","STRINGADD_ABORT","","","READ_OR_UNKNOWN","","    case STRINGADD_ABORT:
      switch (STATE(d)) {"
"src\modify.c","176","string_add","CON_CEDIT","","","READ_OR_UNKNOWN","","        case CON_CEDIT:"
"src\modify.c","177","string_add","CON_TEDIT","","","READ_OR_UNKNOWN","","        case CON_TEDIT:"
"src\modify.c","178","string_add","CON_REDIT","","","READ_OR_UNKNOWN","","        case CON_REDIT:"
"src\modify.c","179","string_add","CON_MEDIT","","","READ_OR_UNKNOWN","","        case CON_MEDIT:"
"src\modify.c","180","string_add","CON_OEDIT","","","READ_OR_UNKNOWN","","        case CON_OEDIT:"
"src\modify.c","181","string_add","CON_PLR_DESC","","","READ_OR_UNKNOWN","","        case CON_PLR_DESC:"
"src\modify.c","182","string_add","CON_TRIGEDIT","","","READ_OR_UNKNOWN","","        case CON_TRIGEDIT:"
"src\modify.c","183","string_add","CON_HEDIT","","","READ_OR_UNKNOWN","","        case CON_HEDIT:"
"src\modify.c","184","string_add","CON_QEDIT","","","READ_OR_UNKNOWN","","        case CON_QEDIT:"
"src\modify.c","185","string_add","CON_IBTEDIT","","","DESTRUCTIVE_REVIEW","delete/purge/extract/remove/free operation","        case CON_IBTEDIT:
	      free(*d->str);
          *d->str    = d->backstr;
          d->backstr = NULL;
          d->str     = NULL;
          break;"
"src\modify.c","191","string_add","default","","SYSERR: string_add: Aborting write from unknown origin.","READ_OR_UNKNOWN","","        default:
          log(""SYSERR: string_add: Aborting write from unknown origin."");
          break;"
"src\modify.c","196","string_add","STRINGADD_SAVE","","Nothing.","DESTRUCTIVE_REVIEW","delete/purge/extract/remove/free operation","    case STRINGADD_SAVE:
      if (d->str && *d->str && **d->str == '\0') {
        free(*d->str);
        *d->str = strdup(""Nothing.\r\n"");
      }
      if (d->backstr)
        free(d->backstr);
      d->backstr = NULL;
      break;"
"src\modify.c","205","string_add","STRINGADD_ACTION","","","READ_OR_UNKNOWN","","    case STRINGADD_ACTION:
      break;"
"src\msgedit.c","439","msgedit_parse","MSGEDIT_MAIN_MENU","","Enter Option :","READ_OR_UNKNOWN","","    case MSGEDIT_MAIN_MENU:
      if (!*arg) {
        write_to_output(d, ""Enter Option : "");
        return;"
"src\msgedit.c","445","msgedit_parse","'1'","MSGEDIT_TYPE","Enter Action Type :","MUTATING_REVIEW","OLC/object/flag mutation","        case '1':
          write_to_output(d, ""Enter Action Type : "");
          OLC_MODE(d) = MSGEDIT_TYPE;
        return;"
"src\msgedit.c","449","msgedit_parse","'A'","","","READ_OR_UNKNOWN","","        case 'A':"
"src\msgedit.c","450","msgedit_parse","'a'","MSGEDIT_DEATH_CHAR","Example: You kill $N! | Enter new string :","MUTATING_REVIEW","OLC/object/flag mutation","        case 'a':
          write_to_output(d, ""Example: You kill $N!\r\n"");
          write_to_output(d, ""Enter new string : "");
          OLC_MODE(d) = MSGEDIT_DEATH_CHAR;
        return;"
"src\msgedit.c","455","msgedit_parse","'B'","","","READ_OR_UNKNOWN","","        case 'B':"
"src\msgedit.c","456","msgedit_parse","'b'","MSGEDIT_DEATH_VICT","Example: $n kills you! | Enter new string :","MUTATING_REVIEW","OLC/object/flag mutation","        case 'b':
          write_to_output(d, ""Example: $n kills you!\r\n"");
          write_to_output(d, ""Enter new string : "");
          OLC_MODE(d) = MSGEDIT_DEATH_VICT;
        return;"
"src\msgedit.c","461","msgedit_parse","'C'","","","READ_OR_UNKNOWN","","        case 'C':"
"src\msgedit.c","462","msgedit_parse","'c'","MSGEDIT_DEATH_ROOM","Example: $n kills $N! | Enter new string :","MUTATING_REVIEW","OLC/object/flag mutation","        case 'c':
          write_to_output(d, ""Example: $n kills $N!\r\n"");
          write_to_output(d, ""Enter new string : "");
          OLC_MODE(d) = MSGEDIT_DEATH_ROOM;
        return;"
"src\msgedit.c","467","msgedit_parse","'D'","","","READ_OR_UNKNOWN","","        case 'D':"
"src\msgedit.c","468","msgedit_parse","'d'","MSGEDIT_MISS_CHAR","Example: You miss $N! | Enter new string :","MUTATING_REVIEW","OLC/object/flag mutation","        case 'd':
          write_to_output(d, ""Example: You miss $N!\r\n"");
          write_to_output(d, ""Enter new string : "");
          OLC_MODE(d) = MSGEDIT_MISS_CHAR;
        return;"
"src\msgedit.c","473","msgedit_parse","'E'","","","READ_OR_UNKNOWN","","        case 'E':"
"src\msgedit.c","474","msgedit_parse","'e'","MSGEDIT_MISS_VICT","Example: $n misses you! | Enter new string :","MUTATING_REVIEW","OLC/object/flag mutation","        case 'e':
          write_to_output(d, ""Example: $n misses you!\r\n"");
          write_to_output(d, ""Enter new string : "");
          OLC_MODE(d) = MSGEDIT_MISS_VICT;
        return;"
"src\msgedit.c","479","msgedit_parse","'F'","","","READ_OR_UNKNOWN","","        case 'F':"
"src\msgedit.c","480","msgedit_parse","'f'","MSGEDIT_MISS_ROOM","Example: $n misses $N! | Enter new string :","MUTATING_REVIEW","OLC/object/flag mutation","        case 'f':
          write_to_output(d, ""Example: $n misses $N!\r\n"");
          write_to_output(d, ""Enter new string : "");
          OLC_MODE(d) = MSGEDIT_MISS_ROOM;
        return;"
"src\msgedit.c","485","msgedit_parse","'G'","","","READ_OR_UNKNOWN","","        case 'G':"
"src\msgedit.c","486","msgedit_parse","'g'","MSGEDIT_HIT_CHAR","Example: You hit $N! | Enter new string :","MUTATING_REVIEW","OLC/object/flag mutation","        case 'g':
          write_to_output(d, ""Example: You hit $N!\r\n"");
          write_to_output(d, ""Enter new string : "");
          OLC_MODE(d) = MSGEDIT_HIT_CHAR;
        return;"
"src\msgedit.c","491","msgedit_parse","'H'","","","READ_OR_UNKNOWN","","        case 'H':"
"src\msgedit.c","492","msgedit_parse","'h'","MSGEDIT_HIT_VICT","Example: $n hits you! | Enter new string :","MUTATING_REVIEW","OLC/object/flag mutation","        case 'h':
          write_to_output(d, ""Example: $n hits you!\r\n"");
          write_to_output(d, ""Enter new string : "");
          OLC_MODE(d) = MSGEDIT_HIT_VICT;
        return;"
"src\msgedit.c","497","msgedit_parse","'I'","","","READ_OR_UNKNOWN","","        case 'I':"
"src\msgedit.c","498","msgedit_parse","'i'","MSGEDIT_HIT_ROOM","Example: $n hits $N! | Enter new string :","MUTATING_REVIEW","OLC/object/flag mutation","        case 'i':
          write_to_output(d, ""Example: $n hits $N!\r\n"");
          write_to_output(d, ""Enter new string : "");
          OLC_MODE(d) = MSGEDIT_HIT_ROOM;
        return;"
"src\msgedit.c","503","msgedit_parse","'J'","","","READ_OR_UNKNOWN","","        case 'J':"
"src\msgedit.c","504","msgedit_parse","'j'","MSGEDIT_GOD_CHAR","Example: You can't hit $N! | Enter new string :","MUTATING_REVIEW","OLC/object/flag mutation","        case 'j':
          write_to_output(d, ""Example: You can't hit $N!\r\n"");
          write_to_output(d, ""Enter new string : "");
          OLC_MODE(d) = MSGEDIT_GOD_CHAR;
        return;"
"src\msgedit.c","509","msgedit_parse","'K'","","","READ_OR_UNKNOWN","","        case 'K':"
"src\msgedit.c","510","msgedit_parse","'k'","MSGEDIT_GOD_VICT","Example: $n can't hit you! | Enter new string :","MUTATING_REVIEW","OLC/object/flag mutation","        case 'k':
          write_to_output(d, ""Example: $n can't hit you!\r\n"");
          write_to_output(d, ""Enter new string : "");
          OLC_MODE(d) = MSGEDIT_GOD_VICT;
        return;"
"src\msgedit.c","515","msgedit_parse","'L'","","","READ_OR_UNKNOWN","","        case 'L':"
"src\msgedit.c","516","msgedit_parse","'l'","MSGEDIT_GOD_ROOM","Example: $n can't hit $N! | Enter new string :","MUTATING_REVIEW","OLC/object/flag mutation","        case 'l':
          write_to_output(d, ""Example: $n can't hit $N!\r\n"");
          write_to_output(d, ""Enter new string : "");
          OLC_MODE(d) = MSGEDIT_GOD_ROOM;
        return;"
"src\msgedit.c","521","msgedit_parse","'N'","","","READ_OR_UNKNOWN","","        case 'N':"
"src\msgedit.c","522","msgedit_parse","'n'","","","MUTATING_REVIEW","OLC/object/flag mutation","        case 'n':
          if (OLC_MSG(d)->next == NULL) {
            temp = OLC_MSG(d);
            CREATE(OLC_MSG(d), struct message_type, 1);
            copy_message_strings(OLC_MSG(d), NULL);
            OLC_MSG_LIST(d)->number_of_attacks++;
            temp->next = OLC_MSG(d);
          } else
            OLC_MSG(d) = OLC_MSG(d)->next;
          
          msgedit_main_menu(d);
        return;"
"src\msgedit.c","534","msgedit_parse","'P'","","","READ_OR_UNKNOWN","","        case 'P':"
"src\msgedit.c","535","msgedit_parse","'p'","","","MUTATING_REVIEW","OLC/object/flag mutation","        case 'p':
          if (OLC_MSG(d) == OLC_MSG_LIST(d)->msg) {
            msgedit_main_menu(d);
            return;"
"src\msgedit.c","547","msgedit_parse","'S'","","","READ_OR_UNKNOWN","","        case 'S':"
"src\msgedit.c","548","msgedit_parse","'s'","MSGEDIT_CONFIRM_SAVE","Do you wish to save? Y/N :","MUTATING_REVIEW","OLC/object/flag mutation","        case 's':
          write_to_output(d, ""Do you wish to save? Y/N : "");
          OLC_MODE(d) = MSGEDIT_CONFIRM_SAVE;
        return;"
"src\msgedit.c","552","msgedit_parse","'Q'","","","READ_OR_UNKNOWN","","        case 'Q':"
"src\msgedit.c","553","msgedit_parse","'q'","MSGEDIT_CONFIRM_SAVE","Do you wish to save? Y/N :","MUTATING_REVIEW","OLC/object/flag mutation","        case 'q':
          if (OLC_VAL(d)) {
            OLC_MODE(d) = MSGEDIT_CONFIRM_SAVE;
            quit = TRUE;
            write_to_output(d, ""Do you wish to save? Y/N : "");
            return;"
"src\msgedit.c","565","msgedit_parse","MSGEDIT_CONFIRM_SAVE","","Messages saved. | Save aborted. | Exiting message editor.","MUTATING_REVIEW","OLC/object/flag mutation | disk/save operation","    case MSGEDIT_CONFIRM_SAVE:
      if (*arg && (*arg == 'Y' || *arg == 'y')) {
        copy_message_list(&fight_messages[OLC_NUM(d)], OLC_MSG_LIST(d));
        save_messages_to_disk();
        OLC_VAL(d) = 0;
        write_to_output(d, ""Messages saved.\r\n"");
      } else
        write_to_output(d, ""Save aborted.\r\n"");
  
      if (quit) {
        quit = FALSE;
        write_to_output(d, ""Exiting message editor.\r\n"");
        cleanup_olc(d, CLEANUP_ALL);     
        return;     "
"src\msgedit.c","583","msgedit_parse","MSGEDIT_TYPE","","","MUTATING_REVIEW","OLC/object/flag mutation","    case MSGEDIT_TYPE:
      OLC_MSG_LIST(d)->a_type = LIMIT(atoi(arg), 0, 500);
    break;"
"src\msgedit.c","586","msgedit_parse","MSGEDIT_DEATH_CHAR","","","READ_OR_UNKNOWN","","    case MSGEDIT_DEATH_CHAR:
      if (!genolc_checkstring(d, arg))
        break;"
"src\msgedit.c","596","msgedit_parse","MSGEDIT_DEATH_VICT","","","READ_OR_UNKNOWN","","    case MSGEDIT_DEATH_VICT:
      if (!genolc_checkstring(d, arg))
        break;"
"src\msgedit.c","606","msgedit_parse","MSGEDIT_DEATH_ROOM","","","READ_OR_UNKNOWN","","    case MSGEDIT_DEATH_ROOM:
      if (!genolc_checkstring(d, arg))
        break;"
"src\msgedit.c","616","msgedit_parse","MSGEDIT_MISS_CHAR","","","READ_OR_UNKNOWN","","    case MSGEDIT_MISS_CHAR:
      if (!genolc_checkstring(d, arg))
        break;"
"src\msgedit.c","626","msgedit_parse","MSGEDIT_MISS_VICT","","","READ_OR_UNKNOWN","","    case MSGEDIT_MISS_VICT:
      if (!genolc_checkstring(d, arg))
        break;"
"src\msgedit.c","636","msgedit_parse","MSGEDIT_MISS_ROOM","","","READ_OR_UNKNOWN","","    case MSGEDIT_MISS_ROOM:
      if (!genolc_checkstring(d, arg))
        break;"
"src\msgedit.c","646","msgedit_parse","MSGEDIT_HIT_CHAR","","","READ_OR_UNKNOWN","","    case MSGEDIT_HIT_CHAR:
      if (!genolc_checkstring(d, arg))
        break;"
"src\msgedit.c","656","msgedit_parse","MSGEDIT_HIT_VICT","","","READ_OR_UNKNOWN","","    case MSGEDIT_HIT_VICT:
      if (!genolc_checkstring(d, arg))
        break;"
"src\msgedit.c","666","msgedit_parse","MSGEDIT_HIT_ROOM","","","READ_OR_UNKNOWN","","    case MSGEDIT_HIT_ROOM:
      if (!genolc_checkstring(d, arg))
        break;"
"src\msgedit.c","676","msgedit_parse","MSGEDIT_GOD_CHAR","","","READ_OR_UNKNOWN","","    case MSGEDIT_GOD_CHAR:
      if (!genolc_checkstring(d, arg))
        break;"
"src\msgedit.c","686","msgedit_parse","MSGEDIT_GOD_VICT","","","READ_OR_UNKNOWN","","    case MSGEDIT_GOD_VICT:
      if (!genolc_checkstring(d, arg))
        break;"
"src\msgedit.c","696","msgedit_parse","MSGEDIT_GOD_ROOM","","","READ_OR_UNKNOWN","","    case MSGEDIT_GOD_ROOM:
      if (!genolc_checkstring(d, arg))
        break;"
"src\oasis.c","68","cleanup_olc","CLEANUP_ALL","","","DESTRUCTIVE_REVIEW","delete/purge/extract/remove/free operation","    case CLEANUP_ALL:
      /* free(OLC_SCRIPT(d)) equivalent */
      free_proto_script(OLC_ROOM(d), WLD_TRIGGER);
      free_room(OLC_ROOM(d));
      break;"
"src\oasis.c","73","cleanup_olc","CLEANUP_STRUCTS","","","DESTRUCTIVE_REVIEW","delete/purge/extract/remove/free operation","    case CLEANUP_STRUCTS:
      free(OLC_ROOM(d));
      break;"
"src\oasis.c","76","cleanup_olc","CLEANUP_CONFIG","","","READ_OR_UNKNOWN","","    case CLEANUP_CONFIG:
      free_config(OLC_CONFIG(d));
      break;"
"src\oasis.c","79","cleanup_olc","default","","SYSERR: cleanup_olc: Unknown type!","READ_OR_UNKNOWN","","    default: /* The caller has screwed up. */
      log(""SYSERR: cleanup_olc: Unknown type!"");
      break;"
"src\oasis.c","117","cleanup_olc","CLEANUP_ALL","","","READ_OR_UNKNOWN","","      case CLEANUP_ALL:
        free_quest(OLC_QUEST(d));
        break;"
"src\oasis.c","120","cleanup_olc","CLEANUP_STRUCTS","","","DESTRUCTIVE_REVIEW","delete/purge/extract/remove/free operation","      case CLEANUP_STRUCTS:
        free(OLC_QUEST(d));
        break;"
"src\oasis.c","123","cleanup_olc","default","","","READ_OR_UNKNOWN","","      default:
        break;"
"src\oasis.c","131","cleanup_olc","CLEANUP_ALL","","","READ_OR_UNKNOWN","","      case CLEANUP_ALL:
 	free_action(OLC_ACTION(d));
 	break;"
"src\oasis.c","134","cleanup_olc","CLEANUP_STRUCTS","","","DESTRUCTIVE_REVIEW","delete/purge/extract/remove/free operation","      case CLEANUP_STRUCTS:
        free(OLC_ACTION(d));
        break;"
"src\oasis.c","137","cleanup_olc","default","","","READ_OR_UNKNOWN","","      default:
        /* Caller has screwed up */
 	break;"
"src\oasis.c","146","cleanup_olc","CLEANUP_ALL","","","READ_OR_UNKNOWN","","      case CLEANUP_ALL:
 	free_help(OLC_HELP(d));
 	break;"
"src\oasis.c","149","cleanup_olc","CLEANUP_STRUCTS","","","DESTRUCTIVE_REVIEW","delete/purge/extract/remove/free operation","      case CLEANUP_STRUCTS:
        free(OLC_HELP(d));
        break;"
"src\oasis.c","152","cleanup_olc","default","","","READ_OR_UNKNOWN","","      default:
 	break;"
"src\oasis_delete.c","31","free_strings","OASIS_WLD","","","DESTRUCTIVE_REVIEW","delete/purge/extract/remove/free operation","    case OASIS_WLD:
      room = (struct room_data *) data;

      /* Free Descriptions */
      if (room->name)
        free(room->name);

      if (room->description)
        free(room->description);

      if (room->ex_description)
        free_ex_descriptions(room->ex_description);

      /* Return the return value of free_strings(). */
      return (free_strings(room, OASIS_EXI));"
"src\oasis_delete.c","47","free_strings","OASIS_EXI","","","DESTRUCTIVE_REVIEW","delete/purge/extract/remove/free operation","    case OASIS_EXI:
      room = (struct room_data *) data;

      for (i = 0; i < NUM_OF_DIRS; i++) { /* NUM_OF_DIRS, not DIR_COUNT */
        if (room->dir_option[i]) {
          if (room->dir_option[i]->general_description) {
            free(room->dir_option[i]->general_description);
            room->dir_option[i]->general_description = NULL;
          }
          if (room->dir_option[i]->keyword) {
            free(room->dir_option[i]->keyword);
            room->dir_option[i]->keyword = NULL;
          }
          free(room->dir_option[i]);
          room->dir_option[i] = NULL;
        }
      }

      return (TRUE);"
"src\oasis_delete.c","67","free_strings","OASIS_MOB","","","READ_OR_UNKNOWN","","    case OASIS_MOB:"
"src\oasis_delete.c","68","free_strings","OASIS_OBJ","","","READ_OR_UNKNOWN","","    case OASIS_OBJ:
      return (FALSE);		/* For now... */"
"src\oasis_delete.c","71","free_strings","OASIS_CFG","","","DESTRUCTIVE_REVIEW","delete/purge/extract/remove/free operation","    case OASIS_CFG:
      config = (struct config_data *) data;

      if (config->play.OK)
        free(config->play.OK);

      if (config->play.HUH)
        free(config->play.HUH);

      if (config->play.NOPERSON)
        free(config->play.NOPERSON);

      if (config->play.NOEFFECT)
        free(config->play.NOEFFECT);

      if (config->operation.DFLT_IP)
        free(config->operation.DFLT_IP);

      if (config->operation.DFLT_DIR)
        free(config->operation.DFLT_DIR);

      if (config->operation.LOGNAME)
        free(config->operation.LOGNAME);

      if (config->operation.MENU)
        free(config->operation.MENU);

      if (config->operation.WELC_MESSG)
        free(config->operation.WELC_MESSG);

      if (config->operation.START_MESSG)
        free(config->operation.START_MESSG);

      return (TRUE);"
"src\oasis_delete.c","106","free_strings","default","","SYSERR: oasis_delete.c: free_strings: Invalid type handled (Type %d).","READ_OR_UNKNOWN","","    default:
      mudlog(BRF, LVL_GOD, TRUE, ""SYSERR: oasis_delete.c: free_strings: Invalid type handled (Type %d)."", type);
      return (FALSE);"
"src\oasis_list.c","155","perform_obj_type_list","ITEM_LIGHT","","%s%3d%s) %s[%s%5d%s]%s INFINITE%s %s%s | %s%3d%s) %s[%s%5d%s]%s (%-3dhrs) %s%s%s","READ_OR_UNKNOWN","","          case ITEM_LIGHT:
            v1 = (obj_proto[num].obj_flags.value[2]);
            if (v1 == -1)
              tmp_len = snprintf(buf+len, sizeof(buf)-len, ""%s%3d%s) %s[%s%5d%s]%s INFINITE%s %s%s\r\n"",
                   QGRN, ++found, QNRM, QCYN, QYEL, ov, QCYN, QBRED, QCYN, obj_proto[r_num].short_description, QNRM);
            else
              tmp_len = snprintf(buf+len, sizeof(buf)-len,""%s%3d%s) %s[%s%5d%s]%s (%-3dhrs) %s%s%s\r\n"",
                   QGRN, ++found, QNRM, QCYN, QYEL, ov, QCYN, QNRM, v1, QCYN, obj_proto[r_num].short_description, QNRM);
            break;"
"src\oasis_list.c","165","perform_obj_type_list","ITEM_SCROLL","","","READ_OR_UNKNOWN","","          case ITEM_SCROLL:"
"src\oasis_list.c","166","perform_obj_type_list","ITEM_POTION","","%s%3d%s) %s[%s%8d%s] %s%s","READ_OR_UNKNOWN","","          case ITEM_POTION:
            tmp_len = snprintf(buf+len, sizeof(buf)-len,""%s%3d%s) %s[%s%8d%s] %s%s\r\n"",
                 QGRN, ++found, QNRM, QCYN, QYEL, ov, QCYN, obj_proto[r_num].short_description, QNRM);
            break;"
"src\oasis_list.c","171","perform_obj_type_list","ITEM_WAND","","","READ_OR_UNKNOWN","","          case ITEM_WAND:"
"src\oasis_list.c","172","perform_obj_type_list","ITEM_STAFF","","%s%3d%s) %s[%s%8d%s]%s (%dx%s) %s%s%s","READ_OR_UNKNOWN","","          case ITEM_STAFF:
            v1 = (obj_proto[num].obj_flags.value[1]);
            v2 = (obj_proto[num].obj_flags.value[3]);
            tmp_len = snprintf(buf+len, sizeof(buf)-len,""%s%3d%s) %s[%s%8d%s]%s (%dx%s) %s%s%s\r\n"",
                 QGRN, ++found, QNRM, QCYN, QYEL, ov, QCYN, QNRM, v1, skill_name(v2), QCYN, obj_proto[r_num].short_description, QNRM);
            break;"
"src\oasis_list.c","179","perform_obj_type_list","ITEM_WEAPON","","%s%3d%s) %s[%s%8d%s]%s (%d Avg Dam) %s%s%s","READ_OR_UNKNOWN","","          case ITEM_WEAPON:
            v1 = ((obj_proto[num].obj_flags.value[2]+1)*(obj_proto[r_num].obj_flags.value[1])) / 2;
            tmp_len = snprintf(buf+len, sizeof(buf)-len,""%s%3d%s) %s[%s%8d%s]%s (%d Avg Dam) %s%s%s\r\n"",
                 QGRN, ++found, QNRM, QCYN, QYEL, ov, QCYN, QNRM, v1, QCYN, obj_proto[r_num].short_description, QNRM);
            break;"
"src\oasis_list.c","185","perform_obj_type_list","ITEM_ARMOR","","%s%3d%s) %s[%s%8d%s]%s (%dAC) %s%s%s","READ_OR_UNKNOWN","","          case ITEM_ARMOR:
            tmp_len = snprintf(buf+len, sizeof(buf)-len,""%s%3d%s) %s[%s%8d%s]%s (%dAC) %s%s%s\r\n"",
                 QGRN, ++found, QNRM, QCYN, QYEL, ov, QCYN, QNRM, v1, QCYN, obj_proto[r_num].short_description, QNRM);
            break;"
"src\oasis_list.c","190","perform_obj_type_list","ITEM_CONTAINER","","%s%3d%s) %s[%s%8d%s]%s (Max: %d) %s%s%s","READ_OR_UNKNOWN","","          case ITEM_CONTAINER:
            tmp_len = snprintf(buf+len, sizeof(buf)-len,""%s%3d%s) %s[%s%8d%s]%s (Max: %d) %s%s%s\r\n"",
                 QGRN, ++found, QNRM, QCYN, QYEL, ov, QCYN, QNRM, v1, QCYN, obj_proto[r_num].short_description, QNRM);
            break;"
"src\oasis_list.c","195","perform_obj_type_list","ITEM_DRINKCON","","","READ_OR_UNKNOWN","","          case ITEM_DRINKCON:"
"src\oasis_list.c","196","perform_obj_type_list","ITEM_FOUNTAIN","","%s%3d%s) %s[%s%8d%s]%s (Max: %d) %s%s%s | %s%3d%s) %s[%s%8d%s] %sINFINITE%s %s%s","READ_OR_UNKNOWN","","          case ITEM_FOUNTAIN:
            if (v1 != -1)
              tmp_len = snprintf(buf+len, sizeof(buf)-len,""%s%3d%s) %s[%s%8d%s]%s (Max: %d) %s%s%s\r\n"",
                   QGRN, ++found, QNRM, QCYN, QYEL, ov, QCYN, QNRM, v1, QCYN, obj_proto[r_num].short_description, QNRM);
            else
              tmp_len = snprintf(buf+len, sizeof(buf)-len,""%s%3d%s) %s[%s%8d%s] %sINFINITE%s %s%s\r\n"",
                   QGRN, ++found, QNRM, QCYN, QYEL, ov, QCYN, QBRED, QCYN, obj_proto[r_num].short_description, QNRM);
            break;"
"src\oasis_list.c","205","perform_obj_type_list","ITEM_FOOD","","%s%3d%s) %s[%s%8d%s]%s (H:%d T:%d S:%d) %s%s %sPoisoned!%s | %s%3d%s) %s[%s%8d%s]%s (H:%d T:%d S:%d) %s%s%s","READ_OR_UNKNOWN","","          case ITEM_FOOD:
            v2 = (obj_proto[num].obj_flags.value[3]);
            if (v2 != 0)
              tmp_len = snprintf(buf+len, sizeof(buf)-len,""%s%3d%s) %s[%s%8d%s]%s (H:%d T:%d S:%d) %s%s %sPoisoned!%s\r\n"",
                   QGRN, ++found, QNRM, QCYN, QYEL, ov, QCYN, QNRM, v1, obj_proto[num].obj_flags.value[1], obj_proto[num].obj_flags.value[2], QCYN, obj_proto[r_num].short_description, QBGRN, QNRM);
            else
              tmp_len = snprintf(buf+len, sizeof(buf)-len,""%s%3d%s) %s[%s%8d%s]%s (H:%d T:%d S:%d) %s%s%s\r\n"",
                   QGRN, ++found, QNRM, QCYN, QYEL, ov, QCYN, QNRM, v1, obj_proto[num].obj_flags.value[1], obj_proto[num].obj_flags.value[2], QCYN, obj_proto[r_num].short_description, QNRM);
            break;"
"src\oasis_list.c","215","perform_obj_type_list","ITEM_MONEY","","%s%3d%s) %s[%s%8d%s] %s%s (%s%d coins%s)","READ_OR_UNKNOWN","","          case ITEM_MONEY:
            tmp_len = snprintf(buf+len, sizeof(buf)-len,""%s%3d%s) %s[%s%8d%s] %s%s (%s%d coins%s)\r\n"",
                 QGRN, ++found, QNRM, QCYN, QYEL, ov, QCYN, obj_proto[r_num].short_description, QNRM, QYEL, v1, QNRM);
            break;"
"src\oasis_list.c","221","perform_obj_type_list","ITEM_TREASURE","","","READ_OR_UNKNOWN","","          case ITEM_TREASURE:"
"src\oasis_list.c","222","perform_obj_type_list","ITEM_TRASH","","","READ_OR_UNKNOWN","","          case ITEM_TRASH:"
"src\oasis_list.c","223","perform_obj_type_list","ITEM_OTHER","","","READ_OR_UNKNOWN","","          case ITEM_OTHER:"
"src\oasis_list.c","224","perform_obj_type_list","ITEM_WORN","","","READ_OR_UNKNOWN","","          case ITEM_WORN:"
"src\oasis_list.c","225","perform_obj_type_list","ITEM_NOTE","","","READ_OR_UNKNOWN","","          case ITEM_NOTE:"
"src\oasis_list.c","226","perform_obj_type_list","ITEM_PEN","","","READ_OR_UNKNOWN","","          case ITEM_PEN:"
"src\oasis_list.c","227","perform_obj_type_list","ITEM_BOAT","","","READ_OR_UNKNOWN","","          case ITEM_BOAT:"
"src\oasis_list.c","228","perform_obj_type_list","ITEM_KEY","","%s%3d%s) %s[%s%8d%s] %s%s","READ_OR_UNKNOWN","","          case ITEM_KEY:
            tmp_len = snprintf(buf+len, sizeof(buf)-len,""%s%3d%s) %s[%s%8d%s] %s%s\r\n"",
                 QGRN, ++found, QNRM, QCYN, QYEL, ov, QCYN, obj_proto[r_num].short_description, QNRM);
            break;"
"src\oasis_list.c","233","perform_obj_type_list","default","","Not a valid item type","READ_OR_UNKNOWN","","          default:
            send_to_char(ch, ""Not a valid item type"");
            return;"
"src\oasis_list.c","399","perform_obj_name_list","SCMD_OASIS_MLIST","","help | Usage: %smlist <zone>%s        - List mobiles in a zone | %smlist <vnum> <vnum>%s - List a range of mobiles by vnum | %smlist level <num>%s   - List all mobiles of a specified level | %smlist flags <num>%s - List all mobiles with flag set | Just type %smlist flags%s to view available options.","READ_OR_UNKNOWN","","    case SCMD_OASIS_MLIST:
      two_arguments(argument, arg, arg2);

      if (is_abbrev(arg, ""help"")) {
        send_to_char(ch, ""Usage: %smlist <zone>%s        - List mobiles in a zone\r\n"", QYEL, QNRM);
        send_to_char(ch, ""       %smlist <vnum> <vnum>%s - List a range of mobiles by vnum\r\n"", QYEL, QNRM);
        send_to_char(ch, ""       %smlist level <num>%s   - List all mobiles of a specified level\r\n"", QYEL, QNRM);
	    send_to_char(ch, ""       %smlist flags <num>%s - List all mobiles with flag set\r\n"", QYEL, QNRM);
		send_to_char(ch, ""Just type %smlist flags%s to view available options.\r\n"", QYEL, QNRM);
        return;"
"src\oasis_list.c","431","perform_obj_name_list","SCMD_OASIS_OLIST","","help | Usage: %solist <zone>%s        - List objects in a zone | %solist <vnum> <vnum>%s - List a range of objects by vnum | %solist <name>%s        - List all named objects with count | %solist type <num>%s    - List all objects of a specified type | %solist affect <num>%s  - List top %d objects with affect | Just type %solist affect%s or %solist type%s to view available options","READ_OR_UNKNOWN","","    case SCMD_OASIS_OLIST:
      two_arguments(argument, arg, arg2);

      if (is_abbrev(arg, ""help"")) {
        send_to_char(ch, ""Usage: %solist <zone>%s        - List objects in a zone\r\n"", QYEL, QNRM);
        send_to_char(ch, ""       %solist <vnum> <vnum>%s - List a range of objects by vnum\r\n"", QYEL, QNRM);
        send_to_char(ch, ""       %solist <name>%s        - List all named objects with count\r\n"", QYEL, QNRM);
        send_to_char(ch, ""       %solist type <num>%s    - List all objects of a specified type\r\n"", QYEL, QNRM);
        send_to_char(ch, ""       %solist affect <num>%s  - List top %d objects with affect\r\n"", QYEL, QNRM, MAX_OBJ_LIST);
        send_to_char(ch, ""Just type %solist affect%s or %solist type%s to view available options\r\n"", QYEL, QNRM, QYEL, QNRM);
        return;"
"src\oasis_list.c","487","perform_obj_name_list","SCMD_OASIS_ZLIST","","","READ_OR_UNKNOWN","","    case SCMD_OASIS_ZLIST:
      if (!*smin)        /* No args - list all zones */
        list_zones(ch, NOWHERE, 0, zone_table[top_of_zone_table].number, NULL);
      else if (use_name) /* Builder name as arg */
        list_zones(ch, NOWHERE, 0, zone_table[top_of_zone_table].number, smin);
      else               /* Numerical args */
        list_zones(ch, rzone, vmin, vmax, NULL);
      break;"
"src\oasis_list.c","495","perform_obj_name_list","default","","You can't list that! | SYSERR: do_oasis_list: Unknown list option: %d | Syntax: links <zone_vnum> ('.' for zone you are standing in)","READ_OR_UNKNOWN","","    default:
      send_to_char(ch, ""You can't list that!\r\n"");
      mudlog(BRF, LVL_IMMORT, TRUE,
        ""SYSERR: do_oasis_list: Unknown list option: %d"", subcmd);
  }
}

ACMD(do_oasis_links)
{
  zone_rnum zrnum;
  zone_vnum zvnum;
  room_rnum nr, to_room;
  room_vnum first, last;
  int j;
  char arg[MAX_INPUT_LENGTH];

  skip_spaces(&argument);
  one_argument(argument, arg);

  if (!*arg) {
    send_to_char(ch,
      ""Syntax: links <zone_vnum> ('.' for zone you are standing in)\r\n"");
      return;"
"src\oedit.c","282","oedit_save_internally","'P'","","","MUTATING_REVIEW","OLC/object/flag mutation","          case 'P':
            OLC_ZONE(dsc)->cmd[i].arg3 += (OLC_ZONE(dsc)->cmd[i].arg3 >= robj_num);
            /* Fall through. */"
"src\oedit.c","285","oedit_save_internally","'E'","","","READ_OR_UNKNOWN","","          case 'E':"
"src\oedit.c","286","oedit_save_internally","'G'","","","READ_OR_UNKNOWN","","          case 'G':"
"src\oedit.c","287","oedit_save_internally","'O'","","","MUTATING_REVIEW","OLC/object/flag mutation","          case 'O':
            OLC_ZONE(dsc)->cmd[i].arg1 += (OLC_ZONE(dsc)->cmd[i].arg1 >= robj_num);
            break;"
"src\oedit.c","290","oedit_save_internally","'R'","","","MUTATING_REVIEW","OLC/object/flag mutation","          case 'R':
            OLC_ZONE(dsc)->cmd[i].arg2 += (OLC_ZONE(dsc)->cmd[i].arg2 >= robj_num);
            break;"
"src\oedit.c","293","oedit_save_internally","default","","","READ_OR_UNKNOWN","","          default:
          break;"
"src\oedit.c","421","oedit_disp_val1_menu","ITEM_LIGHT","","","READ_OR_UNKNOWN","","  case ITEM_LIGHT:
    /* values 0 and 1 are unused.. jump to 2 */
    oedit_disp_val3_menu(d);
    break;"
"src\oedit.c","425","oedit_disp_val1_menu","ITEM_SCROLL","","","READ_OR_UNKNOWN","","  case ITEM_SCROLL:"
"src\oedit.c","426","oedit_disp_val1_menu","ITEM_WAND","","","READ_OR_UNKNOWN","","  case ITEM_WAND:"
"src\oedit.c","427","oedit_disp_val1_menu","ITEM_STAFF","","","READ_OR_UNKNOWN","","  case ITEM_STAFF:"
"src\oedit.c","428","oedit_disp_val1_menu","ITEM_POTION","","Spell level :","READ_OR_UNKNOWN","","  case ITEM_POTION:
    write_to_output(d, ""Spell level : "");
    break;"
"src\oedit.c","431","oedit_disp_val1_menu","ITEM_WEAPON","","Modifier to Hitroll :","READ_OR_UNKNOWN","","  case ITEM_WEAPON:
    /* This doesn't seem to be used if I remember right. */
    write_to_output(d, ""Modifier to Hitroll : "");
    break;"
"src\oedit.c","435","oedit_disp_val1_menu","ITEM_ARMOR","","Apply to Armor :","READ_OR_UNKNOWN","","  case ITEM_ARMOR:
    write_to_output(d, ""Apply to Armor : "");
    break;"
"src\oedit.c","438","oedit_disp_val1_menu","ITEM_CONTAINER","","Max weight to contain (-1 for unlimited) :","READ_OR_UNKNOWN","","  case ITEM_CONTAINER:
    write_to_output(d, ""Max weight to contain (-1 for unlimited) : "");
    break;"
"src\oedit.c","441","oedit_disp_val1_menu","ITEM_DRINKCON","","","READ_OR_UNKNOWN","","  case ITEM_DRINKCON:"
"src\oedit.c","442","oedit_disp_val1_menu","ITEM_FOUNTAIN","","Max drink units (-1 for unlimited) :","READ_OR_UNKNOWN","","  case ITEM_FOUNTAIN:
    write_to_output(d, ""Max drink units (-1 for unlimited) : "");
    break;"
"src\oedit.c","445","oedit_disp_val1_menu","ITEM_FOOD","","Hunger restore amount:","READ_OR_UNKNOWN","","  case ITEM_FOOD:
    write_to_output(d, ""Hunger restore amount: "");
    break;"
"src\oedit.c","448","oedit_disp_val1_menu","ITEM_MONEY","","Number of gold coins :","READ_OR_UNKNOWN","","  case ITEM_MONEY:
    write_to_output(d, ""Number of gold coins : "");
    break;"
"src\oedit.c","451","oedit_disp_val1_menu","ITEM_FURNITURE","","Regen multiplier (0/1 normal, 3 for triple) :","READ_OR_UNKNOWN","","  case ITEM_FURNITURE:
    write_to_output(d, ""Regen multiplier (0/1 normal, 3 for triple) : "");
    break;"
"src\oedit.c","455","oedit_disp_val1_menu","ITEM_OTHER","","","READ_OR_UNKNOWN","","  case ITEM_OTHER:"
"src\oedit.c","456","oedit_disp_val1_menu","ITEM_WORN","","","READ_OR_UNKNOWN","","  case ITEM_WORN:"
"src\oedit.c","457","oedit_disp_val1_menu","ITEM_TREASURE","","","READ_OR_UNKNOWN","","  case ITEM_TREASURE:"
"src\oedit.c","458","oedit_disp_val1_menu","ITEM_TRASH","","","READ_OR_UNKNOWN","","  case ITEM_TRASH:"
"src\oedit.c","459","oedit_disp_val1_menu","ITEM_KEY","","","READ_OR_UNKNOWN","","  case ITEM_KEY:"
"src\oedit.c","460","oedit_disp_val1_menu","ITEM_PEN","","","READ_OR_UNKNOWN","","  case ITEM_PEN:"
"src\oedit.c","461","oedit_disp_val1_menu","ITEM_BOAT","","","READ_OR_UNKNOWN","","  case ITEM_BOAT:"
"src\oedit.c","462","oedit_disp_val1_menu","ITEM_FREE","","","READ_OR_UNKNOWN","","  case ITEM_FREE:   /* Not implemented, but should be handled here */"
"src\oedit.c","463","oedit_disp_val1_menu","ITEM_FREE2","","","READ_OR_UNKNOWN","","  case ITEM_FREE2:  /* Not implemented, but should be handled here */
    oedit_disp_menu(d);
    break;"
"src\oedit.c","466","oedit_disp_val1_menu","default","","SYSERR: OLC: Reached default case in oedit_disp_val1_menu()!","READ_OR_UNKNOWN","","  default:
    mudlog(BRF, LVL_BUILDER, TRUE, ""SYSERR: OLC: Reached default case in oedit_disp_val1_menu()!"");
    break;"
"src\oedit.c","477","oedit_disp_val2_menu","ITEM_SCROLL","","","READ_OR_UNKNOWN","","  case ITEM_SCROLL:"
"src\oedit.c","478","oedit_disp_val2_menu","ITEM_POTION","","","READ_OR_UNKNOWN","","  case ITEM_POTION:
    oedit_disp_spells_menu(d);
    break;"
"src\oedit.c","481","oedit_disp_val2_menu","ITEM_WAND","","","READ_OR_UNKNOWN","","  case ITEM_WAND:"
"src\oedit.c","482","oedit_disp_val2_menu","ITEM_STAFF","","Max number of charges :","READ_OR_UNKNOWN","","  case ITEM_STAFF:
    write_to_output(d, ""Max number of charges : "");
    break;"
"src\oedit.c","485","oedit_disp_val2_menu","ITEM_WEAPON","","Number of damage dice :","READ_OR_UNKNOWN","","  case ITEM_WEAPON:
    write_to_output(d, ""Number of damage dice : "");
    break;"
"src\oedit.c","488","oedit_disp_val2_menu","ITEM_FURNITURE","","Number of people it can hold (0 for unlimited) :","READ_OR_UNKNOWN","","  case ITEM_FURNITURE:
    write_to_output(d, ""Number of people it can hold (0 for unlimited) : "");
    break;"
"src\oedit.c","491","oedit_disp_val2_menu","ITEM_FOOD","","Thirst restore amount:","READ_OR_UNKNOWN","","  case ITEM_FOOD:
    write_to_output(d, ""Thirst restore amount: "");
    break;"
"src\oedit.c","494","oedit_disp_val2_menu","ITEM_CONTAINER","","","READ_OR_UNKNOWN","","  case ITEM_CONTAINER:
    /* These are flags, needs a bit of special handling. */
    oedit_disp_container_flags_menu(d);
    break;"
"src\oedit.c","498","oedit_disp_val2_menu","ITEM_DRINKCON","","","READ_OR_UNKNOWN","","  case ITEM_DRINKCON:"
"src\oedit.c","499","oedit_disp_val2_menu","ITEM_FOUNTAIN","","Initial drink units :","READ_OR_UNKNOWN","","  case ITEM_FOUNTAIN:
    write_to_output(d, ""Initial drink units : "");
    break;"
"src\oedit.c","502","oedit_disp_val2_menu","default","OEDIT_VALUE_3","","MUTATING_REVIEW","OLC/object/flag mutation","  default:
    oedit_disp_menu(d);
  }
}

/* Object value #3 */
static void oedit_disp_val3_menu(struct descriptor_data *d)
{
  OLC_MODE(d) = OEDIT_VALUE_3;
  switch (GET_OBJ_TYPE(OLC_OBJ(d))) {"
"src\oedit.c","512","oedit_disp_val3_menu","ITEM_LIGHT","","Number of hours (0 = burnt, -1 is infinite) :","READ_OR_UNKNOWN","","  case ITEM_LIGHT:
    write_to_output(d, ""Number of hours (0 = burnt, -1 is infinite) : "");
    break;"
"src\oedit.c","515","oedit_disp_val3_menu","ITEM_SCROLL","","","READ_OR_UNKNOWN","","  case ITEM_SCROLL:"
"src\oedit.c","516","oedit_disp_val3_menu","ITEM_POTION","","","READ_OR_UNKNOWN","","  case ITEM_POTION:
    oedit_disp_spells_menu(d);
    break;"
"src\oedit.c","519","oedit_disp_val3_menu","ITEM_WAND","","","READ_OR_UNKNOWN","","  case ITEM_WAND:"
"src\oedit.c","520","oedit_disp_val3_menu","ITEM_STAFF","","Number of charges remaining :","READ_OR_UNKNOWN","","  case ITEM_STAFF:
    write_to_output(d, ""Number of charges remaining : "");
    break;"
"src\oedit.c","523","oedit_disp_val3_menu","ITEM_WEAPON","","Size of damage dice :","READ_OR_UNKNOWN","","  case ITEM_WEAPON:
    write_to_output(d, ""Size of damage dice : "");
    break;"
"src\oedit.c","526","oedit_disp_val3_menu","ITEM_CONTAINER","","Vnum of key to open container (-1 for no key) :","READ_OR_UNKNOWN","","  case ITEM_CONTAINER:
    write_to_output(d, ""Vnum of key to open container (-1 for no key) : "");
    break;"
"src\oedit.c","529","oedit_disp_val3_menu","ITEM_FOOD","","Sated duration:","READ_OR_UNKNOWN","","  case ITEM_FOOD:
    write_to_output(d, ""Sated duration: "");
    break;"
"src\oedit.c","532","oedit_disp_val3_menu","ITEM_DRINKCON","","","READ_OR_UNKNOWN","","  case ITEM_DRINKCON:"
"src\oedit.c","533","oedit_disp_val3_menu","ITEM_FOUNTAIN","","","READ_OR_UNKNOWN","","  case ITEM_FOUNTAIN:
    oedit_liquid_type(d);
    break;"
"src\oedit.c","536","oedit_disp_val3_menu","default","OEDIT_VALUE_4","","MUTATING_REVIEW","OLC/object/flag mutation","  default:
    oedit_disp_menu(d);
  }
}

/* Object value #4 */
static void oedit_disp_val4_menu(struct descriptor_data *d)
{
  OLC_MODE(d) = OEDIT_VALUE_4;
  switch (GET_OBJ_TYPE(OLC_OBJ(d))) {"
"src\oedit.c","546","oedit_disp_val4_menu","ITEM_SCROLL","","","READ_OR_UNKNOWN","","  case ITEM_SCROLL:"
"src\oedit.c","547","oedit_disp_val4_menu","ITEM_POTION","","","READ_OR_UNKNOWN","","  case ITEM_POTION:"
"src\oedit.c","548","oedit_disp_val4_menu","ITEM_WAND","","","READ_OR_UNKNOWN","","  case ITEM_WAND:"
"src\oedit.c","549","oedit_disp_val4_menu","ITEM_STAFF","","","READ_OR_UNKNOWN","","  case ITEM_STAFF:
    oedit_disp_spells_menu(d);
    break;"
"src\oedit.c","552","oedit_disp_val4_menu","ITEM_WEAPON","","","READ_OR_UNKNOWN","","  case ITEM_WEAPON:
    oedit_disp_weapon_menu(d);
    break;"
"src\oedit.c","555","oedit_disp_val4_menu","ITEM_DRINKCON","","","READ_OR_UNKNOWN","","  case ITEM_DRINKCON:"
"src\oedit.c","556","oedit_disp_val4_menu","ITEM_FOUNTAIN","","","READ_OR_UNKNOWN","","  case ITEM_FOUNTAIN:"
"src\oedit.c","557","oedit_disp_val4_menu","ITEM_FOOD","","Poisoned (0 = no, 1 = yes):","READ_OR_UNKNOWN","","  case ITEM_FOOD:
    write_to_output(d, ""Poisoned (0 = no, 1 = yes): "");
    break;"
"src\oedit.c","560","oedit_disp_val4_menu","default","","%s%2d%s) %-20.20s %s | Enter object type : | OFFHAND | TWO-HANDED","DESTRUCTIVE_REVIEW","delete/purge/extract/remove/free operation","  default:
    oedit_disp_menu(d);
  }
}

/* Object type. */
static void oedit_disp_type_menu(struct descriptor_data *d)
{
  int counter, columns = 0;

  get_char_colors(d->character);
  clear_screen(d);

  for (counter = 0; counter < NUM_ITEM_TYPES; counter++) {
    write_to_output(d, ""%s%2d%s) %-20.20s %s"", grn, counter, nrm,
		item_types[counter], !(++columns % 2) ? ""\r\n"" : """");
  }
  write_to_output(d, ""\r\nEnter object type : "");
}

/* Object extra flags. */
static void oedit_format_extra_flags(struct obj_data *obj, char *bits, size_t bits_size)
{
  int display_flags[EF_ARRAY_MAX];

  memcpy(display_flags, GET_OBJ_EXTRA(obj), sizeof(display_flags));
  REMOVE_BIT_AR(display_flags, ITEM_OFFHAND);
  REMOVE_BIT_AR(display_flags, ITEM_TWO_HANDER);
  sprintbitarray(display_flags, extra_bits, EF_ARRAY_MAX, bits);
  bits[bits_size - 1] = '\0';
}

static void oedit_format_wear_flags(struct obj_data *obj, char *bits, size_t bits_size)
{
  sprintbitarray(GET_OBJ_WEAR(obj), wear_bits, TW_ARRAY_MAX, bits);
  if (OBJ_FLAGGED(obj, ITEM_OFFHAND))
    strlcat(bits, "" OFFHAND"", bits_size);
  if (OBJ_FLAGGED(obj, ITEM_TWO_HANDER))
    strlcat(bits, "" TWO-HANDED"", bits_size);
}

static int oedit_extra_flag_from_menu_choice(int choice)
{
  int flag, visible_choice = 0;

  for (flag = 0; flag < NUM_ITEM_FLAGS; flag++) {
    if (flag == ITEM_OFFHAND || flag == ITEM_TWO_HANDER)
      continue;
    if (++visible_choice == choice)
      return flag;"
"src\oedit.c","770","oedit_parse","OEDIT_REFERENCES","","","READ_OR_UNKNOWN","","  case OEDIT_REFERENCES:
    oedit_disp_menu(d);
    return;"
"src\oedit.c","774","oedit_parse","OEDIT_CONFIRM_SAVESTRING","","","READ_OR_UNKNOWN","","  case OEDIT_CONFIRM_SAVESTRING:
    switch (*arg) {"
"src\oedit.c","776","oedit_parse","'y'","","","READ_OR_UNKNOWN","","    case 'y':"
"src\oedit.c","777","oedit_parse","'Y'","","OLC: %s edits obj %d | Object saved to disk. | Object saved to memory.","SAVE_PATH","disk/save operation","    case 'Y':
      oedit_save_internally(d);
      mudlog(CMP, MAX(LVL_BUILDER, GET_INVIS_LEV(d->character)), TRUE,
              ""OLC: %s edits obj %d"", GET_NAME(d->character), OLC_NUM(d));
      if (CONFIG_OLC_SAVE) {
        oedit_save_to_disk(real_zone_by_thing(OLC_NUM(d)));
        write_to_output(d, ""Object saved to disk.\r\n"");
      } else
        write_to_output(d, ""Object saved to memory.\r\n"");
      cleanup_olc(d, CLEANUP_ALL);
      return;"
"src\oedit.c","788","oedit_parse","'n'","","","READ_OR_UNKNOWN","","    case 'n':"
"src\oedit.c","789","oedit_parse","'N'","","","MUTATING_REVIEW","OLC/object/flag mutation","    case 'N':
      /* If not saving, we must free the script_proto list. */
      OLC_OBJ(d)->proto_script = OLC_SCRIPT(d);
      free_proto_script(OLC_OBJ(d), OBJ_TRIGGER);
      cleanup_olc(d, CLEANUP_ALL);
      return;"
"src\oedit.c","795","oedit_parse","'a'","","","READ_OR_UNKNOWN","","    case 'a': /* abort quit */"
"src\oedit.c","796","oedit_parse","'A'","","","READ_OR_UNKNOWN","","    case 'A':
      oedit_disp_menu(d);
      return;"
"src\oedit.c","799","oedit_parse","default","","Invalid choice! | Do you wish to save your changes? :","READ_OR_UNKNOWN","","    default:
      write_to_output(d, ""Invalid choice!\r\n"");
      write_to_output(d, ""Do you wish to save your changes? : \r\n"");
      return;"
"src\oedit.c","805","oedit_parse","OEDIT_MAIN_MENU","","","READ_OR_UNKNOWN","","  case OEDIT_MAIN_MENU:
    /* Throw us out to whichever edit mode based on user input. */
    switch (*arg) {"
"src\oedit.c","808","oedit_parse","'q'","","","READ_OR_UNKNOWN","","    case 'q':"
"src\oedit.c","809","oedit_parse","'Q'","OEDIT_CONFIRM_SAVESTRING","Do you wish to save your changes? :","MUTATING_REVIEW","OLC/object/flag mutation","    case 'Q':
      if (OLC_VAL(d)) {	/* Something has been modified. */
	write_to_output(d, ""Do you wish to save your changes? : "");
	OLC_MODE(d) = OEDIT_CONFIRM_SAVESTRING;
      } else
	cleanup_olc(d, CLEANUP_ALL);
      return;"
"src\oedit.c","816","oedit_parse","'1'","OEDIT_KEYWORD","Enter keywords :","MUTATING_REVIEW","OLC/object/flag mutation","    case '1':
      write_to_output(d, ""Enter keywords : "");
      OLC_MODE(d) = OEDIT_KEYWORD;
      break;"
"src\oedit.c","820","oedit_parse","'2'","OEDIT_SHORTDESC","Enter short desc :","MUTATING_REVIEW","OLC/object/flag mutation","    case '2':
      write_to_output(d, ""Enter short desc : "");
      OLC_MODE(d) = OEDIT_SHORTDESC;
      break;"
"src\oedit.c","824","oedit_parse","'3'","OEDIT_LONGDESC","Enter long desc :-\r\n|","MUTATING_REVIEW","OLC/object/flag mutation","    case '3':
      write_to_output(d, ""Enter long desc :-\r\n| "");
      OLC_MODE(d) = OEDIT_LONGDESC;
      break;"
"src\oedit.c","828","oedit_parse","'4'","OEDIT_ACTDESC","Enter action description: | %s","MUTATING_REVIEW","OLC/object/flag mutation | multiline editor entry","    case '4':
      OLC_MODE(d) = OEDIT_ACTDESC;
      send_editor_help(d);
      write_to_output(d, ""Enter action description:\r\n\r\n"");
      if (OLC_OBJ(d)->action_description) {
	write_to_output(d, ""%s"", OLC_OBJ(d)->action_description);
	oldtext = strdup(OLC_OBJ(d)->action_description);
      }
      string_write(d, &OLC_OBJ(d)->action_description, MAX_MESSAGE_LENGTH, 0, oldtext);
      OLC_VAL(d) = 1;
      break;"
"src\oedit.c","839","oedit_parse","'5'","OEDIT_TYPE","","MUTATING_REVIEW","OLC/object/flag mutation","    case '5':
      oedit_disp_type_menu(d);
      OLC_MODE(d) = OEDIT_TYPE;
      break;"
"src\oedit.c","843","oedit_parse","'6'","OEDIT_EXTRAS","","MUTATING_REVIEW","OLC/object/flag mutation","    case '6':
      oedit_disp_extra_menu(d);
      OLC_MODE(d) = OEDIT_EXTRAS;
      break;"
"src\oedit.c","847","oedit_parse","'7'","OEDIT_WEAR","","MUTATING_REVIEW","OLC/object/flag mutation","    case '7':
      oedit_disp_wear_menu(d);
      OLC_MODE(d) = OEDIT_WEAR;
      break;"
"src\oedit.c","851","oedit_parse","'8'","OEDIT_WEIGHT","Enter weight :","MUTATING_REVIEW","OLC/object/flag mutation","    case '8':
      write_to_output(d, ""Enter weight : "");
      OLC_MODE(d) = OEDIT_WEIGHT;
      break;"
"src\oedit.c","855","oedit_parse","'9'","OEDIT_COST","Enter cost :","MUTATING_REVIEW","OLC/object/flag mutation","    case '9':
      write_to_output(d, ""Enter cost : "");
      OLC_MODE(d) = OEDIT_COST;
      break;"
"src\oedit.c","859","oedit_parse","'a'","","","READ_OR_UNKNOWN","","    case 'a':"
"src\oedit.c","860","oedit_parse","'A'","OEDIT_COSTPERDAY","Enter cost per day (legacy/unused) :","MUTATING_REVIEW","OLC/object/flag mutation","    case 'A':
      write_to_output(d, ""Enter cost per day (legacy/unused) : "");
      OLC_MODE(d) = OEDIT_COSTPERDAY;
      break;"
"src\oedit.c","864","oedit_parse","'b'","","","READ_OR_UNKNOWN","","    case 'b':"
"src\oedit.c","865","oedit_parse","'B'","OEDIT_TIMER","Enter timer :","MUTATING_REVIEW","OLC/object/flag mutation","    case 'B':
      write_to_output(d, ""Enter timer : "");
      OLC_MODE(d) = OEDIT_TIMER;
      break;"
"src\oedit.c","869","oedit_parse","'r'","","","READ_OR_UNKNOWN","","    case 'r':"
"src\oedit.c","870","oedit_parse","'R'","OEDIT_REGEN_MULT","This object type does not support a regen multiplier. | Enter regen multiplier (0/1 for normal) :","MUTATING_REVIEW","OLC/object/flag mutation","    case 'R':
      if (!oedit_type_supports_regen_mult(GET_OBJ_TYPE(OLC_OBJ(d)))) {
        write_to_output(d, ""This object type does not support a regen multiplier.\r\n"");
        oedit_disp_menu(d);
      } else {
        write_to_output(d, ""Enter regen multiplier (0/1 for normal) : "");
        OLC_MODE(d) = OEDIT_REGEN_MULT;
      }
      break;"
"src\oedit.c","879","oedit_parse","'c'","","","READ_OR_UNKNOWN","","    case 'c':"
"src\oedit.c","880","oedit_parse","'C'","","","MUTATING_REVIEW","OLC/object/flag mutation","    case 'C':
      /* Clear any old values */
      GET_OBJ_VAL(OLC_OBJ(d), 0) = 0;
      GET_OBJ_VAL(OLC_OBJ(d), 1) = 0;
      GET_OBJ_VAL(OLC_OBJ(d), 2) = 0;
      GET_OBJ_VAL(OLC_OBJ(d), 3) = 0;
      OLC_VAL(d) = 1;
      oedit_disp_val1_menu(d);
      break;"
"src\oedit.c","889","oedit_parse","'d'","","","READ_OR_UNKNOWN","","    case 'd':"
"src\oedit.c","890","oedit_parse","'D'","","","READ_OR_UNKNOWN","","    case 'D':
      oedit_disp_prompt_apply_menu(d);
      break;"
"src\oedit.c","893","oedit_parse","'e'","","","READ_OR_UNKNOWN","","    case 'e':"
"src\oedit.c","894","oedit_parse","'E'","","","DESTRUCTIVE_REVIEW","data cleared/reset on code path | OLC/object/flag mutation","    case 'E':
      /* If extra descriptions don't exist. */
      if (OLC_OBJ(d)->ex_description == NULL) {
	CREATE(OLC_OBJ(d)->ex_description, struct extra_descr_data, 1);
	OLC_OBJ(d)->ex_description->next = NULL;
      }
      OLC_DESC(d) = OLC_OBJ(d)->ex_description;
      oedit_disp_extradesc_menu(d);
      break;"
"src\oedit.c","903","oedit_parse","'m'","","","READ_OR_UNKNOWN","","    case 'm':"
"src\oedit.c","904","oedit_parse","'M'","OEDIT_LEVEL","Enter new minimum level:","MUTATING_REVIEW","OLC/object/flag mutation","    case 'M':
      write_to_output(d, ""Enter new minimum level: "");
      OLC_MODE(d) = OEDIT_LEVEL;
      break;"
"src\oedit.c","908","oedit_parse","'p'","","","READ_OR_UNKNOWN","","    case 'p':"
"src\oedit.c","909","oedit_parse","'P'","OEDIT_PERM","","MUTATING_REVIEW","OLC/object/flag mutation","    case 'P':
      oedit_disp_perm_menu(d);
      OLC_MODE(d) = OEDIT_PERM;
      break;"
"src\oedit.c","913","oedit_parse","'s'","","","READ_OR_UNKNOWN","","    case 's':"
"src\oedit.c","914","oedit_parse","'S'","","","MUTATING_REVIEW","OLC/object/flag mutation","    case 'S':
      OLC_SCRIPT_EDIT_MODE(d) = SCRIPT_MAIN_MENU;
      dg_script_menu(d);
      return;"
"src\oedit.c","918","oedit_parse","'y'","","","READ_OR_UNKNOWN","","    case 'y':"
"src\oedit.c","919","oedit_parse","'Y'","OEDIT_REFERENCES","Object","MUTATING_REVIEW","OLC/object/flag mutation","    case 'Y':
      builder_refs_display(d, BREF_OBJECT, OLC_NUM(d), ""Object"");
      OLC_MODE(d) = OEDIT_REFERENCES;
      return;"
"src\oedit.c","923","oedit_parse","'w'","","","READ_OR_UNKNOWN","","    case 'w':"
"src\oedit.c","924","oedit_parse","'W'","OEDIT_COPY","Copy what object?","MUTATING_REVIEW","OLC/object/flag mutation","    case 'W':
      write_to_output(d, ""Copy what object? "");
      OLC_MODE(d) = OEDIT_COPY;
      break;"
"src\oedit.c","928","oedit_parse","'x'","","","READ_OR_UNKNOWN","","    case 'x':"
"src\oedit.c","929","oedit_parse","'X'","OEDIT_DELETE","Are you sure you want to delete this object?","MUTATING_REVIEW","OLC/object/flag mutation","    case 'X':
      write_to_output(d, ""Are you sure you want to delete this object? "");
      OLC_MODE(d) = OEDIT_DELETE;
      break;"
"src\oedit.c","933","oedit_parse","default","","","READ_OR_UNKNOWN","","    default:
      oedit_disp_menu(d);
      break;"
"src\oedit.c","939","oedit_parse","OLC_SCRIPT_EDIT","","","READ_OR_UNKNOWN","","  case OLC_SCRIPT_EDIT:
    if (dg_script_edit_parse(d, arg)) return;
    oedit_disp_menu(d);
    return;"
"src\oedit.c","944","oedit_parse","OEDIT_KEYWORD","","","READ_OR_UNKNOWN","","  case OEDIT_KEYWORD:
    if (!genolc_checkstring(d, arg))
      break;"
"src\oedit.c","952","oedit_parse","OEDIT_SHORTDESC","","","READ_OR_UNKNOWN","","  case OEDIT_SHORTDESC:
    if (!genolc_checkstring(d, arg))
      break;"
"src\oedit.c","960","oedit_parse","OEDIT_LONGDESC","","","READ_OR_UNKNOWN","","  case OEDIT_LONGDESC:
    if (!genolc_checkstring(d, arg))
      break;"
"src\oedit.c","968","oedit_parse","OEDIT_TYPE","","Invalid choice, try again :","READ_OR_UNKNOWN","","  case OEDIT_TYPE:
    number = atoi(arg);
    if ((number < 0) || (number >= NUM_ITEM_TYPES)) {
      write_to_output(d, ""Invalid choice, try again : "");
      return;"
"src\oedit.c","980","oedit_parse","OEDIT_EXTRAS","","","READ_OR_UNKNOWN","","  case OEDIT_EXTRAS:
    number = atoi(arg);
    if (number < 0 || (number > 0 && oedit_extra_flag_from_menu_choice(number) < 0)) {
      oedit_disp_extra_menu(d);
      return;"
"src\oedit.c","993","oedit_parse","OEDIT_WEAR","","That's not a valid choice!","READ_OR_UNKNOWN","","  case OEDIT_WEAR:
    number = atoi(arg);
    if ((number < 0) || (number > NUM_ITEM_WEARS + 2)) {
      write_to_output(d, ""That's not a valid choice!\r\n"");
      oedit_disp_wear_menu(d);
      return;"
"src\oedit.c","1021","oedit_parse","OEDIT_WEIGHT","","","MUTATING_REVIEW","OLC/object/flag mutation","  case OEDIT_WEIGHT:
    GET_OBJ_WEIGHT(OLC_OBJ(d)) = LIMIT(atoi(arg), 0, MAX_OBJ_WEIGHT);
    break;"
"src\oedit.c","1025","oedit_parse","OEDIT_COST","","","MUTATING_REVIEW","OLC/object/flag mutation","  case OEDIT_COST:
    GET_OBJ_COST(OLC_OBJ(d)) = LIMIT(atoi(arg), 0, MAX_OBJ_COST);
    break;"
"src\oedit.c","1029","oedit_parse","OEDIT_COSTPERDAY","","","MUTATING_REVIEW","OLC/object/flag mutation","  case OEDIT_COSTPERDAY:
    GET_OBJ_RENT(OLC_OBJ(d)) = LIMIT(atoi(arg), 0, MAX_OBJ_RENT);
    break;"
"src\oedit.c","1033","oedit_parse","OEDIT_TIMER","","","MUTATING_REVIEW","OLC/object/flag mutation","  case OEDIT_TIMER:
    GET_OBJ_TIMER(OLC_OBJ(d)) = LIMIT(atoi(arg), 0, MAX_OBJ_TIMER);
    break;"
"src\oedit.c","1037","oedit_parse","OEDIT_REGEN_MULT","","","MUTATING_REVIEW","OLC/object/flag mutation","  case OEDIT_REGEN_MULT:
    GET_OBJ_VAL(OLC_OBJ(d), 0) = MAX(0, atoi(arg));
    break;"
"src\oedit.c","1041","oedit_parse","OEDIT_LEVEL","","","MUTATING_REVIEW","OLC/object/flag mutation","  case OEDIT_LEVEL:
    GET_OBJ_LEVEL(OLC_OBJ(d)) = LIMIT(atoi(arg), 0, LVL_IMPL);
    break;"
"src\oedit.c","1045","oedit_parse","OEDIT_PERM","","","READ_OR_UNKNOWN","","  case OEDIT_PERM:
    if ((number = atoi(arg)) == 0)
      break;"
"src\oedit.c","1057","oedit_parse","OEDIT_VALUE_1","","","READ_OR_UNKNOWN","","  case OEDIT_VALUE_1:
    number = atoi(arg);
    switch (GET_OBJ_TYPE(OLC_OBJ(d))) {"
"src\oedit.c","1060","oedit_parse","ITEM_FURNITURE","","","MUTATING_REVIEW","OLC/object/flag mutation","    case ITEM_FURNITURE:
      GET_OBJ_VAL(OLC_OBJ(d), 0) = MAX(number, 0);
      oedit_disp_val2_menu(d);
      return;"
"src\oedit.c","1064","oedit_parse","ITEM_WEAPON","","","MUTATING_REVIEW","OLC/object/flag mutation","    case ITEM_WEAPON:
      GET_OBJ_VAL(OLC_OBJ(d), 0) = MAX(atoi(arg), 0);
      break;"
"src\oedit.c","1067","oedit_parse","ITEM_CONTAINER","","","MUTATING_REVIEW","OLC/object/flag mutation","    case ITEM_CONTAINER:
      GET_OBJ_VAL(OLC_OBJ(d), 0) = LIMIT(atoi(arg), -1, MAX_CONTAINER_SIZE);
      break;"
"src\oedit.c","1070","oedit_parse","default","","","MUTATING_REVIEW","OLC/object/flag mutation","    default:
      GET_OBJ_VAL(OLC_OBJ(d), 0) = atoi(arg);
    }
    /* proceed to menu 2 */
    oedit_disp_val2_menu(d);
    return;"
"src\oedit.c","1076","oedit_parse","OEDIT_VALUE_2","","","READ_OR_UNKNOWN","","  case OEDIT_VALUE_2:
    /* Here, I do need to check for out of range values. */
    number = atoi(arg);
    switch (GET_OBJ_TYPE(OLC_OBJ(d))) {"
"src\oedit.c","1080","oedit_parse","ITEM_SCROLL","","","READ_OR_UNKNOWN","","    case ITEM_SCROLL:"
"src\oedit.c","1081","oedit_parse","ITEM_POTION","","","MUTATING_REVIEW","OLC/object/flag mutation","    case ITEM_POTION:
      if (number == 0 || number == -1)
	GET_OBJ_VAL(OLC_OBJ(d), 1) = -1;
      else
	GET_OBJ_VAL(OLC_OBJ(d), 1) = LIMIT(number, 1, NUM_SPELLS);

      oedit_disp_val3_menu(d);
      break;"
"src\oedit.c","1089","oedit_parse","ITEM_CONTAINER","","","MUTATING_REVIEW","OLC/object/flag mutation","    case ITEM_CONTAINER:
      /* Needs some special handling since we are dealing with flag values here. */
      if (number < 0 || number > 4)
	oedit_disp_container_flags_menu(d);
      else if (number != 0) {
        TOGGLE_BIT(GET_OBJ_VAL(OLC_OBJ(d), 1), 1 << (number - 1));
        OLC_VAL(d) = 1;
	oedit_disp_val2_menu(d);
      } else
	oedit_disp_val3_menu(d);
      break;"
"src\oedit.c","1100","oedit_parse","ITEM_WEAPON","","","MUTATING_REVIEW","OLC/object/flag mutation","    case ITEM_WEAPON:
      GET_OBJ_VAL(OLC_OBJ(d), 1) = LIMIT(number, 1, MAX_WEAPON_NDICE);
      oedit_disp_val3_menu(d);
      break;"
"src\oedit.c","1105","oedit_parse","ITEM_FURNITURE","","","MUTATING_REVIEW","OLC/object/flag mutation","    case ITEM_FURNITURE:
      GET_OBJ_VAL(OLC_OBJ(d), 1) = LIMIT(number, 0, MAX_PEOPLE);
      oedit_disp_val3_menu(d);
      break;"
"src\oedit.c","1110","oedit_parse","default","","","MUTATING_REVIEW","OLC/object/flag mutation","    default:
      GET_OBJ_VAL(OLC_OBJ(d), 1) = number;
      oedit_disp_val3_menu(d);
    }
    return;"
"src\oedit.c","1116","oedit_parse","OEDIT_VALUE_3","","","READ_OR_UNKNOWN","","  case OEDIT_VALUE_3:
    number = atoi(arg);
    /* Quick'n'easy error checking. */
    switch (GET_OBJ_TYPE(OLC_OBJ(d))) {"
"src\oedit.c","1120","oedit_parse","ITEM_SCROLL","","","READ_OR_UNKNOWN","","    case ITEM_SCROLL:"
"src\oedit.c","1121","oedit_parse","ITEM_POTION","","","MUTATING_REVIEW","OLC/object/flag mutation","    case ITEM_POTION:
      if (number == 0 || number == -1) {
	GET_OBJ_VAL(OLC_OBJ(d), 2) = -1;
	oedit_disp_val4_menu(d);
	return;"
"src\oedit.c","1130","oedit_parse","ITEM_WEAPON","","","READ_OR_UNKNOWN","","    case ITEM_WEAPON:
      min_val = 1;
      max_val = MAX_WEAPON_SDICE;
      break;"
"src\oedit.c","1134","oedit_parse","ITEM_WAND","","","READ_OR_UNKNOWN","","    case ITEM_WAND:"
"src\oedit.c","1135","oedit_parse","ITEM_STAFF","","","READ_OR_UNKNOWN","","    case ITEM_STAFF:
      min_val = 0;
      max_val = 20;
      break;"
"src\oedit.c","1139","oedit_parse","ITEM_DRINKCON","","","READ_OR_UNKNOWN","","    case ITEM_DRINKCON:"
"src\oedit.c","1140","oedit_parse","ITEM_FOUNTAIN","","","READ_OR_UNKNOWN","","    case ITEM_FOUNTAIN:
      min_val = 0;
      max_val = NUM_LIQ_TYPES - 1;
      number--;
      break;"
"src\oedit.c","1145","oedit_parse","ITEM_KEY","","","READ_OR_UNKNOWN","","    case ITEM_KEY:
      min_val = 0;
      max_val = 65099;
      break;"
"src\oedit.c","1149","oedit_parse","default","","","MUTATING_REVIEW","OLC/object/flag mutation","    default:
      min_val = -65000;
      max_val = 65000;
    }
    GET_OBJ_VAL(OLC_OBJ(d), 2) = LIMIT(number, min_val, max_val);
    oedit_disp_val4_menu(d);
    return;"
"src\oedit.c","1157","oedit_parse","OEDIT_VALUE_4","","","READ_OR_UNKNOWN","","  case OEDIT_VALUE_4:
    number = atoi(arg);
    switch (GET_OBJ_TYPE(OLC_OBJ(d))) {"
"src\oedit.c","1160","oedit_parse","ITEM_SCROLL","","","READ_OR_UNKNOWN","","    case ITEM_SCROLL:"
"src\oedit.c","1161","oedit_parse","ITEM_POTION","","","MUTATING_REVIEW","OLC/object/flag mutation","    case ITEM_POTION:
      if (number == 0 || number == -1) {
	GET_OBJ_VAL(OLC_OBJ(d), 3) = -1;
        oedit_disp_menu(d);
	return;"
"src\oedit.c","1170","oedit_parse","ITEM_WAND","","","READ_OR_UNKNOWN","","    case ITEM_WAND:"
"src\oedit.c","1171","oedit_parse","ITEM_STAFF","","","READ_OR_UNKNOWN","","    case ITEM_STAFF:
      min_val = 1;
      max_val = NUM_SPELLS;
      break;"
"src\oedit.c","1175","oedit_parse","ITEM_WEAPON","","","READ_OR_UNKNOWN","","    case ITEM_WEAPON:
      min_val = 0;
      max_val = NUM_ATTACK_TYPES - 1;
      break;"
"src\oedit.c","1179","oedit_parse","default","","","READ_OR_UNKNOWN","","    default:
      min_val = -65000;
      max_val = 65000;
      break;"
"src\oedit.c","1187","oedit_parse","OEDIT_PROMPT_APPLY","","","READ_OR_UNKNOWN","","  case OEDIT_PROMPT_APPLY:
    if ((number = atoi(arg)) == 0)
      break;"
"src\oedit.c","1199","oedit_parse","OEDIT_APPLY","","Object already has that apply.","MUTATING_REVIEW","OLC/object/flag mutation","  case OEDIT_APPLY:
    if (((number = atoi(arg)) == 0) || ((number = atoi(arg)) == 1)) {
      OLC_OBJ(d)->affected[OLC_VAL(d)].location = 0;
      OLC_OBJ(d)->affected[OLC_VAL(d)].modifier = 0;
      oedit_disp_prompt_apply_menu(d);
    } else if (number < 0 || number > NUM_APPLIES)
      oedit_disp_apply_menu(d);
    else {
      int counter;

      /* add in check here if already applied.. deny builders another */
      if (GET_LEVEL(d->character) < LVL_IMPL) {
        for (counter = 0; counter < MAX_OBJ_AFFECT; counter++) {
          if (OLC_OBJ(d)->affected[counter].location == number) {
            write_to_output(d, ""Object already has that apply."");
            return;"
"src\oedit.c","1225","oedit_parse","OEDIT_APPLYMOD","","","MUTATING_REVIEW","OLC/object/flag mutation","  case OEDIT_APPLYMOD:
    OLC_OBJ(d)->affected[OLC_VAL(d)].modifier = atoi(arg);
    oedit_disp_prompt_apply_menu(d);
    return;"
"src\oedit.c","1230","oedit_parse","OEDIT_EXTRADESC_KEY","","","DESTRUCTIVE_REVIEW","delete/purge/extract/remove/free operation | OLC/object/flag mutation","  case OEDIT_EXTRADESC_KEY:
    if (genolc_checkstring(d, arg)) {
      if (OLC_DESC(d)->keyword)
        free(OLC_DESC(d)->keyword);
      OLC_DESC(d)->keyword = str_udup(arg);
    }
    oedit_disp_extradesc_menu(d);
    return;"
"src\oedit.c","1239","oedit_parse","OEDIT_EXTRADESC_MENU","","","READ_OR_UNKNOWN","","  case OEDIT_EXTRADESC_MENU:
    switch ((number = atoi(arg))) {"
"src\oedit.c","1241","oedit_parse","0","","","DESTRUCTIVE_REVIEW","delete/purge/extract/remove/free operation | OLC/object/flag mutation","    case 0:
      if (!OLC_DESC(d)->keyword || !OLC_DESC(d)->description) {
        struct extra_descr_data *temp;

	if (OLC_DESC(d)->keyword)
	  free(OLC_DESC(d)->keyword);
	if (OLC_DESC(d)->description)
	  free(OLC_DESC(d)->description);

	/* Clean up pointers */
	REMOVE_FROM_LIST(OLC_DESC(d), OLC_OBJ(d)->ex_description, next);
	free(OLC_DESC(d));
	OLC_DESC(d) = NULL;
      }
    break;"
"src\oedit.c","1257","oedit_parse","1","OEDIT_EXTRADESC_KEY","Enter keywords, separated by spaces :-\r\n|","MUTATING_REVIEW","OLC/object/flag mutation","    case 1:
      OLC_MODE(d) = OEDIT_EXTRADESC_KEY;
      write_to_output(d, ""Enter keywords, separated by spaces :-\r\n| "");
      return;"
"src\oedit.c","1262","oedit_parse","2","OEDIT_EXTRADESC_DESCRIPTION","Enter the extra description: | %s","MUTATING_REVIEW","OLC/object/flag mutation | multiline editor entry","    case 2:
      OLC_MODE(d) = OEDIT_EXTRADESC_DESCRIPTION;
      send_editor_help(d);
      write_to_output(d, ""Enter the extra description:\r\n\r\n"");
      if (OLC_DESC(d)->description) {
	write_to_output(d, ""%s"", OLC_DESC(d)->description);
	oldtext = strdup(OLC_DESC(d)->description);
      }
      string_write(d, &OLC_DESC(d)->description, MAX_MESSAGE_LENGTH, 0, oldtext);
      OLC_VAL(d) = 1;
      return;"
"src\oedit.c","1274","oedit_parse","3","","","MUTATING_REVIEW","OLC/object/flag mutation","    case 3:
      /* Only go to the next description if this one is finished. */
      if (OLC_DESC(d)->keyword && OLC_DESC(d)->description) {
	struct extra_descr_data *new_extra;

	if (OLC_DESC(d)->next)
	  OLC_DESC(d) = OLC_DESC(d)->next;
	else {	/* Make new extra description and attach at end. */
	  CREATE(new_extra, struct extra_descr_data, 1);
	  OLC_DESC(d)->next = new_extra;
	  OLC_DESC(d) = OLC_DESC(d)->next;
	}
      }
      /* No break - drop into default case. */"
"src\oedit.c","1288","oedit_parse","default","","","READ_OR_UNKNOWN","","    default:
      oedit_disp_extradesc_menu(d);
      return;"
"src\oedit.c","1294","oedit_parse","OEDIT_COPY","","That object does not exist.","READ_OR_UNKNOWN","","  case OEDIT_COPY:
    if ((number = real_object(atoi(arg))) != NOTHING) {
      oedit_setup_existing(d, number);
    } else
      write_to_output(d, ""That object does not exist.\r\n"");
    break;"
"src\oedit.c","1301","oedit_parse","OEDIT_DELETE","OEDIT_MAIN_MENU","Object deleted. | Couldn't delete the object! | Please answer 'Y' or 'N':","DESTRUCTIVE_REVIEW","delete/purge/extract/remove/free operation | OLC/object/flag mutation","  case OEDIT_DELETE:
    if (*arg == 'y' || *arg == 'Y') {
      if (delete_object(GET_OBJ_RNUM(OLC_OBJ(d))) != NOTHING)
        write_to_output(d, ""Object deleted.\r\n"");
      else
        write_to_output(d, ""Couldn't delete the object!\r\n"");

      cleanup_olc(d, CLEANUP_ALL);
    } else if (*arg == 'n' || *arg == 'N') {
      oedit_disp_menu(d);
      OLC_MODE(d) = OEDIT_MAIN_MENU;
    } else
      write_to_output(d, ""Please answer 'Y' or 'N': "");
    return;"
"src\oedit.c","1315","oedit_parse","default","","SYSERR: OLC: Reached default case in oedit_parse()! | Oops...","READ_OR_UNKNOWN","","  default:
    mudlog(BRF, LVL_BUILDER, TRUE, ""SYSERR: OLC: Reached default case in oedit_parse()!"");
    write_to_output(d, ""Oops...\r\n"");
    break;"
"src\oedit.c","1329","oedit_string_cleanup","OEDIT_ACTDESC","","","READ_OR_UNKNOWN","","  case OEDIT_ACTDESC:
    oedit_disp_menu(d);
    break;"
"src\oedit.c","1332","oedit_string_cleanup","OEDIT_EXTRADESC_DESCRIPTION","","","READ_OR_UNKNOWN","","  case OEDIT_EXTRADESC_DESCRIPTION:
    oedit_disp_extradesc_menu(d);
    break;"
"src\players.c","529","load_char","'A'","","Ac | Armr | Act | %s %s %s %s | Aff | Affs | Alin | Alis | AuLo | AuHi | Acct | ArSc%d","READ_OR_UNKNOWN","","      case 'A':
        if (!strcmp(tag, ""Ac  "")) {
          legacy_ac_raw = atoi(line);
          legacy_ac_seen = TRUE;
        }
        else if (!strcmp(tag, ""Armr"")) {
          GET_AC(ch) = MAX(0, atoi(line));
          armor_seen = TRUE;
        }
	else if (!strcmp(tag, ""Act "")) {
         if (sscanf(line, ""%s %s %s %s"", f1, f2, f3, f4) == 4) {
          PLR_FLAGS(ch)[0] = asciiflag_conv(f1);
          PLR_FLAGS(ch)[1] = asciiflag_conv(f2);
          PLR_FLAGS(ch)[2] = asciiflag_conv(f3);
          PLR_FLAGS(ch)[3] = asciiflag_conv(f4);
        } else
          PLR_FLAGS(ch)[0] = asciiflag_conv(line);
      } else if (!strcmp(tag, ""Aff "")) {
        if (sscanf(line, ""%s %s %s %s"", f1, f2, f3, f4) == 4) {
          AFF_FLAGS(ch)[0] = asciiflag_conv(f1);
          AFF_FLAGS(ch)[1] = asciiflag_conv(f2);
          AFF_FLAGS(ch)[2] = asciiflag_conv(f3);
          AFF_FLAGS(ch)[3] = asciiflag_conv(f4);
        } else
          AFF_FLAGS(ch)[0] = asciiflag_conv(line);
	}
	if (!strcmp(tag, ""Affs"")) 	load_affects(fl, ch);
        else if (!strcmp(tag, ""Alin""))	GET_ALIGNMENT(ch)	= atoi(line);
	else if (!strcmp(tag, ""Alis""))	read_aliases_ascii(fl, ch, atoi(line));
	          else if (!strcmp(tag, ""AuLo"")) GET_AUCTION_LOW(ch) = atoi(line);
	          else if (!strcmp(tag, ""AuHi"")) GET_AUCTION_HIGH(ch) = atoi(line);
	          else if (!strcmp(tag, ""Acct""))  GET_ACCOUNT_ID(ch) = atol(line);
        else if (sscanf(tag, ""ArSc%d"", &archetype_idx) == 1 &&
                 archetype_idx >= 0 && archetype_idx < NUM_ARCHETYPES)
          GET_ARCHETYPE_SCORE(ch, archetype_idx) = atoi(line);
                if (ch->desc && ch->desc->acct_authed && ch->desc->acct_id > 0 &&
                    GET_ACCOUNT_ID(ch) > 0 && GET_ACCOUNT_ID(ch) != ch->desc->acct_id) {
                  /* Wrong account trying to load this character */
                  GET_ACCOUNT_ID(ch) = -1;
                }
          break;"
"src\players.c","571","load_char","'B'","","Badp | Bank | BankMoney | Bounty | Brth","READ_OR_UNKNOWN","","      case 'B':
	     if (!strcmp(tag, ""Badp""))	GET_BAD_PWS(ch)		= atoi(line);
        else if (!strcmp(tag, ""Bank"") && !bank_money_seen) SET_BANK_GOLD(ch, atoi(line));
        else if (!strcmp(tag, ""BankMoney"")) {
          long long stored = atoll(line);
          if (stored < 0)
            stored = 0;

          __loaded_bank_money = stored;
          bank_money_seen = TRUE;
        }
        else if (!strcmp(tag, ""Bounty"")) {
          long long stored = atoll(line);
          if (stored < 0)
            stored = 0;

          /* Legacy player files stored bounty in copper; convert if needed. */
          SET_BOUNTY(ch, normalize_currency_units(stored));
        }
	else if (!strcmp(tag, ""Brth""))	ch->player.time.birth	= atol(line);
	break;"
"src\players.c","593","load_char","'C'","","Cha | Clas | Con | Clan | Clrk | ClLo | CpAc | CpLv | CpEx | CpQp | CpGo | CpXp | CpTr | CpPr | CpCt | CpV%d | CpR%d | CpN%d | CpM%d","READ_OR_UNKNOWN","","      case 'C':
	     if (!strcmp(tag, ""Cha ""))	ch->real_abils.cha	= atoi(line);
	else if (!strcmp(tag, ""Clas""))	GET_CLASS(ch)		= atoi(line);
	else if (!strcmp(tag, ""Con ""))	ch->real_abils.con	= atoi(line);
	else if (!strcmp(tag, ""Clan""))	GET_CLAN_ID(ch)		= atoi(line);
	else if (!strcmp(tag, ""Clrk""))	GET_CLAN_RANK(ch)	= atoi(line);
        else if (!strcmp(tag, ""ClLo"")) GET_CLASS_LOCKED(ch) = atoi(line);
        else {
          int idx;
          if (!strcmp(tag, ""CpAc"")) GET_CAMPAIGN_ACTIVE(ch) = atoi(line);
          else if (!strcmp(tag, ""CpLv"")) GET_CAMPAIGN_LEVEL(ch) = atoi(line);
          else if (!strcmp(tag, ""CpEx"")) GET_CAMPAIGN_EXPIRES_AT(ch) = (time_t)atol(line);
          else if (!strcmp(tag, ""CpQp"")) GET_CAMPAIGN_REWARD_QP(ch) = atoi(line);
          else if (!strcmp(tag, ""CpGo"")) GET_CAMPAIGN_REWARD_GOLD(ch) = atoi(line);
          else if (!strcmp(tag, ""CpXp"")) GET_CAMPAIGN_REWARD_XP(ch) = atoi(line);
          else if (!strcmp(tag, ""CpTr"")) GET_CAMPAIGN_REWARD_TRAINS(ch) = atoi(line);
          else if (!strcmp(tag, ""CpPr"")) GET_CAMPAIGN_REWARD_PRACTICES(ch) = atoi(line);
          else if (!strcmp(tag, ""CpCt"")) GET_CAMPAIGN_TARGET_COUNT(ch) = atoi(line);
          else if (sscanf(tag, ""CpV%d"", &idx) == 1 && idx >= 0 && idx < MAX_CAMPAIGN_TARGETS)
            GET_CAMPAIGN_TARGET_VNUM(ch, idx) = atoi(line);
          else if (sscanf(tag, ""CpR%d"", &idx) == 1 && idx >= 0 && idx < MAX_CAMPAIGN_TARGETS)
            GET_CAMPAIGN_TARGET_ROOM(ch, idx) = atoi(line);
          else if (sscanf(tag, ""CpN%d"", &idx) == 1 && idx >= 0 && idx < MAX_CAMPAIGN_TARGETS)
            GET_CAMPAIGN_TARGET_REQUIRED(ch, idx) = atoi(line);
          else if (sscanf(tag, ""CpM%d"", &idx) == 1 && idx >= 0 && idx < MAX_CAMPAIGN_TARGETS)
            GET_CAMPAIGN_TARGET_REMAINING(ch, idx) = atoi(line);
        }
	break;"
"src\players.c","622","load_char","'D'","","Desc | Dex | Drnk | Drol | Diamonds","READ_OR_UNKNOWN","","      case 'D':
	     if (!strcmp(tag, ""Desc""))	ch->player.description	= fread_string(fl, buf2);
	else if (!strcmp(tag, ""Dex ""))	ch->real_abils.dex	= atoi(line);
	else if (!strcmp(tag, ""Drnk""))	GET_COND(ch, DRUNK)	= atoi(line);
	else if (!strcmp(tag, ""Drol""))	GET_DAMROLL(ch)		= atoi(line);
	else if (!strcmp(tag, ""Diamonds"")) GET_DIAMONDS(ch) = atoi(line);
	break;"
"src\players.c","630","load_char","'E'","","Exp | Evad","READ_OR_UNKNOWN","","      case 'E':
	     if (!strcmp(tag, ""Exp ""))	GET_EXP(ch)		= atoi(line);
        else if (!strcmp(tag, ""Evad"")) GET_EVASION(ch) = atoi(line);
	break;"
"src\players.c","635","load_char","'F'","","Frez","READ_OR_UNKNOWN","","      case 'F':
	     if (!strcmp(tag, ""Frez""))	GET_FREEZE_LEV(ch)	= atoi(line);
	break;"
"src\players.c","639","load_char","'G'","","Gold | Glory","READ_OR_UNKNOWN","","      case 'G':
        if (!strcmp(tag, ""Gold""))
          __loaded_gold_units = parse_numeric_value(line);
        else if (!strcmp(tag, ""Glory"")) GET_GLORY(ch) = atoi(line);
        break;"
"src\players.c","645","load_char","'H'","","Hit | Hite | Host | Hrol | Hung","DESTRUCTIVE_REVIEW","delete/purge/extract/remove/free operation","      case 'H':
	     if (!strcmp(tag, ""Hit ""))	load_HMVS(ch, line, LOAD_HIT);
	else if (!strcmp(tag, ""Hite""))	GET_HEIGHT(ch)		= atoi(line);
        else if (!strcmp(tag, ""Host"")) {
          if (GET_HOST(ch))
            free(GET_HOST(ch));
          GET_HOST(ch) = strdup(line);
        }
        else if (!strcmp(tag, ""Hrol""))	GET_HITROLL(ch)		= atoi(line);
	else if (!strcmp(tag, ""Hung""))	GET_COND(ch, HUNGER)	= atoi(line);
	break;"
"src\players.c","657","load_char","'I'","","Id | IdKn | Int | Invs","READ_OR_UNKNOWN","","      case 'I':
	     if (!strcmp(tag, ""Id  ""))	GET_IDNUM(ch)		= atol(line);
        else if (!strcmp(tag, ""IdKn"")) load_identified_items(fl, ch);
	else if (!strcmp(tag, ""Int ""))	ch->real_abils.intel	= atoi(line);
	else if (!strcmp(tag, ""Invs""))	GET_INVIS_LEV(ch)	= atoi(line);
	break;"
"src\players.c","664","load_char","'L'","","Last | LRoom | Lern | Levl | Lmot | Lnew","READ_OR_UNKNOWN","","      case 'L':
	     if (!strcmp(tag, ""Last""))	ch->player.time.logon	= atol(line);
  else if (!strcmp(tag, ""LRoom"")) GET_LAST_ROOM(ch) = atoi(line);
  else if (!strcmp(tag, ""Lern""))	GET_PRACTICES(ch)	= atoi(line);
	else if (!strcmp(tag, ""Levl""))	GET_LEVEL(ch)		= atoi(line);
        else if (!strcmp(tag, ""Lmot""))   GET_LAST_MOTD(ch)   = atoi(line);
        else if (!strcmp(tag, ""Lnew""))   GET_LAST_NEWS(ch)   = atoi(line);
	break;"
"src\players.c","672","load_char","'M'","","Mana | Move | MCrt | SCrt | HCrt | MCmt | SCmt | HCmt | Mone | Money","READ_OR_UNKNOWN","","      case 'M':
             if (!strcmp(tag, ""Mana""))    load_HMVS(ch, line, LOAD_MANA);
        else if (!strcmp(tag, ""Move""))    load_HMVS(ch, line, LOAD_MOVE);
        else if (!strcmp(tag, ""MCrt""))    GET_MELEE_CRIT(ch)      = atoi(line);
        else if (!strcmp(tag, ""SCrt""))    GET_SPELL_CRIT(ch)      = atoi(line);
        else if (!strcmp(tag, ""HCrt""))    GET_HEAL_CRIT(ch)       = atoi(line);
        else if (!strcmp(tag, ""MCmt""))    GET_MELEE_CRIT_MULT(ch) = atoi(line);
        else if (!strcmp(tag, ""SCmt""))    GET_SPELL_CRIT_MULT(ch) = atoi(line);
        else if (!strcmp(tag, ""HCmt""))    GET_HEAL_CRIT_MULT(ch)  = atoi(line);
        else if (!strcmp(tag, ""Mone"") || !strcmp(tag, ""Money"")) {
          long long stored = (long long)strtoll(line, NULL, 10);
          if (stored < 0)
            stored = 0;

          __loaded_money_gold = stored;
          money_seen = 1;
        }
        break;"
"src\players.c","690","load_char","'N'","","Name","READ_OR_UNKNOWN","","      case 'N':
	     if (!strcmp(tag, ""Name""))	GET_PC_NAME(ch)	= strdup(line);
	break;"
"src\players.c","694","load_char","'O'","","Olc","MUTATING_REVIEW","OLC/object/flag mutation","      case 'O':
       if (!strcmp(tag, ""Olc ""))  GET_OLC_ZONE(ch) = atoi(line);
  break;"
"src\players.c","698","load_char","'P'","","Page | Pass | Plyd | PfIn | PfOt | Prmt | Pref | %s %s %s %s","READ_OR_UNKNOWN","","      case 'P':
       if (!strcmp(tag, ""Page""))  GET_PAGE_LENGTH(ch) = atoi(line);
	else if (!strcmp(tag, ""Pass""))	strcpy(GET_PASSWD(ch), line);
	else if (!strcmp(tag, ""Plyd""))	ch->player.time.played	= atoi(line);
	else if (!strcmp(tag, ""PfIn""))	POOFIN(ch)		= strdup(line);
	else if (!strcmp(tag, ""PfOt""))	POOFOUT(ch)		= strdup(line);
	else if (!strcmp(tag, ""Prmt""))	strlcpy(GET_PROMPT(ch), line, MAX_PROMPT_LENGTH + 1);
        else if (!strcmp(tag, ""Pref"")) {
          if (sscanf(line, ""%s %s %s %s"", f1, f2, f3, f4) == 4) {
            PRF_FLAGS(ch)[0] = asciiflag_conv(f1);
            PRF_FLAGS(ch)[1] = asciiflag_conv(f2);
            PRF_FLAGS(ch)[2] = asciiflag_conv(f3);
            PRF_FLAGS(ch)[3] = asciiflag_conv(f4);
          } else
	    PRF_FLAGS(ch)[0] = asciiflag_conv(f1);
	  }
        break;"
"src\players.c","716","load_char","'Q'","","Qstp | Qpnt | Qcur | Qcnt | Qest","READ_OR_UNKNOWN","","      case 'Q':
	     if (!strcmp(tag, ""Qstp""))  GET_QUESTPOINTS(ch)     = atoi(line);
       else if (!strcmp(tag, ""Qpnt"")) GET_QUESTPOINTS(ch) = atoi(line); /* Backward compatibility */
       else if (!strcmp(tag, ""Qcur"")) GET_QUEST(ch) = atoi(line);
       else if (!strcmp(tag, ""Qcnt"")) GET_QUEST_COUNTER(ch) = atoi(line);
       else if (!strcmp(tag, ""Qest"")) load_quests(fl, ch);
        break;"
"src\players.c","724","load_char","'K'","","KQac | KQcp | KQtv | KQtr | KQgv | KQtm | KQex | KQcd | KQcn | KQid","READ_OR_UNKNOWN","","      case 'K':
       if (!strcmp(tag, ""KQac"")) GET_KQUEST_ACTIVE(ch) = atoi(line);
       else if (!strcmp(tag, ""KQcp"")) GET_KQUEST_COMPLETE(ch) = atoi(line);
       else if (!strcmp(tag, ""KQtv"")) GET_KQUEST_TARGET(ch) = atoi(line);
       else if (!strcmp(tag, ""KQtr"")) GET_KQUEST_ROOM(ch) = atoi(line);
       else if (!strcmp(tag, ""KQgv"")) GET_KQUEST_GIVER(ch) = atoi(line);
       else if (!strcmp(tag, ""KQtm"")) GET_KQUEST_TIME(ch) = atoi(line);
       else if (!strcmp(tag, ""KQex"")) GET_KQUEST_EXPIRES_AT(ch) = (time_t)atol(line);
       else if (!strcmp(tag, ""KQcd"")) GET_KQUEST_COOLDOWN_EXPIRES_AT(ch) = (time_t)atol(line);
       else if (!strcmp(tag, ""KQcn"")) GET_KQUEST_COOLDOWN_NOTIFIED(ch) = atoi(line);
       else if (!strcmp(tag, ""KQid"")) GET_KQUEST_TARGET_ID(ch) = atol(line);
       break;"
"src\players.c","737","load_char","'R'","","Race | Room","READ_OR_UNKNOWN","","      case 'R':
             if (!strcmp(tag, ""Race""))  GET_RACE(ch) = atoi((line[0] ? (strchr(line,':') ? strchr(line,':')+1 : line) : line));
        else	     if (!strcmp(tag, ""Room""))	GET_LOADROOM(ch)	= atoi(line);
	break;"
"src\players.c","742","load_char","'S'","","Sex | ScrW | SoTi | ShCt | ShSl%d | %d %d %d %d %80[^\n] | nameless shadow | ShCp%d | %d %d %d %d %d %d %d %d %d %d %d %d %d %d | Skil | StLv | Str","READ_OR_UNKNOWN","","      case 'S':
	     if (!strcmp(tag, ""Sex ""))	GET_SEX(ch)		= atoi(line);
  else if (!strcmp(tag, ""ScrW""))  GET_SCREEN_WIDTH(ch) = atoi(line);
        else if (!strcmp(tag, ""SoTi""))
          strlcpy(GET_SOFT_CLASS_TITLE(ch), line, sizeof(ch->player_specials->saved.soft_class_title));
        else if (!strcmp(tag, ""ShCt"")) {
          /* Reserved for future expansion; slots load via ShSl# entries. */
        } else if (sscanf(tag, ""ShSl%d"", &shadow_slot_idx) == 1 &&
                   shadow_slot_idx >= 0 && shadow_slot_idx < MAX_SHADOW_ROSTER) {
          int occupied = 0, active = 0, level = 0;
          int source_vnum = NOBODY;
          char shadow_name[MAX_SHADOW_NAME_LENGTH + 1];
          shadow_name[0] = '\0';
          if (sscanf(line, ""%d %d %d %d %80[^\n]"", &occupied, &active, &level, &source_vnum, shadow_name) >= 4) {
            SHADOW_SLOT_OCCUPIED(ch, shadow_slot_idx) = occupied ? 1 : 0;
            SHADOW_SLOT_ACTIVE(ch, shadow_slot_idx) = active ? 1 : 0;
            SHADOW_SLOT_LEVEL(ch, shadow_slot_idx) = MAX(1, level);
            SHADOW_SLOT_VNUM(ch, shadow_slot_idx) = source_vnum;
            if (shadow_name[0])
              strlcpy(SHADOW_SLOT_NAME(ch, shadow_slot_idx), shadow_name, MAX_SHADOW_NAME_LENGTH + 1);
            else
              strlcpy(SHADOW_SLOT_NAME(ch, shadow_slot_idx), ""nameless shadow"", MAX_SHADOW_NAME_LENGTH + 1);
          }
        } else if (sscanf(tag, ""ShCp%d"", &shadow_slot_idx) == 1 &&
                   shadow_slot_idx >= 0 && shadow_slot_idx < MAX_SHADOW_ROSTER) {
          int valid = 0;
          int max_hit = 0, armor = 0, hitroll = 0, damroll = 0, max_mana = 0;
          int damnodice = 0, damsizedice = 0;
          int str = 0, intel = 0, wis = 0, dex = 0, con = 0, cha = 0;
          if (sscanf(line, ""%d %d %d %d %d %d %d %d %d %d %d %d %d %d"",
                     &valid, &max_hit, &armor, &hitroll, &damroll, &max_mana,
                     &damnodice, &damsizedice, &str, &intel, &wis, &dex, &con, &cha) == 14) {
            SHADOW_SLOT_PROFILE_VALID(ch, shadow_slot_idx) = valid ? 1 : 0;
            SHADOW_SLOT_MAX_HIT(ch, shadow_slot_idx) = MAX(1, max_hit);
            SHADOW_SLOT_AC(ch, shadow_slot_idx) = armor;
            SHADOW_SLOT_HITROLL(ch, shadow_slot_idx) = hitroll;
            SHADOW_SLOT_DAMROLL(ch, shadow_slot_idx) = damroll;
            SHADOW_SLOT_MAX_MANA(ch, shadow_slot_idx) = MAX(0, max_mana);
            SHADOW_SLOT_DAMNODICE(ch, shadow_slot_idx) = MAX(1, damnodice);
            SHADOW_SLOT_DAMSIZEDICE(ch, shadow_slot_idx) = MAX(1, damsizedice);
            SHADOW_SLOT_STR(ch, shadow_slot_idx) = str;
            SHADOW_SLOT_INT(ch, shadow_slot_idx) = intel;
            SHADOW_SLOT_WIS(ch, shadow_slot_idx) = wis;
            SHADOW_SLOT_DEX(ch, shadow_slot_idx) = dex;
            SHADOW_SLOT_CON(ch, shadow_slot_idx) = con;
            SHADOW_SLOT_CHA(ch, shadow_slot_idx) = cha;
          }
        }
	else if (!strcmp(tag, ""Skil""))	load_skills(fl, ch);
        else if (!strcmp(tag, ""StLv"")) load_study_levels(fl, ch);
	else if (!strcmp(tag, ""Str ""))	load_HMVS(ch, line, LOAD_STRENGTH);
	break;"
"src\players.c","795","load_char","'T'","","Thir | Thr1 | Thr2 | Thr3 | Thr4 | Thr5 | Trns | Titl | Trig","READ_OR_UNKNOWN","","      case 'T':
	     if (!strcmp(tag, ""Thir""))	GET_COND(ch, THIRST)	= atoi(line);
	else if (!strcmp(tag, ""Thr1""))	GET_SAVE(ch, 0)		= atoi(line);
	else if (!strcmp(tag, ""Thr2""))	GET_SAVE(ch, 1)		= atoi(line);
	else if (!strcmp(tag, ""Thr3""))	GET_SAVE(ch, 2)		= atoi(line);
	else if (!strcmp(tag, ""Thr4""))	GET_SAVE(ch, 3)		= atoi(line);
	else if (!strcmp(tag, ""Thr5""))	GET_SAVE(ch, 4)		= atoi(line);
	else if (!strcmp(tag, ""Trns""))	GET_TRAINS(ch)		 = atoi(line);
	else if (!strcmp(tag, ""Titl""))	GET_TITLE(ch)		= strdup(line);
        else if (!strcmp(tag, ""Trig"") && CONFIG_SCRIPT_PLAYERS) {
          if ((t_rnum = real_trigger(atoi(line))) != NOTHING) {
            t = read_trigger(t_rnum);
          if (!SCRIPT(ch))
            CREATE(SCRIPT(ch), struct script_data, 1);
          add_trigger(SCRIPT(ch), t, -1);
          }
         }
	break;"
"src\players.c","814","load_char","'V'","","Vars","READ_OR_UNKNOWN","","      case 'V':
	     if (!strcmp(tag, ""Vars""))	read_saved_vars_ascii(fl, ch, atoi(line));
      break;"
"src\players.c","818","load_char","'W'","","Wate | Wimp | Wis","READ_OR_UNKNOWN","","      case 'W':
	     if (!strcmp(tag, ""Wate""))	GET_WEIGHT(ch)		= atoi(line);
	else if (!strcmp(tag, ""Wimp""))	GET_WIMP_LEV(ch)	= atoi(line);
	else if (!strcmp(tag, ""Wis ""))	ch->real_abils.wis	= atoi(line);
	break;"
"src\players.c","824","load_char","default","","SYSERR: Unknown tag %s in pfile %s | %s converted to updated immortal tier (level %d). | Adventurer","READ_OR_UNKNOWN","","      default:
        sprintf(buf, ""SYSERR: Unknown tag %s in pfile %s"", tag, name);
      }
    }
  }

    if (!armor_seen && legacy_ac_seen)
      GET_AC(ch) = legacy_ac_to_armor(legacy_ac_raw);

    if (money_seen && __loaded_money_gold >= 0) {
      GET_MONEY(ch) = normalize_currency_units(__loaded_money_gold);
    } else if (!money_seen && __loaded_gold_units >= 0) {
      GET_MONEY(ch) = (long long)__loaded_gold_units;
    }

    if (bank_money_seen && __loaded_bank_money >= 0)
      GET_BANK_MONEY(ch) = normalize_currency_units(__loaded_bank_money);

  if (upgrade_legacy_immortal_levels(ch))
      mudlog(CMP, LVL_IMMORT, TRUE, ""%s converted to updated immortal tier (level %d)."", GET_NAME(ch), GET_LEVEL(ch));
  clamp_player_exp_to_level(ch);

  /* Ensure persisted base stats stay within the creation caps on load. */
  clamp_base_stats(ch);

  /* Keep any existing characters in sync with their class spell/skill lists. */
  ensure_class_abilities(ch);
  classtrack_ensure_study_skill(ch);

  if (!*GET_SOFT_CLASS_TITLE(ch))
    strlcpy(GET_SOFT_CLASS_TITLE(ch), ""Adventurer"", sizeof(ch->player_specials->saved.soft_class_title));

  for (i = 0; i < MAX_SHADOW_ROSTER; i++)
    SHADOW_SLOT_ACTIVE(ch, i) = 0;

  affect_total(ch);

  /* initialization for imms */
  if (GET_LEVEL(ch) >= LVL_IMMORT) {
    for (i = 1; i <= MAX_SKILLS; i++)
      GET_SKILL(ch, i) = 100;
    GET_COND(ch, HUNGER) = -1;
    GET_COND(ch, THIRST) = -1;
    GET_COND(ch, DRUNK) = -1;
  }
  fclose(fl);
  DEFAULT_RACE_ON_LOAD(ch);
  return(id);
}

/* Write the vital data of a player to the player file. */
/* This is the ASCII Player Files save routine. */
int save_char(struct char_data * ch)
{
  FILE *fl;
  char filename[40], buf[MAX_STRING_LENGTH], bits[127], bits2[127], bits3[127], bits4[127];
  int i, j, id, save_index = FALSE, write_ok = TRUE;
  struct affected_type *aff, tmp_aff[MAX_AFFECT];
  struct obj_data *char_eq[NUM_WEARS];
  trig_data *t;

  if (IS_NPC(ch) || GET_PFILEPOS(ch) < 0)
    return FALSE;"
"src\players.c","1473","upgrade_legacy_immortal_levels","default","","Updating %s from legacy immortal level %d to %d. | <unknown>","READ_OR_UNKNOWN","","  default: return FALSE;
  }

  GET_LEVEL(ch) = new_level;

  if (GET_EXP(ch) < level_exp(GET_CLASS(ch), new_level))
    GET_EXP(ch) = level_exp(GET_CLASS(ch), new_level);

  log(""Updating %s from legacy immortal level %d to %d."",
      GET_NAME(ch) ? GET_NAME(ch) : ""<unknown>"", old_level, new_level);

  return TRUE;"
"src\players.c","1494","load_HMVS","LOAD_HIT","","","READ_OR_UNKNOWN","","  case LOAD_HIT:
    GET_HIT(ch) = num;
    GET_MAX_HIT(ch) = num2;
    GET_BASE_MAX_HIT(ch) = num2;
    break;"
"src\players.c","1500","load_HMVS","LOAD_MANA","","","READ_OR_UNKNOWN","","  case LOAD_MANA:
    GET_MANA(ch) = num;
    GET_MAX_MANA(ch) = num2;
    GET_BASE_MAX_MANA(ch) = num2;
    break;"
"src\players.c","1506","load_HMVS","LOAD_MOVE","","","READ_OR_UNKNOWN","","  case LOAD_MOVE:
    GET_MOVE(ch) = num;
    GET_MAX_MOVE(ch) = num2;
    GET_BASE_MAX_MOVE(ch) = num2;
    break;"
"src\players.c","1512","load_HMVS","LOAD_STRENGTH","","","READ_OR_UNKNOWN","","  case LOAD_STRENGTH:
    ch->real_abils.str = num;
    ch->real_abils.str_add = num2;
    break;"
"src\prefedit.c","332","prefedit_parse","PREFEDIT_CONFIRM_SAVE","","","READ_OR_UNKNOWN","","  case PREFEDIT_CONFIRM_SAVE:
    switch (*arg) {"
"src\prefedit.c","334","prefedit_parse","'y'","","","READ_OR_UNKNOWN","","    case 'y':"
"src\prefedit.c","335","prefedit_parse","'Y'","","OLC: %s edits toggles for %s","READ_OR_UNKNOWN","","    case 'Y':
      prefedit_save_to_char(d);
      mudlog(CMP, MAX(LVL_BUILDER, GET_INVIS_LEV(d->character)), TRUE, ""OLC: %s edits toggles for %s"", 
        GET_NAME(d->character), GET_NAME(OLC_PREFS(d)->ch));
      /*. No strings to save - cleanup all .*/
      cleanup_olc(d, CLEANUP_ALL);
      break;"
"src\prefedit.c","342","prefedit_parse","'n'","","","READ_OR_UNKNOWN","","    case 'n':"
"src\prefedit.c","343","prefedit_parse","'N'","","","READ_OR_UNKNOWN","","    case 'N':
      /* don't save to char, just free everything up */
      cleanup_olc(d, CLEANUP_ALL);
      break;"
"src\prefedit.c","347","prefedit_parse","default","","Invalid choice! | Do you wish to save these toggle settings? :","READ_OR_UNKNOWN","","    default:
      send_to_char(d->character, ""Invalid choice!\r\n"");
      send_to_char(d->character, ""Do you wish to save these toggle settings? : "");
      break;"
"src\prefedit.c","354","prefedit_parse","PREFEDIT_MAIN_MENU","","","READ_OR_UNKNOWN","","  case PREFEDIT_MAIN_MENU:
    switch (*arg) {"
"src\prefedit.c","356","prefedit_parse","'q'","","","READ_OR_UNKNOWN","","    case 'q':"
"src\prefedit.c","357","prefedit_parse","'Q'","PREFEDIT_CONFIRM_SAVE","Do you wish to save these toggle settings? :","MUTATING_REVIEW","OLC/object/flag mutation","    case 'Q':
      if (OLC_VAL(d))
      { /*. Something has been modified .*/
        send_to_char(d->character, ""Do you wish to save these toggle settings? : "");
        OLC_MODE(d) = PREFEDIT_CONFIRM_SAVE;
      } else
        cleanup_olc(d, CLEANUP_ALL);
      return;"
"src\prefedit.c","366","prefedit_parse","'c'","","","READ_OR_UNKNOWN","","    case 'c':"
"src\prefedit.c","367","prefedit_parse","'C'","","","READ_OR_UNKNOWN","","    case 'C':
      prefedit_disp_color_menu(d);
      return;"
"src\prefedit.c","371","prefedit_parse","'l'","","","READ_OR_UNKNOWN","","    case 'l':"
"src\prefedit.c","372","prefedit_parse","'L'","PREFEDIT_PAGELENGTH","Enter number of lines per page (10-60):","MUTATING_REVIEW","OLC/object/flag mutation","    case 'L':
      send_to_char(d->character, ""Enter number of lines per page (10-60): "");
      OLC_MODE(d) = PREFEDIT_PAGELENGTH;
      return;"
"src\prefedit.c","377","prefedit_parse","'s'","","","READ_OR_UNKNOWN","","    case 's':"
"src\prefedit.c","378","prefedit_parse","'S'","PREFEDIT_SCREENWIDTH","Enter number of columns per page (40-120):","MUTATING_REVIEW","OLC/object/flag mutation","    case 'S':
      send_to_char(d->character, ""Enter number of columns per page (40-120): "");
      OLC_MODE(d) = PREFEDIT_SCREENWIDTH;
      return;"
"src\prefedit.c","383","prefedit_parse","'w'","","","READ_OR_UNKNOWN","","    case 'w':"
"src\prefedit.c","384","prefedit_parse","'W'","PREFEDIT_WIMPY","Enter HP at which to flee (0-%d):","MUTATING_REVIEW","OLC/object/flag mutation","    case 'W':
      send_to_char(d->character, ""Enter HP at which to flee (0-%d): "", MIN(GET_MAX_HIT(d->character)/2, 500));
      OLC_MODE(d) = PREFEDIT_WIMPY;
      return;"
"src\prefedit.c","389","prefedit_parse","'t'","","","READ_OR_UNKNOWN","","    case 't':"
"src\prefedit.c","390","prefedit_parse","'T'","","","READ_OR_UNKNOWN","","    case 'T':
      prefedit_disp_toggles_menu(d);
      return;"
"src\prefedit.c","394","prefedit_parse","'d'","","","READ_OR_UNKNOWN","","    case 'd':"
"src\prefedit.c","395","prefedit_parse","'D'","","","READ_OR_UNKNOWN","","    case 'D':
      prefedit_Restore_Defaults(d);
      break;"
"src\prefedit.c","400","prefedit_parse","'1'","","%sInvalid choice!%s","READ_OR_UNKNOWN","","    case '1':
      if (GET_LEVEL(PREFEDIT_GET_CHAR) < LVL_IMMORT)
      {
        send_to_char(d->character, ""%sInvalid choice!%s\r\n"", CBRED(d->character, C_NRM), CCNRM(d->character, C_NRM));
        prefedit_disp_main_menu(d);
      }
      else
      {
        prefedit_disp_syslog_menu(d);
        return;"
"src\prefedit.c","413","prefedit_parse","'2'","","%sInvalid choice!%s","MUTATING_REVIEW","OLC/object/flag mutation","    case '2':
      if (GET_LEVEL(PREFEDIT_GET_CHAR) < LVL_IMMORT)
      {
        send_to_char(d->character, ""%sInvalid choice!%s\r\n"", CBRED(d->character, C_NRM), CCNRM(d->character, C_NRM));
        prefedit_disp_main_menu(d);
      }
      else
      {
        TOGGLE_BIT_AR(PREFEDIT_GET_FLAGS, PRF_SHOWVNUMS);
      }
      break;"
"src\prefedit.c","425","prefedit_parse","'3'","","%sInvalid choice!%s","MUTATING_REVIEW","OLC/object/flag mutation","    case '3':
      if (GET_LEVEL(PREFEDIT_GET_CHAR) < LVL_IMMORT)
      {
        send_to_char(d->character, ""%sInvalid choice!%s\r\n"", CBRED(d->character, C_NRM), CCNRM(d->character, C_NRM));
        prefedit_disp_main_menu(d);
      }
      else
      {
        TOGGLE_BIT_AR(PREFEDIT_GET_FLAGS, PRF_NOHASSLE);
      }
      break;"
"src\prefedit.c","437","prefedit_parse","'4'","","%sInvalid choice!%s","MUTATING_REVIEW","OLC/object/flag mutation","    case '4':
      if (GET_LEVEL(PREFEDIT_GET_CHAR) < LVL_IMMORT)
      {
        send_to_char(d->character, ""%sInvalid choice!%s\r\n"", CBRED(d->character, C_NRM), CCNRM(d->character, C_NRM));
        prefedit_disp_main_menu(d);
      }
      else
      {
        TOGGLE_BIT_AR(PREFEDIT_GET_FLAGS, PRF_CLS);
      }
      break;"
"src\prefedit.c","449","prefedit_parse","'5'","","%sInvalid choice!%s","MUTATING_REVIEW","OLC/object/flag mutation","    case '5':
      if (GET_LEVEL(PREFEDIT_GET_CHAR) < LVL_IMMORT)
      {
        send_to_char(d->character, ""%sInvalid choice!%s\r\n"", CBRED(d->character, C_NRM), CCNRM(d->character, C_NRM));
        prefedit_disp_main_menu(d);
      }
      else
      {
        TOGGLE_BIT_AR(PREFEDIT_GET_FLAGS, PRF_NOWIZ);
      }
      break;"
"src\prefedit.c","461","prefedit_parse","'6'","","%sInvalid choice!%s","MUTATING_REVIEW","OLC/object/flag mutation","    case '6':
      if (GET_LEVEL(PREFEDIT_GET_CHAR) < LVL_IMMORT)
      {
        send_to_char(d->character, ""%sInvalid choice!%s\r\n"", CBRED(d->character, C_NRM), CCNRM(d->character, C_NRM));
        prefedit_disp_main_menu(d);
      }
      else
      {
        TOGGLE_BIT_AR(PREFEDIT_GET_FLAGS, PRF_HOLYLIGHT);
      }
      break;"
"src\prefedit.c","473","prefedit_parse","'7'","","%sInvalid choice!%s","MUTATING_REVIEW","OLC/object/flag mutation","  case '7':
    if (GET_LEVEL(PREFEDIT_GET_CHAR) < LVL_IMMORT)
    {
      send_to_char(d->character, ""%sInvalid choice!%s\r\n"", CBRED(d->character, C_NRM), CCNRM(d->character, C_NRM));
      prefedit_disp_main_menu(d);
    }
    else
    {
      TOGGLE_BIT_AR(PREFEDIT_GET_FLAGS, PRF_VERBOSE);
    }
    break;"
"src\prefedit.c","485","prefedit_parse","'8'","","%sInvalid choice!%s","MUTATING_REVIEW","OLC/object/flag mutation","  case '8':
      if (GET_LEVEL(PREFEDIT_GET_CHAR) < LVL_IMPL)
      {
        send_to_char(d->character, ""%sInvalid choice!%s\r\n"", CBRED(d->character, C_NRM), CCNRM(d->character, C_NRM));
        prefedit_disp_main_menu(d);
      }
      else
      {
        TOGGLE_BIT_AR(PREFEDIT_GET_FLAGS, PRF_ZONERESETS);
      }
      break;"
"src\prefedit.c","497","prefedit_parse","default","","%sInvalid choice!%s","READ_OR_UNKNOWN","","    default:
        send_to_char(d->character, ""%sInvalid choice!%s\r\n"", CBRED(d->character, C_NRM), CCNRM(d->character, C_NRM));
      prefedit_disp_main_menu(d);
      break;"
"src\prefedit.c","504","prefedit_parse","PREFEDIT_PAGELENGTH","","","MUTATING_REVIEW","OLC/object/flag mutation","  case PREFEDIT_PAGELENGTH:
    number = atoi(arg);
    OLC_PREFS(d)->page_length = MAX(10, MIN(number, 60));
    break;"
"src\prefedit.c","509","prefedit_parse","PREFEDIT_SCREENWIDTH","","","MUTATING_REVIEW","OLC/object/flag mutation","  case PREFEDIT_SCREENWIDTH:
    number = atoi(arg);
    OLC_PREFS(d)->screen_width = MAX(40, MIN(number, 120));
    break;"
"src\prefedit.c","514","prefedit_parse","PREFEDIT_WIMPY","","","MUTATING_REVIEW","OLC/object/flag mutation","  case PREFEDIT_WIMPY:
    number = atoi(arg);
    OLC_PREFS(d)->wimp_level = MAX(0, MIN(number, 500));
    break;"
"src\prefedit.c","519","prefedit_parse","PREFEDIT_COLOR","","%sThat's not a valid choice!%s","READ_OR_UNKNOWN","","  case PREFEDIT_COLOR:
    number = atoi(arg) - 1;
    if ((number < 0) || (number > 3)) {
      send_to_char(d->character, ""%sThat's not a valid choice!%s\r\n"", CBRED(d->character, C_NRM), CCNRM(d->character, C_NRM));
      prefedit_disp_color_menu(d);
      return;"
"src\prefedit.c","533","prefedit_parse","PREFEDIT_TOGGLE_MENU","","","READ_OR_UNKNOWN","","  case PREFEDIT_TOGGLE_MENU:
    switch (*arg) {"
"src\prefedit.c","535","prefedit_parse","'q'","","","READ_OR_UNKNOWN","","      case 'q':"
"src\prefedit.c","536","prefedit_parse","'Q'","","","READ_OR_UNKNOWN","","      case 'Q':"
"src\prefedit.c","537","prefedit_parse","'x'","","","READ_OR_UNKNOWN","","      case 'x' :
      case 'X' : prefedit_disp_main_menu(d);
                 return;"
"src\prefedit.c","541","prefedit_parse","'1'","","","MUTATING_REVIEW","OLC/object/flag mutation","      case '1':
        TOGGLE_BIT_AR(PREFEDIT_GET_FLAGS, PRF_AUTOEXIT);
        break;"
"src\prefedit.c","545","prefedit_parse","'2'","","","MUTATING_REVIEW","OLC/object/flag mutation","      case '2':
        TOGGLE_BIT_AR(PREFEDIT_GET_FLAGS, PRF_AUTOLOOT);
        break;"
"src\prefedit.c","549","prefedit_parse","'3'","","","MUTATING_REVIEW","OLC/object/flag mutation","      case '3':
        TOGGLE_BIT_AR(PREFEDIT_GET_FLAGS, PRF_AUTOGOLD);
        break;"
"src\prefedit.c","553","prefedit_parse","'4'","","","MUTATING_REVIEW","OLC/object/flag mutation","      case '4':
        TOGGLE_BIT_AR(PREFEDIT_GET_FLAGS, PRF_AUTOSAC);
        break;"
"src\prefedit.c","557","prefedit_parse","'5'","","","MUTATING_REVIEW","OLC/object/flag mutation","      case '5':
        TOGGLE_BIT_AR(PREFEDIT_GET_FLAGS, PRF_AUTOASSIST);
        break;"
"src\prefedit.c","561","prefedit_parse","'6'","","","MUTATING_REVIEW","OLC/object/flag mutation","      case '6':
        TOGGLE_BIT_AR(PREFEDIT_GET_FLAGS, PRF_AUTOSPLIT);
        break;"
"src\prefedit.c","565","prefedit_parse","'7'","","","MUTATING_REVIEW","OLC/object/flag mutation","      case '7':
        TOGGLE_BIT_AR(PREFEDIT_GET_FLAGS, PRF_AUTOMAP);
        break;"
"src\prefedit.c","569","prefedit_parse","'8'","","","MUTATING_REVIEW","OLC/object/flag mutation","      case '8':
        TOGGLE_BIT_AR(PREFEDIT_GET_FLAGS, PRF_AUTOKEY);
        break;"
"src\prefedit.c","573","prefedit_parse","'9'","","","MUTATING_REVIEW","OLC/object/flag mutation","      case '9':
        TOGGLE_BIT_AR(PREFEDIT_GET_FLAGS, PRF_AUTODOOR);
        break;"
"src\prefedit.c","577","prefedit_parse","'a'","","","READ_OR_UNKNOWN","","      case 'a':"
"src\prefedit.c","578","prefedit_parse","'A'","","","MUTATING_REVIEW","OLC/object/flag mutation","      case 'A':
        TOGGLE_BIT_AR(PREFEDIT_GET_FLAGS, PRF_NOGOSS);
        break;"
"src\prefedit.c","582","prefedit_parse","'b'","","","READ_OR_UNKNOWN","","      case 'b':"
"src\prefedit.c","583","prefedit_parse","'B'","","","MUTATING_REVIEW","OLC/object/flag mutation","      case 'B':
        TOGGLE_BIT_AR(PREFEDIT_GET_FLAGS, PRF_NOSHOUT);
        break;"
"src\prefedit.c","587","prefedit_parse","'c'","","","READ_OR_UNKNOWN","","      case 'c':"
"src\prefedit.c","588","prefedit_parse","'C'","","","MUTATING_REVIEW","OLC/object/flag mutation","      case 'C':
        TOGGLE_BIT_AR(PREFEDIT_GET_FLAGS, PRF_NOTELL);
        break;"
"src\prefedit.c","592","prefedit_parse","'d'","","","READ_OR_UNKNOWN","","      case 'd':"
"src\prefedit.c","593","prefedit_parse","'D'","","","MUTATING_REVIEW","OLC/object/flag mutation","      case 'D':
        TOGGLE_BIT_AR(PREFEDIT_GET_FLAGS, PRF_NOAUCT);
        break;"
"src\prefedit.c","597","prefedit_parse","'e'","","","READ_OR_UNKNOWN","","      case 'e':"
"src\prefedit.c","598","prefedit_parse","'E'","","","MUTATING_REVIEW","OLC/object/flag mutation","      case 'E':
        TOGGLE_BIT_AR(PREFEDIT_GET_FLAGS, PRF_NOGRATZ);
        break;"
"src\prefedit.c","602","prefedit_parse","'f'","","","READ_OR_UNKNOWN","","      case 'f':"
"src\prefedit.c","603","prefedit_parse","'F'","","","MUTATING_REVIEW","OLC/object/flag mutation","      case 'F':
        TOGGLE_BIT_AR(PREFEDIT_GET_FLAGS, PRF_SUMMONABLE);
        break;"
"src\prefedit.c","607","prefedit_parse","'g'","","","READ_OR_UNKNOWN","","      case 'g':"
"src\prefedit.c","608","prefedit_parse","'G'","","","MUTATING_REVIEW","OLC/object/flag mutation","      case 'G':
        TOGGLE_BIT_AR(PREFEDIT_GET_FLAGS, PRF_NOREPEAT);
        break;"
"src\prefedit.c","612","prefedit_parse","'h'","","","READ_OR_UNKNOWN","","      case 'h':"
"src\prefedit.c","613","prefedit_parse","'H'","","","MUTATING_REVIEW","OLC/object/flag mutation","      case 'H':
        TOGGLE_BIT_AR(PREFEDIT_GET_FLAGS, PRF_BRIEF);
        break;"
"src\prefedit.c","617","prefedit_parse","'i'","","","READ_OR_UNKNOWN","","      case 'i':"
"src\prefedit.c","618","prefedit_parse","'I'","","","MUTATING_REVIEW","OLC/object/flag mutation","      case 'I':
        TOGGLE_BIT_AR(PREFEDIT_GET_FLAGS, PRF_COMPACT);
        break;"
"src\prefedit.c","622","prefedit_parse","'j'","","","READ_OR_UNKNOWN","","      case 'j':"
"src\prefedit.c","623","prefedit_parse","'J'","","","READ_OR_UNKNOWN","","      case 'J':
        TOGGLE_VAR(d->pProtocol->pVariables[eMSDP_XTERM_256_COLORS]->ValueInt);
        break;"
"src\prefedit.c","627","prefedit_parse","'k'","","","READ_OR_UNKNOWN","","      case 'k':"
"src\prefedit.c","628","prefedit_parse","'K'","","","READ_OR_UNKNOWN","","      case 'K':
        TOGGLE_VAR(d->pProtocol->pVariables[eMSDP_ANSI_COLORS]->ValueInt);
        break;        "
"src\prefedit.c","632","prefedit_parse","'l'","","","READ_OR_UNKNOWN","","      case 'l':"
"src\prefedit.c","633","prefedit_parse","'L'","","","READ_OR_UNKNOWN","","      case 'L':
        TOGGLE_VAR(d->pProtocol->bCHARSET);
        break;        "
"src\prefedit.c","637","prefedit_parse","'m'","","","READ_OR_UNKNOWN","","      case 'm':"
"src\prefedit.c","638","prefedit_parse","'M'","","","READ_OR_UNKNOWN","","      case 'M':
        TOGGLE_VAR(d->pProtocol->pVariables[eMSDP_MXP]->ValueInt);
        break;"
"src\prefedit.c","642","prefedit_parse","'n'","","","READ_OR_UNKNOWN","","      case 'n':"
"src\prefedit.c","643","prefedit_parse","'N'","","","READ_OR_UNKNOWN","","      case 'N':
        TOGGLE_VAR(d->pProtocol->bMSDP);
        break;"
"src\prefedit.c","647","prefedit_parse","'o'","","","READ_OR_UNKNOWN","","      case 'o':"
"src\prefedit.c","648","prefedit_parse","'O'","","","READ_OR_UNKNOWN","","      case 'O':
        TOGGLE_VAR(d->pProtocol->bATCP);
        break;      "
"src\prefedit.c","652","prefedit_parse","'p'","","","READ_OR_UNKNOWN","","      case 'p':"
"src\prefedit.c","653","prefedit_parse","'P'","","","READ_OR_UNKNOWN","","      case 'P':
        TOGGLE_VAR(d->pProtocol->pVariables[eMSDP_UTF_8]->ValueInt);
        break;"
"src\prefedit.c","657","prefedit_parse","'r'","","","READ_OR_UNKNOWN","","      case 'r':"
"src\prefedit.c","658","prefedit_parse","'R'","","","READ_OR_UNKNOWN","","      case 'R':
        TOGGLE_VAR(d->pProtocol->bMSP);
        break;   "
"src\prefedit.c","662","prefedit_parse","default","","Invalid Choice, try again (Q to Quit to main menu):","READ_OR_UNKNOWN","","      default  : send_to_char(d->character, ""Invalid Choice, try again (Q to Quit to main menu): "");
                 return;"
"src\prefedit.c","671","prefedit_parse","PREFEDIT_SYSLOG","","%sThat's not a valid choice!%s","READ_OR_UNKNOWN","","  case PREFEDIT_SYSLOG:
    number = atoi(arg) - 1;
    if ((number < 0) || (number > 3)) {
      send_to_char(d->character, ""%sThat's not a valid choice!%s\r\n"", CBRED(d->character, C_NRM), CCNRM(d->character, C_NRM));
      prefedit_disp_color_menu(d);
      return;"
"src\prefedit.c","687","prefedit_parse","default","","SYSERR: Reached default case in parse_prefedit","READ_OR_UNKNOWN","","  default:
    /* we should never get here */
    mudlog(BRF,LVL_BUILDER,TRUE,""SYSERR: Reached default case in parse_prefedit"");
    break;"
"src\protocol.c","491","ProtocolInput","(char)SB","","","READ_OR_UNKNOWN","","               case (char)SB: /* Begin subnegotiation. */
                  Index++;
                  pProtocol->bIACMode = true;
                  break;"
"src\protocol.c","496","ProtocolInput","(char)DO","","","READ_OR_UNKNOWN","","               case (char)DO: /* Handshake. */"
"src\protocol.c","497","ProtocolInput","(char)DONT","","","READ_OR_UNKNOWN","","               case (char)DONT:"
"src\protocol.c","498","ProtocolInput","(char)WILL","","","READ_OR_UNKNOWN","","               case (char)WILL:"
"src\protocol.c","499","ProtocolInput","(char)WONT","","","READ_OR_UNKNOWN","","               case (char)WONT: 
                  PerformHandshake( apDescriptor, apData[Index+1], apData[Index+2] );
                  Index += 2;
                  break;"
"src\protocol.c","504","ProtocolInput","(char)IAC","","","READ_OR_UNKNOWN","","               case (char)IAC: /* Two IACs count as one. */
                  CmdBuf[CmdIndex++] = (char)IAC;
                  Index++;
                  break;"
"src\protocol.c","509","ProtocolInput","default","","","READ_OR_UNKNOWN","","               default: /* Skip it. */
                  Index++;
                  break;"
"src\protocol.c","558","ProtocolInput","'\t'","","","READ_OR_UNKNOWN","","            case '\t': /* Two tabs in a row will display an actual tab */
               pCopyFrom = Tab;
               break;"
"src\protocol.c","561","ProtocolInput","'_'","","\x1B[4m","READ_OR_UNKNOWN","","            case '_':
               pCopyFrom = ""\x1B[4m""; /* Underline... if supported */
               break;"
"src\protocol.c","564","ProtocolInput","'+'","","\x1B[1m","READ_OR_UNKNOWN","","            case '+':
               pCopyFrom = ""\x1B[1m""; /* Bold... if supported */
               break;"
"src\protocol.c","567","ProtocolInput","'-'","","\x1B[5m","READ_OR_UNKNOWN","","            case '-':
               pCopyFrom = ""\x1B[5m""; /* Blinking... if supported */
               break;"
"src\protocol.c","570","ProtocolInput","'='","","\x1B[7m","READ_OR_UNKNOWN","","            case '=':
               pCopyFrom = ""\x1B[7m""; /* Reverse... if supported */
               break;"
"src\protocol.c","573","ProtocolInput","'*'","","@","READ_OR_UNKNOWN","","            case '*':
               pCopyFrom = ""@""; /* The At Symbol... I don't really like this, but it seems like
                                   a simple way to allow for the @ symbol while maintain portability
                                   between pre-ProtocolOutput() muds and post ProtocolOutput() muds.*/
               break;"
"src\protocol.c","580","ProtocolInput","'1'","","","READ_OR_UNKNOWN","","            case '1':
               pCopyFrom = ColourRGB(apDescriptor, RGBone);
               break;"
"src\protocol.c","583","ProtocolInput","'2'","","","READ_OR_UNKNOWN","","            case '2':
               pCopyFrom = ColourRGB(apDescriptor, RGBtwo);
               break;"
"src\protocol.c","586","ProtocolInput","'3'","","","READ_OR_UNKNOWN","","            case '3':
               pCopyFrom = ColourRGB(apDescriptor, RGBthree);
               break;"
"src\protocol.c","589","ProtocolInput","'n'","","","READ_OR_UNKNOWN","","            case 'n':
               pCopyFrom = s_Clean;
               break;"
"src\protocol.c","592","ProtocolInput","'d'","","F000","READ_OR_UNKNOWN","","            case 'd': /* dark grey / black */
               pCopyFrom = ColourRGB(apDescriptor, ""F000"");
               break;"
"src\protocol.c","595","ProtocolInput","'D'","","F111","READ_OR_UNKNOWN","","            case 'D': /* light grey */
               pCopyFrom = ColourRGB(apDescriptor, ""F111"");
               break;"
"src\protocol.c","598","ProtocolInput","'a'","","F021","READ_OR_UNKNOWN","","            case 'a': /* dark azure */
               pCopyFrom = ColourRGB(apDescriptor, ""F021"");
               break;"
"src\protocol.c","601","ProtocolInput","'A'","","F053","READ_OR_UNKNOWN","","            case 'A': /* light Azure */
               pCopyFrom = ColourRGB(apDescriptor, ""F053"");
               break;"
"src\protocol.c","604","ProtocolInput","'r'","","F200","READ_OR_UNKNOWN","","            case 'r': /* dark red */
               pCopyFrom = ColourRGB(apDescriptor, ""F200"");
               break;"
"src\protocol.c","607","ProtocolInput","'R'","","F500","READ_OR_UNKNOWN","","            case 'R': /* light red */
               pCopyFrom = ColourRGB(apDescriptor, ""F500"");
               break;"
"src\protocol.c","610","ProtocolInput","'g'","","F020","READ_OR_UNKNOWN","","            case 'g': /* dark green */
               pCopyFrom = ColourRGB(apDescriptor, ""F020"");
               break;"
"src\protocol.c","613","ProtocolInput","'G'","","F050","READ_OR_UNKNOWN","","            case 'G': /* light green */
               pCopyFrom = ColourRGB(apDescriptor, ""F050"");
               break;"
"src\protocol.c","616","ProtocolInput","'y'","","F330","READ_OR_UNKNOWN","","            case 'y': /* dark yellow */
               pCopyFrom = ColourRGB(apDescriptor, ""F330"");
               break;"
"src\protocol.c","619","ProtocolInput","'Y'","","F550","READ_OR_UNKNOWN","","            case 'Y': /* light yellow */
               pCopyFrom = ColourRGB(apDescriptor, ""F550"");
               break;"
"src\protocol.c","622","ProtocolInput","'b'","","F012","READ_OR_UNKNOWN","","            case 'b': /* dark blue */
               pCopyFrom = ColourRGB(apDescriptor, ""F012"");
               break;"
"src\protocol.c","625","ProtocolInput","'B'","","F025","READ_OR_UNKNOWN","","            case 'B': /* light blue */
               pCopyFrom = ColourRGB(apDescriptor, ""F025"");
               break;"
"src\protocol.c","628","ProtocolInput","'m'","","F202","READ_OR_UNKNOWN","","            case 'm': /* dark magenta */
               pCopyFrom = ColourRGB(apDescriptor, ""F202"");
               break;"
"src\protocol.c","631","ProtocolInput","'M'","","F505","READ_OR_UNKNOWN","","            case 'M': /* light magenta */
               pCopyFrom = ColourRGB(apDescriptor, ""F505"");
               break;"
"src\protocol.c","634","ProtocolInput","'c'","","F022","READ_OR_UNKNOWN","","            case 'c': /* dark cyan */
               pCopyFrom = ColourRGB(apDescriptor, ""F022"");
               break;"
"src\protocol.c","637","ProtocolInput","'C'","","F055","READ_OR_UNKNOWN","","            case 'C': /* light cyan */
               pCopyFrom = ColourRGB(apDescriptor, ""F055"");
               break;"
"src\protocol.c","640","ProtocolInput","'w'","","F333","READ_OR_UNKNOWN","","            case 'w': /* dark white */
               pCopyFrom = ColourRGB(apDescriptor, ""F333"");
               break;"
"src\protocol.c","643","ProtocolInput","'W'","","F555","READ_OR_UNKNOWN","","            case 'W': /* light white */
               pCopyFrom = ColourRGB(apDescriptor, ""F555"");
               break;"
"src\protocol.c","646","ProtocolInput","'o'","","F520","READ_OR_UNKNOWN","","            case 'o': /* dark orange */
               pCopyFrom = ColourRGB(apDescriptor, ""F520"");
               break;"
"src\protocol.c","649","ProtocolInput","'O'","","F530","READ_OR_UNKNOWN","","            case 'O': /* light orange */
               pCopyFrom = ColourRGB(apDescriptor, ""F530"");
               break;"
"src\protocol.c","652","ProtocolInput","'p'","","F301","READ_OR_UNKNOWN","","            case 'p': /* dark pink */
               pCopyFrom = ColourRGB(apDescriptor, ""F301"");
               break;"
"src\protocol.c","655","ProtocolInput","'P'","","F501","READ_OR_UNKNOWN","","            case 'P': /* light pink */
               pCopyFrom = ColourRGB(apDescriptor, ""F501"");
               break;"
"src\protocol.c","658","ProtocolInput","'('","","","READ_OR_UNKNOWN","","            case '(': /* MXP link */
               if ( !pProtocol->bBlockMXP && pProtocol->pVariables[eMSDP_MXP]->ValueInt )
                  pCopyFrom = LinkStart;
               break;"
"src\protocol.c","662","ProtocolInput","')'","","","READ_OR_UNKNOWN","","            case ')': /* MXP link */
               if ( !pProtocol->bBlockMXP && pProtocol->pVariables[eMSDP_MXP]->ValueInt )
                  pCopyFrom = LinkStop;
               pProtocol->bBlockMXP = false;
               break;"
"src\protocol.c","667","ProtocolInput","'<'","","","READ_OR_UNKNOWN","","            case '<':
               if ( !pProtocol->bBlockMXP && pProtocol->pVariables[eMSDP_MXP]->ValueInt )
               {
                  pCopyFrom = MXPStart;
                  bUseMXP = true;
               }
               else /* No MXP support, so just strip it out */
               {
                  while ( apData[j] != '\0' && apData[j] != '>' )
                     ++j;
               }
               pProtocol->bBlockMXP = false;
               break;"
"src\protocol.c","680","ProtocolInput","'['","","BUG: Unicode substitute '%s' wasn't terminated with ']'. | BUG: Unicode substitute '%s' truncated.  Missing ']'? | BUG: RGB %sground colour '%s' wasn't terminated with ']'. | fore | back | BUG: RGB %sground colour '%s' invalid (each digit must be in the range 0-5).","READ_OR_UNKNOWN","","            case '[':
               if ( tolower(apData[++j]) == 'u' )
               {
                  char BugString[256];
                  int Index = 0;
                  int Number = 0;
                  bool_t bDone = false, bValid = true;

                  while ( isdigit(apData[++j]) )
                  {
                     Number *= 10;
                     Number += (apData[j])-'0';
                  }

                  if ( apData[j] == '/' )
                     ++j;

                  while ( apData[j] != '\0' && !bDone )
                  {
                     if ( apData[j] == ']' )
                        bDone = true;
                     else if ( Index < 7 )
                        UnicodeSubstitute[Index++] = apData[j++];
                     else /* It's too long, so ignore the rest and note the problem */
                     {
                        j++;
                        bValid = false;
                     }
                  }

                  if ( !bDone )
                  {
                     sprintf( BugString, ""BUG: Unicode substitute '%s' wasn't terminated with ']'.\n"", UnicodeSubstitute );
                     ReportBug( BugString );
                  }
                  else if ( !bValid )
                  {
                     sprintf( BugString, ""BUG: Unicode substitute '%s' truncated.  Missing ']'?\n"", UnicodeSubstitute );
                     ReportBug( BugString );
                  }
                  else if ( pProtocol->pVariables[eMSDP_UTF_8]->ValueInt )
                  {
                     pCopyFrom = UnicodeGet(Number);
                  }
                  else /* Display the substitute string */
                  {
                     pCopyFrom = UnicodeSubstitute;
                  }

                  /* Terminate if we've reached the end of the string */
                  bTerminate = !bDone;
               }
               else if ( tolower(apData[j]) == 'f' || tolower(apData[j]) == 'b' )
               {
                  char Buffer[8] = { 0 }, BugString[256];
                  int Index = 0;
                  bool_t bDone = false, bValid = true;

                  /* Copy the 'f' (foreground) or 'b' (background) */
                  Buffer[Index++] = apData[j++];

                  while ( apData[j] != '\0' && !bDone && bValid )
                  {
                     if ( apData[j] == ']' )
                        bDone = true;
                     else if ( Index < 4 )
                        Buffer[Index++] = apData[j++];
                     else /* It's too long, so drop out - the colour code may still be valid */
                        bValid = false;
                  }

                  if ( !bDone || !bValid)
                  {
                     sprintf( BugString, ""BUG: RGB %sground colour '%s' wasn't terminated with ']'.\n"", 
                        (tolower(Buffer[0]) == 'f') ? ""fore"" : ""back"", &Buffer[1] );
                     ReportBug( BugString );
                  }
                  else if ( !IsValidColour(Buffer) )
                  {
                     sprintf( BugString, ""BUG: RGB %sground colour '%s' invalid (each digit must be in the range 0-5).\n"", 
                        (tolower(Buffer[0]) == 'f') ? ""fore"" : ""back"", &Buffer[1] );
                     ReportBug( BugString );
                  }
                  else /* Success */
                  {
                     pCopyFrom = ColourRGB(apDescriptor, Buffer);
                  }
               }
               else if ( tolower(apData[j]) == 'x' )
               {
                  char Buffer[8] = { 0 }, BugString[256];
                  int Index = 0;
                  bool_t bDone = false, bValid = true;

                  ++j; /* Skip the 'x' */

                  while ( apData[j] != '\0' && !bDone )
                  {
                     if ( apData[j] == ']' )
                        bDone = true;
                     else if ( Index < 7 )"
"src\protocol.c","814","ProtocolInput","'!'","","","READ_OR_UNKNOWN","","            case '!': /* Used for in-band MSP sound triggers */
               pCopyFrom = MSP;
               break;"
"src\protocol.c","817","ProtocolInput","'\0'","","","READ_OR_UNKNOWN","","            case '\0':
               bTerminate = true;
               break;"
"src\protocol.c","820","ProtocolInput","default","","","READ_OR_UNKNOWN","","            default:
               break;"
"src\protocol.c","943","CopyoverSet","'T'","","","READ_OR_UNKNOWN","","            case 'T':
               pProtocol->bTTYPE = true;
               break;"
"src\protocol.c","946","CopyoverSet","'N'","","","READ_OR_UNKNOWN","","            case 'N':
               pProtocol->bNAWS = true;
               break;"
"src\protocol.c","949","CopyoverSet","'M'","","","READ_OR_UNKNOWN","","            case 'M':
               pProtocol->bMSDP = true;
               break;"
"src\protocol.c","952","CopyoverSet","'A'","","","READ_OR_UNKNOWN","","            case 'A':
               pProtocol->bATCP = true;
               break;"
"src\protocol.c","955","CopyoverSet","'S'","","","READ_OR_UNKNOWN","","            case 'S':
               pProtocol->bMSP = true;
               break;"
"src\protocol.c","958","CopyoverSet","'X'","","","READ_OR_UNKNOWN","","            case 'X':
               pProtocol->bMXP = true;
               pProtocol->pVariables[eMSDP_MXP]->ValueInt = 1;
               break;"
"src\protocol.c","962","CopyoverSet","'c'","","","READ_OR_UNKNOWN","","            case 'c':
               pProtocol->bMCCP = true;
               CompressStart(apDescriptor);
               break;"
"src\protocol.c","966","CopyoverSet","'C'","","","READ_OR_UNKNOWN","","            case 'C':
               pProtocol->pVariables[eMSDP_XTERM_256_COLORS]->ValueInt = 1;
               break;"
"src\protocol.c","969","CopyoverSet","'H'","","","READ_OR_UNKNOWN","","            case 'H':
               pProtocol->bCHARSET = true;
               break;"
"src\protocol.c","972","CopyoverSet","'U'","","","READ_OR_UNKNOWN","","            case 'U':
               pProtocol->pVariables[eMSDP_UTF_8]->ValueInt = 1;
               break;"
"src\protocol.c","975","CopyoverSet","default","","","READ_OR_UNKNOWN","","            default:
               if ( apData[i] == '/' )
                  bDoneWidth = true;
               else if ( isdigit(apData[i]) )
               {
                  if ( bDoneWidth )
                  {
                     Height *= 10;
                     Height += (apData[i] - '0');
                  }
                  else /* We're still calculating height */
                  {
                     Width *= 10;
                     Width += (apData[i] - '0');
                  }
               }
               break;"
"src\protocol.c","1543","PerformHandshake","(char)TELOPT_TTYPE","","","READ_OR_UNKNOWN","","      case (char)TELOPT_TTYPE:
         if ( aCmd == (char)WILL )
         {
            if ( !pProtocol->bNegotiated )
            {
               /* Negotiate for the remaining protocols. */
               pProtocol->bNegotiated = true;
               pProtocol->bTTYPE = true;
               Negotiate(apDescriptor);
            }
         }
         else if ( aCmd == (char)WONT )
         {
            if ( !pProtocol->bNegotiated )
            {
               /* Still negotiate, as this client obviously knows how to 
                * correctly respond to negotiation attempts - but we don't 
                * ask for TTYPE, as it doesn't support it.
                */
               pProtocol->bNegotiated = true;
               pProtocol->bTTYPE = false;
               Negotiate(apDescriptor);
            }
         }
         break;"
"src\protocol.c","1569","PerformHandshake","(char)TELOPT_NAWS","","","READ_OR_UNKNOWN","","      case (char)TELOPT_NAWS:
         if ( aCmd == (char)WILL )
            pProtocol->bNAWS = true;
         else if ( aCmd == (char)WONT )
            pProtocol->bNAWS = false;
         break;"
"src\protocol.c","1576","PerformHandshake","(char)TELOPT_CHARSET","","","READ_OR_UNKNOWN","","      case (char)TELOPT_CHARSET:
         if ( aCmd == (char)WILL )
         {
            char charset_utf8 [] = { (char)IAC, (char)SB, TELOPT_CHARSET, 1, ' ', 'U', 'T', 'F', '-', '8', (char)IAC, (char)SE, '\0' };
            Write(apDescriptor, charset_utf8);
            pProtocol->bCHARSET = true;
         }
         else if ( aCmd == (char)WONT )
            pProtocol->bCHARSET = false;
         break;"
"src\protocol.c","1587","PerformHandshake","(char)TELOPT_MSDP","","SERVER_ID","READ_OR_UNKNOWN","","      case (char)TELOPT_MSDP:
         if ( aCmd == (char)DO )
         {
            pProtocol->bMSDP = true;

            /* Identify the mud to the client. */
            MSDPSendPair( apDescriptor, ""SERVER_ID"", MUD_NAME );
         }
         else if ( aCmd == (char)DONT )
            pProtocol->bMSDP = false;
         break;"
"src\protocol.c","1599","PerformHandshake","(char)TELOPT_MSSP","","","READ_OR_UNKNOWN","","      case (char)TELOPT_MSSP:
         if ( aCmd == (char)DO )
            SendMSSP( apDescriptor );
         else if ( aCmd == (char)DONT )
            ; /* Do nothing. */
         break;"
"src\protocol.c","1606","PerformHandshake","(char)TELOPT_MCCP","","","READ_OR_UNKNOWN","","      case (char)TELOPT_MCCP:
         if ( aCmd == (char)DO )
         {
            pProtocol->bMCCP = true;
            CompressStart( apDescriptor );
         }
         else if ( aCmd == (char)DONT )
         {
            pProtocol->bMCCP = false;
            CompressEnd( apDescriptor );
         }
         break;"
"src\protocol.c","1619","PerformHandshake","(char)TELOPT_MSP","","","READ_OR_UNKNOWN","","      case (char)TELOPT_MSP:
         if ( aCmd == (char)DO )
            pProtocol->bMSP = true;
         else if ( aCmd == (char)DONT )
            pProtocol->bMSP = false;
         break;"
"src\protocol.c","1626","PerformHandshake","(char)TELOPT_MXP","","\033[7z","READ_OR_UNKNOWN","","      case (char)TELOPT_MXP:
         if ( aCmd == (char)WILL || aCmd == (char)DO )
         {
            /* Enable MXP. */
            const char EnableMXP[] = { (char)IAC, (char)SB, TELOPT_MXP, (char)IAC, (char)SE, '\0' };
            Write(apDescriptor, EnableMXP);

            /* Create a secure channel, and note that MXP is active. */
            Write(apDescriptor, ""\033[7z"");
            pProtocol->bMXP = true;
            pProtocol->pVariables[eMSDP_MXP]->ValueInt = 1;
         }
         else if ( aCmd == (char)WONT )
         {
            if ( !pProtocol->bMXP )
            {
               /* The MXP standard doesn't actually specify whether you should 
                * negotiate with IAC DO MXP or IAC WILL MXP.  As a result, some 
                * clients support one, some the other, and some support both.
                * 
                * Therefore we first try IAC DO MXP, and if the client replies 
                * with WONT, we try again (here) with IAC WILL MXP.
                */
               const char WillMXP[] = { (char)IAC, (char)WILL, TELOPT_MXP, '\0' };
               Write(apDescriptor, WillMXP);
            }
            else // The client is actually asking us to switch MXP off.
            {
               pProtocol->bMXP = false;
            }
         }
         else if ( aCmd == (char)DONT )
            pProtocol->bMXP = false;
         break;"
"src\protocol.c","1661","PerformHandshake","(char)TELOPT_ATCP","","Mudlet | Client.GUI | SERVER_ID","READ_OR_UNKNOWN","","      case (char)TELOPT_ATCP:
         if ( aCmd == (char)WILL )
         {
            /* If we don't support MSDP, fake it with ATCP */
            if ( !pProtocol->bMSDP )
            {
               pProtocol->bATCP = true;

#ifdef MUDLET_PACKAGE
               /* Send the Mudlet GUI package to the user. */
               if ( MatchString( ""Mudlet"",
                  pProtocol->pVariables[eMSDP_CLIENT_ID]->pValueString ) )
               {
                  SendATCP( apDescriptor, ""Client.GUI"", MUDLET_PACKAGE );
               }
#endif /* MUDLET_PACKAGE */

               /* Identify the mud to the client. */
               MSDPSendPair( apDescriptor, ""SERVER_ID"", MUD_NAME );
            }
         }
         else if ( aCmd == (char)WONT )
            pProtocol->bATCP = false;
         break;"
"src\protocol.c","1686","PerformHandshake","default","","","READ_OR_UNKNOWN","","      default:
         break;"
"src\protocol.c","1697","PerformSubnegotiation","(char)TELOPT_TTYPE","","Unknown | ANSI | - | -256color | xterm | MTTS | Mudlet","DESTRUCTIVE_REVIEW","delete/purge/extract/remove/free operation","      case (char)TELOPT_TTYPE:
         if ( pProtocol->bTTYPE )
         {
            /* Store the client name. */
            const int MaxClientLength = 64;
            char *pClientName = alloca(MaxClientLength+1);
            int i = 0, j = 1;
            bool_t bStopCyclicTTYPE = false;

            for ( ; apData[j] != '\0' && i < MaxClientLength; ++j )
            {
               if ( isprint(apData[j]) )
                  pClientName[i++] = apData[j];
            }
            pClientName[i] = '\0';

            /* Store the first TTYPE as the client name */
            if ( !strcmp(pProtocol->pVariables[eMSDP_CLIENT_ID]->pValueString, ""Unknown"") )
            {
               free(pProtocol->pVariables[eMSDP_CLIENT_ID]->pValueString);
               pProtocol->pVariables[eMSDP_CLIENT_ID]->pValueString = AllocString(pClientName);

               /* This is a bit nasty, but using cyclic TTYPE on windows telnet 
                * causes it to lock up.  None of the clients we need to cycle 
                * with send ANSI to start with anyway, so we shouldn't have any 
                * conflicts.
                * 
                * An alternative solution is to use escape sequences to check 
                * for windows telnet prior to negotiation, and this also avoids 
                * the player losing echo, but it has other issues.  Because the 
                * escape codes are technically in-band, even though they'll be 
                * stripped from the display, the newlines will still cause some 
                * scrolling.  Therefore you need to either pause the session 
                * for a few seconds before displaying the login screen, or wait 
                * until the player has entered their name before negotiating.
                */
               if ( !strcmp(pClientName,""ANSI"") )
                  bStopCyclicTTYPE = true;
            }

            /* Cycle through the TTYPEs until we get the same result twice, or 
             * find ourselves back at the start.
             * 
             * If the client follows RFC1091 properly then it will indicate the 
             * end of the list by repeating the last response, and then return 
             * to the top of the list.  If you're the trusting type, then feel 
             * free to remove the second strcmp ;)
             */
            if ( pProtocol->pLastTTYPE == NULL || 
               (strcmp(pProtocol->pLastTTYPE, pClientName) && 
               strcmp(pProtocol->pVariables[eMSDP_CLIENT_ID]->pValueString, pClientName)) )
            {
               char RequestTTYPE [] = { (char)IAC, (char)SB, TELOPT_TTYPE, SEND, (char)IAC, (char)SE, '\0' };
               const char *pStartPos = strstr( pClientName, ""-"" );

               /* Store the TTYPE */
               if (pProtocol->pLastTTYPE)
                 free(pProtocol->pLastTTYPE);
               pProtocol->pLastTTYPE = AllocString(pClientName);

               /* Look for 256 colour support */
               if ( (pStartPos != NULL && MatchString(pStartPos, ""-256color"")) || MatchString(pClientName, ""xterm"") )
               {
                  /* This is currently the only way to detect support for 256 
                   * colours in TinTin++, WinTin++ and BlowTorch.
                   */
                  pProtocol->pVariables[eMSDP_XTERM_256_COLORS]->ValueInt = 1;
                  pProtocol->b256Support = eYES;
               }

               /* Request another TTYPE */
               if ( !bStopCyclicTTYPE )
                  Write(apDescriptor, RequestTTYPE);
            }

            if ( PrefixString(""MTTS "", pClientName) )
            {
               pProtocol->pVariables[eMSDP_CLIENT_VERSION]->ValueInt = atoi(pClientName+5);

               if (pProtocol->pVariables[eMSDP_CLIENT_VERSION]->ValueInt & 1)
               {
                  pProtocol->pVariables[eMSDP_ANSI_COLORS]->ValueInt = 1;
               }
               if (pProtocol->pVariables[eMSDP_CLIENT_VERSION]->ValueInt & 4)
               {
                  pProtocol->pVariables[eMSDP_UTF_8]->ValueInt = 1;
               }
               if (pProtocol->pVariables[eMSDP_CLIENT_VERSION]->ValueInt & 8)
               {
                  pProtocol->pVariables[eMSDP_XTERM_256_COLORS]->ValueInt = 1;
                  pProtocol->b256Support = eYES;
               }

            }
            else if ( PrefixString(""Mudlet"", pClientName) )
            {
               /* Mudlet beta 15 and later supports 256 colours, but we can't 
                * identify it from the mud - everything prior to 1.1 claims 
                * to be version 1.0, so we just don't know.
                */ 
               pProtocol->b256Support = eSOMETIMES;"
"src\protocol.c","1854","PerformSubnegotiation","(char)TELOPT_NAWS","","","READ_OR_UNKNOWN","","      case (char)TELOPT_NAWS:
         if ( pProtocol->bNAWS )
         {
            /* Store the new width. */
            pProtocol->ScreenWidth = (unsigned char)apData[0];
            pProtocol->ScreenWidth <<= 8;
            pProtocol->ScreenWidth += (unsigned char)apData[1];

            /* Store the new height. */
            pProtocol->ScreenHeight = (unsigned char)apData[2];
            pProtocol->ScreenHeight <<= 8;
            pProtocol->ScreenHeight += (unsigned char)apData[3];
         }
         break;"
"src\protocol.c","1869","PerformSubnegotiation","(char)TELOPT_CHARSET","","","READ_OR_UNKNOWN","","      case (char)TELOPT_CHARSET:
         if ( pProtocol->bCHARSET )
         {
            /* Because we're only asking about UTF-8, we can just check the 
             * first character.  If you ask for more than one CHARSET you'll 
             * need to read through the results to see which are accepted.
             *
             * Note that the user must also use a unicode font!
             */
            if ( apData[0] == ACCEPTED )
               pProtocol->pVariables[eMSDP_UTF_8]->ValueInt = 1;
         }
         break;"
"src\protocol.c","1883","PerformSubnegotiation","(char)TELOPT_MSDP","","","READ_OR_UNKNOWN","","      case (char)TELOPT_MSDP:
         ParseMSDP( apDescriptor, apData );
         break;"
"src\protocol.c","1887","PerformSubnegotiation","(char)TELOPT_ATCP","","","READ_OR_UNKNOWN","","      case (char)TELOPT_ATCP:
         ParseATCP( apDescriptor, apData );
         break;"
"src\protocol.c","1891","PerformSubnegotiation","default","","","READ_OR_UNKNOWN","","      default: /* Unknown subnegotiation, so we simply ignore it. */
         break;"
"src\protocol.c","1909","ParseMSDP","MSDP_VAR: case MSDP_VAL","","","READ_OR_UNKNOWN","","         case MSDP_VAR: case MSDP_VAL:
            pPos = pStart = Variable[*apData++-1];
            break;"
"src\protocol.c","1912","ParseMSDP","default","","SEND | REPORT | RESET | REPORTABLE_VARIABLES | REPORTED_VARIABLES | UNREPORT | LIST | COMMANDS | LIST REPORT RESET SEND UNREPORT | LISTS | COMMANDS LISTS CONFIGURABLE_VARIABLES REPORTABLE_VARIABLES REPORTED_VARIABLES SENDABLE_VARIABLES GUI_VARIABLES | SENDABLE_VARIABLES","READ_OR_UNKNOWN","","         default: /* Anything else */
            if ( pPos && pPos-pStart < MAX_MSDP_SIZE )
            {
               *pPos++ = *apData;
               *pPos = '\0';
            }

            if ( *++apData )
               continue;
      }

      ExecuteMSDPPair( apDescriptor, Variable[MSDP_VAR-1], Variable[MSDP_VAL-1] );
      Variable[MSDP_VAL-1][0] = '\0';
   }
}

static void ExecuteMSDPPair( descriptor_t *apDescriptor, const char *apVariable, const char *apValue )
{
   if ( apVariable[0] != '\0' && apValue[0] != '\0' )
   {
      if ( MatchString(apVariable, ""SEND"") )
      {
         bool_t bDone = false;
         int i; /* Loop counter */
         for ( i = eMSDP_NONE+1; i < eMSDP_MAX && !bDone; ++i )
         {
            if ( MatchString(apValue, VariableNameTable[i].pName) )
            {
               MSDPSend( apDescriptor, (variable_t)i );
               bDone = true;
            }
         }
      }
      else if ( MatchString(apVariable, ""REPORT"") )
      {
         bool_t bDone = false;
         int i; /* Loop counter */
         for ( i = eMSDP_NONE+1; i < eMSDP_MAX && !bDone; ++i )
         {
            if ( MatchString(apValue, VariableNameTable[i].pName) )
            {
               apDescriptor->pProtocol->pVariables[i]->bReport = true;
               apDescriptor->pProtocol->pVariables[i]->bDirty = true;
               bDone = true;
            }
         }
      }
      else if ( MatchString(apVariable, ""RESET"") )
      {
         if ( MatchString(apValue, ""REPORTABLE_VARIABLES"") || 
            MatchString(apValue, ""REPORTED_VARIABLES"") )
         {
            int i; /* Loop counter */
            for ( i = eMSDP_NONE+1; i < eMSDP_MAX; ++i )
            {
               if ( apDescriptor->pProtocol->pVariables[i]->bReport )
               {
                  apDescriptor->pProtocol->pVariables[i]->bReport = false;
                  apDescriptor->pProtocol->pVariables[i]->bDirty = false;
               }
            }
         }
      }
      else if ( MatchString(apVariable, ""UNREPORT"") )
      {
         bool_t bDone = false;
         int i; /* Loop counter */
         for ( i = eMSDP_NONE+1; i < eMSDP_MAX && !bDone; ++i )
         {
            if ( MatchString(apValue, VariableNameTable[i].pName) )
            {
               apDescriptor->pProtocol->pVariables[i]->bReport = false;
               apDescriptor->pProtocol->pVariables[i]->bDirty = false;
               bDone = true;
            }
         }
      }
      else if ( MatchString(apVariable, ""LIST"") )
      {
         if ( MatchString(apValue, ""COMMANDS"") )
         {
            const char MSDPCommands[] = ""LIST REPORT RESET SEND UNREPORT"";
            MSDPSendList( apDescriptor, ""COMMANDS"", MSDPCommands );
         }
         else if ( MatchString(apValue, ""LISTS"") )
         {
            const char MSDPCommands[] = ""COMMANDS LISTS CONFIGURABLE_VARIABLES REPORTABLE_VARIABLES REPORTED_VARIABLES SENDABLE_VARIABLES GUI_VARIABLES"";
            MSDPSendList( apDescriptor, ""LISTS"", MSDPCommands );
         }
         /* Split this into two if some variables aren't REPORTABLE */
         else if ( MatchString(apValue, ""SENDABLE_VARIABLES"") || 
            MatchString(apValue, ""REPORTABLE_VARIABLES"") )
         {
            char MSDPCommands[MAX_OUTPUT_BUFFER] = { '\0' };
            int i; /* Loop counter */

            for ( i = eMSDP_NONE+1; i < eMSDP_MAX; ++i )
            {
               if ( !VariableNameTable[i].bGUI )
               {
                  /* Add the separator between variables */"
"src\protocol.c","2159","ParseATCP","'@'","","","READ_OR_UNKNOWN","","         case '@': 
            pPos = pStart = Variable[0];
            apData++;
            break;"
"src\protocol.c","2163","ParseATCP","' '","","","READ_OR_UNKNOWN","","         case ' ': 
            pPos = pStart = Variable[1];
            apData++;
            break;"
"src\protocol.c","2167","ParseATCP","default","","SendATCP: %s %d bytes (exceeds MAX_VARIABLE_LENGTH of %d). | SendATCP: Variable name has a length of %d bytes (exceeds MAX_VARIABLE_LENGTH of %d). | %c%c%c%s %s%c%c | %d","READ_OR_UNKNOWN","","         default: /* Anything else */
            if ( pPos && pPos-pStart < MAX_MSDP_SIZE )
            {
               *pPos++ = *apData;
               *pPos = '\0';
            }

            if ( *++apData )
               continue;
      }

      ExecuteMSDPPair( apDescriptor, Variable[MSDP_VAR-1], Variable[MSDP_VAL-1] );
      Variable[MSDP_VAL-1][0] = '\0';
   }
}

#ifdef MUDLET_PACKAGE
static void SendATCP( descriptor_t *apDescriptor, const char *apVariable, const char *apValue )
{
   char ATCPBuffer[MAX_VARIABLE_LENGTH+1] = { '\0' };

   if ( apVariable != NULL && apValue != NULL )
   {
      protocol_t *pProtocol = apDescriptor ? apDescriptor->pProtocol : NULL;

      /* Should really be replaced with a dynamic buffer */
      int RequiredBuffer = strlen(apVariable) + strlen(apValue) + 12;

      if ( RequiredBuffer >= MAX_VARIABLE_LENGTH )
      {
         if ( RequiredBuffer - strlen(apValue) < MAX_VARIABLE_LENGTH )
         {
            sprintf( ATCPBuffer, 
               ""SendATCP: %s %d bytes (exceeds MAX_VARIABLE_LENGTH of %d).\n"", 
               apVariable, RequiredBuffer, MAX_VARIABLE_LENGTH );
         }
         else /* The variable name itself is too long */
         {
            sprintf( ATCPBuffer, 
               ""SendATCP: Variable name has a length of %d bytes (exceeds MAX_VARIABLE_LENGTH of %d).\n"", 
               RequiredBuffer, MAX_VARIABLE_LENGTH );
         }

         ReportBug( ATCPBuffer );
         ATCPBuffer[0] = '\0';
      }
      else if ( pProtocol->bATCP )
      {
         sprintf( ATCPBuffer, ""%c%c%c%s %s%c%c"", 
            IAC, SB, TELOPT_ATCP, apVariable, apValue, IAC, SE );
      }

      /* Just in case someone calls this function without checking ATCP */
      if ( ATCPBuffer[0] != '\0' )
         Write( apDescriptor, ATCPBuffer );
   }
}
#endif /* MUDLET_PACKAGE */

/******************************************************************************
 Local MSSP functions.
 ******************************************************************************/

static const char *GetMSSP_Players()
{
   static char Buffer[32];
   sprintf( Buffer, ""%d"", s_Players );
   return Buffer;"
"src\qedit.c","272","qedit_disp_menu","AQ_OBJ_FIND","","","READ_OR_UNKNOWN","","    case AQ_OBJ_FIND:"
"src\qedit.c","273","qedit_disp_menu","AQ_OBJ_RETURN","","%s | An unknown object","READ_OR_UNKNOWN","","    case AQ_OBJ_RETURN:
      snprintf(targetname, sizeof(targetname), ""%s"",
               real_object(quest->target) == NOTHING ?
               ""An unknown object"" :
               obj_proto[real_object(quest->target)].short_description);
      break;"
"src\qedit.c","279","qedit_disp_menu","AQ_ROOM_FIND","","","READ_OR_UNKNOWN","","    case AQ_ROOM_FIND:"
"src\qedit.c","280","qedit_disp_menu","AQ_ROOM_CLEAR","","%s | An unknown room","READ_OR_UNKNOWN","","    case AQ_ROOM_CLEAR:
      snprintf(targetname, sizeof(targetname), ""%s"",
               real_room(quest->target) == NOWHERE ?
               ""An unknown room"" :
               world[real_room(quest->target)].name);
      break;"
"src\qedit.c","286","qedit_disp_menu","AQ_MOB_FIND","","","READ_OR_UNKNOWN","","    case AQ_MOB_FIND:"
"src\qedit.c","287","qedit_disp_menu","AQ_MOB_KILL","","","READ_OR_UNKNOWN","","    case AQ_MOB_KILL:"
"src\qedit.c","288","qedit_disp_menu","AQ_MOB_SAVE","","%s | An unknown mobile","READ_OR_UNKNOWN","","    case AQ_MOB_SAVE:
      snprintf(targetname, sizeof(targetname), ""%s"",
               real_mobile(quest->target) == NOBODY ?
               ""An unknown mobile"" :
               GET_NAME(&mob_proto[real_mobile(quest->target)]));
      break;"
"src\qedit.c","294","qedit_disp_menu","default","","Unknown","READ_OR_UNKNOWN","","    default:
      snprintf(targetname, sizeof(targetname), ""Unknown"");
      break;"
"src\qedit.c","385","qedit_parse","QEDIT_CONFIRM_SAVESTRING","","","READ_OR_UNKNOWN","","    case QEDIT_CONFIRM_SAVESTRING:
      switch (*arg) {"
"src\qedit.c","387","qedit_parse","'y'","","","READ_OR_UNKNOWN","","        case 'y':"
"src\qedit.c","388","qedit_parse","'Y'","","Saving Quest to memory. | OLC: %s edits quest %d | Quest %d saved to disk. | Quest %d saved to memory.","SAVE_PATH","disk/save operation","        case 'Y':
          send_to_char(d->character, ""Saving Quest to memory.\r\n"");
          qedit_save_internally(d);
          mudlog(CMP, MAX(LVL_BUILDER, GET_INVIS_LEV(d->character)), TRUE,
     ""OLC: %s edits quest %d"", GET_NAME(d->character), OLC_NUM(d));
          if (CONFIG_OLC_SAVE) {
            qedit_save_to_disk(real_zone_by_thing(OLC_NUM(d)));
            write_to_output(d, ""Quest %d saved to disk.\r\n"", OLC_NUM(d));
          } else
            write_to_output(d, ""Quest %d saved to memory.\r\n"", OLC_NUM(d));
          cleanup_olc(d, CLEANUP_STRUCTS);
   return;"
"src\qedit.c","400","qedit_parse","'n'","","","READ_OR_UNKNOWN","","        case 'n':"
"src\qedit.c","401","qedit_parse","'N'","","","READ_OR_UNKNOWN","","        case 'N':
          cleanup_olc(d, CLEANUP_ALL);
          return;"
"src\qedit.c","404","qedit_parse","default","","Invalid choice!\r\nDo you wish to save the quest? :","READ_OR_UNKNOWN","","        default:
          write_to_output(d,
            ""Invalid choice!\r\nDo you wish to save the quest? : "");
          return;"
"src\qedit.c","410","qedit_parse","QEDIT_CONFIRM_DELETE","","","READ_OR_UNKNOWN","","    case QEDIT_CONFIRM_DELETE:
      switch (*arg) {"
"src\qedit.c","412","qedit_parse","'y'","","","READ_OR_UNKNOWN","","        case 'y':"
"src\qedit.c","413","qedit_parse","'Y'","","Quest deleted. | Couldn't delete the quest! | Quest file saved to disk. | Quest file saved to memory.","DESTRUCTIVE_REVIEW","delete/purge/extract/remove/free operation | disk/save operation","        case 'Y':
          if (delete_quest(real_quest(OLC_NUM(d))))
            write_to_output(d, ""Quest deleted.\r\n"");
   else
            write_to_output(d, ""Couldn't delete the quest!\r\n"");
          if (CONFIG_OLC_SAVE) {
            qedit_save_to_disk(real_zone_by_thing(OLC_NUM(d)));
            write_to_output(d, ""Quest file saved to disk.\r\n"");
          } else
            write_to_output(d, ""Quest file saved to memory.\r\n"");
          cleanup_olc(d, CLEANUP_ALL);
   return;"
"src\qedit.c","425","qedit_parse","'n'","","","READ_OR_UNKNOWN","","        case 'n':"
"src\qedit.c","426","qedit_parse","'N'","","","READ_OR_UNKNOWN","","        case 'N':
          qedit_disp_menu(d);
          return;"
"src\qedit.c","429","qedit_parse","default","","Invalid choice!\r\nDo you wish to delete the quest? :","READ_OR_UNKNOWN","","        default:
          write_to_output(d,
            ""Invalid choice!\r\nDo you wish to delete the quest? : "");
          return;"
"src\qedit.c","436","qedit_parse","QEDIT_MAIN_MENU","","","READ_OR_UNKNOWN","","    case QEDIT_MAIN_MENU:
      switch (*arg) {"
"src\qedit.c","438","qedit_parse","'q'","","","READ_OR_UNKNOWN","","        case 'q':"
"src\qedit.c","439","qedit_parse","'Q'","QEDIT_CONFIRM_SAVESTRING","Do you wish to save the changes to the Quest? (y/n) :","MUTATING_REVIEW","OLC/object/flag mutation"," case 'Q':
   if (OLC_VAL(d)) {   /*. Anything been changed? . */
            write_to_output(d,
              ""Do you wish to save the changes to the Quest? (y/n) : "");
            OLC_MODE(d) = QEDIT_CONFIRM_SAVESTRING;
          } else
            cleanup_olc(d, CLEANUP_ALL);
          return;"
"src\qedit.c","447","qedit_parse","'x'","","","READ_OR_UNKNOWN",""," case 'x':"
"src\qedit.c","448","qedit_parse","'X'","QEDIT_CONFIRM_DELETE","Do you wish to delete the Quest? (y/n) :","MUTATING_REVIEW","OLC/object/flag mutation"," case 'X':
          OLC_MODE(d) = QEDIT_CONFIRM_DELETE;
   write_to_output(d, ""Do you wish to delete the Quest? (y/n) : "");
   break;"
"src\qedit.c","452","qedit_parse","'1'","QEDIT_NAME","Enter the quest name :","MUTATING_REVIEW","OLC/object/flag mutation"," case '1':
   OLC_MODE(d) = QEDIT_NAME;
   write_to_output(d, ""Enter the quest name : "");
   break;"
"src\qedit.c","456","qedit_parse","'2'","QEDIT_DESC","Enter the quest description :-\r\n]","MUTATING_REVIEW","OLC/object/flag mutation","        case '2':
   OLC_MODE(d) = QEDIT_DESC;
   write_to_output(d, ""Enter the quest description :-\r\n] "");
   break;"
"src\qedit.c","460","qedit_parse","'3'","QEDIT_INFO","Enter quest acceptance message: | %s","MUTATING_REVIEW","OLC/object/flag mutation | multiline editor entry","        case '3':
          OLC_MODE(d) = QEDIT_INFO;
          clear_screen(d);
          send_editor_help(d);
          write_to_output(d, ""Enter quest acceptance message:\r\n\r\n"");

          if (OLC_QUEST(d)->info) {
            write_to_output(d, ""%s"", OLC_QUEST(d)->info);
            oldtext = strdup(OLC_QUEST(d)->info);
          }
          string_write(d, &OLC_QUEST(d)->info, MAX_QUEST_MSG, 0, oldtext);
          OLC_VAL(d) = 1;
          break;"
"src\qedit.c","473","qedit_parse","'4'","QEDIT_COMPLETE","Enter quest completion message: | %s","MUTATING_REVIEW","OLC/object/flag mutation | multiline editor entry","        case '4':
          OLC_MODE(d) = QEDIT_COMPLETE;
          clear_screen(d);
          send_editor_help(d);
          write_to_output(d, ""Enter quest completion message:\r\n\r\n"");

          if (OLC_QUEST(d)->done) {
            write_to_output(d, ""%s"", OLC_QUEST(d)->done);
            oldtext = strdup(OLC_QUEST(d)->done);
          }
          string_write(d, &OLC_QUEST(d)->done, MAX_QUEST_MSG, 0, oldtext);
          OLC_VAL(d) = 1;
          break;"
"src\qedit.c","486","qedit_parse","'5'","QEDIT_ABANDON","Enter quest quit message: | %s","MUTATING_REVIEW","OLC/object/flag mutation | multiline editor entry","        case '5':
          OLC_MODE(d) = QEDIT_ABANDON;
          clear_screen(d);
          send_editor_help(d);
          write_to_output(d, ""Enter quest quit message:\r\n\r\n"");

          if (OLC_QUEST(d)->quit) {
            write_to_output(d, ""%s"", OLC_QUEST(d)->quit);
            oldtext = strdup(OLC_QUEST(d)->quit);
          }
          string_write(d, &OLC_QUEST(d)->quit, MAX_QUEST_MSG, 0, oldtext);
          OLC_VAL(d) = 1;
          break;"
"src\qedit.c","499","qedit_parse","'6'","QEDIT_FLAGS","","MUTATING_REVIEW","OLC/object/flag mutation","        case '6':
          OLC_MODE(d) = QEDIT_FLAGS;
          qedit_disp_flag_menu(d);
          break;"
"src\qedit.c","503","qedit_parse","'7'","QEDIT_TYPES","","MUTATING_REVIEW","OLC/object/flag mutation","        case '7':
          OLC_MODE(d) = QEDIT_TYPES;
          qedit_disp_type_menu(d);
          break;"
"src\qedit.c","507","qedit_parse","'8'","QEDIT_QUESTMASTER","Enter vnum of quest master :","MUTATING_REVIEW","OLC/object/flag mutation","        case '8':
          OLC_MODE(d) = QEDIT_QUESTMASTER;
          write_to_output(d, ""Enter vnum of quest master : "");
          break;"
"src\qedit.c","511","qedit_parse","'9'","QEDIT_TARGET","Enter target vnum :","MUTATING_REVIEW","OLC/object/flag mutation","        case '9':
          OLC_MODE(d) = QEDIT_TARGET;
          write_to_output(d, ""Enter target vnum : "");
          break;"
"src\qedit.c","515","qedit_parse","'a'","","","READ_OR_UNKNOWN",""," case 'a':"
"src\qedit.c","516","qedit_parse","'A'","QEDIT_QUANTITY","Enter quantity of target :","MUTATING_REVIEW","OLC/object/flag mutation"," case 'A':
   OLC_MODE(d) = QEDIT_QUANTITY;
   write_to_output(d, ""Enter quantity of target : "");
   break;"
"src\qedit.c","520","qedit_parse","'b'","","","READ_OR_UNKNOWN","","        case 'b':"
"src\qedit.c","521","qedit_parse","'B'","QEDIT_POINTSCOMP","Enter points for completing the quest :","MUTATING_REVIEW","OLC/object/flag mutation","        case 'B':
   OLC_MODE(d) = QEDIT_POINTSCOMP;
          write_to_output(d, ""Enter points for completing the quest : "" );
          break;"
"src\qedit.c","525","qedit_parse","'c'","","","READ_OR_UNKNOWN",""," case 'c':"
"src\qedit.c","526","qedit_parse","'C'","QEDIT_POINTSQUIT","Enter points for quitting the quest :","MUTATING_REVIEW","OLC/object/flag mutation","        case 'C':
   OLC_MODE(d) = QEDIT_POINTSQUIT;
          write_to_output(d, ""Enter points for quitting the quest : "" );
          break;"
"src\qedit.c","530","qedit_parse","'d'","","","READ_OR_UNKNOWN",""," case 'd':"
"src\qedit.c","531","qedit_parse","'D'","QEDIT_LEVELMIN","Enter minimum level to accept the quest :","MUTATING_REVIEW","OLC/object/flag mutation","        case 'D':
   OLC_MODE(d) = QEDIT_LEVELMIN;
          write_to_output(d, ""Enter minimum level to accept the quest : "" );
          break;"
"src\qedit.c","535","qedit_parse","'e'","","","READ_OR_UNKNOWN",""," case 'e':"
"src\qedit.c","536","qedit_parse","'E'","QEDIT_LEVELMAX","Enter maximum level to accept the quest :","MUTATING_REVIEW","OLC/object/flag mutation","        case 'E':
   OLC_MODE(d) = QEDIT_LEVELMAX;
          write_to_output(d, ""Enter maximum level to accept the quest : "" );
          break;"
"src\qedit.c","540","qedit_parse","'f'","","","READ_OR_UNKNOWN",""," case 'f':"
"src\qedit.c","541","qedit_parse","'F'","QEDIT_PREREQ","Enter a prerequisite object vnum (-1 for none) :","MUTATING_REVIEW","OLC/object/flag mutation"," case 'F':
   OLC_MODE(d) = QEDIT_PREREQ;
   write_to_output(d, ""Enter a prerequisite object vnum (-1 for none) : "");
   break;"
"src\qedit.c","545","qedit_parse","'g'","","","READ_OR_UNKNOWN",""," case 'g':"
"src\qedit.c","546","qedit_parse","'G'","QEDIT_GOLD","Enter the number of gold coins (0 for none) :","MUTATING_REVIEW","OLC/object/flag mutation"," case 'G':
   OLC_MODE(d) = QEDIT_GOLD;
   write_to_output(d, ""Enter the number of gold coins (0 for none) : "");
   break;"
"src\qedit.c","550","qedit_parse","'t'","","","READ_OR_UNKNOWN",""," case 't':"
"src\qedit.c","551","qedit_parse","'T'","QEDIT_EXP","Enter a number of experience points (0 for none) :","MUTATING_REVIEW","OLC/object/flag mutation"," case 'T':
   OLC_MODE(d) = QEDIT_EXP;
   write_to_output(d, ""Enter a number of experience points (0 for none) : "");
   break;"
"src\qedit.c","555","qedit_parse","'o'","","","READ_OR_UNKNOWN",""," case 'o':"
"src\qedit.c","556","qedit_parse","'O'","QEDIT_OBJ","Enter the prize object vnum (-1 for none) :","MUTATING_REVIEW","OLC/object/flag mutation"," case 'O':
   OLC_MODE(d) = QEDIT_OBJ;
   write_to_output(d, ""Enter the prize object vnum (-1 for none) : "");
   break;"
"src\qedit.c","560","qedit_parse","'l'","","","READ_OR_UNKNOWN",""," case 'l':"
"src\qedit.c","561","qedit_parse","'L'","QEDIT_TIMELIMIT","Enter time limit to complete (-1 for none) :","MUTATING_REVIEW","OLC/object/flag mutation","        case 'L':
   OLC_MODE(d) = QEDIT_TIMELIMIT;
          write_to_output(d, ""Enter time limit to complete (-1 for none) : "" );
          break;"
"src\qedit.c","565","qedit_parse","'n'","","","READ_OR_UNKNOWN",""," case 'n':"
"src\qedit.c","566","qedit_parse","'N'","QEDIT_NEXTQUEST","Enter vnum of next quest (-1 for none) :","MUTATING_REVIEW","OLC/object/flag mutation"," case 'N':
          OLC_MODE(d) = QEDIT_NEXTQUEST;
          write_to_output(d, ""Enter vnum of next quest (-1 for none) : "");
          break;"
"src\qedit.c","570","qedit_parse","'p'","","","READ_OR_UNKNOWN","","   case 'p':"
"src\qedit.c","571","qedit_parse","'P'","QEDIT_PREVQUEST","Enter vnum of previous quest (-1 for none) :","MUTATING_REVIEW","OLC/object/flag mutation"," case 'P':
          OLC_MODE(d) = QEDIT_PREVQUEST;
          write_to_output(d, ""Enter vnum of previous quest (-1 for none) : "");
          break;"
"src\qedit.c","575","qedit_parse","default","","Invalid choice!","READ_OR_UNKNOWN","","        default:
   write_to_output(d, ""Invalid choice!\r\n"");
   qedit_disp_menu(d);
   break;"
"src\qedit.c","582","qedit_parse","QEDIT_NAME","","","READ_OR_UNKNOWN","","    case QEDIT_NAME:
      if (!genolc_checkstring(d, arg))
        break;"
"src\qedit.c","590","qedit_parse","QEDIT_DESC","","","READ_OR_UNKNOWN","","    case QEDIT_DESC:
      if (!genolc_checkstring(d, arg))
        break;"
"src\qedit.c","598","qedit_parse","QEDIT_QUESTMASTER","","That mobile does not exist, try again :","READ_OR_UNKNOWN","","    case QEDIT_QUESTMASTER:
      if (number != -1)
        if (real_mobile(number) == NOBODY) {
          write_to_output(d, ""That mobile does not exist, try again : "");
          return;"
"src\qedit.c","606","qedit_parse","QEDIT_TYPES","","Invalid choice!","READ_OR_UNKNOWN","","    case QEDIT_TYPES:
      number--;
      if (number < 0 || number >= NUM_AQ_TYPES) {
        write_to_output(d, ""Invalid choice!\r\n"");
        qedit_disp_type_menu(d);
        return;"
"src\qedit.c","620","qedit_parse","QEDIT_FLAGS","","That is not a valid choice!","READ_OR_UNKNOWN","","    case QEDIT_FLAGS:
      if (number < 0 || number > NUM_AQ_FLAGS) {
        write_to_output(d, ""That is not a valid choice!\r\n"");
        qedit_disp_flag_menu(d);
      } else if (number == 0)
        break;"
"src\qedit.c","631","qedit_parse","QEDIT_QUANTITY","","","MUTATING_REVIEW","OLC/object/flag mutation","    case QEDIT_QUANTITY:
      OLC_QUEST(d)->value[6] = LIMIT(number, 1, 50);
      break;"
"src\qedit.c","634","qedit_parse","QEDIT_POINTSCOMP","","","MUTATING_REVIEW","OLC/object/flag mutation","    case QEDIT_POINTSCOMP:
      OLC_QUEST(d)->value[0] = LIMIT(number, 0, 999999);
      break;"
"src\qedit.c","637","qedit_parse","QEDIT_POINTSQUIT","","","MUTATING_REVIEW","OLC/object/flag mutation","    case QEDIT_POINTSQUIT:
      OLC_QUEST(d)->value[1] = LIMIT(number, 0, 999999);
      break;"
"src\qedit.c","640","qedit_parse","QEDIT_PREREQ","","That object does not exist, try again :","READ_OR_UNKNOWN","","    case QEDIT_PREREQ:
      if ((number = atoi(arg)) != -1)
        if (real_object(number) == NOTHING) {
          write_to_output(d, ""That object does not exist, try again : "");
          return;"
"src\qedit.c","648","qedit_parse","QEDIT_LEVELMIN","","Level must be between 0 and %d! | Enter minimum level to accept the quest :","READ_OR_UNKNOWN","","    case QEDIT_LEVELMIN:
      if (number < 0 || number > LVL_IMPL) {
        write_to_output(d, ""Level must be between 0 and %d!\r\n"", LVL_IMPL);
 write_to_output(d, ""Enter minimum level to accept the quest : "" );
        return;"
"src\qedit.c","661","qedit_parse","QEDIT_LEVELMAX","","Level must be between 0 and %d! | Enter maximum level to accept the quest :","READ_OR_UNKNOWN","","    case QEDIT_LEVELMAX:
      if (number < 0 || number > LVL_IMPL) {
        write_to_output(d, ""Level must be between 0 and %d!\r\n"", LVL_IMPL);
 write_to_output(d, ""Enter maximum level to accept the quest : "" );
        return;"
"src\qedit.c","674","qedit_parse","QEDIT_TIMELIMIT","","","MUTATING_REVIEW","OLC/object/flag mutation","    case QEDIT_TIMELIMIT:
      OLC_QUEST(d)->value[4] = LIMIT(number, -1, 100);
      break;"
"src\qedit.c","677","qedit_parse","QEDIT_RETURNMOB","","That mobile does not exist, try again :","READ_OR_UNKNOWN","","    case QEDIT_RETURNMOB:
      if ((number = atoi(arg)) != -1)
        if (real_mobile(number) == NOBODY) {
          write_to_output(d, ""That mobile does not exist, try again : "");
          return;"
"src\qedit.c","685","qedit_parse","QEDIT_TARGET","","","MUTATING_REVIEW","OLC/object/flag mutation","    case QEDIT_TARGET:
      OLC_QUEST(d)->target = number;
      break;"
"src\qedit.c","688","qedit_parse","QEDIT_NEXTQUEST","","That is not a valid quest, try again (-1 for none) :","READ_OR_UNKNOWN","","    case QEDIT_NEXTQUEST:
      if ((number = atoi(arg)) != -1) {
        if (real_quest(number) == NOTHING) {
          write_to_output(d, ""That is not a valid quest, try again (-1 for none) : "");
          return;"
"src\qedit.c","697","qedit_parse","QEDIT_PREVQUEST","","That is not a valid quest, try again (-1 for none) :","READ_OR_UNKNOWN","","    case QEDIT_PREVQUEST:
      if ((number = atoi(arg)) != -1) {
        if (real_quest(number) == NOTHING) {
          write_to_output(d, ""That is not a valid quest, try again (-1 for none) : "");
          return;"
"src\qedit.c","706","qedit_parse","QEDIT_GOLD","","","MUTATING_REVIEW","OLC/object/flag mutation","    case QEDIT_GOLD:
      OLC_QUEST(d)->gold_reward = LIMIT(number, 0, 99999);
      break;"
"src\qedit.c","709","qedit_parse","QEDIT_EXP","","","MUTATING_REVIEW","OLC/object/flag mutation","    case QEDIT_EXP:
      OLC_QUEST(d)->exp_reward = LIMIT(number, 0, 99999);
      break;"
"src\qedit.c","712","qedit_parse","QEDIT_OBJ","","That object does not exist, try again :","READ_OR_UNKNOWN","","    case QEDIT_OBJ:
      if ((number = atoi(arg)) != -1)
        if (real_object(number) == NOTHING) {
          write_to_output(d, ""That object does not exist, try again : "");
          return;"
"src\qedit.c","720","qedit_parse","default","","SYSERR: OLC: qedit_parse(): | Reached default case! | Oops...","READ_OR_UNKNOWN","","    default:
      /*. We should never get here . */
      cleanup_olc(d, CLEANUP_ALL);
      mudlog(BRF, LVL_BUILDER, TRUE, ""SYSERR: OLC: qedit_parse(): ""
        ""Reached default case!"");
      write_to_output(d, ""Oops...\r\n"");
      break;"
"src\qedit.c","740","qedit_string_cleanup","QEDIT_INFO","","","READ_OR_UNKNOWN","","  case QEDIT_INFO:"
"src\qedit.c","741","qedit_string_cleanup","QEDIT_COMPLETE","","","READ_OR_UNKNOWN","","  case QEDIT_COMPLETE:"
"src\qedit.c","742","qedit_string_cleanup","QEDIT_ABANDON","","","READ_OR_UNKNOWN","","  case QEDIT_ABANDON:
    qedit_disp_menu(d);
    break;"
"src\quest.c","991","parse_quest","'S'","","","READ_OR_UNKNOWN","","    case 'S':
      total_quests = ++i;
      return;"
"src\quest.c","1168","generic_complete_quest","AQ_OBJ_FIND","","","READ_OR_UNKNOWN","","    case AQ_OBJ_FIND:
      if (QST_TARGET(rnum) == GET_OBJ_VNUM(object))
        generic_complete_quest(ch);
      break;"
"src\quest.c","1172","generic_complete_quest","AQ_ROOM_FIND","","","READ_OR_UNKNOWN","","    case AQ_ROOM_FIND:
      if (QST_TARGET(rnum) == world[IN_ROOM(ch)].number)
        generic_complete_quest(ch);
      break;"
"src\quest.c","1176","generic_complete_quest","AQ_MOB_FIND","","","READ_OR_UNKNOWN","","    case AQ_MOB_FIND:
      for (i=world[IN_ROOM(ch)].people; i; i = i->next_in_room)
        if (IS_NPC(i))
          if (QST_TARGET(rnum) == GET_MOB_VNUM(i))
            generic_complete_quest(ch);
      break;"
"src\quest.c","1182","generic_complete_quest","AQ_MOB_KILL","","","READ_OR_UNKNOWN","","    case AQ_MOB_KILL:
      if (!IS_NPC(ch) && IS_NPC(vict) && (ch != vict))
          if (QST_TARGET(rnum) == GET_MOB_VNUM(vict))
            generic_complete_quest(ch);
      break;"
"src\quest.c","1187","generic_complete_quest","AQ_MOB_SAVE","","","READ_OR_UNKNOWN","","    case AQ_MOB_SAVE:
       if (ch == vict)
        found = FALSE;
      for (i = world[IN_ROOM(ch)].people; i && found; i = i->next_in_room)
          if (i && IS_NPC(i) && !MOB_FLAGGED(i, MOB_NOTDEADYET))
            if ((GET_MOB_VNUM(i) != QST_TARGET(rnum)) &&
                !AFF_FLAGGED(i, AFF_CHARM))
              found = FALSE;
      if (found)
        generic_complete_quest(ch);
      break;"
"src\quest.c","1198","generic_complete_quest","AQ_OBJ_RETURN","","","READ_OR_UNKNOWN","","    case AQ_OBJ_RETURN:
      if (IS_NPC(vict) && (GET_MOB_VNUM(vict) == QST_RETURNMOB(rnum)))
        if (object && (GET_OBJ_VNUM(object) == QST_TARGET(rnum)))
          generic_complete_quest(ch);
      break;"
"src\quest.c","1203","generic_complete_quest","AQ_ROOM_CLEAR","","","READ_OR_UNKNOWN","","    case AQ_ROOM_CLEAR:
      if (QST_TARGET(rnum) == world[IN_ROOM(ch)].number) {
        for (i = world[IN_ROOM(ch)].people; i && found; i = i->next_in_room)
          if (i && IS_NPC(i) && !MOB_FLAGGED(i, MOB_NOTDEADYET))
            found = FALSE;
        if (found)
   generic_complete_quest(ch);
      }
      break;"
"src\quest.c","1212","generic_complete_quest","default","","SYSERR: Invalid quest type passed to autoquest_trigger_check","READ_OR_UNKNOWN","","    default:
      log(""SYSERR: Invalid quest type passed to autoquest_trigger_check"");
      break;"
"src\quest.c","1541","quest_stat","AQ_OBJ_FIND","","","READ_OR_UNKNOWN","","      case AQ_OBJ_FIND:"
"src\quest.c","1542","quest_stat","AQ_OBJ_RETURN","","%s | An unknown object","READ_OR_UNKNOWN","","      case AQ_OBJ_RETURN:
        snprintf(targetname, sizeof(targetname), ""%s"",
                 real_object(QST_TARGET(rnum)) == NOTHING ?
                 ""An unknown object"" :
    obj_proto[real_object(QST_TARGET(rnum))].short_description);
 break;"
"src\quest.c","1548","quest_stat","AQ_ROOM_FIND","","","READ_OR_UNKNOWN","","      case AQ_ROOM_FIND:"
"src\quest.c","1549","quest_stat","AQ_ROOM_CLEAR","","%s | An unknown room","READ_OR_UNKNOWN","","      case AQ_ROOM_CLEAR:
        snprintf(targetname, sizeof(targetname), ""%s"",
          real_room(QST_TARGET(rnum)) == NOWHERE ?
                 ""An unknown room"" :
    world[real_room(QST_TARGET(rnum))].name);
        break;"
"src\quest.c","1555","quest_stat","AQ_MOB_FIND","","","READ_OR_UNKNOWN","","      case AQ_MOB_FIND:"
"src\quest.c","1556","quest_stat","AQ_MOB_KILL","","","READ_OR_UNKNOWN","","      case AQ_MOB_KILL:"
"src\quest.c","1557","quest_stat","AQ_MOB_SAVE","","%s | An unknown mobile","READ_OR_UNKNOWN","","      case AQ_MOB_SAVE:
 snprintf(targetname, sizeof(targetname), ""%s"",
                 real_mobile(QST_TARGET(rnum)) == NOBODY ?
    ""An unknown mobile"" :
    GET_NAME(&mob_proto[real_mobile(QST_TARGET(rnum))]));
 break;"
"src\quest.c","1563","quest_stat","default","","Unknown","READ_OR_UNKNOWN","","      default:
 snprintf(targetname, sizeof(targetname), ""Unknown"");
 break;"
"src\quest.c","1643","quest_stat","SCMD_QUEST_LIST","","","READ_OR_UNKNOWN","","      case SCMD_QUEST_LIST:"
"src\quest.c","1644","quest_stat","SCMD_QUEST_JOIN","","Sorry, but you cannot do that here!","READ_OR_UNKNOWN","","      case SCMD_QUEST_JOIN:
        /* list, join should hve been handled by questmaster spec proc */
        send_to_char(ch, ""Sorry, but you cannot do that here!\r\n"");
        break;"
"src\quest.c","1648","quest_stat","SCMD_QUEST_HISTORY","","","READ_OR_UNKNOWN","","      case SCMD_QUEST_HISTORY:
        quest_hist(ch);
        break;"
"src\quest.c","1651","quest_stat","SCMD_QUEST_LEAVE","","","READ_OR_UNKNOWN","","      case SCMD_QUEST_LEAVE:
        quest_quit(ch);
        break;"
"src\quest.c","1654","quest_stat","SCMD_QUEST_PROGRESS","","","READ_OR_UNKNOWN","","      case SCMD_QUEST_PROGRESS:
 quest_progress(ch);
 break;"
"src\quest.c","1657","quest_stat","SCMD_QUEST_REQUEST","","","READ_OR_UNKNOWN","","      case SCMD_QUEST_REQUEST:
        quest_request_kill(ch);
        break;"
"src\quest.c","1660","quest_stat","SCMD_QUEST_INFO","","","READ_OR_UNKNOWN","","      case SCMD_QUEST_INFO:
        quest_info_kill(ch);
        break;"
"src\quest.c","1663","quest_stat","SCMD_QUEST_COMPLETE","","","READ_OR_UNKNOWN","","      case SCMD_QUEST_COMPLETE:
        quest_complete_kill(ch);
        break;"
"src\quest.c","1666","quest_stat","SCMD_QUEST_STATUS","","%s","READ_OR_UNKNOWN","","      case SCMD_QUEST_STATUS:
        if (GET_LEVEL(ch) < LVL_IMMORT)
          send_to_char(ch, ""%s\r\n"", quest_mort_usage);
        else
          quest_stat(ch, arg2);
        break;"
"src\quest.c","1672","quest_stat","default","","%s","READ_OR_UNKNOWN","","      default: /* Whe should never get here, but... */
        send_to_char(ch, ""%s\r\n"", GET_LEVEL(ch) < LVL_IMMORT ?
                     quest_mort_usage : quest_imm_usage);
 break;"
"src\quest.c","1704","quest_stat","default","","Campaign what? Options are - Request, Info, Quit, Check, Brief and Today.","READ_OR_UNKNOWN","","    default:
      send_to_char(ch, ""Campaign what? Options are - Request, Info, Quit, Check, Brief and Today.\r\n"");
      break;"
"src\quest.c","1732","quest_stat","SCMD_QUEST_LIST","","","READ_OR_UNKNOWN","","      case SCMD_QUEST_LIST:
        if (!*arg2)
          quest_show(ch, GET_MOB_VNUM(qm));
        else
   quest_list(ch, qm, arg2);
        break;"
"src\quest.c","1738","quest_stat","SCMD_QUEST_JOIN","","","READ_OR_UNKNOWN","","      case SCMD_QUEST_JOIN:
        quest_join(ch, qm, arg2);
        break;"
"src\quest.c","1741","quest_stat","default","","","READ_OR_UNKNOWN","","      default:
 return FALSE; /* fall through to the do_quest command processor */"
"src\redit.c","283","redit_save_internally","'O'","","","READ_OR_UNKNOWN","","          case 'O':"
"src\redit.c","284","redit_save_internally","'M'","","","READ_OR_UNKNOWN","","          case 'M':"
"src\redit.c","285","redit_save_internally","'T'","","","READ_OR_UNKNOWN","","          case 'T':"
"src\redit.c","286","redit_save_internally","'V'","","","MUTATING_REVIEW","OLC/object/flag mutation","          case 'V':
            OLC_ZONE(dsc)->cmd[j].arg3 += (OLC_ZONE(dsc)->cmd[j].arg3 >= room_num);
            break;"
"src\redit.c","289","redit_save_internally","'D'","","","MUTATING_REVIEW","OLC/object/flag mutation","          case 'D':
            OLC_ZONE(dsc)->cmd[j].arg2 += (OLC_ZONE(dsc)->cmd[j].arg2 >= room_num);
            /* Fall through */"
"src\redit.c","292","redit_save_internally","'R'","","","MUTATING_REVIEW","OLC/object/flag mutation","          case 'R':
            OLC_ZONE(dsc)->cmd[j].arg1 += (OLC_ZONE(dsc)->cmd[j].arg1 >= room_num);
            break;"
"src\redit.c","547","redit_cmd_room","'M'","","","READ_OR_UNKNOWN","","    case 'M':"
"src\redit.c","548","redit_cmd_room","'O'","","","READ_OR_UNKNOWN","","    case 'O':"
"src\redit.c","549","redit_cmd_room","'T'","","","READ_OR_UNKNOWN","","    case 'T':"
"src\redit.c","550","redit_cmd_room","'V'","","","READ_OR_UNKNOWN","","    case 'V':
      return cmd->arg3;"
"src\redit.c","552","redit_cmd_room","'D'","","","READ_OR_UNKNOWN","","    case 'D':"
"src\redit.c","553","redit_cmd_room","'R'","","","READ_OR_UNKNOWN","","    case 'R':
      return cmd->arg1;"
"src\redit.c","555","redit_cmd_room","default","","","READ_OR_UNKNOWN","","    default:
      return NOWHERE;"
"src\redit.c","671","redit_disp_resets_menu","'M'","","Mob [%d] %-30.30s max:%d | <invalid mob>","READ_OR_UNKNOWN","","        case 'M':
          current_mob = (cmd[zone_index].arg1 >= 0 && cmd[zone_index].arg1 <= top_of_mobt) ?
            mob_index[cmd[zone_index].arg1].vnum : NOWHERE;
          write_to_output(d, ""Mob [%d] %-30.30s max:%d\r\n"",
            (cmd[zone_index].arg1 >= 0 && cmd[zone_index].arg1 <= top_of_mobt) ?
              mob_index[cmd[zone_index].arg1].vnum : -1,
            (cmd[zone_index].arg1 >= 0 && cmd[zone_index].arg1 <= top_of_mobt) ?
              mob_proto[cmd[zone_index].arg1].player.short_descr : ""<invalid mob>"",
            cmd[zone_index].arg2);
          break;"
"src\redit.c","681","redit_disp_resets_menu","'O'","","Obj [%d] %-30.30s room object max:%d | <invalid object>","READ_OR_UNKNOWN","","        case 'O':
          current_mob = NOWHERE;
          write_to_output(d, ""Obj [%d] %-30.30s room object max:%d\r\n"",
            (cmd[zone_index].arg1 >= 0 && cmd[zone_index].arg1 <= top_of_objt) ?
              obj_index[cmd[zone_index].arg1].vnum : -1,
            (cmd[zone_index].arg1 >= 0 && cmd[zone_index].arg1 <= top_of_objt) ?
              obj_proto[cmd[zone_index].arg1].short_description : ""<invalid object>"",
            cmd[zone_index].arg2);
          break;"
"src\redit.c","690","redit_disp_resets_menu","'E'","","Obj [%d] %-30.30s equip on mob [%d] (%s) max:%d | <invalid object> | invalid slot","READ_OR_UNKNOWN","","        case 'E':
          write_to_output(d, ""Obj [%d] %-30.30s equip on mob [%d] (%s) max:%d\r\n"",
            (cmd[zone_index].arg1 >= 0 && cmd[zone_index].arg1 <= top_of_objt) ?
              obj_index[cmd[zone_index].arg1].vnum : -1,
            (cmd[zone_index].arg1 >= 0 && cmd[zone_index].arg1 <= top_of_objt) ?
              obj_proto[cmd[zone_index].arg1].short_description : ""<invalid object>"",
            current_mob,
            (cmd[zone_index].arg3 >= 0 && cmd[zone_index].arg3 < NUM_WEARS) ?
              equipment_types[cmd[zone_index].arg3] : ""invalid slot"",
            cmd[zone_index].arg2);
          break;"
"src\redit.c","701","redit_disp_resets_menu","'G'","","Obj [%d] %-30.30s give to mob [%d] max:%d | <invalid object>","READ_OR_UNKNOWN","","        case 'G':
          write_to_output(d, ""Obj [%d] %-30.30s give to mob [%d] max:%d\r\n"",
            (cmd[zone_index].arg1 >= 0 && cmd[zone_index].arg1 <= top_of_objt) ?
              obj_index[cmd[zone_index].arg1].vnum : -1,
            (cmd[zone_index].arg1 >= 0 && cmd[zone_index].arg1 <= top_of_objt) ?
              obj_proto[cmd[zone_index].arg1].short_description : ""<invalid object>"",
            current_mob,
            cmd[zone_index].arg2);
          break;"
"src\redit.c","710","redit_disp_resets_menu","'P'","","Obj [%d] %-30.30s put in obj [%d] max:%d | <invalid object>","READ_OR_UNKNOWN","","        case 'P':
          write_to_output(d, ""Obj [%d] %-30.30s put in obj [%d] max:%d\r\n"",
            (cmd[zone_index].arg1 >= 0 && cmd[zone_index].arg1 <= top_of_objt) ?
              obj_index[cmd[zone_index].arg1].vnum : -1,
            (cmd[zone_index].arg1 >= 0 && cmd[zone_index].arg1 <= top_of_objt) ?
              obj_proto[cmd[zone_index].arg1].short_description : ""<invalid object>"",
            (cmd[zone_index].arg3 >= 0 && cmd[zone_index].arg3 <= top_of_objt) ?
              obj_index[cmd[zone_index].arg3].vnum : -1,
            cmd[zone_index].arg2);
          break;"
"src\redit.c","720","redit_disp_resets_menu","'R'","","Obj [%d] %-30.30s remove from room | <invalid object>","READ_OR_UNKNOWN","","        case 'R':
          write_to_output(d, ""Obj [%d] %-30.30s remove from room\r\n"",
            (cmd[zone_index].arg2 >= 0 && cmd[zone_index].arg2 <= top_of_objt) ?
              obj_index[cmd[zone_index].arg2].vnum : -1,
            (cmd[zone_index].arg2 >= 0 && cmd[zone_index].arg2 <= top_of_objt) ?
              obj_proto[cmd[zone_index].arg2].short_description : ""<invalid object>"");
          break;"
"src\redit.c","727","redit_disp_resets_menu","'D'","","Door %-9s set to %s | locked | closed | open","READ_OR_UNKNOWN","","        case 'D':
          write_to_output(d, ""Door %-9s set to %s\r\n"",
            dirs[cmd[zone_index].arg2],
            (cmd[zone_index].arg3 == 2) ? ""locked"" :
            ((cmd[zone_index].arg3 == 1) ? ""closed"" : ""open""));
          break;"
"src\redit.c","733","redit_disp_resets_menu","'T'","","Trigger [%d] attach to %s | mob | object | room","READ_OR_UNKNOWN","","        case 'T':
          write_to_output(d, ""Trigger [%d] attach to %s\r\n"",
            trig_index[cmd[zone_index].arg2]->vnum,
            cmd[zone_index].arg1 == MOB_TRIGGER ? ""mob"" :
            (cmd[zone_index].arg1 == OBJ_TRIGGER ? ""object"" : ""room""));
          break;"
"src\redit.c","739","redit_disp_resets_menu","'V'","","Var %s:%d = %s (%s) | <none> | mob | object | room","READ_OR_UNKNOWN","","        case 'V':
          write_to_output(d, ""Var %s:%d = %s (%s)\r\n"",
            cmd[zone_index].sarg1 ? cmd[zone_index].sarg1 : ""<none>"",
            cmd[zone_index].arg2,
            cmd[zone_index].sarg2 ? cmd[zone_index].sarg2 : ""<none>"",
            cmd[zone_index].arg1 == MOB_TRIGGER ? ""mob"" :
            (cmd[zone_index].arg1 == OBJ_TRIGGER ? ""object"" : ""room""));
          break;"
"src\redit.c","747","redit_disp_resets_menu","default","","Command %c","READ_OR_UNKNOWN","","        default:
          write_to_output(d, ""Command %c\r\n"", cmd[zone_index].command);
          break;"
"src\redit.c","774","redit_parse","REDIT_REFERENCES","","","READ_OR_UNKNOWN","","  case REDIT_REFERENCES:
    redit_disp_menu(d);
    return;"
"src\redit.c","777","redit_parse","REDIT_CONFIRM_SAVESTRING","","","READ_OR_UNKNOWN","","  case REDIT_CONFIRM_SAVESTRING:
    switch (*arg) {"
"src\redit.c","779","redit_parse","'y'","","","READ_OR_UNKNOWN","","    case 'y':"
"src\redit.c","780","redit_parse","'Y'","","OLC: %s edits room %d. | Room saved to disk. | Room saved to memory.","SAVE_PATH","disk/save operation","    case 'Y':
      redit_save_resets(d);
      redit_save_internally(d);
      mudlog(CMP, MAX(LVL_BUILDER, GET_INVIS_LEV(d->character)), TRUE, ""OLC: %s edits room %d."", GET_NAME(d->character), OLC_NUM(d));
      if (CONFIG_OLC_SAVE) {
        redit_save_to_disk(real_zone_by_thing(OLC_NUM(d)));
        save_zone(OLC_ZNUM(d));
        write_to_output(d, ""Room saved to disk.\r\n"");
      } else
        write_to_output(d, ""Room saved to memory.\r\n"");
      /* Free everything. */
      cleanup_olc(d, CLEANUP_ALL);
      break;"
"src\redit.c","793","redit_parse","'n'","","","READ_OR_UNKNOWN","","    case 'n':"
"src\redit.c","794","redit_parse","'N'","","","MUTATING_REVIEW","OLC/object/flag mutation","    case 'N':
      /* If not saving, we must free the script_proto list. We do so by 
       * assigning it to the edited room and letting free_room in 
       * cleanup_olc handle it. */
      OLC_ROOM(d)->proto_script = OLC_SCRIPT(d);
      cleanup_olc(d, CLEANUP_ALL);
      break;"
"src\redit.c","801","redit_parse","default","","Invalid choice!\r\nDo you wish to save your changes ? :","READ_OR_UNKNOWN","","    default:
      write_to_output(d, ""Invalid choice!\r\nDo you wish to save your changes ? : "");
      break;"
"src\redit.c","807","redit_parse","REDIT_MAIN_MENU","","","READ_OR_UNKNOWN","","  case REDIT_MAIN_MENU:
    switch (*arg) {"
"src\redit.c","809","redit_parse","'q'","","","READ_OR_UNKNOWN","","    case 'q':"
"src\redit.c","810","redit_parse","'Q'","REDIT_CONFIRM_SAVESTRING","Do you wish to save your changes? :","MUTATING_REVIEW","OLC/object/flag mutation","    case 'Q':
      if (OLC_VAL(d)) { /* Something has been modified. */
        write_to_output(d, ""Do you wish to save your changes? : "");
        OLC_MODE(d) = REDIT_CONFIRM_SAVESTRING;
      } else
        cleanup_olc(d, CLEANUP_ALL);
      return;"
"src\redit.c","817","redit_parse","'1'","REDIT_NAME","Enter room name:-\r\n]","MUTATING_REVIEW","OLC/object/flag mutation","    case '1':
      write_to_output(d, ""Enter room name:-\r\n] "");
      OLC_MODE(d) = REDIT_NAME;
      break;"
"src\redit.c","821","redit_parse","'2'","REDIT_DESC","Enter room description: | %s","MUTATING_REVIEW","OLC/object/flag mutation | multiline editor entry","    case '2':
      OLC_MODE(d) = REDIT_DESC;
      clear_screen(d);
      send_editor_help(d);
      write_to_output(d, ""Enter room description:\r\n\r\n"");

      if (OLC_ROOM(d)->description) {
	write_to_output(d, ""%s"", OLC_ROOM(d)->description);
	oldtext = strdup(OLC_ROOM(d)->description);
      }
      string_write(d, &OLC_ROOM(d)->description, MAX_ROOM_DESC, 0, oldtext);
      OLC_VAL(d) = 1;
      break;"
"src\redit.c","834","redit_parse","'3'","","","READ_OR_UNKNOWN","","    case '3':
      redit_disp_flag_menu(d);
      break;"
"src\redit.c","837","redit_parse","'4'","","","READ_OR_UNKNOWN","","    case '4':
      redit_disp_sector_menu(d);
      break;"
"src\redit.c","840","redit_parse","'5'","","","MUTATING_REVIEW","OLC/object/flag mutation","    case '5':
      OLC_VAL(d) = NORTH;
      redit_disp_exit_menu(d);
      break;"
"src\redit.c","844","redit_parse","'6'","","","MUTATING_REVIEW","OLC/object/flag mutation","    case '6':
      OLC_VAL(d) = EAST;
      redit_disp_exit_menu(d);
      break;"
"src\redit.c","848","redit_parse","'7'","","","MUTATING_REVIEW","OLC/object/flag mutation","    case '7':
      OLC_VAL(d) = SOUTH;
      redit_disp_exit_menu(d);
      break;"
"src\redit.c","852","redit_parse","'8'","","","MUTATING_REVIEW","OLC/object/flag mutation","    case '8':
      OLC_VAL(d) = WEST;
      redit_disp_exit_menu(d);
      break;"
"src\redit.c","856","redit_parse","'9'","","","MUTATING_REVIEW","OLC/object/flag mutation","    case '9':
      OLC_VAL(d) = UP;
      redit_disp_exit_menu(d);
      break;"
"src\redit.c","860","redit_parse","'a'","","","READ_OR_UNKNOWN","","    case 'a':"
"src\redit.c","861","redit_parse","'A'","","","MUTATING_REVIEW","OLC/object/flag mutation","    case 'A':
      OLC_VAL(d) = DOWN;
      redit_disp_exit_menu(d);
      break;"
"src\redit.c","865","redit_parse","'b'","","","READ_OR_UNKNOWN","","    case 'b':"
"src\redit.c","866","redit_parse","'B'","","Invalid choice!","MUTATING_REVIEW","OLC/object/flag mutation","    case 'B':
      if (!CONFIG_DIAGONAL_DIRS) {
        write_to_output(d, ""Invalid choice!"");
        redit_disp_menu(d);
      } else {
        OLC_VAL(d) = NORTHWEST;
        redit_disp_exit_menu(d);
      }
      break;"
"src\redit.c","875","redit_parse","'c'","","","READ_OR_UNKNOWN","","    case 'c':"
"src\redit.c","876","redit_parse","'C'","","Invalid choice!","MUTATING_REVIEW","OLC/object/flag mutation","    case 'C':
      if (!CONFIG_DIAGONAL_DIRS) {
        write_to_output(d, ""Invalid choice!"");
        redit_disp_menu(d);
      } else {
        OLC_VAL(d) = NORTHEAST;
        redit_disp_exit_menu(d);
      }
      break;"
"src\redit.c","885","redit_parse","'d'","","","READ_OR_UNKNOWN","","    case 'd':"
"src\redit.c","886","redit_parse","'D'","","Invalid choice!","MUTATING_REVIEW","OLC/object/flag mutation","    case 'D':
      if (!CONFIG_DIAGONAL_DIRS) {
        write_to_output(d, ""Invalid choice!"");
        redit_disp_menu(d);
      } else {
        OLC_VAL(d) = SOUTHEAST;
        redit_disp_exit_menu(d);
      }
      break;"
"src\redit.c","895","redit_parse","'e'","","","READ_OR_UNKNOWN","","    case 'e':"
"src\redit.c","896","redit_parse","'E'","","Invalid choice!","MUTATING_REVIEW","OLC/object/flag mutation","    case 'E':
      if (!CONFIG_DIAGONAL_DIRS) {
        write_to_output(d, ""Invalid choice!"");
        redit_disp_menu(d);
      } else {
        OLC_VAL(d) = SOUTHWEST;
        redit_disp_exit_menu(d);
      }
      break;"
"src\redit.c","905","redit_parse","'f'","","","READ_OR_UNKNOWN","","    case 'f':"
"src\redit.c","906","redit_parse","'F'","","","MUTATING_REVIEW","OLC/object/flag mutation","    case 'F':
      /* If the extra description doesn't exist. */
      if (!OLC_ROOM(d)->ex_description)
	CREATE(OLC_ROOM(d)->ex_description, struct extra_descr_data, 1);
      OLC_DESC(d) = OLC_ROOM(d)->ex_description;
      redit_disp_extradesc_menu(d);
      break;"
"src\redit.c","913","redit_parse","'y'","","","READ_OR_UNKNOWN","","    case 'y':"
"src\redit.c","914","redit_parse","'Y'","REDIT_REFERENCES","Room","MUTATING_REVIEW","OLC/object/flag mutation","    case 'Y':
      builder_refs_display(d, BREF_ROOM, OLC_NUM(d), ""Room"");
      OLC_MODE(d) = REDIT_REFERENCES;
      return;"
"src\redit.c","918","redit_parse","'w'","","","READ_OR_UNKNOWN","","    case 'w':"
"src\redit.c","919","redit_parse","'W'","REDIT_COPY","Copy what room?","MUTATING_REVIEW","OLC/object/flag mutation","    case 'W':
      write_to_output(d, ""Copy what room? "");
      OLC_MODE(d) = REDIT_COPY;
      break;"
"src\redit.c","923","redit_parse","'r'","","","READ_OR_UNKNOWN","","    case 'r':"
"src\redit.c","924","redit_parse","'R'","","","READ_OR_UNKNOWN","","    case 'R':
      redit_disp_resets_menu(d);
      return;"
"src\redit.c","927","redit_parse","'x'","","","READ_OR_UNKNOWN","","    case 'x':"
"src\redit.c","928","redit_parse","'X'","REDIT_DELETE","Are you sure you want to delete this room?","MUTATING_REVIEW","OLC/object/flag mutation","    case 'X':
      /* Delete the room, prompt first. */
      write_to_output(d, ""Are you sure you want to delete this room? "");
      OLC_MODE(d) = REDIT_DELETE;
      break;"
"src\redit.c","934","redit_parse","'s'","","","READ_OR_UNKNOWN","","    case 's':"
"src\redit.c","935","redit_parse","'S'","","","MUTATING_REVIEW","OLC/object/flag mutation","    case 'S':
      OLC_SCRIPT_EDIT_MODE(d) = SCRIPT_MAIN_MENU;
      dg_script_menu(d);
      return;"
"src\redit.c","939","redit_parse","default","","Invalid choice!","READ_OR_UNKNOWN","","    default:
      write_to_output(d, ""Invalid choice!"");
      redit_disp_menu(d);
      break;"
"src\redit.c","947","redit_parse","OLC_SCRIPT_EDIT","","","READ_OR_UNKNOWN","","  case OLC_SCRIPT_EDIT:
    if (dg_script_edit_parse(d, arg)) return;
    redit_disp_menu(d);
    return;"
"src\redit.c","952","redit_parse","REDIT_NAME","","","READ_OR_UNKNOWN","","  case REDIT_NAME:
    if (!genolc_checkstring(d, arg))
      break;"
"src\redit.c","965","redit_parse","REDIT_DESC","","SYSERR: Reached REDIT_DESC case in parse_redit(). | Oops, in REDIT_DESC.","READ_OR_UNKNOWN","","  case REDIT_DESC:
    /* We will NEVER get here, we hope. */
    mudlog(BRF, LVL_BUILDER, TRUE, ""SYSERR: Reached REDIT_DESC case in parse_redit()."");
    write_to_output(d, ""Oops, in REDIT_DESC.\r\n"");
    break;"
"src\redit.c","971","redit_parse","REDIT_FLAGS","","That is not a valid choice!","READ_OR_UNKNOWN","","  case REDIT_FLAGS:
    number = atoi(arg);
    if (number < 0 || number > NUM_ROOM_FLAGS) {
      write_to_output(d, ""That is not a valid choice!\r\n"");
      redit_disp_flag_menu(d);
    } else if (number == 0)
      break;"
"src\redit.c","985","redit_parse","REDIT_SECTOR","","Invalid choice!","READ_OR_UNKNOWN","","  case REDIT_SECTOR:
    number = atoi(arg) - 1;
    if (number < 0 || number >= NUM_ROOM_SECTORS) {
      write_to_output(d, ""Invalid choice!"");
      redit_disp_sector_menu(d);
      return;"
"src\redit.c","995","redit_parse","REDIT_EXIT_MENU","","","READ_OR_UNKNOWN","","  case REDIT_EXIT_MENU:
    switch (*arg) {"
"src\redit.c","997","redit_parse","'0'","","","READ_OR_UNKNOWN","","    case '0':
      break;"
"src\redit.c","999","redit_parse","'1'","REDIT_EXIT_NUMBER","Exit to room number :","MUTATING_REVIEW","OLC/object/flag mutation","    case '1':
      OLC_MODE(d) = REDIT_EXIT_NUMBER;
      write_to_output(d, ""Exit to room number : "");
      return;"
"src\redit.c","1003","redit_parse","'2'","REDIT_EXIT_DESCRIPTION","Enter exit description: | %s","MUTATING_REVIEW","OLC/object/flag mutation | multiline editor entry","    case '2':
      OLC_MODE(d) = REDIT_EXIT_DESCRIPTION;
      send_editor_help(d);
      write_to_output(d, ""Enter exit description:\r\n\r\n"");
      if (OLC_EXIT(d)->general_description) {
	write_to_output(d, ""%s"", OLC_EXIT(d)->general_description);
	oldtext = strdup(OLC_EXIT(d)->general_description);
      }
      string_write(d, &OLC_EXIT(d)->general_description, MAX_EXIT_DESC, 0, oldtext);
      return;"
"src\redit.c","1013","redit_parse","'3'","REDIT_EXIT_KEYWORD","Enter keywords :","MUTATING_REVIEW","OLC/object/flag mutation","    case '3':
      OLC_MODE(d) = REDIT_EXIT_KEYWORD;
      write_to_output(d, ""Enter keywords : "");
      return;"
"src\redit.c","1017","redit_parse","'4'","REDIT_EXIT_KEY","Enter key number :","MUTATING_REVIEW","OLC/object/flag mutation","    case '4':
      OLC_MODE(d) = REDIT_EXIT_KEY;
      write_to_output(d, ""Enter key number : "");
      return;"
"src\redit.c","1021","redit_parse","'5'","REDIT_EXIT_DOORFLAGS","","MUTATING_REVIEW","OLC/object/flag mutation","    case '5':
      OLC_MODE(d) = REDIT_EXIT_DOORFLAGS;
      redit_disp_exit_flag_menu(d);
      return;"
"src\redit.c","1025","redit_parse","'6'","","","DESTRUCTIVE_REVIEW","delete/purge/extract/remove/free operation | OLC/object/flag mutation","    case '6':
      /*
       * Delete an exit.
       */
      if (OLC_EXIT(d)->keyword)
	free(OLC_EXIT(d)->keyword);
      if (OLC_EXIT(d)->general_description)
	free(OLC_EXIT(d)->general_description);
      if (OLC_EXIT(d))
	free(OLC_EXIT(d));
      OLC_EXIT(d) = NULL;
      break;"
"src\redit.c","1037","redit_parse","default","","Try again :","READ_OR_UNKNOWN","","    default:
      write_to_output(d, ""Try again : "");
      return;"
"src\redit.c","1043","redit_parse","REDIT_EXIT_NUMBER","","That room does not exist, try again :","READ_OR_UNKNOWN","","  case REDIT_EXIT_NUMBER:
    if ((number = atoi(arg)) != -1)
      if ((number = real_room(number)) == NOWHERE) {
	write_to_output(d, ""That room does not exist, try again : "");
	return;"
"src\redit.c","1053","redit_parse","REDIT_EXIT_DESCRIPTION","","SYSERR: Reached REDIT_EXIT_DESC case in parse_redit | Oops, in REDIT_EXIT_DESCRIPTION.","READ_OR_UNKNOWN","","  case REDIT_EXIT_DESCRIPTION:
    /* We should NEVER get here, hopefully. */
    mudlog(BRF, LVL_BUILDER, TRUE, ""SYSERR: Reached REDIT_EXIT_DESC case in parse_redit"");
    write_to_output(d, ""Oops, in REDIT_EXIT_DESCRIPTION.\r\n"");
    break;"
"src\redit.c","1059","redit_parse","REDIT_EXIT_KEYWORD","","","DESTRUCTIVE_REVIEW","delete/purge/extract/remove/free operation | OLC/object/flag mutation","  case REDIT_EXIT_KEYWORD:
    if (OLC_EXIT(d)->keyword)
      free(OLC_EXIT(d)->keyword);
    OLC_EXIT(d)->keyword = str_udup(arg);
    redit_disp_exit_menu(d);
    return;"
"src\redit.c","1066","redit_parse","REDIT_EXIT_KEY","","","MUTATING_REVIEW","OLC/object/flag mutation","  case REDIT_EXIT_KEY:
    number = atoi(arg);
    if (number < 0)
      OLC_EXIT(d)->key = NOTHING;
    else
      OLC_EXIT(d)->key = number;
    redit_disp_exit_menu(d);
    return;"
"src\redit.c","1075","redit_parse","REDIT_EXIT_DOORFLAGS","","That's not a valid choice!","MUTATING_REVIEW","OLC/object/flag mutation","  case REDIT_EXIT_DOORFLAGS:
    number = atoi(arg);
    if (number < 0 || number > 4) {
      write_to_output(d, ""That's not a valid choice!\r\n"");
      redit_disp_exit_flag_menu(d);
    } else {
      /* Doors are a bit idiotic, don't you think? :) -- I agree. -gg */
      OLC_EXIT(d)->exit_info = (number == 0 ? 0 :
				(number == 1 ? EX_ISDOOR :
                (number == 2 ? EX_ISDOOR | EX_PICKPROOF :
                (number == 3 ? EX_ISDOOR | EX_HIDDEN :
                (number == 4 ? EX_ISDOOR | EX_PICKPROOF | EX_HIDDEN : 0)))));
      /* Jump back to the menu system. */
      redit_disp_exit_menu(d);
    }
    return;"
"src\redit.c","1092","redit_parse","REDIT_EXTRADESC_KEY","","","DESTRUCTIVE_REVIEW","delete/purge/extract/remove/free operation | OLC/object/flag mutation","  case REDIT_EXTRADESC_KEY:
    if (genolc_checkstring(d, arg)) {
      if (OLC_DESC(d)->keyword)
        free(OLC_DESC(d)->keyword);
      OLC_DESC(d)->keyword = str_udup(arg);
    }
    redit_disp_extradesc_menu(d);
    return;"
"src\redit.c","1101","redit_parse","REDIT_EXTRADESC_MENU","","","READ_OR_UNKNOWN","","  case REDIT_EXTRADESC_MENU:
    switch ((number = atoi(arg))) {"
"src\redit.c","1103","redit_parse","0","","","DESTRUCTIVE_REVIEW","delete/purge/extract/remove/free operation | OLC/object/flag mutation","    case 0:
      /* If something got left out, delete the extra description when backing 
         out to the menu. */
      if (OLC_DESC(d)->keyword == NULL || OLC_DESC(d)->description == NULL) {
	struct extra_descr_data *temp;
	if (OLC_DESC(d)->keyword)
	  free(OLC_DESC(d)->keyword);
	if (OLC_DESC(d)->description)
	  free(OLC_DESC(d)->description);

	/* Clean up pointers. */
	REMOVE_FROM_LIST(OLC_DESC(d), OLC_ROOM(d)->ex_description, next);
	free(OLC_DESC(d));
      }
      break;"
"src\redit.c","1118","redit_parse","1","REDIT_EXTRADESC_KEY","Enter keywords, separated by spaces :","MUTATING_REVIEW","OLC/object/flag mutation","    case 1:
      OLC_MODE(d) = REDIT_EXTRADESC_KEY;
      write_to_output(d, ""Enter keywords, separated by spaces : "");
      return;"
"src\redit.c","1122","redit_parse","2","REDIT_EXTRADESC_DESCRIPTION","Enter extra description: | %s","MUTATING_REVIEW","OLC/object/flag mutation | multiline editor entry","    case 2:
      OLC_MODE(d) = REDIT_EXTRADESC_DESCRIPTION;
      send_editor_help(d);
      write_to_output(d, ""Enter extra description:\r\n\r\n"");
      if (OLC_DESC(d)->description) {
	write_to_output(d, ""%s"", OLC_DESC(d)->description);
	oldtext = strdup(OLC_DESC(d)->description);
      }
      string_write(d, &OLC_DESC(d)->description, MAX_MESSAGE_LENGTH, 0, oldtext);
      return;"
"src\redit.c","1132","redit_parse","3","","You can't edit the next extra description without completing this one.","MUTATING_REVIEW","OLC/object/flag mutation","    case 3:
      if (OLC_DESC(d)->keyword == NULL || OLC_DESC(d)->description == NULL) {
	write_to_output(d, ""You can't edit the next extra description without completing this one.\r\n"");
	redit_disp_extradesc_menu(d);
      } else {
	struct extra_descr_data *new_extra;

	if (OLC_DESC(d)->next)
	  OLC_DESC(d) = OLC_DESC(d)->next;
	else {
	  /* Make new extra description and attach at end. */
	  CREATE(new_extra, struct extra_descr_data, 1);
	  OLC_DESC(d)->next = new_extra;
	  OLC_DESC(d) = new_extra;
	}
	redit_disp_extradesc_menu(d);
      }
      return;"
"src\redit.c","1153","redit_parse","REDIT_COPY","","That room does not exist.","READ_OR_UNKNOWN","","  case REDIT_COPY:
    if ((number = real_room(atoi(arg))) != NOWHERE) {
      redit_setup_existing(d, number);
    } else
      write_to_output(d, ""That room does not exist.\r\n"");
    break;"
"src\redit.c","1160","redit_parse","REDIT_DELETE","","Room deleted. | Couldn't delete the room!.","DESTRUCTIVE_REVIEW","delete/purge/extract/remove/free operation","  case REDIT_DELETE:
    if (*arg == 'y' || *arg == 'Y') {
      if (delete_room(real_room(OLC_ROOM(d)->number)))
        write_to_output(d, ""Room deleted.\r\n"");
     else
        write_to_output(d, ""Couldn't delete the room!.\r\n"");

      cleanup_olc(d, CLEANUP_ALL);
      return;"
"src\redit.c","1178","redit_parse","REDIT_RESETS_MENU","","","READ_OR_UNKNOWN","","  case REDIT_RESETS_MENU:
    switch (*arg) {"
"src\redit.c","1180","redit_parse","'a'","","","READ_OR_UNKNOWN","","      case 'a':"
"src\redit.c","1181","redit_parse","'A'","REDIT_RESETS_ADD_MOB","Enter mob vnum and max existing (1-%d, 0 to cancel):","MUTATING_REVIEW","OLC/object/flag mutation","      case 'A':
        write_to_output(d, ""Enter mob vnum and max existing (1-%d, 0 to cancel): "", MAX_DUPLICATES);
        OLC_MODE(d) = REDIT_RESETS_ADD_MOB;
        return;"
"src\redit.c","1185","redit_parse","'b'","","","READ_OR_UNKNOWN","","      case 'b':"
"src\redit.c","1186","redit_parse","'B'","REDIT_RESETS_ADD_OBJ","Enter object vnum and max existing (1-%d, 0 to cancel):","MUTATING_REVIEW","OLC/object/flag mutation","      case 'B':
        write_to_output(d, ""Enter object vnum and max existing (1-%d, 0 to cancel): "", MAX_DUPLICATES);
        OLC_MODE(d) = REDIT_RESETS_ADD_OBJ;
        return;"
"src\redit.c","1190","redit_parse","'d'","","","READ_OR_UNKNOWN","","      case 'd':"
"src\redit.c","1191","redit_parse","'D'","REDIT_RESETS_DELETE","Delete which room reset number (0 to cancel)?","MUTATING_REVIEW","OLC/object/flag mutation","      case 'D':
        write_to_output(d, ""Delete which room reset number (0 to cancel)? "");
        OLC_MODE(d) = REDIT_RESETS_DELETE;
        return;"
"src\redit.c","1195","redit_parse","'q'","","","READ_OR_UNKNOWN","","      case 'q':"
"src\redit.c","1196","redit_parse","'Q'","","","READ_OR_UNKNOWN","","      case 'Q':
        redit_disp_menu(d);
        return;"
"src\redit.c","1199","redit_parse","default","","Invalid choice!","READ_OR_UNKNOWN","","      default:
        write_to_output(d, ""Invalid choice!\r\n"");
        redit_disp_resets_menu(d);
        return;"
"src\redit.c","1206","redit_parse","REDIT_RESETS_ADD_MOB","","","READ_OR_UNKNOWN","","  case REDIT_RESETS_ADD_MOB:
  {
    char mob_arg[MAX_INPUT_LENGTH], max_arg[MAX_INPUT_LENGTH];
    mob_rnum mob_num;
    room_rnum room_num;
    int max_existing;
    struct reset_com newcmd;

    two_arguments(arg, mob_arg, max_arg);
    if (!*mob_arg || *mob_arg == '0') {
      redit_disp_resets_menu(d);
      return;"
"src\redit.c","1258","redit_parse","REDIT_RESETS_ADD_OBJ","","","READ_OR_UNKNOWN","","  case REDIT_RESETS_ADD_OBJ:
  {
    char obj_arg[MAX_INPUT_LENGTH], max_arg[MAX_INPUT_LENGTH];
    obj_rnum obj_num;
    room_rnum room_num;
    int max_existing;
    struct reset_com newcmd;

    two_arguments(arg, obj_arg, max_arg);
    if (!*obj_arg || *obj_arg == '0') {
      redit_disp_resets_menu(d);
      return;"
"src\redit.c","1310","redit_parse","REDIT_RESETS_DELETE","","","READ_OR_UNKNOWN","","  case REDIT_RESETS_DELETE:
  {
    int entry, count;
    int *entries = NULL, *chain_ends = NULL, *roots = NULL;
    int zone_index, i;
    struct reset_com *cmd;

    entry = atoi(arg);
    if (entry <= 0) {
      redit_disp_resets_menu(d);
      return;"
"src\redit.c","1359","redit_parse","default","","SYSERR: Reached default case in parse_redit","READ_OR_UNKNOWN","","  default:
    /* We should never get here. */
    mudlog(BRF, LVL_BUILDER, TRUE, ""SYSERR: Reached default case in parse_redit"");
    break;"
"src\redit.c","1372","redit_string_cleanup","REDIT_DESC","","","READ_OR_UNKNOWN","","  case REDIT_DESC:
    redit_disp_menu(d);
    break;"
"src\redit.c","1375","redit_string_cleanup","REDIT_EXIT_DESCRIPTION","","","READ_OR_UNKNOWN","","  case REDIT_EXIT_DESCRIPTION:
    redit_disp_exit_menu(d);
    break;"
"src\redit.c","1378","redit_string_cleanup","REDIT_EXTRADESC_DESCRIPTION","","","READ_OR_UNKNOWN","","  case REDIT_EXTRADESC_DESCRIPTION:
    redit_disp_extradesc_menu(d);
    break;"
"src\sedit.c","445","sedit_parse","SEDIT_CONFIRM_SAVESTRING","","","READ_OR_UNKNOWN","","  case SEDIT_CONFIRM_SAVESTRING:
    switch (*arg) {"
"src\sedit.c","447","sedit_parse","'y'","","","READ_OR_UNKNOWN","","    case 'y':"
"src\sedit.c","448","sedit_parse","'Y'","","OLC: %s edits shop %d | Shop saved to disk. | Shop saved to memory.","SAVE_PATH","disk/save operation","    case 'Y':
      sedit_save_internally(d);
      mudlog(CMP, MAX(LVL_BUILDER, GET_INVIS_LEV(d->character)), TRUE,
             ""OLC: %s edits shop %d"", GET_NAME(d->character),
             OLC_NUM(d));
      if (CONFIG_OLC_SAVE) {
        sedit_save_to_disk(real_zone_by_thing(OLC_NUM(d)));
        write_to_output(d, ""Shop saved to disk.\r\n"");
      } else
        write_to_output(d, ""Shop saved to memory.\r\n"");

      cleanup_olc(d, CLEANUP_STRUCTS);
      return;"
"src\sedit.c","461","sedit_parse","'n'","","","READ_OR_UNKNOWN","","    case 'n':"
"src\sedit.c","462","sedit_parse","'N'","","","READ_OR_UNKNOWN","","    case 'N':
      cleanup_olc(d, CLEANUP_ALL);
      return;"
"src\sedit.c","465","sedit_parse","default","","Invalid choice!\r\nDo you wish to save your changes? :","READ_OR_UNKNOWN","","    default:
     write_to_output(d, ""Invalid choice!\r\nDo you wish to save your changes? : "");
      return;"
"src\sedit.c","470","sedit_parse","SEDIT_MAIN_MENU","","","READ_OR_UNKNOWN","","  case SEDIT_MAIN_MENU:
    i = 0;
    switch (*arg) {"
"src\sedit.c","473","sedit_parse","'w'","","","READ_OR_UNKNOWN","","    case 'w':"
"src\sedit.c","474","sedit_parse","'W'","SEDIT_COPY","Copy what shop?","MUTATING_REVIEW","OLC/object/flag mutation","    case 'W':
      write_to_output(d, ""Copy what shop? "");
      OLC_MODE(d) = SEDIT_COPY;
      return;"
"src\sedit.c","478","sedit_parse","'q'","","","READ_OR_UNKNOWN","","    case 'q':"
"src\sedit.c","479","sedit_parse","'Q'","SEDIT_CONFIRM_SAVESTRING","Do you wish to save your changes? :","MUTATING_REVIEW","OLC/object/flag mutation","    case 'Q':
      if (OLC_VAL(d)) {		/* Anything been changed? */
	write_to_output(d, ""Do you wish to save your changes? : "");
	OLC_MODE(d) = SEDIT_CONFIRM_SAVESTRING;
      } else
	cleanup_olc(d, CLEANUP_ALL);
      return;"
"src\sedit.c","486","sedit_parse","'0'","SEDIT_KEEPER","Enter vnum number of shop keeper :","MUTATING_REVIEW","OLC/object/flag mutation","    case '0':
      OLC_MODE(d) = SEDIT_KEEPER;
      write_to_output(d, ""Enter vnum number of shop keeper : "");
      return;"
"src\sedit.c","490","sedit_parse","'1'","SEDIT_OPEN1","","MUTATING_REVIEW","OLC/object/flag mutation","    case '1':
      OLC_MODE(d) = SEDIT_OPEN1;
      i++;
      break;"
"src\sedit.c","494","sedit_parse","'2'","SEDIT_CLOSE1","","MUTATING_REVIEW","OLC/object/flag mutation","    case '2':
      OLC_MODE(d) = SEDIT_CLOSE1;
      i++;
      break;"
"src\sedit.c","498","sedit_parse","'3'","SEDIT_OPEN2","","MUTATING_REVIEW","OLC/object/flag mutation","    case '3':
      OLC_MODE(d) = SEDIT_OPEN2;
      i++;
      break;"
"src\sedit.c","502","sedit_parse","'4'","SEDIT_CLOSE2","","MUTATING_REVIEW","OLC/object/flag mutation","    case '4':
      OLC_MODE(d) = SEDIT_CLOSE2;
      i++;
      break;"
"src\sedit.c","506","sedit_parse","'5'","SEDIT_BUY_PROFIT","","MUTATING_REVIEW","OLC/object/flag mutation","    case '5':
      OLC_MODE(d) = SEDIT_BUY_PROFIT;
      i++;
      break;"
"src\sedit.c","510","sedit_parse","'6'","SEDIT_SELL_PROFIT","","MUTATING_REVIEW","OLC/object/flag mutation","    case '6':
      OLC_MODE(d) = SEDIT_SELL_PROFIT;
      i++;
      break;"
"src\sedit.c","514","sedit_parse","'7'","SEDIT_NOITEM1","","MUTATING_REVIEW","OLC/object/flag mutation","    case '7':
      OLC_MODE(d) = SEDIT_NOITEM1;
      i--;
      break;"
"src\sedit.c","518","sedit_parse","'8'","SEDIT_NOITEM2","","MUTATING_REVIEW","OLC/object/flag mutation","    case '8':
      OLC_MODE(d) = SEDIT_NOITEM2;
      i--;
      break;"
"src\sedit.c","522","sedit_parse","'9'","SEDIT_NOCASH1","","MUTATING_REVIEW","OLC/object/flag mutation","    case '9':
      OLC_MODE(d) = SEDIT_NOCASH1;
      i--;
      break;"
"src\sedit.c","526","sedit_parse","'a'","","","READ_OR_UNKNOWN","","    case 'a':"
"src\sedit.c","527","sedit_parse","'A'","SEDIT_NOCASH2","","MUTATING_REVIEW","OLC/object/flag mutation","    case 'A':
      OLC_MODE(d) = SEDIT_NOCASH2;
      i--;
      break;"
"src\sedit.c","531","sedit_parse","'b'","","","READ_OR_UNKNOWN","","    case 'b':"
"src\sedit.c","532","sedit_parse","'B'","SEDIT_NOBUY","","MUTATING_REVIEW","OLC/object/flag mutation","    case 'B':
      OLC_MODE(d) = SEDIT_NOBUY;
      i--;
      break;"
"src\sedit.c","536","sedit_parse","'c'","","","READ_OR_UNKNOWN","","    case 'c':"
"src\sedit.c","537","sedit_parse","'C'","SEDIT_BUY","","MUTATING_REVIEW","OLC/object/flag mutation","    case 'C':
      OLC_MODE(d) = SEDIT_BUY;
      i--;
      break;"
"src\sedit.c","541","sedit_parse","'d'","","","READ_OR_UNKNOWN","","    case 'd':"
"src\sedit.c","542","sedit_parse","'D'","SEDIT_SELL","","MUTATING_REVIEW","OLC/object/flag mutation","    case 'D':
      OLC_MODE(d) = SEDIT_SELL;
      i--;
      break;"
"src\sedit.c","546","sedit_parse","'e'","","","READ_OR_UNKNOWN","","    case 'e':"
"src\sedit.c","547","sedit_parse","'E'","","","READ_OR_UNKNOWN","","    case 'E':
      sedit_no_trade_menu(d);
      return;"
"src\sedit.c","550","sedit_parse","'f'","","","READ_OR_UNKNOWN","","    case 'f':"
"src\sedit.c","551","sedit_parse","'F'","","","READ_OR_UNKNOWN","","    case 'F':
      sedit_shop_flags_menu(d);
      return;"
"src\sedit.c","554","sedit_parse","'r'","","","READ_OR_UNKNOWN","","    case 'r':"
"src\sedit.c","555","sedit_parse","'R'","","","READ_OR_UNKNOWN","","    case 'R':
      sedit_rooms_menu(d);
      return;"
"src\sedit.c","558","sedit_parse","'p'","","","READ_OR_UNKNOWN","","    case 'p':"
"src\sedit.c","559","sedit_parse","'P'","","","READ_OR_UNKNOWN","","    case 'P':
      sedit_products_menu(d);
      return;"
"src\sedit.c","562","sedit_parse","'t'","","","READ_OR_UNKNOWN","","    case 't':"
"src\sedit.c","563","sedit_parse","'T'","","","READ_OR_UNKNOWN","","    case 'T':
      sedit_namelist_menu(d);
      return;"
"src\sedit.c","566","sedit_parse","default","","","READ_OR_UNKNOWN","","    default:
      sedit_disp_menu(d);
      return;"
"src\sedit.c","581","sedit_parse","SEDIT_NAMELIST_MENU","","","READ_OR_UNKNOWN","","  case SEDIT_NAMELIST_MENU:
    switch (*arg) {"
"src\sedit.c","583","sedit_parse","'a'","","","READ_OR_UNKNOWN","","    case 'a':"
"src\sedit.c","584","sedit_parse","'A'","","","READ_OR_UNKNOWN","","    case 'A':
      sedit_types_menu(d);
      return;"
"src\sedit.c","587","sedit_parse","'d'","","","READ_OR_UNKNOWN","","    case 'd':"
"src\sedit.c","588","sedit_parse","'D'","SEDIT_DELETE_TYPE","Delete which entry? :","MUTATING_REVIEW","OLC/object/flag mutation","    case 'D':
      write_to_output(d, ""\r\nDelete which entry? : "");
      OLC_MODE(d) = SEDIT_DELETE_TYPE;
      return;"
"src\sedit.c","592","sedit_parse","'q'","","","READ_OR_UNKNOWN","","    case 'q':"
"src\sedit.c","593","sedit_parse","'Q'","","","READ_OR_UNKNOWN","","    case 'Q':
      break;"
"src\sedit.c","598","sedit_parse","SEDIT_PRODUCTS_MENU","","","READ_OR_UNKNOWN","","  case SEDIT_PRODUCTS_MENU:
    switch (*arg) {"
"src\sedit.c","600","sedit_parse","'a'","","","READ_OR_UNKNOWN","","    case 'a':"
"src\sedit.c","601","sedit_parse","'A'","SEDIT_NEW_PRODUCT","Enter new product vnum number :","MUTATING_REVIEW","OLC/object/flag mutation","    case 'A':
      write_to_output(d, ""\r\nEnter new product vnum number : "");
      OLC_MODE(d) = SEDIT_NEW_PRODUCT;
      return;"
"src\sedit.c","605","sedit_parse","'d'","","","READ_OR_UNKNOWN","","    case 'd':"
"src\sedit.c","606","sedit_parse","'D'","SEDIT_DELETE_PRODUCT","Delete which product? :","MUTATING_REVIEW","OLC/object/flag mutation","    case 'D':
      write_to_output(d, ""\r\nDelete which product? : "");
      OLC_MODE(d) = SEDIT_DELETE_PRODUCT;
      return;"
"src\sedit.c","610","sedit_parse","'q'","","","READ_OR_UNKNOWN","","    case 'q':"
"src\sedit.c","611","sedit_parse","'Q'","","","READ_OR_UNKNOWN","","    case 'Q':
      break;"
"src\sedit.c","616","sedit_parse","SEDIT_ROOMS_MENU","","","READ_OR_UNKNOWN","","  case SEDIT_ROOMS_MENU:
    switch (*arg) {"
"src\sedit.c","618","sedit_parse","'a'","","","READ_OR_UNKNOWN","","    case 'a':"
"src\sedit.c","619","sedit_parse","'A'","SEDIT_NEW_ROOM","Enter new room vnum number :","MUTATING_REVIEW","OLC/object/flag mutation","    case 'A':
      write_to_output(d, ""\r\nEnter new room vnum number : "");
      OLC_MODE(d) = SEDIT_NEW_ROOM;
      return;"
"src\sedit.c","623","sedit_parse","'c'","","","READ_OR_UNKNOWN","","    case 'c':"
"src\sedit.c","624","sedit_parse","'C'","","","READ_OR_UNKNOWN","","    case 'C':
      sedit_compact_rooms_menu(d);
      return;"
"src\sedit.c","627","sedit_parse","'l'","","","READ_OR_UNKNOWN","","    case 'l':"
"src\sedit.c","628","sedit_parse","'L'","","","READ_OR_UNKNOWN","","    case 'L':
      sedit_rooms_menu(d);
      return;"
"src\sedit.c","631","sedit_parse","'d'","","","READ_OR_UNKNOWN","","    case 'd':"
"src\sedit.c","632","sedit_parse","'D'","SEDIT_DELETE_ROOM","Delete which room? :","MUTATING_REVIEW","OLC/object/flag mutation","    case 'D':
      write_to_output(d, ""\r\nDelete which room? : "");
      OLC_MODE(d) = SEDIT_DELETE_ROOM;
      return;"
"src\sedit.c","636","sedit_parse","'q'","","","READ_OR_UNKNOWN","","    case 'q':"
"src\sedit.c","637","sedit_parse","'Q'","","","READ_OR_UNKNOWN","","    case 'Q':
      break;"
"src\sedit.c","643","sedit_parse","SEDIT_NOITEM1","","","READ_OR_UNKNOWN","","  case SEDIT_NOITEM1:
    if (genolc_checkstring(d, arg))
      modify_shop_string(&S_NOITEM1(OLC_SHOP(d)), arg);
    break;"
"src\sedit.c","647","sedit_parse","SEDIT_NOITEM2","","","READ_OR_UNKNOWN","","  case SEDIT_NOITEM2:
    if (genolc_checkstring(d, arg))
      modify_shop_string(&S_NOITEM2(OLC_SHOP(d)), arg);
    break;"
"src\sedit.c","651","sedit_parse","SEDIT_NOCASH1","","","READ_OR_UNKNOWN","","  case SEDIT_NOCASH1:
    if (genolc_checkstring(d, arg))
      modify_shop_string(&S_NOCASH1(OLC_SHOP(d)), arg);
    break;"
"src\sedit.c","655","sedit_parse","SEDIT_NOCASH2","","","READ_OR_UNKNOWN","","  case SEDIT_NOCASH2:
    if (genolc_checkstring(d, arg))
      modify_shop_string(&S_NOCASH2(OLC_SHOP(d)), arg);
    break;"
"src\sedit.c","659","sedit_parse","SEDIT_NOBUY","","","READ_OR_UNKNOWN","","  case SEDIT_NOBUY:
    if (genolc_checkstring(d, arg))
      modify_shop_string(&S_NOBUY(OLC_SHOP(d)), arg);
    break;"
"src\sedit.c","663","sedit_parse","SEDIT_BUY","","","READ_OR_UNKNOWN","","  case SEDIT_BUY:
    if (genolc_checkstring(d, arg))
      modify_shop_string(&S_BUY(OLC_SHOP(d)), arg);
    break;"
"src\sedit.c","667","sedit_parse","SEDIT_SELL","","","READ_OR_UNKNOWN","","  case SEDIT_SELL:
    if (genolc_checkstring(d, arg))
      modify_shop_string(&S_SELL(OLC_SHOP(d)), arg);
    break;"
"src\sedit.c","671","sedit_parse","SEDIT_NAMELIST","","","READ_OR_UNKNOWN","","  case SEDIT_NAMELIST:
    if (genolc_checkstring(d, arg)) {
      struct shop_buy_data new_entry;

      BUY_TYPE(new_entry) = OLC_VAL(d);
      BUY_WORD(new_entry) = strdup(arg);
      add_shop_to_type_list(&(S_NAMELISTS(OLC_SHOP(d))), &new_entry);
    }
    sedit_namelist_menu(d);
    return;"
"src\sedit.c","683","sedit_parse","SEDIT_KEEPER","","That mobile does not exist, try again :","READ_OR_UNKNOWN","","  case SEDIT_KEEPER:
    if ((i = atoi(arg)) != -1)
      if ((i = real_mobile(i)) == NOBODY) {
	write_to_output(d, ""That mobile does not exist, try again : "");
	return;"
"src\sedit.c","696","sedit_parse","SEDIT_OPEN1","","","MUTATING_REVIEW","OLC/object/flag mutation","  case SEDIT_OPEN1:
    S_OPEN1(OLC_SHOP(d)) = LIMIT(atoi(arg), 0, 28);
    break;"
"src\sedit.c","699","sedit_parse","SEDIT_OPEN2","","","MUTATING_REVIEW","OLC/object/flag mutation","  case SEDIT_OPEN2:
    S_OPEN2(OLC_SHOP(d)) = LIMIT(atoi(arg), 0, 28);
    break;"
"src\sedit.c","702","sedit_parse","SEDIT_CLOSE1","","","MUTATING_REVIEW","OLC/object/flag mutation","  case SEDIT_CLOSE1:
    S_CLOSE1(OLC_SHOP(d)) = LIMIT(atoi(arg), 0, 28);
    break;"
"src\sedit.c","705","sedit_parse","SEDIT_CLOSE2","","","MUTATING_REVIEW","OLC/object/flag mutation","  case SEDIT_CLOSE2:
    S_CLOSE2(OLC_SHOP(d)) = LIMIT(atoi(arg), 0, 28);
    break;"
"src\sedit.c","708","sedit_parse","SEDIT_BUY_PROFIT","","%f","READ_OR_UNKNOWN","","  case SEDIT_BUY_PROFIT:
    sscanf(arg, ""%f"", &S_BUYPROFIT(OLC_SHOP(d)));
    break;"
"src\sedit.c","711","sedit_parse","SEDIT_SELL_PROFIT","","%f","READ_OR_UNKNOWN","","  case SEDIT_SELL_PROFIT:
    sscanf(arg, ""%f"", &S_SELLPROFIT(OLC_SHOP(d)));
    break;"
"src\sedit.c","714","sedit_parse","SEDIT_TYPE_MENU","SEDIT_NAMELIST","Enter namelist (return for none) :-\r\n]","MUTATING_REVIEW","OLC/object/flag mutation","  case SEDIT_TYPE_MENU:
    OLC_VAL(d) = LIMIT(atoi(arg), 0, NUM_ITEM_TYPES - 1);
    write_to_output(d, ""Enter namelist (return for none) :-\r\n] "");
    OLC_MODE(d) = SEDIT_NAMELIST;
    return;"
"src\sedit.c","719","sedit_parse","SEDIT_DELETE_TYPE","","","READ_OR_UNKNOWN","","  case SEDIT_DELETE_TYPE:
    remove_shop_from_type_list(&(S_NAMELISTS(OLC_SHOP(d))), atoi(arg));
    sedit_namelist_menu(d);
    return;"
"src\sedit.c","723","sedit_parse","SEDIT_NEW_PRODUCT","","That object does not exist, try again :","READ_OR_UNKNOWN","","  case SEDIT_NEW_PRODUCT:
    if ((i = atoi(arg)) != -1)
      if ((i = real_object(i)) == NOTHING) {
	write_to_output(d, ""That object does not exist, try again : "");
	return;"
"src\sedit.c","733","sedit_parse","SEDIT_DELETE_PRODUCT","","","READ_OR_UNKNOWN","","  case SEDIT_DELETE_PRODUCT:
    remove_shop_from_int_list(&(S_PRODUCTS(OLC_SHOP(d))), atoi(arg));
    sedit_products_menu(d);
    return;"
"src\sedit.c","737","sedit_parse","SEDIT_NEW_ROOM","","That room does not exist, try again :","READ_OR_UNKNOWN","","  case SEDIT_NEW_ROOM:
    if ((i = atoi(arg)) != -1)
      if ((i = real_room(i)) == NOWHERE) {
	write_to_output(d, ""That room does not exist, try again : "");
	return;"
"src\sedit.c","747","sedit_parse","SEDIT_DELETE_ROOM","","","READ_OR_UNKNOWN","","  case SEDIT_DELETE_ROOM:
    remove_shop_from_int_list(&(S_ROOMS(OLC_SHOP(d))), atoi(arg));
    sedit_rooms_menu(d);
    return;"
"src\sedit.c","751","sedit_parse","SEDIT_SHOP_FLAGS","","","MUTATING_REVIEW","OLC/object/flag mutation","  case SEDIT_SHOP_FLAGS:
    if ((i = LIMIT(atoi(arg), 0, NUM_SHOP_FLAGS)) > 0) {
      TOGGLE_BIT(S_BITVECTOR(OLC_SHOP(d)), 1 << (i - 1));
      sedit_shop_flags_menu(d);
      return;"
"src\sedit.c","758","sedit_parse","SEDIT_NOTRADE","","","MUTATING_REVIEW","OLC/object/flag mutation","  case SEDIT_NOTRADE:
    if ((i = LIMIT(atoi(arg), 0, NUM_TRADERS)) > 0) {
      TOGGLE_BIT(S_NOTRADE(OLC_SHOP(d)), 1 << (i - 1));
      sedit_no_trade_menu(d);
      return;"
"src\sedit.c","765","sedit_parse","SEDIT_COPY","","That shop does not exist.","READ_OR_UNKNOWN","","  case SEDIT_COPY:
    if ((i = real_shop(atoi(arg))) != NOWHERE) {
      sedit_setup_existing(d, i);
    } else
      write_to_output(d, ""That shop does not exist.\r\n"");
    break;"
"src\sedit.c","772","sedit_parse","default","","SYSERR: OLC: sedit_parse(): Reached default case! | Oops...","READ_OR_UNKNOWN","","  default:
    /* We should never get here. */
    cleanup_olc(d, CLEANUP_ALL);
    mudlog(BRF, LVL_BUILDER, TRUE, ""SYSERR: OLC: sedit_parse(): Reached default case!"");
    write_to_output(d, ""Oops...\r\n"");
    break;"
"src\shop.c","599","shopping_buy","0","","","READ_OR_UNKNOWN","","      case 0:
        do_action(keeper, strcpy(actbuf, GET_NAME(ch)), cmd_puke, 0);	/* strcpy: OK (MAX_NAME_LENGTH < MAX_INPUT_LENGTH) */
        return;"
"src\shop.c","602","shopping_buy","1","","smokes on his joint.","READ_OR_UNKNOWN","","      case 1:
        do_echo(keeper, strcpy(actbuf, ""smokes on his joint.""), cmd_emote, SCMD_EMOTE);	/* strcpy: OK */
        return;"
"src\shop.c","605","shopping_buy","default","","","READ_OR_UNKNOWN","","      default:
        return;"
"src\shop.c","765","shopping_buy","OBJECT_NOVAL","","%s You've got to be kidding, that thing is worthless!","READ_OR_UNKNOWN","","  case OBJECT_NOVAL:
    snprintf(buf, sizeof(buf), ""%s You've got to be kidding, that thing is worthless!"", GET_NAME(ch));
    break;"
"src\shop.c","768","shopping_buy","OBJECT_NOTOK","","","READ_OR_UNKNOWN","","  case OBJECT_NOTOK:
    snprintf(buf, sizeof(buf), shop_index[shop_nr].do_not_buy, GET_NAME(ch));
    break;"
"src\shop.c","771","shopping_buy","OBJECT_DEAD","","%s %s","READ_OR_UNKNOWN","","  case OBJECT_DEAD:
    snprintf(buf, sizeof(buf), ""%s %s"", GET_NAME(ch), MSG_NO_USED_WANDSTAFF);
    break;"
"src\shop.c","774","shopping_buy","default","","SYSERR: Illegal return value of %d from trade_with() (%s) | %s An error has occurred.","READ_OR_UNKNOWN","","  default:
    log(""SYSERR: Illegal return value of %d from trade_with() (%s)"", result, __FILE__);	/* Someone might rename it... */
    snprintf(buf, sizeof(buf), ""%s An error has occurred."", GET_NAME(ch));
    break;"
"src\shop.c","984","shopping_value","ITEM_DRINKCON","","%s of %s","READ_OR_UNKNOWN","","  case ITEM_DRINKCON:
    if (GET_OBJ_VAL(obj, 1))
      snprintf(itemname, sizeof(itemname), ""%s of %s"", obj->short_description, drinks[GET_OBJ_VAL(obj, 2)]);
    else
      strlcpy(itemname, obj->short_description, sizeof(itemname));
    break;"
"src\shop.c","991","shopping_value","ITEM_WAND","","","READ_OR_UNKNOWN","","  case ITEM_WAND:"
"src\shop.c","992","shopping_value","ITEM_STAFF","","%s%s | (partially used)","READ_OR_UNKNOWN","","  case ITEM_STAFF:
    snprintf(itemname, sizeof(itemname), ""%s%s"", obj->short_description,
        GET_OBJ_VAL(obj, 2) < GET_OBJ_VAL(obj, 1) ? "" (partially used)"" : """");
    break;"
"src\shop.c","997","shopping_value","default","","","READ_OR_UNKNOWN","","  default:
    strlcpy(itemname, obj->short_description, sizeof(itemname));
    break;"
"src\tedit.c","32","tedit_string_cleanup","STRINGADD_SAVE","","w | SYSERR: Can't write file '%s'. | OLC: %s saves '%s'. | Saved.","READ_OR_UNKNOWN","","  case STRINGADD_SAVE:
    if (!(fl = fopen(storage, ""w"")))
      mudlog(CMP, LVL_IMPL, TRUE, ""SYSERR: Can't write file '%s'."", storage);
    else {
      if (*d->str) {
        strip_cr(*d->str);
        fputs(*d->str, fl);
      }
      fclose(fl);
      mudlog(CMP, MAX(LVL_GOD, GET_INVIS_LEV(d->character)), TRUE, ""OLC: %s saves '%s'."", GET_NAME(d->character), storage);
      write_to_output(d, ""Saved.\r\n"");
      if (!strcmp(storage, NEWS_FILE))
        newsmod = time(0);
      if (!strcmp(storage, MOTD_FILE))
        motdmod = time(0);
    }
    break;"
"src\tedit.c","49","tedit_string_cleanup","STRINGADD_ABORT","","Edit aborted. | $n stops editing some scrolls.","READ_OR_UNKNOWN","","  case STRINGADD_ABORT:
    write_to_output(d, ""Edit aborted.\r\n"");
    act(""$n stops editing some scrolls."", TRUE, d->character, 0, 0, TO_ROOM);
    break;"
"src\tedit.c","53","tedit_string_cleanup","default","","SYSERR: tedit_string_cleanup: Unknown terminator status.","READ_OR_UNKNOWN","","  default:
    log(""SYSERR: tedit_string_cleanup: Unknown terminator status."");
    break;"
"src\util\plrtoascii.c","374","plr_filename","'a':  case 'b':  case 'c':  case 'd':  case 'e'","","A-E","READ_OR_UNKNOWN","","  case 'a':  case 'b':  case 'c':  case 'd':  case 'e':
    middle = ""A-E"";
    break;"
"src\util\plrtoascii.c","377","plr_filename","'f':  case 'g':  case 'h':  case 'i':  case 'j'","","F-J","READ_OR_UNKNOWN","","  case 'f':  case 'g':  case 'h':  case 'i':  case 'j':
    middle = ""F-J"";
    break;"
"src\util\plrtoascii.c","380","plr_filename","'k':  case 'l':  case 'm':  case 'n':  case 'o'","","K-O","READ_OR_UNKNOWN","","  case 'k':  case 'l':  case 'm':  case 'n':  case 'o':
    middle = ""K-O"";
    break;"
"src\util\plrtoascii.c","383","plr_filename","'p':  case 'q':  case 'r':  case 's':  case 't'","","P-T","READ_OR_UNKNOWN","","  case 'p':  case 'q':  case 'r':  case 's':  case 't':
    middle = ""P-T"";
    break;"
"src\util\plrtoascii.c","386","plr_filename","'u':  case 'v':  case 'w':  case 'x':  case 'y':  case 'z'","","U-Z","READ_OR_UNKNOWN","","  case 'u':  case 'v':  case 'w':  case 'x':  case 'y':  case 'z':
    middle = ""U-Z"";
    break;"
"src\util\plrtoascii.c","389","plr_filename","default","","ZZZ","READ_OR_UNKNOWN","","  default:
    middle = ""ZZZ"";
    break;"
"src\zedit.c","266","zedit_setup","'M'","","","READ_OR_UNKNOWN","","    case 'M':"
"src\zedit.c","267","zedit_setup","'O'","","","READ_OR_UNKNOWN","","    case 'O':"
"src\zedit.c","268","zedit_setup","'T'","","","READ_OR_UNKNOWN","","    case 'T':"
"src\zedit.c","269","zedit_setup","'V'","","","READ_OR_UNKNOWN","","    case 'V':
      cmd_room = ZCMD(OLC_ZNUM(d), subcmd).arg3;
      break;"
"src\zedit.c","272","zedit_setup","'D'","","","READ_OR_UNKNOWN","","    case 'D':"
"src\zedit.c","273","zedit_setup","'R'","","","READ_OR_UNKNOWN","","    case 'R':
      cmd_room = ZCMD(OLC_ZNUM(d), subcmd).arg1;
      break;"
"src\zedit.c","276","zedit_setup","default","","","READ_OR_UNKNOWN","","    default:
      break;"
"src\zedit.c","307","zedit_new_zone","CON_REDIT","","","MUTATING_REVIEW","OLC/object/flag mutation","      case CON_REDIT:
        OLC_ROOM(dsc)->zone += (OLC_ZNUM(dsc) >= result);
        /* Fall through. */"
"src\zedit.c","310","zedit_new_zone","CON_ZEDIT","","","READ_OR_UNKNOWN","","      case CON_ZEDIT:"
"src\zedit.c","311","zedit_new_zone","CON_MEDIT","","","READ_OR_UNKNOWN","","      case CON_MEDIT:"
"src\zedit.c","312","zedit_new_zone","CON_SEDIT","","","READ_OR_UNKNOWN","","      case CON_SEDIT:"
"src\zedit.c","313","zedit_new_zone","CON_OEDIT","","","READ_OR_UNKNOWN","","      case CON_OEDIT:"
"src\zedit.c","314","zedit_new_zone","CON_TRIGEDIT","","","READ_OR_UNKNOWN","","      case CON_TRIGEDIT:"
"src\zedit.c","315","zedit_new_zone","CON_QEDIT","","","MUTATING_REVIEW","OLC/object/flag mutation","      case CON_QEDIT:
        OLC_ZNUM(dsc) += (OLC_ZNUM(dsc) >= result);
        break;"
"src\zedit.c","318","zedit_new_zone","default","","","READ_OR_UNKNOWN","","      default:
        break;"
"src\zedit.c","358","zedit_save_internally","'G'","","","READ_OR_UNKNOWN","","      case 'G':"
"src\zedit.c","359","zedit_save_internally","'E'","","","READ_OR_UNKNOWN","","      case 'E':
        if (mobloaded)
          break;"
"src\zedit.c","364","zedit_save_internally","'P'","","","READ_OR_UNKNOWN","","      case 'P':
        if (objloaded)
          break;"
"src\zedit.c","370","zedit_save_internally","'M'","","","READ_OR_UNKNOWN","","      case 'M':
        mobloaded = TRUE;
        break;"
"src\zedit.c","373","zedit_save_internally","'O'","","","READ_OR_UNKNOWN","","      case 'O':
        objloaded = TRUE;
        break;"
"src\zedit.c","376","zedit_save_internally","default","","","READ_OR_UNKNOWN","","      default:
        mobloaded = objloaded = FALSE;
        break;"
"src\zedit.c","502","zedit_disp_menu","'M'","","%sLoad %s [%s%d%s], Max : %d | then","READ_OR_UNKNOWN","","    case 'M':
      write_to_output(d, ""%sLoad %s [%s%d%s], Max : %d"",
              MYCMD.if_flag ? "" then "" : """",
              mob_proto[MYCMD.arg1].player.short_descr, cyn,
              mob_index[MYCMD.arg1].vnum, yel, MYCMD.arg2
              );
      break;"
"src\zedit.c","509","zedit_disp_menu","'G'","","%sGive it %s [%s%d%s], Max : %d | then","READ_OR_UNKNOWN","","    case 'G':
      write_to_output(d, ""%sGive it %s [%s%d%s], Max : %d"",
	      MYCMD.if_flag ? "" then "" : """",
	      obj_proto[MYCMD.arg1].short_description,
	      cyn, obj_index[MYCMD.arg1].vnum, yel,
	      MYCMD.arg2
	      );
      break;"
"src\zedit.c","517","zedit_disp_menu","'O'","","%sLoad %s [%s%d%s], Max : %d | then","READ_OR_UNKNOWN","","    case 'O':
      write_to_output(d, ""%sLoad %s [%s%d%s], Max : %d"",
	      MYCMD.if_flag ? "" then "" : """",
	      obj_proto[MYCMD.arg1].short_description,
	      cyn, obj_index[MYCMD.arg1].vnum, yel,
	      MYCMD.arg2
	      );
      break;"
"src\zedit.c","525","zedit_disp_menu","'E'","","%sEquip with %s [%s%d%s], %s, Max : %d | then","READ_OR_UNKNOWN","","    case 'E':
      write_to_output(d, ""%sEquip with %s [%s%d%s], %s, Max : %d"",
	      MYCMD.if_flag ? "" then "" : """",
	      obj_proto[MYCMD.arg1].short_description,
	      cyn, obj_index[MYCMD.arg1].vnum, yel,
	      equipment_types[MYCMD.arg3],
	      MYCMD.arg2
	      );
      break;"
"src\zedit.c","534","zedit_disp_menu","'P'","","%sPut %s [%s%d%s] in %s [%s%d%s], Max : %d | then","READ_OR_UNKNOWN","","    case 'P':
      write_to_output(d, ""%sPut %s [%s%d%s] in %s [%s%d%s], Max : %d"",
	      MYCMD.if_flag ? "" then "" : """",
	      obj_proto[MYCMD.arg1].short_description,
	      cyn, obj_index[MYCMD.arg1].vnum, yel,
	      obj_proto[MYCMD.arg3].short_description,
	      cyn, obj_index[MYCMD.arg3].vnum, yel,
	      MYCMD.arg2
	      );
      break;"
"src\zedit.c","544","zedit_disp_menu","'R'","","%sRemove %s [%s%d%s] from room. | then","READ_OR_UNKNOWN","","    case 'R':
      write_to_output(d, ""%sRemove %s [%s%d%s] from room."",
	      MYCMD.if_flag ? "" then "" : """",
	      obj_proto[MYCMD.arg2].short_description,
	      cyn, obj_index[MYCMD.arg2].vnum, yel
	      );
      break;"
"src\zedit.c","551","zedit_disp_menu","'D'","","%sSet door %s as %s. | then | closed | locked | open","READ_OR_UNKNOWN","","    case 'D':
      write_to_output(d, ""%sSet door %s as %s."",
	      MYCMD.if_flag ? "" then "" : """",
	      dirs[MYCMD.arg2],
	      MYCMD.arg3 ? ((MYCMD.arg3 == 1) ? ""closed"" : ""locked"") : ""open""
	      );
      break;"
"src\zedit.c","558","zedit_disp_menu","'T'","","%sAttach trigger %s%s%s [%s%d%s] to %s | then | mobile | object | room | ????","READ_OR_UNKNOWN","","    case 'T':
      write_to_output(d, ""%sAttach trigger %s%s%s [%s%d%s] to %s"",
        MYCMD.if_flag ? "" then "" : """",
        cyn, trig_index[MYCMD.arg2]->proto->name, yel,
        cyn, trig_index[MYCMD.arg2]->vnum, yel,
        ((MYCMD.arg1 == MOB_TRIGGER) ? ""mobile"" :
          ((MYCMD.arg1 == OBJ_TRIGGER) ? ""object"" :
            ((MYCMD.arg1 == WLD_TRIGGER)? ""room"" : ""????""))));
      break;"
"src\zedit.c","567","zedit_disp_menu","'V'","","%sAssign global %s:%d to %s = %s | then | mobile | object | room | ????","READ_OR_UNKNOWN","","    case 'V':
      write_to_output(d, ""%sAssign global %s:%d to %s = %s"",
        MYCMD.if_flag ? "" then "" : """",
        MYCMD.sarg1, MYCMD.arg2,
        ((MYCMD.arg1 == MOB_TRIGGER) ? ""mobile"" :
          ((MYCMD.arg1 == OBJ_TRIGGER) ? ""object"" :
            ((MYCMD.arg1 == WLD_TRIGGER)? ""room"" : ""????""))),
        MYCMD.sarg2);
      break;"
"src\zedit.c","576","zedit_disp_menu","default","","<Unknown Command>","READ_OR_UNKNOWN","","    default:
      write_to_output(d, ""<Unknown Command>"");
      break;"
"src\zedit.c","624","zedit_disp_arg1","'M'","ZEDIT_ARG1","Input mob's vnum :","MUTATING_REVIEW","OLC/object/flag mutation","  case 'M':
    write_to_output(d, ""Input mob's vnum : "");
    OLC_MODE(d) = ZEDIT_ARG1;
    break;"
"src\zedit.c","628","zedit_disp_arg1","'O'","","","READ_OR_UNKNOWN","","  case 'O':"
"src\zedit.c","629","zedit_disp_arg1","'E'","","","READ_OR_UNKNOWN","","  case 'E':"
"src\zedit.c","630","zedit_disp_arg1","'P'","","","READ_OR_UNKNOWN","","  case 'P':"
"src\zedit.c","631","zedit_disp_arg1","'G'","ZEDIT_ARG1","Input object vnum :","MUTATING_REVIEW","OLC/object/flag mutation","  case 'G':
    write_to_output(d, ""Input object vnum : "");
    OLC_MODE(d) = ZEDIT_ARG1;
    break;"
"src\zedit.c","635","zedit_disp_arg1","'D'","","","READ_OR_UNKNOWN","","  case 'D':"
"src\zedit.c","636","zedit_disp_arg1","'R'","","","MUTATING_REVIEW","OLC/object/flag mutation","  case 'R':
    /* Arg1 for these is the room number, skip to arg2 */
    OLC_CMD(d).arg1 = real_room(OLC_NUM(d));
    zedit_disp_arg2(d);
    break;"
"src\zedit.c","641","zedit_disp_arg1","'T'","","","READ_OR_UNKNOWN","","  case 'T':"
"src\zedit.c","642","zedit_disp_arg1","'V'","ZEDIT_ARG1","Input trigger type (0:mob, 1:obj, 2:room) :","MUTATING_REVIEW","OLC/object/flag mutation","  case 'V':
    write_to_output(d, ""Input trigger type (0:mob, 1:obj, 2:room) :"");
    OLC_MODE(d) = ZEDIT_ARG1;
    break;"
"src\zedit.c","646","zedit_disp_arg1","default","","SYSERR: OLC: zedit_disp_arg1(): Help! | Oops...","READ_OR_UNKNOWN","","  default:
    /* We should never get here. */
    cleanup_olc(d, CLEANUP_ALL);
    mudlog(BRF, LVL_BUILDER, TRUE, ""SYSERR: OLC: zedit_disp_arg1(): Help!"");
    write_to_output(d, ""Oops...\r\n"");
    return;"
"src\zedit.c","664","zedit_disp_arg2","'M'","","","READ_OR_UNKNOWN","","  case 'M':"
"src\zedit.c","665","zedit_disp_arg2","'O'","","","READ_OR_UNKNOWN","","  case 'O':"
"src\zedit.c","666","zedit_disp_arg2","'E'","","","READ_OR_UNKNOWN","","  case 'E':"
"src\zedit.c","667","zedit_disp_arg2","'P'","","","READ_OR_UNKNOWN","","  case 'P':"
"src\zedit.c","668","zedit_disp_arg2","'G'","","Input the maximum number that can exist on the mud :","READ_OR_UNKNOWN","","  case 'G':
    write_to_output(d, ""Input the maximum number that can exist on the mud : "");
    break;"
"src\zedit.c","671","zedit_disp_arg2","'D'","","%d) Exit %s. | Enter exit number for door :","READ_OR_UNKNOWN","","  case 'D':
    for (i = 0; *dirs[i] != '\n'; i++) {
      write_to_output(d, ""%d) Exit %s.\r\n"", i, dirs[i]);
    }
    write_to_output(d, ""Enter exit number for door : "");
    break;"
"src\zedit.c","677","zedit_disp_arg2","'R'","","Input object's vnum :","READ_OR_UNKNOWN","","  case 'R':
    write_to_output(d, ""Input object's vnum : "");
    break;"
"src\zedit.c","680","zedit_disp_arg2","'T'","","Enter the trigger VNum :","READ_OR_UNKNOWN","","  case 'T':
    write_to_output(d, ""Enter the trigger VNum : "");
    break;"
"src\zedit.c","683","zedit_disp_arg2","'V'","","Global's context (0 for none) :","READ_OR_UNKNOWN","","  case 'V':
    write_to_output(d, ""Global's context (0 for none) : "");
    break;"
"src\zedit.c","686","zedit_disp_arg2","default","","SYSERR: OLC: zedit_disp_arg2(): Help! | Oops...","READ_OR_UNKNOWN","","  default:
    /* We should never get here, but just in case.  */
    cleanup_olc(d, CLEANUP_ALL);
    mudlog(BRF, LVL_BUILDER, TRUE, ""SYSERR: OLC: zedit_disp_arg2(): Help!"");
    write_to_output(d, ""Oops...\r\n"");
    return;"
"src\zedit.c","704","zedit_disp_arg3","'E'","","Location to equip :","READ_OR_UNKNOWN","","  case 'E':
    column_list(d->character, 0, equipment_types, NUM_WEARS, TRUE);
    write_to_output(d, ""Location to equip : "");
    break;"
"src\zedit.c","708","zedit_disp_arg3","'P'","","Virtual number of the container :","READ_OR_UNKNOWN","","  case 'P':
    write_to_output(d, ""Virtual number of the container : "");
    break;"
"src\zedit.c","711","zedit_disp_arg3","'D'","","0)  Door open | 1)  Door closed | 2)  Door locked | Enter state of the door :","READ_OR_UNKNOWN","","  case 'D':
    write_to_output(d, 	""0)  Door open\r\n""
		""1)  Door closed\r\n""
		""2)  Door locked\r\n""
		""Enter state of the door : "");
    break;"
"src\zedit.c","717","zedit_disp_arg3","'V'","","","READ_OR_UNKNOWN","","  case 'V':"
"src\zedit.c","718","zedit_disp_arg3","'T'","","","READ_OR_UNKNOWN","","  case 'T':"
"src\zedit.c","719","zedit_disp_arg3","'M'","","","READ_OR_UNKNOWN","","  case 'M':"
"src\zedit.c","720","zedit_disp_arg3","'O'","","","READ_OR_UNKNOWN","","  case 'O':"
"src\zedit.c","721","zedit_disp_arg3","'R'","","","READ_OR_UNKNOWN","","  case 'R':"
"src\zedit.c","722","zedit_disp_arg3","'G'","","","READ_OR_UNKNOWN","","  case 'G':"
"src\zedit.c","723","zedit_disp_arg3","default","","SYSERR: OLC: zedit_disp_arg3(): Help! | Oops...","READ_OR_UNKNOWN","","  default:
    /* We should never get here, just in case. */
    cleanup_olc(d, CLEANUP_ALL);
    mudlog(BRF, LVL_BUILDER, TRUE, ""SYSERR: OLC: zedit_disp_arg3(): Help!"");
    write_to_output(d, ""Oops...\r\n"");
    return;"
"src\zedit.c","764","zedit_parse","ZEDIT_CONFIRM_SAVESTRING","","","READ_OR_UNKNOWN","","  case ZEDIT_CONFIRM_SAVESTRING:
    switch (*arg) {"
"src\zedit.c","766","zedit_parse","'y'","","","READ_OR_UNKNOWN","","    case 'y':"
"src\zedit.c","767","zedit_parse","'Y'","","Saving zone info to disk. | Saving zone info in memory. | OLC: %s edits zone info for room %d.","READ_OR_UNKNOWN","","    case 'Y':
      /* Save the zone in memory, hiding invisible people. */
      zedit_save_internally(d);
      if (CONFIG_OLC_SAVE) {
        write_to_output(d, ""Saving zone info to disk.\r\n"");
        zedit_save_to_disk(OLC_ZNUM(d));
      } else
        write_to_output(d, ""Saving zone info in memory.\r\n"");

      mudlog(CMP, MAX(LVL_BUILDER, GET_INVIS_LEV(d->character)), TRUE, ""OLC: %s edits zone info for room %d."", GET_NAME(d->character), OLC_NUM(d));
      /* FALL THROUGH */"
"src\zedit.c","778","zedit_parse","'n'","","","READ_OR_UNKNOWN","","    case 'n':"
"src\zedit.c","779","zedit_parse","'N'","","","READ_OR_UNKNOWN","","    case 'N':
      cleanup_olc(d, CLEANUP_ALL);
      break;"
"src\zedit.c","782","zedit_parse","default","","Invalid choice! | Do you wish to save your changes? :","READ_OR_UNKNOWN","","    default:
      write_to_output(d, ""Invalid choice!\r\n"");
      write_to_output(d, ""Do you wish to save your changes? : "");
      break;"
"src\zedit.c","790","zedit_parse","ZEDIT_MAIN_MENU","","","READ_OR_UNKNOWN","","  case ZEDIT_MAIN_MENU:
    switch (*arg) {"
"src\zedit.c","792","zedit_parse","'q'","","","READ_OR_UNKNOWN","","    case 'q':"
"src\zedit.c","793","zedit_parse","'Q'","ZEDIT_CONFIRM_SAVESTRING","Do you wish to save your changes? : | No changes made.","MUTATING_REVIEW","OLC/object/flag mutation","    case 'Q':
      if (OLC_ZONE(d)->age || OLC_ZONE(d)->number) {
	write_to_output(d, ""Do you wish to save your changes? : "");
	OLC_MODE(d) = ZEDIT_CONFIRM_SAVESTRING;
      } else {
	write_to_output(d, ""No changes made.\r\n"");
	cleanup_olc(d, CLEANUP_ALL);
      }
      break;"
"src\zedit.c","802","zedit_parse","'n'","","","READ_OR_UNKNOWN","","    case 'n':"
"src\zedit.c","803","zedit_parse","'N'","","","MUTATING_REVIEW","OLC/object/flag mutation","    case 'N':
      /* New entry. */
      if (OLC_ZONE(d)->cmd[0].command == 'S') {
        /* first command */
        if (new_command(OLC_ZONE(d), 0) && start_change_command(d, 0)) {
	  zedit_disp_comtype(d);
	  OLC_ZONE(d)->age = 1;
          break;"
"src\zedit.c","816","zedit_parse","'y'","","","READ_OR_UNKNOWN","","    case 'y':"
"src\zedit.c","817","zedit_parse","'Y'","ZEDIT_REFERENCES","Zone","MUTATING_REVIEW","OLC/object/flag mutation","    case 'Y':
      builder_refs_display(d, BREF_ZONE, zone_table[OLC_ZNUM(d)].number, ""Zone"");
      OLC_MODE(d) = ZEDIT_REFERENCES;
      break;"
"src\zedit.c","821","zedit_parse","'e'","","","READ_OR_UNKNOWN","","    case 'e':"
"src\zedit.c","822","zedit_parse","'E'","ZEDIT_CHANGE_ENTRY","Which command do you wish to change? :","MUTATING_REVIEW","OLC/object/flag mutation","    case 'E':
      /* Change an entry. */
      write_to_output(d, ""Which command do you wish to change? : "");
      OLC_MODE(d) = ZEDIT_CHANGE_ENTRY;
      break;"
"src\zedit.c","827","zedit_parse","'d'","","","READ_OR_UNKNOWN","","    case 'd':"
"src\zedit.c","828","zedit_parse","'D'","ZEDIT_DELETE_ENTRY","Which command do you wish to delete? :","MUTATING_REVIEW","OLC/object/flag mutation","    case 'D':
      /* Delete an entry. */
      write_to_output(d, ""Which command do you wish to delete? : "");
      OLC_MODE(d) = ZEDIT_DELETE_ENTRY;
      break;"
"src\zedit.c","833","zedit_parse","'z'","","","READ_OR_UNKNOWN","","    case 'z':"
"src\zedit.c","834","zedit_parse","'Z'","ZEDIT_ZONE_NAME","Enter new zone name :","MUTATING_REVIEW","OLC/object/flag mutation","    case 'Z':
      /* Edit zone name. */
      write_to_output(d, ""Enter new zone name : "");
      OLC_MODE(d) = ZEDIT_ZONE_NAME;
      break;"
"src\zedit.c","839","zedit_parse","'1'","ZEDIT_ZONE_BUILDERS","Enter new builders list :","MUTATING_REVIEW","OLC/object/flag mutation","    case '1':
      /* Edit zone builders. */
      write_to_output(d, ""Enter new builders list : "");
      OLC_MODE(d) = ZEDIT_ZONE_BUILDERS;
      break;"
"src\zedit.c","844","zedit_parse","'b'","","","READ_OR_UNKNOWN","","    case 'b':"
"src\zedit.c","845","zedit_parse","'B'","ZEDIT_ZONE_BOT","Enter new bottom of zone :","MUTATING_REVIEW","OLC/object/flag mutation","    case 'B':
      /* Edit bottom of zone. */
      if (GET_LEVEL(d->character) < LVL_IMPL)
	zedit_disp_menu(d);
      else {
	write_to_output(d, ""Enter new bottom of zone : "");
	OLC_MODE(d) = ZEDIT_ZONE_BOT;
      }
      break;"
"src\zedit.c","854","zedit_parse","'t'","","","READ_OR_UNKNOWN","","    case 't':"
"src\zedit.c","855","zedit_parse","'T'","ZEDIT_ZONE_TOP","Enter new top of zone :","MUTATING_REVIEW","OLC/object/flag mutation","    case 'T':
      /* Edit top of zone. */
      if (GET_LEVEL(d->character) < LVL_IMPL)
	zedit_disp_menu(d);
      else {
	write_to_output(d, ""Enter new top of zone : "");
	OLC_MODE(d) = ZEDIT_ZONE_TOP;
      }
      break;"
"src\zedit.c","864","zedit_parse","'l'","","","READ_OR_UNKNOWN","","    case 'l':"
"src\zedit.c","865","zedit_parse","'L'","ZEDIT_ZONE_LIFE","Enter new zone lifespan :","MUTATING_REVIEW","OLC/object/flag mutation","    case 'L':
      /* Edit zone lifespan. */
      write_to_output(d, ""Enter new zone lifespan : "");
      OLC_MODE(d) = ZEDIT_ZONE_LIFE;
      break;"
"src\zedit.c","870","zedit_parse","'r'","","","READ_OR_UNKNOWN","","    case 'r':"
"src\zedit.c","871","zedit_parse","'R'","ZEDIT_ZONE_RESET","0) Never reset | 1) Reset only when no players in zone | 2) Normal reset | Enter new zone reset type :","MUTATING_REVIEW","OLC/object/flag mutation","    case 'R':
      /* Edit zone reset mode. */
      write_to_output(d, ""\r\n""
		""0) Never reset\r\n""
		""1) Reset only when no players in zone\r\n""
		""2) Normal reset\r\n""
		""Enter new zone reset type : "");
      OLC_MODE(d) = ZEDIT_ZONE_RESET;
      break;"
"src\zedit.c","880","zedit_parse","'f'","","","READ_OR_UNKNOWN","","    case 'f':"
"src\zedit.c","881","zedit_parse","'F'","","","READ_OR_UNKNOWN","","    case 'F':
      zedit_disp_flag_menu(d);
      break;"
"src\zedit.c","884","zedit_parse","'m'","","","READ_OR_UNKNOWN","","    case 'm':"
"src\zedit.c","885","zedit_parse","'M'","","","READ_OR_UNKNOWN","","    case 'M':
      /*** Edit zone level restrictions (sub-menu) ***/
      zedit_disp_levels(d);
      break;"
"src\zedit.c","889","zedit_parse","default","","","READ_OR_UNKNOWN","","    default:
      zedit_disp_menu(d);
      break;"
"src\zedit.c","894","zedit_parse","ZEDIT_REFERENCES","","","READ_OR_UNKNOWN","","  case ZEDIT_REFERENCES:
    zedit_disp_menu(d);
    break;"
"src\zedit.c","900","zedit_parse","ZEDIT_LEVELS","ZEDIT_LEV_MIN","Enter the min level for this zone (0-%d, -1 = none):","MUTATING_REVIEW","OLC/object/flag mutation","  case ZEDIT_LEVELS:
    switch (*arg) {
    case '1': write_to_output(d, ""Enter the min level for this zone (0-%d, -1 = none): "", (LVL_IMMORT-1));
              OLC_MODE(d) = ZEDIT_LEV_MIN;
              break;"
"src\zedit.c","916","zedit_parse","'0'","","","READ_OR_UNKNOWN","","    case '0':
      zedit_disp_menu(d);
      break;"
"src\zedit.c","920","zedit_parse","default","","Invalid choice!","READ_OR_UNKNOWN","","    default: write_to_output(d, ""Invalid choice!\r\n"");
             break;"
"src\zedit.c","926","zedit_parse","ZEDIT_LEV_MIN","","","MUTATING_REVIEW","OLC/object/flag mutation","  case ZEDIT_LEV_MIN:
    pos = atoi(arg);
    OLC_ZONE(d)->min_level = MIN(MAX(pos,-1), 100);
    OLC_ZONE(d)->number = 1;
    zedit_disp_levels(d);
    break;"
"src\zedit.c","934","zedit_parse","ZEDIT_LEV_MAX","","","MUTATING_REVIEW","OLC/object/flag mutation","  case ZEDIT_LEV_MAX:
    pos = atoi(arg);
    OLC_ZONE(d)->max_level = MIN(MAX(pos,-1), 100);
    OLC_ZONE(d)->number = 1;
    zedit_disp_levels(d);
    break;"
"src\zedit.c","942","zedit_parse","ZEDIT_NEW_ENTRY","","","MUTATING_REVIEW","OLC/object/flag mutation","  case ZEDIT_NEW_ENTRY:
    /* Get the line number and insert the new line. */
    pos = atoi(arg);
    if (isdigit(*arg) && new_command(OLC_ZONE(d), pos)) {
      if (start_change_command(d, pos)) {
	zedit_disp_comtype(d);
	OLC_ZONE(d)->age = 1;
      }
    } else
      zedit_disp_menu(d);
    break;"
"src\zedit.c","955","zedit_parse","ZEDIT_DELETE_ENTRY","","","DESTRUCTIVE_REVIEW","delete/purge/extract/remove/free operation | OLC/object/flag mutation","  case ZEDIT_DELETE_ENTRY:
    /* Get the line number and delete the line. */
    pos = atoi(arg);
    if (isdigit(*arg)) {
      delete_zone_command(OLC_ZONE(d), pos);
      OLC_ZONE(d)->age = 1;
    }
    zedit_disp_menu(d);
    break;"
"src\zedit.c","966","zedit_parse","ZEDIT_CHANGE_ENTRY","","","MUTATING_REVIEW","OLC/object/flag mutation","  case ZEDIT_CHANGE_ENTRY:
    /* Parse the input for which line to edit, and goto next quiz. Abort edit,
       and return to main menu idea from Mark Garringer zizazat@hotmail.com */
    if (toupper(*arg) == 'A') {
      if (OLC_CMD(d).command == 'N') {
        OLC_CMD(d).command = '*';
      }
      zedit_disp_menu(d);
      break;"
"src\zedit.c","986","zedit_parse","ZEDIT_COMMAND_TYPE","ZEDIT_IF_FLAG","MOPEDGRTV | Invalid choice, try again : | Is this command dependent on the success of the previous one? (y/n)","MUTATING_REVIEW","OLC/object/flag mutation","  case ZEDIT_COMMAND_TYPE:
    /* Parse the input for which type of command this is, and goto next quiz. */
    OLC_CMD(d).command = toupper(*arg);
    if (!OLC_CMD(d).command || (strchr(""MOPEDGRTV"", OLC_CMD(d).command) == NULL)) {
      write_to_output(d, ""Invalid choice, try again : "");
    } else {
      if (OLC_VAL(d)) {	/* If there was a previous command. */
        if (OLC_CMD(d).command == 'T' || OLC_CMD(d).command == 'V') {
          OLC_CMD(d).if_flag = 1;
          zedit_disp_arg1(d);
        } else {
	  write_to_output(d, ""Is this command dependent on the success of the previous one? (y/n)\r\n"");
	  OLC_MODE(d) = ZEDIT_IF_FLAG;
        }
      } else {	/* 'if-flag' not appropriate. */
	OLC_CMD(d).if_flag = 0;
	zedit_disp_arg1(d);
      }
    }
    break;"
"src\zedit.c","1008","zedit_parse","ZEDIT_IF_FLAG","","","READ_OR_UNKNOWN","","  case ZEDIT_IF_FLAG:
    /* Parse the input for the if flag, and goto next quiz. */
    switch (*arg) {"
"src\zedit.c","1011","zedit_parse","'y'","","","READ_OR_UNKNOWN","","    case 'y':"
"src\zedit.c","1012","zedit_parse","'Y'","","","MUTATING_REVIEW","OLC/object/flag mutation","    case 'Y':
      OLC_CMD(d).if_flag = 1;
      break;"
"src\zedit.c","1015","zedit_parse","'n'","","","READ_OR_UNKNOWN","","    case 'n':"
"src\zedit.c","1016","zedit_parse","'N'","","","MUTATING_REVIEW","OLC/object/flag mutation","    case 'N':
      OLC_CMD(d).if_flag = 0;
      break;"
"src\zedit.c","1019","zedit_parse","default","","Try again :","READ_OR_UNKNOWN","","    default:
      write_to_output(d, ""Try again : "");
      return;"
"src\zedit.c","1027","zedit_parse","ZEDIT_ARG1","","Must be a numeric value, try again :","READ_OR_UNKNOWN","","  case ZEDIT_ARG1:
    /* Parse the input for arg1, and goto next quiz. */
    if (!isdigit(*arg)) {
      write_to_output(d, ""Must be a numeric value, try again : "");
      return;"
"src\zedit.c","1034","zedit_parse","'M'","","That mobile does not exist, try again :","MUTATING_REVIEW","OLC/object/flag mutation","    case 'M':
      if ((pos = real_mobile(atoi(arg))) != NOBODY) {
	OLC_CMD(d).arg1 = pos;
	zedit_disp_arg2(d);
      } else
	write_to_output(d, ""That mobile does not exist, try again : "");
      break;"
"src\zedit.c","1041","zedit_parse","'O'","","","READ_OR_UNKNOWN","","    case 'O':"
"src\zedit.c","1042","zedit_parse","'P'","","","READ_OR_UNKNOWN","","    case 'P':"
"src\zedit.c","1043","zedit_parse","'E'","","","READ_OR_UNKNOWN","","    case 'E':"
"src\zedit.c","1044","zedit_parse","'G'","","That object does not exist, try again :","MUTATING_REVIEW","OLC/object/flag mutation","    case 'G':
      if ((pos = real_object(atoi(arg))) != NOTHING) {
	OLC_CMD(d).arg1 = pos;
	zedit_disp_arg2(d);
      } else
	write_to_output(d, ""That object does not exist, try again : "");
      break;"
"src\zedit.c","1051","zedit_parse","'T'","","","READ_OR_UNKNOWN","","    case 'T':"
"src\zedit.c","1052","zedit_parse","'V'","","Invalid input.","MUTATING_REVIEW","OLC/object/flag mutation","    case 'V':
      if (atoi(arg)<MOB_TRIGGER || atoi(arg)>WLD_TRIGGER)
        write_to_output(d, ""Invalid input."");
      else {
       OLC_CMD(d).arg1 = atoi(arg);
        zedit_disp_arg2(d);
      }
      break;"
"src\zedit.c","1060","zedit_parse","'D'","","","READ_OR_UNKNOWN","","    case 'D':"
"src\zedit.c","1061","zedit_parse","'R'","","","READ_OR_UNKNOWN","","    case 'R':"
"src\zedit.c","1062","zedit_parse","default","","SYSERR: OLC: zedit_parse(): case ARG1: Ack! | Oops...","READ_OR_UNKNOWN","","    default:
      /* We should never get here. */
      cleanup_olc(d, CLEANUP_ALL);
      mudlog(BRF, LVL_BUILDER, TRUE, ""SYSERR: OLC: zedit_parse(): case ARG1: Ack!"");
      write_to_output(d, ""Oops...\r\n"");
      break;"
"src\zedit.c","1072","zedit_parse","ZEDIT_ARG2","","Must be a numeric value, try again :","READ_OR_UNKNOWN","","  case ZEDIT_ARG2:
    /* Parse the input for arg2, and goto next quiz. */
    if (!isdigit(*arg)) {
      write_to_output(d, ""Must be a numeric value, try again : "");
      return;"
"src\zedit.c","1079","zedit_parse","'M'","","","READ_OR_UNKNOWN","","    case 'M':"
"src\zedit.c","1080","zedit_parse","'O'","","","MUTATING_REVIEW","OLC/object/flag mutation","    case 'O':
      OLC_CMD(d).arg2 = MIN(MAX_DUPLICATES, atoi(arg));
      OLC_CMD(d).arg3 = real_room(OLC_NUM(d));
      zedit_disp_menu(d);
      break;"
"src\zedit.c","1085","zedit_parse","'G'","","","MUTATING_REVIEW","OLC/object/flag mutation","    case 'G':
      OLC_CMD(d).arg2 = MIN(MAX_DUPLICATES, atoi(arg));
      zedit_disp_menu(d);
      break;"
"src\zedit.c","1089","zedit_parse","'P'","","","READ_OR_UNKNOWN","","    case 'P':"
"src\zedit.c","1090","zedit_parse","'E'","","","MUTATING_REVIEW","OLC/object/flag mutation","    case 'E':
      OLC_CMD(d).arg2 = MIN(MAX_DUPLICATES, atoi(arg));
      zedit_disp_arg3(d);
      break;"
"src\zedit.c","1094","zedit_parse","'V'","ZEDIT_SARG1","Enter the global name :","MUTATING_REVIEW","OLC/object/flag mutation","    case 'V':
      OLC_CMD(d).arg2 = atoi(arg); /* context */
      OLC_CMD(d).arg3 = real_room(OLC_NUM(d));
      write_to_output(d, ""Enter the global name : "");
      OLC_MODE(d) = ZEDIT_SARG1;
      break;"
"src\zedit.c","1100","zedit_parse","'T'","","That trigger does not exist, try again :","MUTATING_REVIEW","OLC/object/flag mutation","    case 'T':
      if (real_trigger(atoi(arg)) != NOTHING) {
        OLC_CMD(d).arg2 = real_trigger(atoi(arg)); /* trigger */
        OLC_CMD(d).arg3 = real_room(OLC_NUM(d));
        zedit_disp_menu(d);
      } else
        write_to_output(d, ""That trigger does not exist, try again : "");
      break;"
"src\zedit.c","1108","zedit_parse","'D'","","Try again :","MUTATING_REVIEW","OLC/object/flag mutation","    case 'D':
      pos = atoi(arg);
      /* Count directions. */
      if (pos < 0 || pos > DIR_COUNT)
	write_to_output(d, ""Try again : "");
      else {
	OLC_CMD(d).arg2 = pos;
	zedit_disp_arg3(d);
      }
      break;"
"src\zedit.c","1118","zedit_parse","'R'","","That object does not exist, try again :","MUTATING_REVIEW","OLC/object/flag mutation","    case 'R':
      if ((pos = real_object(atoi(arg))) != NOTHING) {
	OLC_CMD(d).arg2 = pos;
	zedit_disp_menu(d);
      } else
	write_to_output(d, ""That object does not exist, try again : "");
      break;"
"src\zedit.c","1125","zedit_parse","default","","SYSERR: OLC: zedit_parse(): case ARG2: Ack! | Oops...","READ_OR_UNKNOWN","","    default:
      /* We should never get here, but just in case. */
      cleanup_olc(d, CLEANUP_ALL);
      mudlog(BRF, LVL_BUILDER, TRUE, ""SYSERR: OLC: zedit_parse(): case ARG2: Ack!"");
      write_to_output(d, ""Oops...\r\n"");
      break;"
"src\zedit.c","1135","zedit_parse","ZEDIT_ARG3","","Must be a numeric value, try again :","READ_OR_UNKNOWN","","  case ZEDIT_ARG3:
    /* Parse the input for arg3, and go back to main menu. */
    if (!isdigit(*arg)) {
      write_to_output(d, ""Must be a numeric value, try again : "");
      return;"
"src\zedit.c","1142","zedit_parse","'E'","","Try again :","MUTATING_REVIEW","OLC/object/flag mutation","    case 'E':
      pos = atoi(arg) - 1;
      /* Count number of wear positions. */
      if (pos < 0 || pos >= NUM_WEARS)
	write_to_output(d, ""Try again : "");
      else {
	OLC_CMD(d).arg3 = pos;
	zedit_disp_menu(d);
      }
      break;"
"src\zedit.c","1152","zedit_parse","'P'","","That object does not exist, try again :","MUTATING_REVIEW","OLC/object/flag mutation","    case 'P':
      if ((pos = real_object(atoi(arg))) != NOTHING) {
	OLC_CMD(d).arg3 = pos;
	zedit_disp_menu(d);
      } else
	write_to_output(d, ""That object does not exist, try again : "");
      break;"
"src\zedit.c","1159","zedit_parse","'D'","","Try again :","MUTATING_REVIEW","OLC/object/flag mutation","    case 'D':
      pos = atoi(arg);
      if (pos < 0 || pos > 2)
	write_to_output(d, ""Try again : "");
      else {
	OLC_CMD(d).arg3 = pos;
	zedit_disp_menu(d);
      }
      break;"
"src\zedit.c","1168","zedit_parse","'M'","","","READ_OR_UNKNOWN","","    case 'M':"
"src\zedit.c","1169","zedit_parse","'O'","","","READ_OR_UNKNOWN","","    case 'O':"
"src\zedit.c","1170","zedit_parse","'G'","","","READ_OR_UNKNOWN","","    case 'G':"
"src\zedit.c","1171","zedit_parse","'R'","","","READ_OR_UNKNOWN","","    case 'R':"
"src\zedit.c","1172","zedit_parse","'T'","","","READ_OR_UNKNOWN","","    case 'T':"
"src\zedit.c","1173","zedit_parse","'V'","","","READ_OR_UNKNOWN","","    case 'V':"
"src\zedit.c","1174","zedit_parse","default","","SYSERR: OLC: zedit_parse(): case ARG3: Ack! | Oops...","READ_OR_UNKNOWN","","    default:
      /* We should never get here, but just in case. */
      cleanup_olc(d, CLEANUP_ALL);
      mudlog(BRF, LVL_BUILDER, TRUE, ""SYSERR: OLC: zedit_parse(): case ARG3: Ack!"");
      write_to_output(d, ""Oops...\r\n"");
      break;"
"src\zedit.c","1184","zedit_parse","ZEDIT_SARG1","ZEDIT_SARG2","Enter the global value : | Must have some name to assign :","MUTATING_REVIEW","OLC/object/flag mutation","  case ZEDIT_SARG1:
    if (strlen(arg)) {
      OLC_CMD(d).sarg1 = strdup(arg);
      OLC_MODE(d) = ZEDIT_SARG2;
      write_to_output(d, ""Enter the global value : "");
    } else
      write_to_output(d, ""Must have some name to assign : "");
    break;"
"src\zedit.c","1194","zedit_parse","ZEDIT_SARG2","","Must have some value to set it to :","MUTATING_REVIEW","OLC/object/flag mutation","  case ZEDIT_SARG2:
    if (strlen(arg)) {
      OLC_CMD(d).sarg2 = strdup(arg);
      zedit_disp_menu(d);
    } else
      write_to_output(d, ""Must have some value to set it to :"");
    break;"
"src\zedit.c","1203","zedit_parse","ZEDIT_ZONE_NAME","","SYSERR: OLC: ZEDIT_ZONE_NAME: no name to free!","DESTRUCTIVE_REVIEW","delete/purge/extract/remove/free operation | OLC/object/flag mutation","  case ZEDIT_ZONE_NAME:
    /* Add new name and return to main menu. */
    if (genolc_checkstring(d, arg)) {
      if (OLC_ZONE(d)->name)
        free(OLC_ZONE(d)->name);
      else
        log(""SYSERR: OLC: ZEDIT_ZONE_NAME: no name to free!"");
      OLC_ZONE(d)->name = strdup(arg);
      OLC_ZONE(d)->number = 1;
    }
    zedit_disp_menu(d);
    break;"
"src\zedit.c","1217","zedit_parse","ZEDIT_ZONE_BUILDERS","","SYSERR: OLC: ZEDIT_ZONE_BUILDERS: no builders list to free!","DESTRUCTIVE_REVIEW","delete/purge/extract/remove/free operation | OLC/object/flag mutation","  case ZEDIT_ZONE_BUILDERS:
    /* Add new builders list and return to main menu. */
    if (genolc_checkstring(d, arg)) {
      if (OLC_ZONE(d)->builders)
        free(OLC_ZONE(d)->builders);
      else
        log(""SYSERR: OLC: ZEDIT_ZONE_BUILDERS: no builders list to free!"");
      OLC_ZONE(d)->builders = strdup(arg);
      OLC_ZONE(d)->number = 1;
    }
    zedit_disp_menu(d);
    break;"
"src\zedit.c","1231","zedit_parse","ZEDIT_ZONE_RESET","","Try again (0-2) :","MUTATING_REVIEW","OLC/object/flag mutation","  case ZEDIT_ZONE_RESET:
    /* Parse and add new reset_mode and return to main menu. */
    pos = atoi(arg);
    if (!isdigit(*arg) || pos < 0 || pos > 2)
      write_to_output(d, ""Try again (0-2) : "");
    else {
      OLC_ZONE(d)->reset_mode = pos;
      OLC_ZONE(d)->number = 1;
      zedit_disp_menu(d);
    }
    break;"
"src\zedit.c","1244","zedit_parse","ZEDIT_ZONE_LIFE","","Try again (0-240) :","MUTATING_REVIEW","OLC/object/flag mutation","  case ZEDIT_ZONE_LIFE:
    /* Parse and add new lifespan and return to main menu. */
    pos = atoi(arg);
    if (!isdigit(*arg) || pos < 0 || pos > 240)
      write_to_output(d, ""Try again (0-240) : "");
    else {
      OLC_ZONE(d)->lifespan = pos;
      OLC_ZONE(d)->number = 1;
      zedit_disp_menu(d);
    }
    break;"
"src\zedit.c","1257","zedit_parse","ZEDIT_ZONE_FLAGS","","That is not a valid choice!","READ_OR_UNKNOWN","","  case ZEDIT_ZONE_FLAGS:
    number = atoi(arg);
    if (number < 0 || number > NUM_ZONE_FLAGS) {
      write_to_output(d, ""That is not a valid choice!\r\n"");
      zedit_disp_flag_menu(d);
    } else if (number == 0) {
      zedit_disp_menu(d);
      break;"
"src\zedit.c","1283","zedit_parse","ZEDIT_ZONE_BOT","","","MUTATING_REVIEW","OLC/object/flag mutation","  case ZEDIT_ZONE_BOT:
    /* Parse and add new bottom room in zone and return to main menu. */
    if (OLC_ZNUM(d) == 0)
      OLC_ZONE(d)->bot = LIMIT(atoi(arg), 0, OLC_ZONE(d)->top);
    else
      OLC_ZONE(d)->bot = LIMIT(atoi(arg), zone_table[OLC_ZNUM(d) - 1].top + 1, OLC_ZONE(d)->top);
    OLC_ZONE(d)->number = 1;
    zedit_disp_menu(d);
    break;"
"src\zedit.c","1294","zedit_parse","ZEDIT_ZONE_TOP","","","MUTATING_REVIEW","OLC/object/flag mutation","  case ZEDIT_ZONE_TOP:
    /* Parse and add new top room in zone and return to main menu. */
    if (OLC_ZNUM(d) == top_of_zone_table)
      OLC_ZONE(d)->top = LIMIT(atoi(arg), genolc_zonep_bottom(OLC_ZONE(d)), 32000);
    else
      OLC_ZONE(d)->top = LIMIT(atoi(arg), genolc_zonep_bottom(OLC_ZONE(d)), genolc_zone_bottom(OLC_ZNUM(d) + 1) - 1);
    OLC_ZONE(d)->number = 1;
    zedit_disp_menu(d);
    break;"
"src\zedit.c","1304","zedit_parse","default","","SYSERR: OLC: zedit_parse(): Reached default case! | Oops...","READ_OR_UNKNOWN","","  default:
    /* We should never get here, but just in case... */
    cleanup_olc(d, CLEANUP_ALL);
    mudlog(BRF, LVL_BUILDER, TRUE, ""SYSERR: OLC: zedit_parse(): Reached default case!"");
    write_to_output(d, ""Oops...\r\n"");
    break;"
